order_id,customer_id,order_date,sales_channel,payment_method,order_status
ORD000001,CUST00559,2026-05-28,Website,UPI,Completed
ORD000002,CUST01197,2025-11-01,Website,Net Banking,Completed
ORD000003,CUST00400,2026-01-21,Website,Debit Card,Returned
ORD000004,CUST01122,2024-11-16,Website,UPI,Completed
ORD000005,CUST00201,2025-02-25,Mobile App,Net Banking,Completed
ORD000006,CUST00581,2026-01-12, website ,UPI,Completed
ORD000007,CUST00445,2024-02-28,Marketplace,Debit Card,Completed
ORD000008,CUST00177,2024-05-02,Mobile App,UPI,Completed
ORD000009,CUST01160,2026-07-10,Mobile App,UPI,Completed
ORD000010,CUST00519,2024-07-07,Website,Debit Card,Completed
ORD000011,CUST00567,2025-04-09,Mobile App,Net Banking,completed
ORD000012,CUST00663,2026-02-27,Website,Wallet,Completed
ORD000013,CUST00784,2024-03-04,Website,COD,Completed
ORD000014,CUST00543,2026-04-12,Website,UPI,Returned
ORD000015,CUST00805,2024-07-24,Website,Credit Card,Completed
ORD000016,CUST00884,2026-02-26,Website,Debit Card,Cancelled
ORD000017,CUST00531,2026-01-02,Website,UPI,Completed
ORD000018,CUST00914,2024-09-13,Website,Credit Card,Completed
ORD000019,CUST00078,2024-01-01,Mobile App,UPI,Completed
ORD000020,CUST00802,2026-07-15,Mobile App,Credit Card,Returned
ORD000021,CUST00980,2025-05-17,Website,Wallet,Completed
ORD000022,CUST00144,2026-03-15,Mobile App,UPI,Returned
ORD000023,CUST00988,2026-04-17,Website,Debit Card,Returned
ORD000024,CUST00621,2024-12-07,Website,Debit Card,Returned
ORD000025,CUST00749,2024-04-02,Mobile App,COD,Completed
ORD000026,CUST99999,2025-04-15,Mobile App,UPI,Completed
ORD000027,CUST00392,2025-01-28,Website,Credit Card,Completed
ORD000028,CUST00736,2025-12-06,Website,COD,Completed
ORD000029,CUST00287,2024-07-13,Website,UPI,Returned
ORD000030,CUST01002,2024-09-01,Website,Wallet,Completed
ORD000031,CUST01094,2025-05-26,Marketplace,Wallet,Returned
ORD000032,CUST00076,2024-01-17,Website,Credit Card,Completed
ORD000033,CUST00243,2025-02-19,Website,Debit Card,Completed
ORD000034,CUST01099,2026-08-20,Website,Debit Card,Cancelled
ORD000035,CUST00290,2024-02-07,Website,UPI,Cancelled
ORD000036,CUST00094,2025-09-25,Website,Debit Card,Completed
ORD000037,CUST00103,2025-10-09,Marketplace,Wallet,Completed
ORD000038,CUST00350,2025-09-17,Mobile App,UPI,Completed
ORD000039,CUST01019,2024-04-26,Mobile App,Debit Card,Completed
ORD000040,CUST00873,2024-07-26,Website,Wallet,Completed
ORD000041,CUST00665,2025-02-15,Website,Net Banking,Completed
ORD000042,CUST00437,2024-11-25,Mobile App,Debit Card,Completed
ORD000043,CUST00561,2024-05-03,Website,Credit Card,Completed
ORD000044,CUST00338,2025-07-20,Website,COD,Completed
ORD000045,CUST00771,2024-04-12,Mobile App,UPI,Completed
ORD000046,CUST00015,2024-01-07,Website,UPI,Completed
ORD000047,CUST00582,2026-06-27,Website,Wallet,Completed
ORD000048,CUST00260,2025-12-09,Website,Debit Card,Completed
ORD000049,CUST00490,2025-02-25,Marketplace,Debit Card,Completed
ORD000050,CUST01024,2024-07-03,Mobile App,UPI,Completed
ORD000051,CUST00713,2024-11-04,Website,Debit Card,Completed
ORD000052,CUST00196,2025-06-26,Mobile App,COD,Returned
ORD000053,CUST00450,2025-06-03,Website,Debit Card,Completed
ORD000054,CUST00397,2024-02-24,Website,UPI,Completed
ORD000055,CUST00972,2026-07-22,Website,UPI,Cancelled
ORD000056,CUST00746,2024-02-25,Website,Credit Card,Completed
ORD000057,CUST00929,2026-04-04,Website,Net Banking,Cancelled
ORD000058,CUST00324,2024-06-29,Mobile App,Credit Card,Completed
ORD000059,CUST00482,2026-07-05,Mobile App,Debit Card,Completed
ORD000060,CUST00668,2024-07-22,Website,UPI,Completed
ORD000061,CUST00845,2024-08-30,Mobile App,Credit Card,Completed
ORD000062,CUST01199,2025-04-27,Website,COD,Completed
ORD000063,CUST00932,2026-08-08,Website,Credit Card,Completed
ORD000064,CUST00735,2024-07-17,Marketplace,UPI,Completed
ORD000065,CUST01165,2025-12-09,Website,UPI,Completed
ORD000066,CUST00857,2025-04-14,Website,Credit Card,Cancelled
ORD000067,CUST00322,2025-09-10,Mobile App,Debit Card,Completed
ORD000068,CUST01184,2024-06-23,Marketplace,Wallet,Completed
ORD000069,CUST01069,2026-05-27,Website,COD,Completed
ORD000070,CUST00948,2026-05-07,Website,Net Banking,Completed
ORD000071,CUST00508,2024-09-09,Website,Debit Card,Cancelled
ORD000072,CUST00306,2025-08-28,Marketplace,COD,Completed
ORD000073,CUST00083,2024-02-15,Marketplace,Net Banking,Completed
ORD000074,CUST01088,2025-03-11,Website,Wallet,Completed
ORD000075,CUST00927,2024-04-10,Website,UPI,Completed
ORD000076,CUST00833,2025-12-10,Marketplace,UPI,Completed
ORD000077,CUST00186,2025-10-25,Website,Debit Card,Completed
ORD000078,CUST01169,2025-04-15,Mobile App,UPI,Completed
ORD000079,CUST00284,2026-03-01,Mobile App,Credit Card,Completed
ORD000080,CUST00951,2025-01-14,Mobile App,UPI,Completed
ORD000081,CUST00682,2025-01-29,Mobile App,Credit Card,Completed
ORD000082,CUST01111,2025-12-15,Mobile App,UPI,Completed
ORD000083,CUST00688,2025-09-27,Mobile App,UPI,Returned
ORD000084,CUST00746,2025-11-21,Mobile App,UPI,Completed
ORD000085,CUST00084,2025-09-25,Website,UPI,Completed
ORD000086,CUST01149,2024-03-09,Mobile App,UPI,Returned
ORD000087,CUST01106,2024-09-01,Website,Credit Card,Returned
ORD000088,CUST00430,2025-08-17,Mobile App,Net Banking,Completed
ORD000089,CUST00548,2026-07-08,Website,Credit Card,Completed
ORD000090,CUST00708,2025-01-16,Website,Credit Card,Completed
ORD000091,CUST01090,2025-04-26,Mobile App,Debit Card,Completed
ORD000092,CUST00754,2025-09-27,Mobile App,COD,Completed
ORD000093,CUST00135,2026-08-21,Website,COD,Completed
ORD000094,CUST00367,2025-02-04,Website,COD,Completed
ORD000095,CUST00230,2024-10-09,Mobile App,Credit Card,Cancelled
ORD000096,CUST00047,2025-06-17,Website,COD,Completed
ORD000097,CUST00971,2024-05-15,Website,Credit Card,Completed
ORD000098,CUST00388,2024-10-25,Website,COD,Completed
ORD000099,CUST01065,2026-08-28,Mobile App,Credit Card,Completed
ORD000100,CUST00669,2025-10-23,Website,Debit Card,Completed
ORD000101,CUST00912,2025-07-15,Website,Debit Card,Cancelled
ORD000102,CUST00352,2024-11-09,Mobile App,UPI,Completed
ORD000103,CUST00097,2024-10-22,Website,Credit Card,Returned
ORD000104,CUST00330,2025-09-25,Mobile App,Credit Card,Returned
ORD000105,CUST00315,2026-05-09,Website,UPI,Returned
ORD000106,CUST00260,2025-08-11,Website,Credit Card,Completed
ORD000107,CUST00072,2025-12-25,Mobile App,COD,Completed
ORD000108,CUST01106,2025-04-04,Marketplace,Debit Card,Completed
ORD000109,CUST00829,2024-01-26,Marketplace,Net Banking,Returned
ORD000110,CUST00656,2026-08-08,Website,COD,Completed
ORD000111,CUST00679,2025-06-03,Mobile App,Credit Card,Cancelled
ORD000112,CUST01175,2026-08-24,Mobile App,Wallet,Completed
ORD000113,CUST00906,2026-08-02,Website,UPI,Completed
ORD000114,CUST00286,2024-02-11,Mobile App,UPI,Completed
ORD000115,CUST00452,2025-09-24,Website,UPI,Completed
ORD000116,CUST00400,2025-10-18,Mobile App,UPI,Returned
ORD000117,CUST00401,2024-10-11,Website,Debit Card,Completed
ORD000118,CUST00179,2025-11-18,Marketplace,Credit Card,Completed
ORD000119,CUST01048,2025-09-09,Marketplace,COD,Completed
ORD000120,CUST00876,2024-05-31,Website,Credit Card,Completed
ORD000121,CUST00631,2024-12-25,Marketplace,COD,Completed
ORD000122,CUST00910,2026-01-15,Mobile App,Credit Card,Completed
ORD000123,CUST00869,2024-06-16,Mobile App,Credit Card,Completed
ORD000124,CUST00177,2025-09-04,Website,Credit Card,Returned
ORD000125,CUST00687,2025-06-21,Website,COD,Completed
ORD000126,CUST00014,2024-03-31,Website,COD,Completed
ORD000127,CUST00947,2025-07-23,Mobile App,Net Banking,Completed
ORD000128,CUST00782,2024-07-09,Website,Credit Card,Completed
ORD000129,CUST01199,2024-11-05,Website,Debit Card,Completed
ORD000130,CUST00006,2024-01-28,Website,Credit Card,Completed
ORD000131,CUST00968,2025-10-13,Website,Debit Card,Completed
ORD000132,CUST01008,2024-07-02,Marketplace,Debit Card,Completed
ORD000133,CUST00568,2026-02-22,Website,COD,Completed
ORD000134,CUST01191,2025-01-05,Website,Credit Card,Completed
ORD000135,CUST00975,2025-12-03,Marketplace,Wallet,Completed
ORD000136,CUST01179,2026-01-20,Website,UPI,Completed
ORD000137,CUST00655,2024-05-29,Website,Net Banking,Completed
ORD000138,CUST00559,2024-02-24,Website,Debit Card,Returned
ORD000139,CUST00594,2024-02-19,Website,Debit Card,Completed
ORD000140,CUST00376,2024-07-17,Mobile App,Debit Card,Completed
ORD000141,CUST00648,2024-11-26,Mobile App,Net Banking,Completed
ORD000142,CUST00743,2025-12-02,Website,Debit Card,Completed
ORD000143,CUST00281,2024-01-14,Website,Credit Card,Completed
ORD000144,CUST00334,2024-12-14,Website,UPI,Completed
ORD000145,CUST01145,2024-07-11,Mobile App,Wallet,Completed
ORD000146,CUST01129,2025-06-28,Mobile App,Wallet,Completed
ORD000147,CUST00157,2026-07-27,Website,UPI,Completed
ORD000148,CUST00639,2024-12-22,Mobile App,UPI,Completed
ORD000149,CUST01072,2025-09-03,Mobile App,Credit Card,Completed
ORD000150,CUST00243,2024-01-30,Website,Wallet,Completed
ORD000151,CUST00630,2024-08-20,Website,UPI,Completed
ORD000152,CUST00229,2025-12-08,Website,Net Banking,Completed
ORD000153,CUST00403,2024-02-13,Website,Wallet,Completed
ORD000154,CUST00961,2024-03-01,Website,UPI,Completed
ORD000155,CUST00022,2025-11-14,Mobile App,Wallet,Cancelled
ORD000156,CUST00410,2024-07-29,Website,Credit Card,Completed
ORD000157,CUST00569,2026-05-16,Marketplace,Credit Card,Completed
ORD000158,CUST00496,2025-05-27,Website,UPI,Completed
ORD000159,CUST00029,2026-02-20,Mobile App,Net Banking,Returned
ORD000160,CUST01101,2024-06-24,Website,Net Banking,Cancelled
ORD000161,CUST01033,2026-07-31,Mobile App,Credit Card,Completed
ORD000162,CUST00901,2024-07-08,Mobile App,UPI,Completed
ORD000163,CUST00869,2025-01-23,Website,UPI,Completed
ORD000164,CUST00254,2024-11-17,Website,Credit Card,Completed
ORD000165,CUST00591,2025-01-04,Mobile App,UPI,Completed
ORD000166,CUST00789,2024-04-28,Website,Debit Card,Completed
ORD000167,CUST00910,2026-05-11,Website,Credit Card,Returned
ORD000168,CUST00387,2025-03-14,Mobile App,COD,Completed
ORD000169,CUST00753,2026-08-19,Website,COD,Completed
ORD000170,CUST00812,2024-04-17,Website,Debit Card,Completed
ORD000171,CUST00809,2024-05-26,Website,Debit Card,Completed
ORD000172,CUST00346,2026-08-05,Website,COD,Completed
ORD000173,CUST00828,2025-09-01,Website,Wallet,Completed
ORD000174,CUST01192,2024-10-12,Mobile App,Net Banking,Completed
ORD000175,CUST00820,2026-08-23,Website,Debit Card,Returned
ORD000176,CUST01048,2025-05-11,Website,Net Banking,Completed
ORD000177,CUST01003,2024-09-13,Website,Debit Card,Completed
ORD000178,CUST00109,2024-04-11,Mobile App,Credit Card,Completed
ORD000179,CUST00784,2024-07-02,Mobile App,Credit Card,Completed
ORD000180,CUST00198,2025-09-30,Mobile App,Debit Card,Completed
ORD000181,CUST00955,2025-05-19,Website,Debit Card,Completed
ORD000182,CUST01111,2024-09-24,Website,Wallet,Completed
ORD000183,CUST00065,2026-02-21,Marketplace,COD,Completed
ORD000184,CUST00645,2025-04-05,Mobile App,Credit Card,Completed
ORD000185,CUST01141,2024-06-30,Mobile App,Net Banking,Cancelled
ORD000186,CUST01007,2024-06-17,Website,Credit Card,Completed
ORD000187,CUST00225,2026-02-21,Mobile App,Credit Card,Completed
ORD000188,CUST01172,2025-07-06,Website,Debit Card,Completed
ORD000189,CUST00802,2024-02-27,Website,Debit Card,Completed
ORD000190,CUST00723,2025-11-23,Mobile App,Credit Card,Completed
ORD000191,CUST00093,2025-08-27,Website,Credit Card,Completed
ORD000192,CUST00056,2025-08-20,Mobile App,Debit Card,Completed
ORD000193,CUST00707,2025-03-14,Marketplace,Credit Card,Completed
ORD000194,CUST00508,2024-09-07,Website,Credit Card,Completed
ORD000195,CUST00135,2025-12-05,Mobile App,UPI,Completed
ORD000196,CUST00668,2025-07-05,Website,Debit Card,Completed
ORD000197,CUST00863,2025-06-11,Website,Net Banking,Completed
ORD000198,CUST00774,2024-11-20,Mobile App,Credit Card,Completed
ORD000199,CUST00205,2025-05-15,Mobile App,UPI,Completed
ORD000200,CUST00696,2026-04-10,Website,Credit Card,Returned
ORD000201,CUST01018,2024-07-25,Mobile App,COD,Completed
ORD000202,CUST01098,2026-05-20,Website,UPI,Completed
ORD000203,CUST00824,2025-08-10,Mobile App,Debit Card,Returned
ORD000204,CUST01185,2026-01-04,Website,Credit Card,Completed
ORD000205,CUST01088,2026-03-31,Website,UPI,Completed
ORD000206,CUST00619,2025-10-29,Website,Credit Card,Completed
ORD000207,CUST00410,2024-11-16,Website,UPI,Completed
ORD000208,CUST01122,2025-11-18,Website,UPI,Completed
ORD000209,CUST00383,2026-06-02,Mobile App,UPI,Returned
ORD000210,CUST00958,2026-01-30,Website,Debit Card,Completed
ORD000211,CUST00889,2026-05-23,Marketplace,Net Banking,Completed
ORD000212,CUST00747,2024-07-24,Website,UPI,Completed
ORD000213,CUST00615,2026-02-22,Mobile App,Credit Card,Cancelled
ORD000214,CUST00132,2026-07-22,Mobile App,Wallet,Completed
ORD000215,CUST00329,2024-10-20,Website,Debit Card,Completed
ORD000216,CUST00308,2024-04-26,Website,UPI,Completed
ORD000217,CUST00995,2025-04-20,Mobile App,Credit Card,Completed
ORD000218,CUST00414,2024-02-07,Website,UPI,Completed
ORD000219,CUST00569,2026-04-02,Mobile App,UPI,Completed
ORD000220,CUST00996,2026-01-09,Mobile App,UPI,Cancelled
ORD000221,CUST00611,2024-11-17,Mobile App,COD,Completed
ORD000222,CUST00185,2025-01-07,Website,Wallet,Completed
ORD000223,CUST00230,2024-08-29,Mobile App,Credit Card,Completed
ORD000224,CUST01189,2025-11-11,Marketplace,COD,Completed
ORD000225,CUST00185,2026-06-24,Website,UPI,Completed
ORD000226,CUST01197,2024-12-03,Mobile App,Wallet,Completed
ORD000227,CUST00867,2026-08-15,Website,UPI,Completed
ORD000228,CUST00901,2024-10-08,Website,COD,Completed
ORD000229,CUST00768,2025-06-30,Mobile App,UPI,Completed
ORD000230,CUST00505,2025-05-01,Marketplace,COD,Returned
ORD000231,CUST00974,2025-01-06,Mobile App,Wallet,Completed
ORD000232,CUST00072,2026-07-15,Mobile App,Debit Card,Returned
ORD000233,CUST00491,2025-12-08,Website,Credit Card,Completed
ORD000234,CUST00744,2025-12-18,Marketplace,Net Banking,Completed
ORD000235,CUST00907,2024-08-30,Website,COD,Completed
ORD000236,CUST00524,2026-07-28,Website,COD,Completed
ORD000237,CUST00431,2024-10-31,Mobile App,UPI,Completed
ORD000238,CUST00833,2024-11-20,Mobile App,UPI,Completed
ORD000239,CUST01007,2026-03-09,Website,Credit Card,Completed
ORD000240,CUST00866,2026-01-04,Mobile App,Wallet,Completed
ORD000241,CUST00535,2025-12-16,Website,Credit Card,Completed
ORD000242,CUST01122,2026-04-12,Mobile App,Credit Card,Completed
ORD000243,CUST00377,2024-02-23,Mobile App,Wallet,Completed
ORD000244,CUST00410,2025-02-14,Mobile App,Credit Card,Completed
ORD000245,CUST00512,2024-06-10,Website,COD,Completed
ORD000246,CUST00267,2026-02-20,Mobile App,Net Banking,Completed
ORD000247,CUST00925,2024-11-23,Website,Net Banking,Completed
ORD000248,CUST00671,2025-12-04,Mobile App,UPI,Completed
ORD000249,CUST00806,2024-07-05,Mobile App,COD,Cancelled
ORD000250,CUST00043,2024-08-17,Marketplace,COD,Completed
ORD000251,CUST00469,2025-10-03,Marketplace,COD,Completed
ORD000252,CUST00346,2025-12-19,Website,Debit Card,Completed
ORD000253,CUST00183,2024-06-01,Marketplace,UPI,Completed
ORD000254,CUST01077,2024-01-15,Website,COD,Completed
ORD000255,CUST01013,2025-11-20,Website,Net Banking,Completed
ORD000256,CUST00546,2026-06-01,Website,Credit Card,Completed
ORD000257,CUST00424,2026-05-26,Mobile App,COD,Completed
ORD000258,CUST00388,2025-11-24,Website,Credit Card,Completed
ORD000259,CUST00537,2024-10-24,Website,Credit Card,Completed
ORD000260,CUST00939,2025-08-19,Website,Credit Card,Cancelled
ORD000261,CUST00815,2025-12-10,Mobile App,Net Banking,Completed
ORD000262,CUST00525,2026-01-23,Website,Debit Card,Completed
ORD000263,CUST00481,2026-08-11,Website,Credit Card,Completed
ORD000264,CUST00094,2025-11-17,Website,Credit Card,Completed
ORD000265,CUST00760,2025-02-08,Website,COD,Completed
ORD000266,CUST00534,2024-07-02,Website,Credit Card,Completed
ORD000267,CUST00271,2025-04-24,Website,Net Banking,Completed
ORD000268,CUST00240,2024-09-23,Website,COD,Completed
ORD000269,CUST00576,2026-05-04,Mobile App,COD,Completed
ORD000270,CUST00540,2026-06-16,Mobile App,Net Banking,Completed
ORD000271,CUST00893,2024-11-16,Mobile App,Credit Card,Returned
ORD000272,CUST00310,2026-02-21,Mobile App,COD,Completed
ORD000273,CUST00109,2025-03-26,Website,UPI,Completed
ORD000274,CUST00533,2025-04-26,Website,Credit Card,Completed
ORD000275,CUST01014,2026-07-05,Website,Credit Card,Completed
ORD000276,CUST00938,2025-05-11,Website,Wallet,Cancelled
ORD000277,CUST00716,2024-05-06,Website,COD,Completed
ORD000278,CUST01042,2024-06-21,Mobile App,Debit Card,Completed
ORD000279,CUST01196,2024-08-05,Marketplace,UPI,Completed
ORD000280,CUST00853,2024-07-03,Marketplace,UPI,Completed
ORD000281,CUST00674,2024-04-06,Website,Net Banking,Completed
ORD000282,CUST00766,2025-02-07,Mobile App,COD,Completed
ORD000283,CUST00060,2024-06-06,Website,Wallet,Completed
ORD000284,CUST00552,2025-04-09,Mobile App,UPI,Returned
ORD000285,CUST00928,2025-11-02,Website,Net Banking,Completed
ORD000286,CUST01166,2026-03-27,Website,COD,Completed
ORD000287,CUST00662,2024-10-16,Mobile App,Net Banking,Completed
ORD000288,CUST00782,2025-09-08,Website,UPI,Completed
ORD000289,CUST00817,2026-02-28,Website,Wallet,Completed
ORD000290,CUST00825,2026-03-09,Website,Net Banking,Completed
ORD000291,CUST00612,2024-05-03,Website,Credit Card,Completed
ORD000292,CUST00269,2024-11-13,Website,UPI,Completed
ORD000293,CUST01003,2024-07-23,Website,Credit Card,Completed
ORD000294,CUST00867,2025-09-06,Website,Credit Card,Completed
ORD000295,CUST00890,2024-07-09,Mobile App,UPI,Completed
ORD000296,CUST00460,2025-04-19,Mobile App,Net Banking,Returned
ORD000297,CUST01075,2025-06-23,Website,Credit Card,Completed
ORD000298,CUST00979,2026-03-31,Website,COD,Completed
ORD000299,CUST00510,2024-11-03,Mobile App,Credit Card,Completed
ORD000300,CUST00093,2024-03-19,Website,Credit Card,Completed
ORD000301,CUST01165,2025-04-20,Mobile App,Credit Card,Completed
ORD000302,CUST01032,2026-02-26,Website,Net Banking,Completed
ORD000303,CUST00374,2026-03-16,Mobile App,UPI,Completed
ORD000304,CUST00610,2025-12-22,Website,Net Banking,Completed
ORD000305,CUST00543,2025-04-05,Website,COD,Completed
ORD000306,CUST00380,2024-08-04,Website,COD,Completed
ORD000307,CUST00218,2025-11-20,Website,UPI,Completed
ORD000308,CUST00352,2024-01-14,Mobile App,Credit Card,Completed
ORD000309,CUST00997,2025-11-04,Website,Wallet,Completed
ORD000310,CUST00809,2025-12-08,Mobile App,UPI,Completed
ORD000311,CUST00230,2024-07-14,Mobile App,Net Banking,Completed
ORD000312,CUST00429,2024-01-28,Website,UPI,Completed
ORD000313,CUST01104,2026-05-12,Website,Credit Card,Completed
ORD000314,CUST00865,2025-04-30,Website,UPI,Completed
ORD000315,CUST00912,2025-12-20,Marketplace,Credit Card,Completed
ORD000316,CUST00497,2025-08-22,Website,Debit Card,Completed
ORD000317,CUST00684,2024-02-22,Website,Debit Card,Completed
ORD000318,CUST01016,2025-03-01,Mobile App,Debit Card,Completed
ORD000319,CUST00076,2024-10-24,Website,Credit Card,Completed
ORD000320,CUST01000,2025-09-18,Website,UPI,Completed
ORD000321,CUST00647,2025-08-13,Mobile App,UPI,Completed
ORD000322,CUST00970,2026-06-29,Website,Debit Card,Completed
ORD000323,CUST00894,2025-04-04,Website,Credit Card,Completed
ORD000324,CUST00898,2024-12-18,Website,UPI,Cancelled
ORD000325,CUST00960,2024-12-13,Website,Credit Card,Completed
ORD000326,CUST00738,2025-03-02,Mobile App,Wallet,Completed
ORD000327,CUST00425,2025-09-28,Website,Net Banking,Completed
ORD000328,CUST00355,2024-05-12,Website,Debit Card,Completed
ORD000329,CUST01012,2025-03-01,Website,UPI,Completed
ORD000330,CUST00735,2024-01-19,Mobile App,Credit Card,Completed
ORD000331,CUST01032,2026-04-27,Website,UPI,Completed
ORD000332,CUST00465,2025-09-24,Website,UPI,Completed
ORD000333,CUST00728,2024-12-14,Mobile App,Net Banking,Completed
ORD000334,CUST00310,2026-07-06,Mobile App,COD,Completed
ORD000335,CUST00104,2024-04-16,Marketplace,Credit Card,Completed
ORD000336,CUST00228,2026-05-11,Marketplace,Wallet,Completed
ORD000337,CUST00209,2026-05-28,Mobile App,UPI,Completed
ORD000338,CUST00242,2025-10-07,Mobile App,COD,Completed
ORD000339,CUST00905,2024-10-26,Mobile App,Credit Card,Cancelled
ORD000340,CUST00745,2024-06-06,Website,UPI,Completed
ORD000341,CUST00852,2025-03-25,Mobile App,UPI,Completed
ORD000342,CUST00700,2025-04-30,Website,UPI,Completed
ORD000343,CUST00850,2026-01-02,Website,Debit Card,Completed
ORD000344,CUST01085,2026-02-10,Website,UPI,Completed
ORD000345,CUST00839,2025-02-27,Mobile App,COD,Completed
ORD000346,CUST00741,2025-11-29,Marketplace,Credit Card,Completed
ORD000347,CUST01060,2026-01-04,Marketplace,UPI,Completed
ORD000348,CUST00337,2026-03-01,Website,Credit Card,Completed
ORD000349,CUST00310,2026-08-02,Marketplace,UPI,Completed
ORD000350,CUST01065,2025-12-31,Marketplace,Credit Card,Cancelled
ORD000351,CUST01134,2025-12-18,Mobile App,Net Banking,Completed
ORD000352,CUST00017,2024-12-18,Mobile App,COD,Completed
ORD000353,CUST00828,2024-05-30,Website,UPI,Completed
ORD000354,CUST00906,2026-03-18,Mobile App,COD,Completed
ORD000355,CUST00405,2025-02-18,Mobile App,UPI,Completed
ORD000356,CUST00259,2025-02-03,Mobile App,Debit Card,Completed
ORD000357,CUST01131,2025-06-07,Website,Credit Card,Completed
ORD000358,CUST00058,2024-01-24,Mobile App,Debit Card,Completed
ORD000359,CUST00623,2026-05-02,Mobile App,COD,Completed
ORD000360,CUST00764,2024-03-02,Website,Credit Card,Completed
ORD000361,CUST00256,2026-02-13,Website,Debit Card,Completed
ORD000362,CUST00484,2024-12-13,Mobile App,COD,Completed
ORD000363,CUST01093,2026-07-04,Mobile App,UPI,Completed
ORD000364,CUST01174,2025-11-13,Mobile App,Net Banking,Completed
ORD000365,CUST00216,2024-09-10,Website,Debit Card,Completed
ORD000366,CUST00931,2025-01-04,Website,Net Banking,Completed
ORD000367,CUST00189,2024-03-24,Website,COD,Completed
ORD000368,CUST00160,2025-04-01,Website,Credit Card,Completed
ORD000369,CUST00809,2025-06-15,Mobile App,Debit Card,Completed
ORD000370,CUST01003,2025-03-26,Mobile App,Credit Card,Completed
ORD000371,CUST00261,2025-06-01,Website,Credit Card,Returned
ORD000372,CUST01084,2025-06-09,Website,UPI,Completed
ORD000373,CUST00322,2026-02-03,Marketplace,Credit Card,Returned
ORD000374,CUST00837,2025-09-08,Website,Credit Card,Completed
ORD000375,CUST00314,2025-06-19,Website,Credit Card,Completed
ORD000376,CUST00996,2024-10-28,Website,UPI,Completed
ORD000377,CUST00100,2025-03-07,Marketplace,Credit Card,Completed
ORD000378,CUST01002,2024-07-06,Website,Debit Card,Completed
ORD000379,CUST00856,2024-02-15,Website,Credit Card,Completed
ORD000380,CUST00773,2024-12-11,Website,Net Banking,Completed
ORD000381,CUST00284,2026-02-19,Website,Credit Card,Completed
ORD000382,CUST00306,2025-04-04,Mobile App,Credit Card,Completed
ORD000383,CUST00839,2025-11-11,Website,COD,Completed
ORD000384,CUST00908,2024-02-16,Mobile App,Debit Card,Cancelled
ORD000385,CUST00051,2025-12-25,Mobile App,Wallet,Completed
ORD000386,CUST00254,2025-07-28,Mobile App,UPI,Returned
ORD000387,CUST01182,2025-07-08,Mobile App,COD,Completed
ORD000388,CUST00975,2026-02-07,Website,UPI,Completed
ORD000389,CUST00369,2025-06-28,Marketplace,UPI,Completed
ORD000390,CUST01187,2026-04-29,Website,Wallet,Completed
ORD000391,CUST00093,2025-02-15,Website,COD,Completed
ORD000392,CUST00850,2024-07-03,Website,Credit Card,Completed
ORD000393,CUST00235,2024-04-03,Marketplace,Debit Card,Completed
ORD000394,CUST00524,2024-07-06,Mobile App,UPI,Returned
ORD000395,CUST00347,2025-11-25,Website,COD,Completed
ORD000396,CUST00120,2025-12-31,Website,UPI,Completed
ORD000397,CUST00664,2026-07-03,Website,COD,Cancelled
ORD000398,CUST00415,2024-02-23,Website,Debit Card,Completed
ORD000399,CUST01034,2025-06-04,Website,UPI,Completed
ORD000400,CUST01133,2025-04-20,Website,Credit Card,Completed
ORD000401,CUST00039,2024-08-27,Website,COD,Completed
ORD000402,CUST01137,2024-09-09,Mobile App,UPI,Completed
ORD000403,CUST00172,2025-04-01,Mobile App,Credit Card,Completed
ORD000404,CUST00765,2024-05-25,Mobile App,UPI,Completed
ORD000405,CUST01137,2025-03-09,Website,UPI,Completed
ORD000406,CUST00593,2026-04-29,Mobile App,UPI,Completed
ORD000407,CUST00988,2026-08-01,Website,UPI,Completed
ORD000408,CUST00436,2024-12-25,Mobile App,Credit Card,Completed
ORD000409,CUST01094,2026-01-26,Mobile App,Credit Card,Completed
ORD000410,CUST00287,2024-05-05,Mobile App,COD,Cancelled
ORD000411,CUST01034,2024-08-03,Marketplace,Credit Card,Completed
ORD000412,CUST00536,2024-12-16,Marketplace,Net Banking,Completed
ORD000413,CUST00659,2025-11-09,Website,Credit Card,Completed
ORD000414,CUST00274,2024-01-17,Mobile App,UPI,Completed
ORD000415,CUST00020,2026-07-12,Mobile App,Credit Card,Cancelled
ORD000416,CUST01002,2025-12-21,Mobile App,Debit Card,Completed
ORD000417,CUST00159,2025-10-26,Mobile App,COD,Completed
ORD000418,CUST00253,2025-03-31,Website,Wallet,Completed
ORD000419,CUST00793,2025-01-01,Website,Net Banking,Completed
ORD000420,CUST00256,2024-01-09,Website,COD,Completed
ORD000421,CUST00041,2024-08-14,Mobile App,Net Banking,Completed
ORD000422,CUST00185,2024-07-15,Mobile App,Debit Card,Completed
ORD000423,CUST00480,2024-08-14,Marketplace,COD,Completed
ORD000424,CUST00429,2025-05-19,Website,COD,Completed
ORD000425,CUST00569,2024-04-23,Mobile App,Credit Card,Completed
ORD000426,CUST01159,2025-11-06,Mobile App,Debit Card,Completed
ORD000427,CUST00263,2025-08-25,Mobile App,UPI,Returned
ORD000428,CUST00467,2026-05-26,Mobile App,Net Banking,Completed
ORD000429,CUST00048,2026-05-18,Marketplace,Net Banking,Completed
ORD000430,CUST01148,2024-09-15,Mobile App,UPI,Completed
ORD000431,CUST00107,2025-11-20,Mobile App,Credit Card,Completed
ORD000432,CUST00562,2025-02-20,Website,Credit Card,Completed
ORD000433,CUST00090,2025-06-13,Mobile App,UPI,Completed
ORD000434,CUST01091,2025-03-06,Website,UPI,Completed
ORD000435,CUST01172,2024-03-24,Mobile App,COD,Completed
ORD000436,CUST00868,2025-12-07,Marketplace,COD,Completed
ORD000437,CUST00637,2024-12-03,Website,Debit Card,Completed
ORD000438,CUST00050,2025-03-18,Mobile App,Debit Card,Completed
ORD000439,CUST00507,2024-09-13,Website,UPI,Completed
ORD000440,CUST00684,2024-02-25,Website,UPI,Completed
ORD000441,CUST00899,2025-09-06,Mobile App,Debit Card,Completed
ORD000442,CUST00125,2024-03-28,Marketplace,Credit Card,Cancelled
ORD000443,CUST00134,2025-12-11,Mobile App,UPI,Completed
ORD000444,CUST00618,2024-02-26,Mobile App,Credit Card,Completed
ORD000445,CUST01146,2024-02-27,Website,Wallet,Completed
ORD000446,CUST00842,2025-09-24,Website,Debit Card,Completed
ORD000447,CUST00929,2024-01-11,Website,Wallet,Cancelled
ORD000448,CUST00208,2025-09-26,Website,COD,Completed
ORD000449,CUST01060,2025-04-09,Website,UPI,Completed
ORD000450,CUST00139,2025-09-01,Mobile App,Wallet,Cancelled
ORD000451,CUST01043,2024-05-09,Website,Credit Card,Completed
ORD000452,CUST00381,2025-03-31,Website,Wallet,Completed
ORD000453,CUST01198,2024-11-15,Website,COD,Completed
ORD000454,CUST01196,2024-11-14,Mobile App,Net Banking,Completed
ORD000455,CUST00703,2024-11-12,Website,COD,Completed
ORD000456,CUST00297,2025-11-04,Website,Credit Card,Completed
ORD000457,CUST00112,2026-05-29,Website,UPI,Completed
ORD000458,CUST00413,2026-07-19,Mobile App,Credit Card,Completed
ORD000459,CUST00958,2025-12-12,Mobile App,Credit Card,Completed
ORD000460,CUST00614,2024-12-09,Website,UPI,Completed
ORD000461,CUST00087,2026-03-19,Website,COD,Completed
ORD000462,CUST00472,2025-12-10,Website,UPI,Completed
ORD000463,CUST00679,2026-02-25,Mobile App,Credit Card,Completed
ORD000464,CUST00014,2026-04-25,Website,UPI,Completed
ORD000465,CUST00292,2024-04-27,Website,UPI,Completed
ORD000466,CUST00738,2026-02-22,Website,UPI,Completed
ORD000467,CUST00449,2024-06-27,Mobile App,Net Banking,Completed
ORD000468,CUST00504,2025-07-21,Website,UPI,Completed
ORD000469,CUST00208,2026-07-21,Website,Debit Card,Completed
ORD000470,CUST00228,2026-03-17,Website,UPI,Completed
ORD000471,CUST00763,2025-01-13,Mobile App,COD,Returned
ORD000472,CUST00889,2025-09-30,Mobile App,UPI,Completed
ORD000473,CUST00268,2026-08-04,Mobile App,UPI,Completed
ORD000474,CUST00652,2025-01-18,Mobile App,COD,Completed
ORD000475,CUST00388,2024-02-17,Mobile App,Credit Card,Completed
ORD000476,CUST00110,2024-09-10,Mobile App,Credit Card,Completed
ORD000477,CUST01197,2025-06-04,Mobile App,UPI,Completed
ORD000478,CUST00133,2025-04-26,Website,Credit Card,Cancelled
ORD000479,CUST01043,2026-02-08,Website,Credit Card,Completed
ORD000480,CUST00766,2025-12-30,Mobile App,Credit Card,Returned
ORD000481,CUST00550,2025-04-30,Mobile App,Debit Card,Completed
ORD000482,CUST00075,2025-10-27,Website,COD,Completed
ORD000483,CUST00811,2024-08-28,Website,Credit Card,Completed
ORD000484,CUST00767,2024-06-09,Website,UPI,Completed
ORD000485,CUST00911,2024-10-29,Website,UPI,Completed
ORD000486,CUST00689,2025-06-08,Website,Credit Card,Completed
ORD000487,CUST01019,2026-04-03,Website,Credit Card,Completed
ORD000488,CUST00544,2024-08-27,Mobile App,Credit Card,Completed
ORD000489,CUST01028,2026-05-12,Website,Debit Card,Completed
ORD000490,CUST00467,2026-08-06,Website,UPI,Completed
ORD000491,CUST00684,2024-07-24,Website,Credit Card,Completed
ORD000492,CUST00563,2026-04-15,Website,Debit Card,Completed
ORD000493,CUST01113,2026-05-25,Marketplace,UPI,Completed
ORD000494,CUST00710,2026-04-22,Mobile App,Credit Card,Completed
ORD000495,CUST00025,2025-08-16,Website,Credit Card,Completed
ORD000496,CUST00815,2024-06-01,Website,Net Banking,Completed
ORD000497,CUST01057,2024-08-27,Mobile App,Debit Card,Completed
ORD000498,CUST00945,2026-04-13,Website,UPI,Completed
ORD000499,CUST00856,2025-03-15,Website,Credit Card,Completed
ORD000500,CUST00285,2025-01-18,Mobile App,UPI,Returned
ORD000501,CUST01024,2024-01-10,Mobile App,Wallet,Completed
ORD000502,CUST00872,2025-03-05,Mobile App,Credit Card,Completed
ORD000503,CUST00614,2025-07-04,Website,UPI,Completed
ORD000504,CUST00285,2026-08-02,Website,COD,Completed
ORD000505,CUST01176,2025-10-06,Mobile App,COD,Completed
ORD000506,CUST00131,2025-02-04,Mobile App,UPI,Completed
ORD000507,CUST00925,2025-08-06,Mobile App,Credit Card,Completed
ORD000508,CUST01133,2025-11-22,Website,Wallet,Completed
ORD000509,CUST00383,2024-01-28,Website,COD,Completed
ORD000510,CUST00478,2024-07-29,Website,Credit Card,Completed
ORD000511,CUST01062,2025-01-12,Website,Credit Card,Cancelled
ORD000512,CUST00322,2025-02-04,Marketplace,UPI,Completed
ORD000513,CUST00141,2026-01-30,Website,COD,Completed
ORD000514,CUST00422,2026-06-10,Website,Wallet,Completed
ORD000515,CUST01178,2024-06-11,Marketplace,Debit Card,Completed
ORD000516,CUST00940,2025-12-02,Website,UPI,Completed
ORD000517,CUST00818,2024-03-06,Mobile App,UPI,Completed
ORD000518,CUST01006,2025-08-05,Website,Debit Card,Completed
ORD000519,CUST00935,2024-10-21,Website,Wallet,Completed
ORD000520,CUST00359,2025-02-04,Website,UPI,Completed
ORD000521,CUST00938,2025-03-18,Website,Debit Card,Completed
ORD000522,CUST00806,2024-04-07,Mobile App,UPI,Cancelled
ORD000523,CUST00561,2024-06-10,Mobile App,Debit Card,Completed
ORD000524,CUST00445,2024-03-09,Marketplace,Credit Card,Completed
ORD000525,CUST00756,2024-05-04,Website,UPI,Completed
ORD000526,CUST00840,2024-11-29,Website,UPI,Completed
ORD000527,CUST00055,2025-04-18,Website,Net Banking,Completed
ORD000528,CUST00704,2025-01-25,Mobile App,Wallet,Completed
ORD000529,CUST00514,2024-01-11,Website,COD,Completed
ORD000530,CUST00951,2026-02-05,Website,UPI,Completed
ORD000531,CUST00897,2024-09-05,Website,Wallet,Completed
ORD000532,CUST00037,2024-06-23,Mobile App,UPI,Completed
ORD000533,CUST00801,2026-01-29,Website,Debit Card,Completed
ORD000534,CUST00315,2024-10-06,Website,UPI,Completed
ORD000535,CUST01091,2026-07-03,Website,Net Banking,Completed
ORD000536,CUST01071,2026-04-10,Mobile App,Net Banking,Cancelled
ORD000537,CUST00632,2025-02-03,Website,Debit Card,Completed
ORD000538,CUST00414,2025-01-21,Marketplace,Credit Card,Completed
ORD000539,CUST00033,2024-04-03,Website,COD,Completed
ORD000540,CUST00130,2024-07-15,Website,COD,Completed
ORD000541,CUST00344,2026-04-30,Mobile App,UPI,Completed
ORD000542,CUST00670,2026-04-15,Website,Debit Card,Completed
ORD000543,CUST01110,2026-08-14,Website,Credit Card,Completed
ORD000544,CUST00731,2024-04-18,Website,UPI,Completed
ORD000545,CUST00798,2024-01-13,Website,UPI,Completed
ORD000546,CUST00756,2024-10-12,Website,COD,Completed
ORD000547,CUST01024,2026-02-24,Marketplace,UPI,Completed
ORD000548,CUST01166,2026-08-02,Website,COD,Completed
ORD000549,CUST00796,2025-10-08,Mobile App,COD,Completed
ORD000550,CUST00360,2024-12-06,Mobile App,COD,Completed
ORD000551,CUST00988,2026-05-21,Website,UPI,Cancelled
ORD000552,CUST00784,2025-04-04,Website,Net Banking,Completed
ORD000553,CUST00028,2025-12-22,Website,Debit Card,Cancelled
ORD000554,CUST00485,2024-11-12,Mobile App,Net Banking,Completed
ORD000555,CUST00282,2024-03-02,Website,Credit Card,Completed
ORD000556,CUST00078,2024-07-28,Website,Net Banking,Returned
ORD000557,CUST00674,2025-03-30,Website,Credit Card,Completed
ORD000558,CUST01067,2024-02-10,Mobile App,Credit Card,Completed
ORD000559,CUST00049,2026-02-07,Website,Net Banking,Completed
ORD000560,CUST01105,2024-07-29,Website,COD,Returned
ORD000561,CUST00456,2026-03-31,Mobile App,Credit Card,Completed
ORD000562,CUST00013,2025-03-28,Website,Credit Card,Returned
ORD000563,CUST00290,2024-02-23,Marketplace,UPI,Completed
ORD000564,CUST00419,2025-07-16,Website,UPI,Completed
ORD000565,CUST00337,2024-11-14,Mobile App,UPI,Completed
ORD000566,CUST00621,2024-09-11,Website,Credit Card,Completed
ORD000567,CUST00986,2024-10-05,Website,COD,Completed
ORD000568,CUST00965,2024-06-20,Website,Credit Card,Completed
ORD000569,CUST00320,2026-02-17,Mobile App,Wallet,Completed
ORD000570,CUST00876,2025-01-25,Mobile App,Net Banking,Cancelled
ORD000571,CUST01101,2025-09-01,Website,Net Banking,Completed
ORD000572,CUST00627,2025-04-19,Website,Credit Card,Completed
ORD000573,CUST00683,2024-03-14,Website,Credit Card,Completed
ORD000574,CUST00009,2024-07-13,Website,Credit Card,Completed
ORD000575,CUST00829,2025-05-18,Marketplace,COD,Returned
ORD000576,CUST00787,2025-01-17,Website,Debit Card,Completed
ORD000577,CUST00080,2025-02-22,Marketplace,UPI,Returned
ORD000578,CUST00398,2024-06-15,Mobile App,COD,Completed
ORD000579,CUST00714,2026-02-08,Website,Credit Card,Completed
ORD000580,CUST00119,2025-12-14,Mobile App,COD,Completed
ORD000581,CUST00979,2024-09-05,Website,Wallet,Completed
ORD000582,CUST00058,2025-11-23,Mobile App,Debit Card,Completed
ORD000583,CUST00302,2025-04-11,Website,Debit Card,Returned
ORD000584,CUST00331,2026-05-11,Website,Net Banking,Completed
ORD000585,CUST00788,2026-07-27,Website,Debit Card,Cancelled
ORD000586,CUST00387,2025-06-14,Mobile App,UPI,Completed
ORD000587,CUST00619,2025-12-09,Website,Debit Card,Cancelled
ORD000588,CUST00631,2025-08-23,Mobile App,Net Banking,Cancelled
ORD000589,CUST00183,2026-06-09,Website,Debit Card,Completed
ORD000590,CUST00293,2026-04-13,Website,UPI,Completed
ORD000591,CUST00631,2025-12-16,Website,UPI,Completed
ORD000592,CUST00144,2024-04-09,Mobile App,Credit Card,Completed
ORD000593,CUST00883,2024-10-22,Website,Credit Card,Completed
ORD000594,CUST00997,2024-07-21,Website,COD,Completed
ORD000595,CUST00436,2026-04-13,Website,UPI,Completed
ORD000596,CUST00393,2026-02-16,Website,COD,Completed
ORD000597,CUST00224,2025-10-03,Mobile App,UPI,Completed
ORD000598,CUST00256,2025-01-21,Website,Credit Card,Completed
ORD000599,CUST00994,2025-05-04,Mobile App,UPI,Completed
ORD000600,CUST00015,2026-02-08,Mobile App,Wallet,Completed
ORD000601,CUST01070,2024-08-04,Mobile App,Credit Card,Completed
ORD000602,CUST00545,2026-02-18,Marketplace,Credit Card,Completed
ORD000603,CUST00690,2025-03-15,Website,COD,Returned
ORD000604,CUST00491,2026-04-16,Marketplace,Debit Card,Completed
ORD000605,CUST00730,2024-02-28,Mobile App,Wallet,Completed
ORD000606,CUST00823,2026-06-10,Mobile App,COD,Completed
ORD000607,CUST00252,2025-09-08,Mobile App,UPI,Completed
ORD000608,CUST00510,2026-04-14,Website,Debit Card,Completed
ORD000609,CUST01055,2025-05-01,Website,UPI,Returned
ORD000610,CUST00660,2026-08-22,Website,Credit Card,Completed
ORD000611,CUST00667,2026-04-06,Mobile App,UPI,Completed
ORD000612,CUST00167,2026-01-26,Website,COD,Returned
ORD000613,CUST00206,2025-05-02,Mobile App,Credit Card,Completed
ORD000614,CUST01066,2024-05-26,Mobile App,Wallet,Completed
ORD000615,CUST00262,2024-02-02,Website,UPI,Completed
ORD000616,CUST00957,2025-07-15,Website,Credit Card,Completed
ORD000617,CUST01108,2025-11-09,Website,UPI,Completed
ORD000618,CUST00184,2025-11-06,Website,COD,Completed
ORD000619,CUST00669,2026-08-09,Marketplace,Net Banking,Completed
ORD000620,CUST00976,2024-09-20,Marketplace,Debit Card,Completed
ORD000621,CUST01095,2026-08-02,Mobile App,Credit Card,Completed
ORD000622,CUST00459,2024-12-06,Marketplace,Net Banking,Completed
ORD000623,CUST00703,2025-10-21,Website,Net Banking,Completed
ORD000624,CUST01151,2025-01-25,Marketplace,Credit Card,Completed
ORD000625,CUST00237,2024-09-22,Website,UPI,Completed
ORD000626,CUST00386,2025-08-29,Mobile App,UPI,Completed
ORD000627,CUST00642,2026-05-23,Marketplace,Debit Card,Completed
ORD000628,CUST01097,2024-03-04,Website,Credit Card,Completed
ORD000629,CUST00748,2026-02-28,Mobile App,COD,Completed
ORD000630,CUST00455,2025-11-10,Website,UPI,Completed
ORD000631,CUST00297,2024-11-19,Mobile App,Credit Card,Completed
ORD000632,CUST00934,2025-11-27,Website,Credit Card,Completed
ORD000633,CUST00071,2026-05-19,Mobile App,Credit Card,Returned
ORD000634,CUST00561,2024-05-06,Marketplace,Net Banking,Completed
ORD000635,CUST00442,2026-04-28,Website,Net Banking,Completed
ORD000636,CUST00683,2026-04-09,Website,Net Banking,Completed
ORD000637,CUST00461,2026-08-14,Mobile App,UPI,Cancelled
ORD000638,CUST00999,2024-07-02,Mobile App,Credit Card,Completed
ORD000639,CUST00327,2026-07-23,Marketplace,Debit Card,Completed
ORD000640,CUST00970,2025-11-25,Marketplace,Net Banking,Completed
ORD000641,CUST00580,2025-06-24,Website,COD,Completed
ORD000642,CUST00807,2025-07-15,Website,Credit Card,Completed
ORD000643,CUST00111,2026-06-05,Mobile App,Net Banking,Completed
ORD000644,CUST01183,2024-06-16,Website,Net Banking,Completed
ORD000645,CUST00430,2024-05-28,Website,Net Banking,Completed
ORD000646,CUST00742,2024-01-10,Mobile App,Debit Card,Completed
ORD000647,CUST00303,2026-05-29,Website,COD,Completed
ORD000648,CUST00116,2024-06-21,Website,COD,Completed
ORD000649,CUST00241,2024-02-23,Marketplace,Debit Card,Completed
ORD000650,CUST00828,2024-06-01,Website,UPI,Completed
ORD000651,CUST00354,2024-11-05,Mobile App,Credit Card,Completed
ORD000652,CUST00184,2026-03-25,Mobile App,COD,Completed
ORD000653,CUST00912,2024-10-08,Website,UPI,Completed
ORD000654,CUST01044,2025-05-15,Website,Debit Card,Returned
ORD000655,CUST00561,2025-05-06,Mobile App,UPI,Completed
ORD000656,CUST00992,2025-01-28,Marketplace,Net Banking,Completed
ORD000657,CUST00204,2024-05-08,Website,Net Banking,Cancelled
ORD000658,CUST00379,2025-07-04,Website,Net Banking,Completed
ORD000659,CUST01099,2026-04-17,Mobile App,Debit Card,Completed
ORD000660,CUST01198,2026-05-07,Mobile App,Wallet,Completed
ORD000661,CUST00425,2026-02-10,Marketplace,COD,Completed
ORD000662,CUST00369,2025-09-05,Website,Credit Card,Completed
ORD000663,CUST00264,2024-02-10,Mobile App,Debit Card,Completed
ORD000664,CUST00072,2024-09-19,Website,UPI,Completed
ORD000665,CUST00352,2025-07-11,Website,COD,Completed
ORD000666,CUST00095,2024-11-03,Marketplace,Credit Card,Completed
ORD000667,CUST01094,2025-11-05,Website,Debit Card,Completed
ORD000668,CUST00722,2025-06-19,Mobile App,Credit Card,Completed
ORD000669,CUST00092,2025-11-09,Website,UPI,Completed
ORD000670,CUST00441,2026-05-02,Marketplace,Debit Card,Completed
ORD000671,CUST00569,2025-01-02,Website,Debit Card,Completed
ORD000672,CUST00534,2024-09-18,Website,COD,Completed
ORD000673,CUST00521,2024-03-26,Mobile App,COD,Completed
ORD000674,CUST00145,2024-07-27,Mobile App,UPI,Completed
ORD000675,CUST00395,2025-10-23,Mobile App,Debit Card,Completed
ORD000676,CUST00336,2025-06-07,Website,UPI,Returned
ORD000677,CUST00777,2025-03-20,Website,Debit Card,Completed
ORD000678,CUST01089,2024-05-07,Website,Debit Card,Completed
ORD000679,CUST00183,2025-10-17,Website,Credit Card,Completed
ORD000680,CUST00463,2026-06-08,Website,UPI,Returned
ORD000681,CUST00776,2024-08-15,Marketplace,Wallet,Completed
ORD000682,CUST00628,2025-06-23,Mobile App,Wallet,Completed
ORD000683,CUST01172,2024-12-23,Mobile App,Debit Card,Completed
ORD000684,CUST00099,2026-07-07,Website,COD,Completed
ORD000685,CUST01089,2024-12-19,Mobile App,COD,Completed
ORD000686,CUST00262,2025-08-29,Website,Net Banking,Completed
ORD000687,CUST00259,2025-11-04,Website,Debit Card,Completed
ORD000688,CUST00759,2026-07-29,Mobile App,UPI,Completed
ORD000689,CUST00938,2025-12-24,Website,COD,Completed
ORD000690,CUST00588,2025-05-29,Website,Credit Card,Returned
ORD000691,CUST00469,2026-06-21,Website,Wallet,Returned
ORD000692,CUST00641,2025-02-20,Mobile App,Debit Card,Completed
ORD000693,CUST00192,2024-09-02,Website,UPI,Completed
ORD000694,CUST01010,2025-07-21,Mobile App,UPI,Returned
ORD000695,CUST01042,2025-11-24,Marketplace,UPI,Completed
ORD000696,CUST01091,2025-12-02,Mobile App,Credit Card,Completed
ORD000697,CUST00015,2026-07-21,Mobile App,Net Banking,Completed
ORD000698,CUST01082,2024-09-07,Mobile App,UPI,Completed
ORD000699,CUST01073,2024-06-21,Marketplace,UPI,Completed
ORD000700,CUST01053,2024-05-16,Website,UPI,Completed
ORD000701,CUST00765,2024-06-23,Marketplace,Credit Card,Completed
ORD000702,CUST01105,2026-05-01,Mobile App,Wallet,Completed
ORD000703,CUST00602,2025-05-09,Website,UPI,Completed
ORD000704,CUST00446,2025-02-07,Marketplace,COD,Returned
ORD000705,CUST00073,2025-06-11,Marketplace,COD,Completed
ORD000706,CUST00729,2024-02-28,Website,Credit Card,Completed
ORD000707,CUST00011,2024-04-19,Website,Net Banking,Completed
ORD000708,CUST00208,2024-01-10,Website,UPI,Completed
ORD000709,CUST00315,2026-07-09,Website,COD,Completed
ORD000710,CUST00513,2026-02-26,Website,Credit Card,Completed
ORD000711,CUST00374,2025-03-14,Mobile App,UPI,Returned
ORD000712,CUST00900,2025-11-03,Website,Credit Card,Completed
ORD000713,CUST00407,2025-01-02,Website,Credit Card,Completed
ORD000714,CUST00679,2025-03-07,Marketplace,UPI,Completed
ORD000715,CUST00545,2025-05-05,Website,Credit Card,Completed
ORD000716,CUST00261,2025-11-29,Website,Net Banking,Cancelled
ORD000717,CUST00797,2025-05-28,Website,COD,Completed
ORD000718,CUST00319,2024-05-09,Website,UPI,Completed
ORD000719,CUST00701,2024-02-23,Website,Debit Card,Completed
ORD000720,CUST00593,2025-05-06,Website,UPI,Completed
ORD000721,CUST00313,2025-09-24,Mobile App,UPI,Completed
ORD000722,CUST00540,2024-04-27,Marketplace,UPI,Completed
ORD000723,CUST00971,2024-07-22,Mobile App,Wallet,Completed
ORD000724,CUST00372,2025-05-29,Website,Wallet,Completed
ORD000725,CUST00470,2024-06-01,Website,Credit Card,Completed
ORD000726,CUST00300,2024-07-15,Website,Debit Card,Completed
ORD000727,CUST00779,2024-02-22,Website,Credit Card,Completed
ORD000728,CUST00455,2024-08-24,Website,Credit Card,Completed
ORD000729,CUST00106,2025-10-21,Website,UPI,Completed
ORD000730,CUST00857,2024-12-25,Website,COD,Completed
ORD000731,CUST00107,2024-01-01,Mobile App,Credit Card,Completed
ORD000732,CUST00207,2024-10-13,Website,UPI,Completed
ORD000733,CUST00624,2024-12-08,Website,Debit Card,Completed
ORD000734,CUST00267,2026-02-27,Website,Net Banking,Completed
ORD000735,CUST01084,2026-03-08,Mobile App,UPI,Completed
ORD000736,CUST00787,2025-08-21,Website,UPI,Completed
ORD000737,CUST00247,2025-09-08,Website,COD,Cancelled
ORD000738,CUST00391,2026-04-17,Website,Credit Card,Completed
ORD000739,CUST01120,2026-08-22,Mobile App,Credit Card,Completed
ORD000740,CUST00414,2026-02-18,Mobile App,UPI,Completed
ORD000741,CUST01128,2025-03-04,Mobile App,COD,Completed
ORD000742,CUST01148,2026-05-16,Marketplace,COD,Completed
ORD000743,CUST00241,2026-01-04,Marketplace,UPI,Completed
ORD000744,CUST01032,2026-08-11,Mobile App,UPI,Completed
ORD000745,CUST00594,2024-05-12,Website,Debit Card,Completed
ORD000746,CUST00390,2025-12-11,Mobile App,Credit Card,Completed
ORD000747,CUST01052,2026-06-10,Marketplace,UPI,Completed
ORD000748,CUST01152,2025-01-28,Mobile App,Credit Card,Completed
ORD000749,CUST00008,2024-07-07,Website,UPI,Completed
ORD000750,CUST01051,2026-06-19,Website,Net Banking,Completed
ORD000751,CUST00452,2024-11-06,Website,UPI,Completed
ORD000752,CUST00094,2024-08-17,Mobile App,Credit Card,Completed
ORD000753,CUST00569,2026-08-22,Marketplace,UPI,Completed
ORD000754,CUST00510,2025-10-19,Marketplace,UPI,Completed
ORD000755,CUST00712,2025-10-26,Mobile App,COD,Completed
ORD000756,CUST01125,2026-08-27,Website,UPI,Cancelled
ORD000757,CUST00665,2024-10-28,Marketplace,Debit Card,Completed
ORD000758,CUST00450,2024-12-30,Mobile App,UPI,Completed
ORD000759,CUST01101,2024-01-17,Mobile App,COD,Returned
ORD000760,CUST00218,2025-08-20,Mobile App,Net Banking,Returned
ORD000761,CUST01129,2024-09-20,Website,Credit Card,Completed
ORD000762,CUST01192,2024-07-27,Mobile App,Wallet,Completed
ORD000763,CUST00475,2025-04-01,Mobile App,Credit Card,Completed
ORD000764,CUST00192,2025-05-05,Website,Credit Card,Completed
ORD000765,CUST00387,2024-06-29,Mobile App,COD,Completed
ORD000766,CUST00044,2024-10-15,Website,COD,Completed
ORD000767,CUST00385,2025-12-04,Website,UPI,Completed
ORD000768,CUST00825,2026-07-19,Website,Credit Card,Completed
ORD000769,CUST00025,2026-04-07,Mobile App,Credit Card,Completed
ORD000770,CUST00028,2026-04-26,Mobile App,Debit Card,Completed
ORD000771,CUST00172,2024-09-11,Website,COD,Completed
ORD000772,CUST00020,2026-03-22,Marketplace,UPI,Completed
ORD000773,CUST00175,2024-12-12,Website,Credit Card,Completed
ORD000774,CUST00335,2025-03-30,Website,Credit Card,Completed
ORD000775,CUST00548,2025-07-10,Mobile App,UPI,Completed
ORD000776,CUST01116,2024-04-15,Website,Credit Card,Completed
ORD000777,CUST00003,2024-05-25,Marketplace,UPI,Completed
ORD000778,CUST00724,2024-05-30,Mobile App,UPI,Cancelled
ORD000779,CUST00231,2025-01-28,Website,COD,Completed
ORD000780,CUST00732,2024-10-15,Website,Credit Card,Completed
ORD000781,CUST00174,2026-08-04,Mobile App,Debit Card,Completed
ORD000782,CUST00686,2025-06-27,Mobile App,Debit Card,Completed
ORD000783,CUST00618,2025-11-14,Mobile App,Credit Card,Cancelled
ORD000784,CUST01023,2024-10-04,Mobile App,COD,Completed
ORD000785,CUST00157,2025-12-29,Mobile App,COD,Returned
ORD000786,CUST00301,2026-03-07,Website,Credit Card,Completed
ORD000787,CUST00980,2026-03-15,Mobile App,UPI,Completed
ORD000788,CUST00571,2026-01-14,Website,Credit Card,Completed
ORD000789,CUST00789,2026-02-24,Website,Credit Card,Completed
ORD000790,CUST00683,2025-02-27,Website,COD,Cancelled
ORD000791,CUST00858,2025-01-27,Mobile App,Debit Card,Completed
ORD000792,CUST00472,2025-07-03,Website,Debit Card,Completed
ORD000793,CUST00450,2025-08-14,Mobile App,UPI,Completed
ORD000794,CUST00036,2026-05-21,Website,Credit Card,Completed
ORD000795,CUST00123,2024-04-22,Marketplace,Credit Card,Completed
ORD000796,CUST00286,2026-03-08,Website,UPI,Completed
ORD000797,CUST00863,2026-08-11,Website,Wallet,Completed
ORD000798,CUST00241,2024-05-21,Marketplace,Net Banking,Completed
ORD000799,CUST00870,2024-01-27,Website,Net Banking,Completed
ORD000800,CUST00977,2024-03-16,Mobile App,COD,Completed
ORD000801,CUST00290,2025-01-09,Website,UPI,Completed
ORD000802,CUST00853,2026-04-13,Website,UPI,Completed
ORD000803,CUST01081,2026-02-05,Mobile App,Credit Card,Completed
ORD000804,CUST00910,2024-12-11,Mobile App,Net Banking,Completed
ORD000805,CUST00123,2024-06-08,Mobile App,UPI,Completed
ORD000806,CUST00329,2025-05-30,Website,Wallet,Completed
ORD000807,CUST00931,2026-06-15,Mobile App,Wallet,Cancelled
ORD000808,CUST00627,2025-05-28,Mobile App,Credit Card,Completed
ORD000809,CUST01069,2024-04-04,Website,COD,Completed
ORD000810,CUST00115,2025-02-14,Website,UPI,Completed
ORD000811,CUST00159,2025-07-26,Mobile App,Credit Card,Completed
ORD000812,CUST00830,2025-10-19,Mobile App,UPI,Completed
ORD000813,CUST00869,2025-10-24,Website,UPI,Completed
ORD000814,CUST00688,2025-09-09,Website,Credit Card,Completed
ORD000815,CUST00434,2024-03-07,Mobile App,Net Banking,Completed
ORD000816,CUST00414,2025-07-18,Mobile App,UPI,Completed
ORD000817,CUST01157,2025-08-06,Website,COD,Completed
ORD000818,CUST00645,2024-02-19,Website,Credit Card,Returned
ORD000819,CUST00579,2026-02-08,Marketplace,Credit Card,Completed
ORD000820,CUST00729,2025-02-04,Marketplace,Net Banking,Completed
ORD000821,CUST01032,2025-02-21,Website,Wallet,Completed
ORD000822,CUST00783,2025-08-24,Website,COD,Completed
ORD000823,CUST00311,2024-06-14,Mobile App,UPI,Completed
ORD000824,CUST00475,2026-01-05,Mobile App,Wallet,Completed
ORD000825,CUST00330,2026-02-26,Marketplace,Credit Card,Returned
ORD000826,CUST01072,2025-09-15,Marketplace,Credit Card,Completed
ORD000827,CUST00596,2024-12-13,Website,Wallet,Completed
ORD000828,CUST00794,2026-07-01,Website,COD,Completed
ORD000829,CUST01162,2024-06-05,Mobile App,Credit Card,Completed
ORD000830,CUST00634,2024-05-26,Mobile App,COD,Completed
ORD000831,CUST01022,2024-03-30,Website,Credit Card,Returned
ORD000832,CUST00140,2024-06-14,Website,Credit Card,Completed
ORD000833,CUST00944,2024-07-02,Website,Credit Card,Completed
ORD000834,CUST00906,2026-06-16,Mobile App,UPI,Completed
ORD000835,CUST01000,2025-08-05,Website,Wallet,Completed
ORD000836,CUST00265,2026-05-27,Website,Credit Card,Completed
ORD000837,CUST00766,2024-11-17,Website,Credit Card,Completed
ORD000838,CUST00088,2026-06-17,Mobile App,Debit Card,Completed
ORD000839,CUST01149,2024-09-07,Website,Wallet,Completed
ORD000840,CUST01168,2024-06-11,Website,UPI,Completed
ORD000841,CUST00192,2025-04-18,Website,Credit Card,Completed
ORD000842,CUST00953,2026-04-17,Website,UPI,Completed
ORD000843,CUST00813,2026-08-02,Mobile App,UPI,Completed
ORD000844,CUST00702,2024-11-20,Marketplace,Credit Card,Completed
ORD000845,CUST00235,2025-05-02,Website,UPI,Completed
ORD000846,CUST00299,2025-04-26,Mobile App,Credit Card,Completed
ORD000847,CUST00779,2025-09-07,Website,Wallet,Completed
ORD000848,CUST00438,2025-04-29,Website,COD,Returned
ORD000849,CUST00867,2025-12-01,Website,Debit Card,Completed
ORD000850,CUST00561,2024-03-11,Website,Credit Card,Completed
ORD000851,CUST00860,2026-06-11,Mobile App,Debit Card,Completed
ORD000852,CUST00111,2026-04-30,Website,COD,Completed
ORD000853,CUST00609,2026-02-10,Website,Credit Card,Completed
ORD000854,CUST01097,2025-05-01,Mobile App,UPI,Completed
ORD000855,CUST01169,2024-12-29,Website,UPI,Completed
ORD000856,CUST00407,2025-09-03,Website,Debit Card,Completed
ORD000857,CUST00649,2024-11-27,Website,COD,Returned
ORD000858,CUST00649,2025-05-26,Website,COD,Completed
ORD000859,CUST00008,2025-06-17,Marketplace,COD,Completed
ORD000860,CUST00921,2025-10-11,Mobile App,Debit Card,Completed
ORD000861,CUST00385,2026-02-02,Website,Debit Card,Completed
ORD000862,CUST00443,2025-01-21,Website,COD,Returned
ORD000863,CUST00030,2025-08-13,Website,Credit Card,Completed
ORD000864,CUST01029,2024-11-10,Mobile App,UPI,Completed
ORD000865,CUST00848,2025-04-11,Website,Credit Card,Completed
ORD000866,CUST00688,2025-06-19,Website,UPI,Completed
ORD000867,CUST01133,2024-06-30,Mobile App,Debit Card,Completed
ORD000868,CUST00896,2026-05-15,Mobile App,Net Banking,Returned
ORD000869,CUST00204,2026-07-16,Marketplace,Wallet,Completed
ORD000870,CUST00034,2025-10-27,Mobile App,Credit Card,Completed
ORD000871,CUST01116,2026-02-08,Website,Credit Card,Completed
ORD000872,CUST00594,2024-02-03,Mobile App,UPI,Completed
ORD000873,CUST00781,2025-07-18,Website,Wallet,Returned
ORD000874,CUST00951,2024-12-25,Website,Wallet,Completed
ORD000875,CUST00811,2026-01-28,Website,Credit Card,Completed
ORD000876,CUST00549,2024-10-17,Mobile App,UPI,Completed
ORD000877,CUST00850,2026-03-25,Mobile App,UPI,Cancelled
ORD000878,CUST00032,2024-02-03,Website,Wallet,Completed
ORD000879,CUST00651,2025-06-15,Website,COD,Returned
ORD000880,CUST01139,2024-09-04,Marketplace,UPI,Completed
ORD000881,CUST00106,2026-04-28,Mobile App,Debit Card,Completed
ORD000882,CUST00800,2025-10-13,Marketplace,UPI,Cancelled
ORD000883,CUST00325,2025-06-13,Website,UPI,Completed
ORD000884,CUST00243,2025-05-31,Mobile App,Wallet,Completed
ORD000885,CUST00533,2025-10-04,Mobile App,UPI,Completed
ORD000886,CUST00192,2024-04-05,Website,UPI,Completed
ORD000887,CUST00057,2024-06-05,Mobile App,Debit Card,Returned
ORD000888,CUST00784,2025-08-08,Website,Net Banking,Returned
ORD000889,CUST00734,2025-10-11,Website,Debit Card,Completed
ORD000890,CUST01097,2024-07-17,Mobile App,Net Banking,Completed
ORD000891,CUST00534,2025-01-22,Mobile App,UPI,Returned
ORD000892,CUST00048,2025-10-04,Mobile App,Debit Card,Completed
ORD000893,CUST00252,2025-04-15,Website,Credit Card,Cancelled
ORD000894,CUST00159,2024-04-05,Website,Credit Card,Completed
ORD000895,CUST00207,2025-02-04,Website,UPI,Completed
ORD000896,CUST00157,2025-10-02,Website,Credit Card,Cancelled
ORD000897,CUST00924,2025-10-10,Mobile App,UPI,Completed
ORD000898,CUST01162,2024-07-01,Mobile App,Wallet,Completed
ORD000899,CUST00711,2024-12-17,Website,Debit Card,Completed
ORD000900,CUST01069,2024-06-11,Mobile App,COD,Completed
ORD000901,CUST01098,2024-01-31,Website,Credit Card,Completed
ORD000902,CUST00748,2026-06-06,Website,UPI,Completed
ORD000903,CUST00171,2024-08-13,Mobile App,COD,Completed
ORD000904,CUST00409,2025-05-08,Marketplace,Credit Card,Completed
ORD000905,CUST00957,2024-10-28,Mobile App,Credit Card,Completed
ORD000906,CUST00396,2025-02-13,Website,UPI,Completed
ORD000907,CUST00576,2026-01-04,Marketplace,UPI,Completed
ORD000908,CUST00639,2025-08-24,Website,UPI,Completed
ORD000909,CUST00914,2025-03-19,Website,Net Banking,Completed
ORD000910,CUST00221,2025-09-29,Mobile App,Credit Card,Completed
ORD000911,CUST00132,2025-01-17,Website,COD,Returned
ORD000912,CUST00840,2024-09-16,Website,Wallet,Completed
ORD000913,CUST00722,2025-06-27,Website,UPI,Completed
ORD000914,CUST00381,2025-03-15,Website,UPI,Completed
ORD000915,CUST00298,2025-01-15,Mobile App,UPI,Completed
ORD000916,CUST00674,2024-01-12,Website,Debit Card,Completed
ORD000917,CUST01151,2024-08-26,Website,Credit Card,Completed
ORD000918,CUST00211,2024-08-10,Mobile App,Net Banking,Returned
ORD000919,CUST00154,2026-04-06,Mobile App,Debit Card,Completed
ORD000920,CUST00651,2025-03-21,Mobile App,UPI,Completed
ORD000921,CUST01022,2025-05-20,Website,UPI,Completed
ORD000922,CUST00351,2025-04-08,Mobile App,Debit Card,Completed
ORD000923,CUST00584,2024-01-22,Website,Wallet,Completed
ORD000924,CUST00946,2024-01-05,Website,Wallet,Completed
ORD000925,CUST01093,2026-07-06,Marketplace,UPI,Completed
ORD000926,CUST00963,2024-03-12,Website,Wallet,Completed
ORD000927,CUST00650,2024-10-08,Mobile App,Credit Card,Completed
ORD000928,CUST01012,2024-11-16,Mobile App,Credit Card,Completed
ORD000929,CUST01011,2025-04-10,Mobile App,COD,Completed
ORD000930,CUST00211,2025-01-17,Website,UPI,Completed
ORD000931,CUST00662,2024-04-17,Mobile App,Net Banking,Completed
ORD000932,CUST00392,2024-03-31,Mobile App,Wallet,Completed
ORD000933,CUST00011,2025-07-04,Marketplace,COD,Completed
ORD000934,CUST00089,2026-03-14,Website,COD,Completed
ORD000935,CUST00778,2024-12-03,Website,UPI,Completed
ORD000936,CUST00246,2025-04-16,Website,COD,Completed
ORD000937,CUST00847,2026-06-28,Mobile App,Debit Card,Completed
ORD000938,CUST01184,2024-09-03,Website,Credit Card,Completed
ORD000939,CUST00989,2026-03-02,Website,UPI,Completed
ORD000940,CUST00723,2024-03-25,Mobile App,COD,Completed
ORD000941,CUST00422,2026-01-22,Mobile App,UPI,Completed
ORD000942,CUST00027,2024-08-05,Mobile App,Credit Card,Completed
ORD000943,CUST00215,2025-05-14,Website,Wallet,Completed
ORD000944,CUST00642,2025-06-10,Mobile App,Credit Card,Completed
ORD000945,CUST01034,2024-06-06,Website,UPI,Cancelled
ORD000946,CUST00927,2025-01-29,Mobile App,Credit Card,Completed
ORD000947,CUST00141,2024-07-11,Website,UPI,Completed
ORD000948,CUST01183,2026-06-09,Mobile App,UPI,Cancelled
ORD000949,CUST00226,2026-02-01,Website,COD,Completed
ORD000950,CUST00976,2024-01-30,Mobile App,Credit Card,Completed
ORD000951,CUST01128,2026-08-07,Website,Credit Card,Completed
ORD000952,CUST00883,2025-05-29,Website,UPI,Completed
ORD000953,CUST00101,2024-04-10,Mobile App,Net Banking,Completed
ORD000954,CUST00388,2024-10-28,Website,Debit Card,Completed
ORD000955,CUST01063,2025-05-20,Website,Net Banking,Completed
ORD000956,CUST00450,2024-04-23,Website,COD,Completed
ORD000957,CUST00135,2024-09-01,Mobile App,UPI,Cancelled
ORD000958,CUST00829,2025-12-17,Website,UPI,Completed
ORD000959,CUST00550,2026-06-19,Website,UPI,Completed
ORD000960,CUST00590,2025-10-14,Mobile App,Credit Card,Completed
ORD000961,CUST01031,2024-07-08,Marketplace,Debit Card,Completed
ORD000962,CUST00489,2026-05-23,Website,Net Banking,Completed
ORD000963,CUST00933,2024-12-06,Website,UPI,Completed
ORD000964,CUST00043,2024-12-08,Website,UPI,Completed
ORD000965,CUST00020,2025-11-26,Mobile App,COD,Completed
ORD000966,CUST00507,2025-05-15,Website,UPI,Completed
ORD000967,CUST00596,2025-11-27,Mobile App,Credit Card,Completed
ORD000968,CUST00193,2024-05-30,Website,Wallet,Completed
ORD000969,CUST00719,2025-05-17,Marketplace,UPI,Completed
ORD000970,CUST00940,2025-01-08,Website,Credit Card,Completed
ORD000971,CUST01061,2026-07-01,Mobile App,Wallet,Cancelled
ORD000972,CUST00992,2025-09-02,Website,Net Banking,Completed
ORD000973,CUST00303,2024-01-22,Marketplace,Wallet,Completed
ORD000974,CUST00732,2024-05-25,Website,UPI,Completed
ORD000975,CUST00737,2025-03-17,Website,UPI,Cancelled
ORD000976,CUST00222,2025-01-21,Marketplace,COD,Completed
ORD000977,CUST00921,2026-07-09,Marketplace,COD,Completed
ORD000978,CUST00715,2026-07-21,Mobile App,Credit Card,Completed
ORD000979,CUST00634,2024-10-09,Website,Debit Card,Completed
ORD000980,CUST00252,2026-05-04,Website,Credit Card,Returned
ORD000981,CUST00711,2026-03-22,Website,COD,Completed
ORD000982,CUST00302,2025-12-02,Website,UPI,Returned
ORD000983,CUST01144,2025-09-30,Mobile App,Credit Card,Completed
ORD000984,CUST00604,2026-03-29,Website,UPI,Completed
ORD000985,CUST00253,2025-08-30,Website,Credit Card,Completed
ORD000986,CUST00002,2025-11-07,Website,UPI,Cancelled
ORD000987,CUST01029,2026-03-15,Mobile App,Net Banking,Completed
ORD000988,CUST00555,2024-03-29,Website,Net Banking,Completed
ORD000989,CUST00166,2026-07-29,Website,UPI,Returned
ORD000990,CUST00792,2024-09-11,Website,COD,Completed
ORD000991,CUST00619,2024-09-24,Mobile App,UPI,Completed
ORD000992,CUST00661,2026-06-15,Mobile App,UPI,Completed
ORD000993,CUST00278,2024-09-13,Website,UPI,Completed
ORD000994,CUST01161,2024-10-31,Marketplace,Credit Card,Completed
ORD000995,CUST00895,2026-03-12,Website,Credit Card,Completed
ORD000996,CUST00733,2025-05-30,Website,Credit Card,Completed
ORD000997,CUST00945,2025-02-24,Website,Debit Card,Returned
ORD000998,CUST00182,2025-03-07,Mobile App,Debit Card,Completed
ORD000999,CUST01189,2024-09-05,Website,UPI,Completed
ORD001000,CUST00601,2025-08-02,Website,Wallet,Completed
ORD001001,CUST00013,2025-11-17,Website,Net Banking,Completed
ORD001002,CUST00112,2026-05-09,Website,UPI,Returned
ORD001003,CUST00683,2024-04-19,Mobile App,Wallet,Completed
ORD001004,CUST00679,2025-12-08,Mobile App,UPI,Completed
ORD001005,CUST00109,2025-06-07,Mobile App,Credit Card,Completed
ORD001006,CUST00280,2025-05-22,Website,Debit Card,Completed
ORD001007,CUST00637,2024-11-04,Mobile App,COD,Completed
ORD001008,CUST00412,2025-09-30,Website,UPI,Completed
ORD001009,CUST01065,2024-05-03,Website,UPI,Completed
ORD001010,CUST01036,2026-05-02,Website,UPI,Completed
ORD001011,CUST00991,2025-02-18,Marketplace,Wallet,Completed
ORD001012,CUST00534,2025-07-13,Mobile App,Net Banking,Completed
ORD001013,CUST00253,2025-09-23,Website,Debit Card,Completed
ORD001014,CUST00493,2026-04-18,Website,Net Banking,Completed
ORD001015,CUST00984,2025-05-02,Website,Debit Card,Returned
ORD001016,CUST00753,2025-05-19,Mobile App,Credit Card,Completed
ORD001017,CUST00951,2024-04-19,Website,Credit Card,Completed
ORD001018,CUST00247,2025-04-13,Mobile App,UPI,Completed
ORD001019,CUST00911,2025-10-22,Website,COD,Returned
ORD001020,CUST00939,2025-04-24,Website,COD,Completed
ORD001021,CUST01031,2026-05-26,Website,COD,Completed
ORD001022,CUST00129,2025-06-09,Website,UPI,Completed
ORD001023,CUST00695,2025-07-30,Website,Wallet,Completed
ORD001024,CUST00621,2026-03-14,Marketplace,UPI,Completed
ORD001025,CUST00772,2025-05-10,Marketplace,Debit Card,Completed
ORD001026,CUST01039,2025-12-26,Mobile App,Credit Card,Completed
ORD001027,CUST01190,2024-11-27,Website,Debit Card,Completed
ORD001028,CUST00061,2024-02-16,Mobile App,UPI,Completed
ORD001029,CUST01023,2024-04-18,Marketplace,Credit Card,Completed
ORD001030,CUST00485,2026-03-01,Website,COD,Completed
ORD001031,CUST00861,2025-01-28,Marketplace,UPI,Completed
ORD001032,CUST00150,2024-02-08,Website,Credit Card,Completed
ORD001033,CUST00357,2024-01-31,Website,Net Banking,Completed
ORD001034,CUST01176,2025-10-14,Mobile App,UPI,Completed
ORD001035,CUST00586,2025-11-26,Website,Net Banking,Completed
ORD001036,CUST00394,2025-06-25,Website,UPI,Returned
ORD001037,CUST00417,2024-04-08,Website,UPI,Completed
ORD001038,CUST00836,2026-03-03,Mobile App,COD,Completed
ORD001039,CUST01082,2025-11-29,Website,Wallet,Completed
ORD001040,CUST01026,2025-04-30,Website,Debit Card,Completed
ORD001041,CUST00138,2024-05-21,Website,Debit Card,Cancelled
ORD001042,CUST00161,2025-08-05,Website,Credit Card,Completed
ORD001043,CUST00473,2025-05-25,Website,Debit Card,Completed
ORD001044,CUST00594,2026-04-21,Marketplace,UPI,Completed
ORD001045,CUST00324,2024-03-10,Marketplace,UPI,Completed
ORD001046,CUST01061,2026-05-23,Marketplace,Credit Card,Completed
ORD001047,CUST01119,2024-02-28,Mobile App,UPI,Completed
ORD001048,CUST00539,2026-07-28,Mobile App,UPI,Completed
ORD001049,CUST00686,2024-07-24,Mobile App,UPI,Completed
ORD001050,CUST00676,2026-04-16,Marketplace,Debit Card,Cancelled
ORD001051,CUST01011,2024-08-29,Website,COD,Cancelled
ORD001052,CUST00073,2025-12-20,Website,UPI,Completed
ORD001053,CUST00166,2026-01-27,Mobile App,Credit Card,Completed
ORD001054,CUST00086,2026-01-10,Website,Credit Card,Completed
ORD001055,CUST00884,2024-12-24,Website,Wallet,Cancelled
ORD001056,CUST00044,2024-08-21,Marketplace,UPI,Completed
ORD001057,CUST01095,2024-07-19,Mobile App,Credit Card,Completed
ORD001058,CUST01132,2024-01-19,Website,Credit Card,Completed
ORD001059,CUST00881,2024-05-08,Mobile App,Debit Card,Completed
ORD001060,CUST00754,2024-04-30,Website,Credit Card,Cancelled
ORD001061,CUST00476,2024-08-31,Website,UPI,Completed
ORD001062,CUST01099,2026-02-09,Mobile App,COD,Completed
ORD001063,CUST00512,2026-01-07,Mobile App,UPI,Completed
ORD001064,CUST00579,2024-07-03,Website,Credit Card,Completed
ORD001065,CUST00599,2024-09-07,Website,Credit Card,Completed
ORD001066,CUST00158,2025-11-03,Website,COD,Completed
ORD001067,CUST00732,2025-12-23,Mobile App,Wallet,Completed
ORD001068,CUST00752,2024-11-05,Mobile App,Credit Card,Completed
ORD001069,CUST00548,2025-06-23,Website,Debit Card,Completed
ORD001070,CUST00842,2024-12-20,Mobile App,Debit Card,Completed
ORD001071,CUST00281,2024-07-27,Mobile App,Credit Card,Completed
ORD001072,CUST00432,2025-07-20,Website,Net Banking,Completed
ORD001073,CUST00482,2024-02-06,Mobile App,Debit Card,Completed
ORD001074,CUST00044,2024-04-26,Website,UPI,Completed
ORD001075,CUST00616,2025-01-28,Mobile App,UPI,Completed
ORD001076,CUST00787,2025-09-16,Website,COD,Completed
ORD001077,CUST00460,2024-02-15,Website,UPI,Completed
ORD001078,CUST00625,2024-02-23,Website,Net Banking,Returned
ORD001079,CUST00689,2026-07-20,Marketplace,COD,Completed
ORD001080,CUST00444,2025-08-28,Mobile App,Credit Card,Completed
ORD001081,CUST00876,2025-03-20,Mobile App,COD,Completed
ORD001082,CUST00224,2026-04-06,Mobile App,COD,Returned
ORD001083,CUST01096,2024-10-21,Website,Debit Card,Completed
ORD001084,CUST00533,2025-06-15,Website,Credit Card,Completed
ORD001085,CUST00488,2026-08-04,Website,UPI,Completed
ORD001086,CUST00562,2026-08-31,Website,UPI,Completed
ORD001087,CUST01170,2024-12-11,Website,Debit Card,Completed
ORD001088,CUST00514,2025-11-06,Mobile App,Wallet,Completed
ORD001089,CUST00629,2024-05-07,Mobile App,Credit Card,Completed
ORD001090,CUST00909,2024-07-02,Website,Credit Card,Completed
ORD001091,CUST00984,2025-01-02,Mobile App,Debit Card,Completed
ORD001092,CUST00163,2025-08-16,Website,Debit Card,Completed
ORD001093,CUST00903,2024-03-06,Website,Net Banking,Completed
ORD001094,CUST01014,2026-06-08,Website,Debit Card,Completed
ORD001095,CUST00102,2025-09-24,Website,Debit Card,Completed
ORD001096,CUST00902,2025-06-02,Mobile App,UPI,Completed
ORD001097,CUST00531,2024-03-03,Marketplace,UPI,Completed
ORD001098,CUST00724,2026-05-19,Mobile App,UPI,Completed
ORD001099,CUST00159,2024-04-21,Website,UPI,Completed
ORD001100,CUST00668,2024-07-27,Mobile App,Wallet,Completed
ORD001101,CUST00874,2024-03-14,Mobile App,UPI,Completed
ORD001102,CUST00738,2026-03-18,Website,Credit Card,Completed
ORD001103,CUST00603,2025-04-26,Mobile App,UPI,Completed
ORD001104,CUST00308,2026-08-10,Marketplace,UPI,Completed
ORD001105,CUST00642,2026-04-07,Website,Wallet,Completed
ORD001106,CUST00705,2025-08-18,Marketplace,Credit Card,Completed
ORD001107,CUST00308,2025-11-03,Website,COD,Completed
ORD001108,CUST00460,2024-03-20,Mobile App,COD,Completed
ORD001109,CUST00857,2026-01-21,Mobile App,UPI,Cancelled
ORD001110,CUST00106,2026-03-28,Mobile App,Debit Card,Completed
ORD001111,CUST00552,2024-11-20,Website,Debit Card,Cancelled
ORD001112,CUST00498,2024-12-02,Mobile App,COD,Completed
ORD001113,CUST00237,2024-11-18,Mobile App,Credit Card,Returned
ORD001114,CUST00742,2025-02-23,Website,Debit Card,Completed
ORD001115,CUST00992,2025-01-05,Mobile App,Credit Card,Completed
ORD001116,CUST00257,2025-08-06,Marketplace,UPI,Cancelled
ORD001117,CUST01198,2025-11-21,Mobile App,Debit Card,Completed
ORD001118,CUST00643,2024-12-15,Website,Credit Card,Completed
ORD001119,CUST01180,2024-05-31,Website,COD,Completed
ORD001120,CUST00930,2024-07-03,Website,UPI,Completed
ORD001121,CUST00963,2025-07-21,Mobile App,UPI,Completed
ORD001122,CUST00050,2025-03-17,Mobile App,COD,Completed
ORD001123,CUST01085,2026-06-06,Marketplace,COD,Completed
ORD001124,CUST01141,2025-02-15,Website,Credit Card,Completed
ORD001125,CUST00690,2026-04-24,Mobile App,Debit Card,Returned
ORD001126,CUST00152,2024-02-16,Mobile App,Credit Card,Completed
ORD001127,CUST00922,2025-02-22,Mobile App,Credit Card,Completed
ORD001128,CUST00276,2025-12-17,Mobile App,Net Banking,Completed
ORD001129,CUST01044,2026-04-19,Website,COD,Completed
ORD001130,CUST00929,2025-01-13,Website,Credit Card,Completed
ORD001131,CUST00573,2025-08-25,Marketplace,UPI,Completed
ORD001132,CUST00099,2024-12-15,Mobile App,COD,Completed
ORD001133,CUST00874,2026-05-14,Website,Credit Card,Completed
ORD001134,CUST00086,2024-05-26,Mobile App,Net Banking,Returned
ORD001135,CUST00882,2024-08-03,Website,Debit Card,Completed
ORD001136,CUST00712,2024-04-11,Website,UPI,Completed
ORD001137,CUST00459,2025-03-25,Mobile App,Credit Card,Cancelled
ORD001138,CUST00218,2025-09-12,Marketplace,Debit Card,Completed
ORD001139,CUST01131,2024-07-30,Mobile App,Net Banking,Completed
ORD001140,CUST00082,2026-07-13,Marketplace,Debit Card,Completed
ORD001141,CUST01001,2024-01-07,Mobile App,UPI,Completed
ORD001142,CUST01170,2026-08-22,Website,Credit Card,Completed
ORD001143,CUST00605,2025-04-09,Marketplace,Net Banking,Cancelled
ORD001144,CUST00911,2024-05-02,Mobile App,Credit Card,Completed
ORD001145,CUST00571,2024-05-20,Mobile App,UPI,Completed
ORD001146,CUST00456,2024-03-21,Mobile App,Credit Card,Completed
ORD001147,CUST00929,2024-10-09,Mobile App,Credit Card,Completed
ORD001148,CUST00645,2025-12-24,Mobile App,UPI,Completed
ORD001149,CUST01068,2025-12-23,Website,Wallet,Completed
ORD001150,CUST00073,2026-06-17,Marketplace,Debit Card,Completed
ORD001151,CUST00771,2025-08-23,Mobile App,UPI,Completed
ORD001152,CUST00311,2025-04-26,Website,UPI,Completed
ORD001153,CUST00407,2024-05-14,Mobile App,UPI,Completed
ORD001154,CUST00439,2026-01-10,Website,UPI,Completed
ORD001155,CUST00365,2024-08-01,Website,Net Banking,Completed
ORD001156,CUST01196,2025-10-08,Website,Credit Card,Completed
ORD001157,CUST00615,2024-07-03,Mobile App,COD,Completed
ORD001158,CUST00804,2025-05-16,Mobile App,Debit Card,Completed
ORD001159,CUST00231,2024-08-12,Marketplace,COD,Completed
ORD001160,CUST00916,2025-03-05,Website,Debit Card,Completed
ORD001161,CUST00654,2025-04-20,Mobile App,Credit Card,Completed
ORD001162,CUST00991,2024-05-11,Mobile App,COD,Completed
ORD001163,CUST00481,2025-12-04,Website,UPI,Completed
ORD001164,CUST00838,2026-05-21,Website,Net Banking,Completed
ORD001165,CUST00843,2024-11-21,Website,Credit Card,Completed
ORD001166,CUST00112,2026-07-23,Website,Net Banking,Completed
ORD001167,CUST00094,2026-04-18,Website,Credit Card,Completed
ORD001168,CUST01098,2024-06-19,Website,Debit Card,Returned
ORD001169,CUST00676,2025-09-20,Website,Debit Card,Returned
ORD001170,CUST00777,2024-01-22,Website,Net Banking,Cancelled
ORD001171,CUST01133,2026-02-24,Website,UPI,Completed
ORD001172,CUST00407,2025-07-02,Marketplace,Wallet,Completed
ORD001173,CUST00470,2026-01-05,Website,UPI,Completed
ORD001174,CUST00442,2025-02-27,Mobile App,UPI,Completed
ORD001175,CUST00042,2026-05-15,Mobile App,Credit Card,Completed
ORD001176,CUST00994,2026-03-21,Website,Credit Card,Completed
ORD001177,CUST00507,2025-10-08,Website,Net Banking,Completed
ORD001178,CUST00821,2025-01-21,Website,Net Banking,Completed
ORD001179,CUST00157,2024-03-27,Website,Net Banking,Completed
ORD001180,CUST00042,2025-03-01,Website,Wallet,Completed
ORD001181,CUST00196,2024-06-04,Mobile App,Wallet,Completed
ORD001182,CUST00640,2025-09-12,Mobile App,Credit Card,Completed
ORD001183,CUST00562,2024-11-05,Website,UPI,Returned
ORD001184,CUST00966,2025-08-13,Website,Credit Card,Completed
ORD001185,CUST01149,2025-02-20,Website,Credit Card,Completed
ORD001186,CUST00501,2025-06-02,Website,COD,Completed
ORD001187,CUST00764,2026-09-01,Mobile App,Net Banking,Completed
ORD001188,CUST00051,2025-08-14,Website,UPI,Completed
ORD001189,CUST00224,2025-07-30,Mobile App,Credit Card,Completed
ORD001190,CUST00196,2024-03-26,Mobile App,UPI,Returned
ORD001191,CUST00512,2025-08-30,Website,Credit Card,Completed
ORD001192,CUST01161,2025-06-19,Mobile App,UPI,Completed
ORD001193,CUST00638,2025-02-25,Mobile App,Wallet,Completed
ORD001194,CUST01158,2025-12-06,Mobile App,COD,Completed
ORD001195,CUST01152,2024-08-02,Mobile App,Debit Card,Completed
ORD001196,CUST00483,2025-10-29,Website,Net Banking,Completed
ORD001197,CUST00167,2026-05-29,Marketplace,Credit Card,Completed
ORD001198,CUST00028,2024-05-10,Website,Net Banking,Completed
ORD001199,CUST00233,2025-03-24,Website,Credit Card,Completed
ORD001200,CUST01075,2026-04-02,Website,Net Banking,Completed
ORD001201,CUST00019,2025-02-12,Website,Credit Card,Completed
ORD001202,CUST00556,2026-08-02,Mobile App,Debit Card,Completed
ORD001203,CUST00340,2025-10-27,Website,Credit Card,Completed
ORD001204,CUST00761,2025-09-20,Website,UPI,Completed
ORD001205,CUST00677,2026-08-16,Marketplace,Net Banking,Completed
ORD001206,CUST00337,2024-05-18,Mobile App,Wallet,Completed
ORD001207,CUST00368,2025-03-02,Website,UPI,Returned
ORD001208,CUST00385,2024-11-15,Website,UPI,Completed
ORD001209,CUST00126,2024-04-06,Mobile App,Debit Card,Completed
ORD001210,CUST01146,2025-10-13,Mobile App,Credit Card,Completed
ORD001211,CUST00563,2024-07-16,Website,COD,Completed
ORD001212,CUST00627,2026-01-16,Website,Net Banking,Returned
ORD001213,CUST01109,2025-07-28,Mobile App,UPI,Completed
ORD001214,CUST00444,2024-04-15,Website,UPI,Completed
ORD001215,CUST01070,2026-03-27,Mobile App,Net Banking,Completed
ORD001216,CUST00568,2026-03-01,Marketplace,Net Banking,Completed
ORD001217,CUST00970,2026-07-20,Website,UPI,Completed
ORD001218,CUST00188,2024-08-09,Marketplace,Debit Card,Completed
ORD001219,CUST00001,2025-05-01,Website,COD,Completed
ORD001220,CUST00901,2025-06-07,Website,Credit Card,Completed
ORD001221,CUST00241,2026-02-17,Website,Credit Card,Completed
ORD001222,CUST00972,2025-12-24,Website,Wallet,Completed
ORD001223,CUST00439,2024-03-21,Marketplace,COD,Completed
ORD001224,CUST00293,2025-12-29,Mobile App,Debit Card,Completed
ORD001225,CUST00514,2026-03-18,Mobile App,Debit Card,Completed
ORD001226,CUST00365,2024-12-22,Website,Credit Card,Completed
ORD001227,CUST00709,2025-11-17,Mobile App,UPI,Completed
ORD001228,CUST00392,2026-07-31,Website,UPI,Completed
ORD001229,CUST00402,2024-01-11,Website,Credit Card,Completed
ORD001230,CUST00673,2024-11-13,Website,Credit Card,Completed
ORD001231,CUST00027,2026-08-01,Mobile App,UPI,Completed
ORD001232,CUST00816,2025-05-05,Website,Net Banking,Completed
ORD001233,CUST00118,2025-10-02,Marketplace,Wallet,Cancelled
ORD001234,CUST00965,2026-08-07,Marketplace,Debit Card,Completed
ORD001235,CUST01118,2025-04-29,Mobile App,UPI,Completed
ORD001236,CUST00314,2026-07-04,Mobile App,UPI,Completed
ORD001237,CUST00860,2024-03-25,Mobile App,UPI,Completed
ORD001238,CUST00128,2025-12-28,Website,Wallet,Completed
ORD001239,CUST00398,2026-05-23,Mobile App,Net Banking,Completed
ORD001240,CUST00649,2025-11-19,Mobile App,UPI,Returned
ORD001241,CUST00751,2026-01-09,Website,COD,Completed
ORD001242,CUST00126,2026-05-07,Website,Wallet,Completed
ORD001243,CUST00547,2026-01-16,Website,Credit Card,Completed
ORD001244,CUST01036,2024-07-22,Website,Debit Card,Completed
ORD001245,CUST00007,2026-08-21,Website,Debit Card,Completed
ORD001246,CUST01164,2025-04-22,Mobile App,UPI,Returned
ORD001247,CUST00239,2024-03-31,Marketplace,UPI,Completed
ORD001248,CUST00042,2024-11-21,Mobile App,Wallet,Completed
ORD001249,CUST00943,2025-01-18,Website,Net Banking,Completed
ORD001250,CUST00392,2026-05-07,Mobile App,Net Banking,Completed
ORD001251,CUST00588,2025-01-23,Website,UPI,Completed
ORD001252,CUST00386,2024-08-19,Website,UPI,Returned
ORD001253,CUST00901,2024-09-22,Website,Credit Card,Completed
ORD001254,CUST01072,2024-12-23,Website,Debit Card,Completed
ORD001255,CUST01199,2024-02-07,Website,Debit Card,Completed
ORD001256,CUST00889,2025-12-20,Website,Wallet,Completed
ORD001257,CUST00701,2024-07-31,Mobile App,Credit Card,Completed
ORD001258,CUST00551,2026-03-24,Website,Net Banking,Completed
ORD001259,CUST00535,2025-04-23,Website,UPI,Completed
ORD001260,CUST00974,2024-07-09,Website,Debit Card,Completed
ORD001261,CUST00070,2025-01-21,Website,UPI,Completed
ORD001262,CUST00017,2026-07-11,Website,Credit Card,Completed
ORD001263,CUST00206,2026-07-13,Website,Credit Card,Completed
ORD001264,CUST00382,2025-07-13,Mobile App,Credit Card,Completed
ORD001265,CUST01180,2025-08-30,Mobile App,Net Banking,Completed
ORD001266,CUST00518,2024-09-06,Mobile App,Debit Card,Completed
ORD001267,CUST00615,2025-02-14,Website,COD,Completed
ORD001268,CUST01039,2026-08-15,Website,Credit Card,Completed
ORD001269,CUST00821,2025-08-14,Mobile App,UPI,Completed
ORD001270,CUST01074,2024-11-03,Website,COD,Completed
ORD001271,CUST00683,2024-05-13,Mobile App,UPI,Completed
ORD001272,CUST00290,2026-03-22,Mobile App,Credit Card,Completed
ORD001273,CUST00303,2024-01-01,Website,UPI,Completed
ORD001274,CUST00484,2024-07-08,Mobile App,Credit Card,Completed
ORD001275,CUST01138,2024-06-06,Mobile App,Credit Card,Completed
ORD001276,CUST00205,2024-12-18,Website,Net Banking,Completed
ORD001277,CUST00968,2026-07-23,Mobile App,Wallet,Completed
ORD001278,CUST00197,2026-02-20,Website,Credit Card,Returned
ORD001279,CUST00670,2025-02-13,Mobile App,Wallet,Completed
ORD001280,CUST00807,2025-03-10,Mobile App,Credit Card,Completed
ORD001281,CUST00056,2025-08-23,Website,Debit Card,Completed
ORD001282,CUST00742,2025-01-12,Website,Wallet,Completed
ORD001283,CUST00816,2026-02-08,Marketplace,Debit Card,Completed
ORD001284,CUST00091,2024-07-11,Website,Credit Card,Completed
ORD001285,CUST00369,2025-10-31,Website,Credit Card,Completed
ORD001286,CUST00985,2026-04-20,Website,COD,Completed
ORD001287,CUST00816,2024-06-16,Mobile App,Wallet,Completed
ORD001288,CUST00710,2024-03-25,Mobile App,UPI,Cancelled
ORD001289,CUST00026,2026-04-02,Website,UPI,Completed
ORD001290,CUST00932,2025-12-03,Website,Debit Card,Completed
ORD001291,CUST00112,2025-03-08,Website,UPI,Completed
ORD001292,CUST00923,2025-09-10,Website,Wallet,Completed
ORD001293,CUST01096,2026-05-14,Marketplace,UPI,Completed
ORD001294,CUST01089,2025-03-10,Mobile App,COD,Completed
ORD001295,CUST00691,2024-01-08,Marketplace,Net Banking,Completed
ORD001296,CUST00932,2025-06-11,Website,Credit Card,Completed
ORD001297,CUST01003,2026-06-07,Website,UPI,Completed
ORD001298,CUST00517,2025-01-13,Website,Debit Card,Completed
ORD001299,CUST01112,2024-01-25,Website,Credit Card,Completed
ORD001300,CUST00665,2025-04-02,Website,UPI,Completed
ORD001301,CUST00075,2026-01-19,Mobile App,Credit Card,Completed
ORD001302,CUST00194,2025-07-01,Website,UPI,Completed
ORD001303,CUST00563,2026-07-03,Website,Credit Card,Completed
ORD001304,CUST01073,2026-07-29,Mobile App,UPI,Completed
ORD001305,CUST00301,2024-02-09,Mobile App,Net Banking,Completed
ORD001306,CUST00783,2024-04-13,Website,Net Banking,Completed
ORD001307,CUST00619,2025-10-14,Website,UPI,Returned
ORD001308,CUST00163,2024-09-20,Mobile App,Credit Card,Completed
ORD001309,CUST01170,2024-07-15,Website,Credit Card,Completed
ORD001310,CUST00500,2026-05-24,Mobile App,UPI,Completed
ORD001311,CUST00895,2024-08-08,Website,Net Banking,Completed
ORD001312,CUST00094,2025-05-28,Mobile App,COD,Completed
ORD001313,CUST00011,2024-10-06,Website,UPI,Completed
ORD001314,CUST00563,2024-05-12,Website,Debit Card,Returned
ORD001315,CUST00199,2024-11-21,Website,UPI,Completed
ORD001316,CUST00590,2024-03-06,Mobile App,Debit Card,Completed
ORD001317,CUST00674,2025-03-06,Mobile App,Credit Card,Completed
ORD001318,CUST00698,2024-12-17,Website,Wallet,Completed
ORD001319,CUST01022,2026-05-24,Website,Net Banking,Completed
ORD001320,CUST00826,2024-09-18,Website,Wallet,Returned
ORD001321,CUST00997,2025-10-08,Mobile App,Credit Card,Completed
ORD001322,CUST00757,2025-06-26,Website,Net Banking,Completed
ORD001323,CUST00061,2025-04-23,Website,Debit Card,Completed
ORD001324,CUST00884,2025-08-01,Website,Net Banking,Completed
ORD001325,CUST01140,2024-10-17,Mobile App,COD,Completed
ORD001326,CUST00270,2025-07-04,Website,COD,Completed
ORD001327,CUST00448,2025-02-09,Website,UPI,Completed
ORD001328,CUST00326,2026-06-04,Mobile App,COD,Returned
ORD001329,CUST00837,2025-07-17,Website,UPI,Cancelled
ORD001330,CUST00655,2024-10-12,Mobile App,Debit Card,Completed
ORD001331,CUST00651,2025-12-04,Website,Debit Card,Completed
ORD001332,CUST01014,2025-02-17,Mobile App,Credit Card,Cancelled
ORD001333,CUST00364,2024-06-09,Website,UPI,Completed
ORD001334,CUST00951,2026-02-20,Mobile App,Net Banking,Completed
ORD001335,CUST00857,2025-08-17,Marketplace,Credit Card,Completed
ORD001336,CUST00460,2025-09-25,Website,Debit Card,Returned
ORD001337,CUST01169,2025-09-05,Mobile App,COD,Completed
ORD001338,CUST00341,2024-09-12,Mobile App,Credit Card,Completed
ORD001339,CUST00047,2025-01-14,Mobile App,COD,Completed
ORD001340,CUST01048,2025-07-19,Mobile App,Wallet,Completed
ORD001341,CUST00491,2025-01-12,Website,COD,Cancelled
ORD001342,CUST00272,2024-11-26,Website,COD,Completed
ORD001343,CUST00941,2025-04-17,Website,Debit Card,Returned
ORD001344,CUST00363,2026-03-26,Marketplace,Credit Card,Completed
ORD001345,CUST00679,2025-09-10,Mobile App,COD,Completed
ORD001346,CUST00144,2026-01-09,Website,UPI,Completed
ORD001347,CUST01065,2026-06-06,Marketplace,COD,Completed
ORD001348,CUST00533,2025-03-03,Mobile App,Debit Card,Completed
ORD001349,CUST01094,2025-09-13,Mobile App,Credit Card,Completed
ORD001350,CUST00600,2024-03-02,Mobile App,Wallet,Completed
ORD001351,CUST00745,2024-02-10,Website,COD,Completed
ORD001352,CUST00878,2025-03-26,Mobile App,UPI,Completed
ORD001353,CUST01188,2026-02-15,Mobile App,UPI,Completed
ORD001354,CUST00696,2025-02-26,Website,UPI,Completed
ORD001355,CUST00199,2024-09-27,Website,Net Banking,Completed
ORD001356,CUST01007,2025-12-27,Mobile App,Net Banking,Completed
ORD001357,CUST00911,2025-12-06,Website,Credit Card,Completed
ORD001358,CUST00074,2024-10-08,Mobile App,UPI,Completed
ORD001359,CUST00760,2024-08-14,Mobile App,Net Banking,Completed
ORD001360,CUST00325,2026-01-03,Mobile App,Credit Card,Completed
ORD001361,CUST00604,2025-11-20,Website,Wallet,Completed
ORD001362,CUST00599,2025-09-14,Mobile App,UPI,Completed
ORD001363,CUST00434,2026-05-21,Mobile App,UPI,Completed
ORD001364,CUST01042,2025-01-07,Mobile App,COD,Completed
ORD001365,CUST00349,2025-09-25,Marketplace,Debit Card,Completed
ORD001366,CUST00644,2025-05-28,Mobile App,Credit Card,Cancelled
ORD001367,CUST00347,2025-10-25,Mobile App,Credit Card,Completed
ORD001368,CUST00030,2025-01-23,Mobile App,UPI,Completed
ORD001369,CUST00460,2024-07-30,Website,Debit Card,Completed
ORD001370,CUST00404,2024-05-02,Website,Credit Card,Cancelled
ORD001371,CUST00025,2026-07-17,Mobile App,Wallet,Completed
ORD001372,CUST00468,2025-06-20,Mobile App,Credit Card,Completed
ORD001373,CUST00203,2025-10-03,Marketplace,Credit Card,Completed
ORD001374,CUST01102,2025-07-01,Mobile App,COD,Completed
ORD001375,CUST01071,2025-08-03,Website,UPI,Completed
ORD001376,CUST00502,2025-12-07,Website,Net Banking,Completed
ORD001377,CUST00545,2025-09-15,Mobile App,UPI,Completed
ORD001378,CUST00131,2026-04-30,Marketplace,UPI,Completed
ORD001379,CUST00467,2024-07-31,Website,Net Banking,Completed
ORD001380,CUST01100,2024-04-10,Mobile App,UPI,Completed
ORD001381,CUST00403,2024-03-15,Website,Credit Card,Completed
ORD001382,CUST01111,2024-04-12,Mobile App,Debit Card,Completed
ORD001383,CUST01192,2024-01-10,Website,COD,Completed
ORD001384,CUST00399,2025-03-29,Mobile App,Debit Card,Completed
ORD001385,CUST00516,2024-01-01,Mobile App,Debit Card,Completed
ORD001386,CUST00674,2024-06-29,Website,Credit Card,Returned
ORD001387,CUST00542,2024-11-02,Mobile App,UPI,Completed
ORD001388,CUST01031,2025-07-28,Website,Credit Card,Returned
ORD001389,CUST00374,2026-08-26,Website,Credit Card,Returned
ORD001390,CUST01016,2025-04-26,Website,UPI,Completed
ORD001391,CUST00194,2024-11-07,Marketplace,Credit Card,Completed
ORD001392,CUST00375,2025-07-05,Website,UPI,Completed
ORD001393,CUST01028,2024-11-10,Website,Net Banking,Completed
ORD001394,CUST00615,2025-12-02,Marketplace,UPI,Completed
ORD001395,CUST00321,2024-11-27,Website,Credit Card,Completed
ORD001396,CUST00322,2024-06-10,Website,Credit Card,Completed
ORD001397,CUST00854,2025-09-01,Mobile App,UPI,Returned
ORD001398,CUST00622,2025-04-28,Website,Credit Card,Completed
ORD001399,CUST00646,2026-04-29,Website,Credit Card,Completed
ORD001400,CUST00012,2025-03-03,Mobile App,Credit Card,Returned
ORD001401,CUST00287,2024-12-28,Marketplace,Net Banking,Completed
ORD001402,CUST00415,2025-12-22,Website,Net Banking,Completed
ORD001403,CUST00049,2025-01-17,Website,Wallet,Completed
ORD001404,CUST00409,2025-07-27,Mobile App,Debit Card,Completed
ORD001405,CUST00219,2024-10-07,Website,UPI,Completed
ORD001406,CUST00963,2026-08-22,Marketplace,COD,Completed
ORD001407,CUST00998,2025-02-03,Website,COD,Completed
ORD001408,CUST00208,2024-03-01,Website,Credit Card,Completed
ORD001409,CUST00583,2025-03-24,Website,UPI,Completed
ORD001410,CUST00848,2024-11-28,Mobile App,COD,Completed
ORD001411,CUST00410,2025-08-10,Mobile App,Credit Card,Completed
ORD001412,CUST00534,2025-07-13,Mobile App,Wallet,Completed
ORD001413,CUST00140,2024-05-23,Mobile App,Net Banking,Completed
ORD001414,CUST00740,2026-05-23,Marketplace,Credit Card,Cancelled
ORD001415,CUST00658,2024-07-07,Website,Credit Card,Completed
ORD001416,CUST00531,2025-11-24,Website,Net Banking,Completed
ORD001417,CUST00842,2024-05-02,Website,Wallet,Completed
ORD001418,CUST01083,2026-05-01,Website,COD,Completed
ORD001419,CUST00896,2025-08-02,Marketplace,COD,Cancelled
ORD001420,CUST01104,2024-11-30,Website,Debit Card,Completed
ORD001421,CUST00155,2026-01-22,Mobile App,COD,Completed
ORD001422,CUST00325,2025-06-28,Mobile App,Wallet,Completed
ORD001423,CUST00960,2026-08-02,Mobile App,COD,Completed
ORD001424,CUST00883,2026-02-24,Mobile App,Credit Card,Cancelled
ORD001425,CUST00312,2026-01-26,Mobile App,UPI,Completed
ORD001426,CUST00930,2024-12-13,Mobile App,Net Banking,Completed
ORD001427,CUST00044,2025-03-18,Website,Credit Card,Completed
ORD001428,CUST00039,2025-02-03,Website,Credit Card,Completed
ORD001429,CUST00457,2026-05-26,Mobile App,Net Banking,Completed
ORD001430,CUST00411,2025-10-31,Mobile App,Debit Card,Completed
ORD001431,CUST01182,2026-06-20,Website,Net Banking,Completed
ORD001432,CUST00207,2024-07-04,Website,Debit Card,Completed
ORD001433,CUST00261,2026-03-09,Mobile App,COD,Completed
ORD001434,CUST00472,2024-11-18,Mobile App,UPI,Completed
ORD001435,CUST00478,2024-10-04,Marketplace,UPI,Completed
ORD001436,CUST00901,2024-05-20,Website,COD,Completed
ORD001437,CUST00428,2026-06-07,Website,Credit Card,Completed
ORD001438,CUST00780,2024-07-29,Mobile App,UPI,Returned
ORD001439,CUST01185,2025-06-02,Mobile App,UPI,Completed
ORD001440,CUST01002,2024-05-03,Mobile App,Credit Card,Returned
ORD001441,CUST00392,2025-03-01,Website,UPI,Completed
ORD001442,CUST00523,2025-05-04,Website,COD,Completed
ORD001443,CUST00861,2025-01-24,Website,Wallet,Completed
ORD001444,CUST00635,2026-08-26,Mobile App,Credit Card,Completed
ORD001445,CUST00470,2024-11-03,Marketplace,UPI,Completed
ORD001446,CUST00966,2025-02-03,Website,COD,Completed
ORD001447,CUST00663,2026-07-07,Website,Wallet,Completed
ORD001448,CUST00263,2024-01-10,Website,UPI,Completed
ORD001449,CUST00126,2024-02-09,Mobile App,UPI,Completed
ORD001450,CUST00762,2024-10-27,Mobile App,Wallet,Completed
ORD001451,CUST01063,2024-06-27,Marketplace,Net Banking,Completed
ORD001452,CUST00748,2024-07-04,Mobile App,UPI,Completed
ORD001453,CUST00418,2025-05-24,Website,Debit Card,Cancelled
ORD001454,CUST00658,2024-09-28,Website,UPI,Completed
ORD001455,CUST00071,2025-04-26,Mobile App,UPI,Completed
ORD001456,CUST00773,2025-07-06,Mobile App,Net Banking,Completed
ORD001457,CUST00031,2024-04-12,Website,UPI,Completed
ORD001458,CUST00231,2024-03-08,Marketplace,Credit Card,Completed
ORD001459,CUST01100,2026-07-08,Website,Wallet,Completed
ORD001460,CUST00638,2024-01-01,Website,COD,Completed
ORD001461,CUST01106,2024-11-26,Website,Debit Card,Completed
ORD001462,CUST01010,2025-05-04,Mobile App,Wallet,Completed
ORD001463,CUST01055,2024-08-12,Website,COD,Completed
ORD001464,CUST00195,2024-03-25,Mobile App,Credit Card,Completed
ORD001465,CUST00464,2024-09-12,Website,Net Banking,Completed
ORD001466,CUST00947,2025-12-28,Mobile App,Credit Card,Completed
ORD001467,CUST00547,2026-06-23,Mobile App,UPI,Completed
ORD001468,CUST00298,2025-11-08,Mobile App,COD,Completed
ORD001469,CUST00789,2026-07-16,Mobile App,Wallet,Returned
ORD001470,CUST00293,2024-01-15,Mobile App,Wallet,Completed
ORD001471,CUST00661,2025-02-10,Website,Credit Card,Completed
ORD001472,CUST01183,2024-07-11,Website,COD,Completed
ORD001473,CUST01118,2024-09-26,Website,Net Banking,Completed
ORD001474,CUST00691,2025-06-10,Website,COD,Completed
ORD001475,CUST00999,2026-04-06,Mobile App,Credit Card,Completed
ORD001476,CUST00702,2026-05-26,Mobile App,UPI,Completed
ORD001477,CUST00053,2025-03-12,Marketplace,UPI,Completed
ORD001478,CUST00228,2025-04-13,Website,Net Banking,Completed
ORD001479,CUST00629,2024-12-21,Website,Debit Card,Returned
ORD001480,CUST01034,2026-06-06,Website,Wallet,Cancelled
ORD001481,CUST00400,2025-06-07,Website,Net Banking,Completed
ORD001482,CUST00725,2024-07-22,Mobile App,Net Banking,Completed
ORD001483,CUST01076,2025-06-27,Website,Debit Card,Completed
ORD001484,CUST01088,2025-12-11,Website,UPI,Completed
ORD001485,CUST00464,2025-10-12,Mobile App,Net Banking,Completed
ORD001486,CUST00869,2026-08-22,Mobile App,UPI,Returned
ORD001487,CUST00821,2026-08-29,Website,COD,Returned
ORD001488,CUST00976,2026-07-04,Website,UPI,Returned
ORD001489,CUST00154,2024-01-01,Website,Debit Card,Completed
ORD001490,CUST00137,2026-08-03,Website,Credit Card,Completed
ORD001491,CUST00329,2026-04-22,Mobile App,Wallet,Returned
ORD001492,CUST00802,2024-09-05,Mobile App,Debit Card,Completed
ORD001493,CUST00510,2024-07-17,Mobile App,UPI,Returned
ORD001494,CUST00288,2024-10-09,Mobile App,UPI,Completed
ORD001495,CUST00311,2026-08-25,Website,UPI,Completed
ORD001496,CUST00023,2024-12-01,Mobile App,Credit Card,Completed
ORD001497,CUST00965,2026-03-01,Website,Credit Card,Completed
ORD001498,CUST00931,2025-07-08,Website,COD,Completed
ORD001499,CUST00700,2026-01-07,Mobile App,COD,Completed
ORD001500,CUST00524,2026-05-08,Website,Credit Card,Completed
ORD001501,CUST00998,2026-06-16,Mobile App,UPI,Completed
ORD001502,CUST00743,2026-01-19,Website,Wallet,Completed
ORD001503,CUST00886,2025-12-19,Website,Debit Card,Cancelled
ORD001504,CUST00565,2024-10-13,Marketplace,Debit Card,Completed
ORD001505,CUST00515,2025-11-13,Marketplace,UPI,Completed
ORD001506,CUST00995,2026-04-05,Website,Credit Card,Completed
ORD001507,CUST00545,2025-11-12,Website,Wallet,Completed
ORD001508,CUST01159,2025-07-28,Website,Credit Card,Cancelled
ORD001509,CUST00087,2025-01-26,Mobile App,Debit Card,Completed
ORD001510,CUST01179,2024-04-10,Website,COD,Completed
ORD001511,CUST00864,2025-08-17,Mobile App,Net Banking,Completed
ORD001512,CUST00902,2025-10-24,Mobile App,Debit Card,Completed
ORD001513,CUST00817,2026-08-20,Mobile App,Debit Card,Completed
ORD001514,CUST00053,2025-11-16,Website,UPI,Completed
ORD001515,CUST00203,2024-12-02,Website,Credit Card,Completed
ORD001516,CUST00520,2025-04-12,Website,Net Banking,Completed
ORD001517,CUST00567,2024-09-11,Website,UPI,Completed
ORD001518,CUST00539,2025-10-12,Mobile App,UPI,Completed
ORD001519,CUST01121,2026-06-03,Mobile App,Net Banking,Completed
ORD001520,CUST00353,2026-03-10,Mobile App,Wallet,Completed
ORD001521,CUST01103,2025-09-23,Mobile App,Wallet,Completed
ORD001522,CUST00627,2026-04-28,Website,Net Banking,Completed
ORD001523,CUST01019,2024-11-16,Mobile App,Net Banking,Completed
ORD001524,CUST00995,2026-05-26,Website,Wallet,Cancelled
ORD001525,CUST00327,2026-02-11,Marketplace,Credit Card,Completed
ORD001526,CUST00636,2025-08-18,Marketplace,Net Banking,Completed
ORD001527,CUST01147,2026-02-13,Mobile App,Credit Card,Completed
ORD001528,CUST00192,2024-07-22,Website,Debit Card,Cancelled
ORD001529,CUST00540,2025-02-18,Website,Credit Card,Completed
ORD001530,CUST00789,2024-05-16,Website,COD,Completed
ORD001531,CUST00602,2026-06-27,Mobile App,COD,Completed
ORD001532,CUST00907,2024-08-18,Mobile App,UPI,Completed
ORD001533,CUST00054,2024-10-07,Website,Wallet,Returned
ORD001534,CUST00463,2024-09-08,Website,Wallet,Completed
ORD001535,CUST00500,2024-10-30,Marketplace,Wallet,Completed
ORD001536,CUST00849,2025-03-25,Mobile App,COD,Completed
ORD001537,CUST01063,2024-07-09,Mobile App,Debit Card,Cancelled
ORD001538,CUST00536,2025-01-31,Mobile App,COD,Completed
ORD001539,CUST00884,2024-09-26,Website,COD,Returned
ORD001540,CUST01107,2024-11-23,Website,COD,Completed
ORD001541,CUST00506,2026-05-30,Mobile App,Debit Card,Completed
ORD001542,CUST01040,2026-07-28,Mobile App,Debit Card,Completed
ORD001543,CUST00467,2026-04-26,Mobile App,Net Banking,Completed
ORD001544,CUST00459,2025-07-21,Website,Debit Card,Completed
ORD001545,CUST00897,2025-09-25,Website,Credit Card,Returned
ORD001546,CUST00046,2024-06-24,Mobile App,Debit Card,Completed
ORD001547,CUST00977,2024-12-21,Mobile App,UPI,Completed
ORD001548,CUST00566,2024-03-07,Mobile App,COD,Completed
ORD001549,CUST01006,2025-12-31,Website,Net Banking,Completed
ORD001550,CUST00441,2025-02-09,Mobile App,Credit Card,Completed
ORD001551,CUST00677,2024-11-07,Website,Wallet,Completed
ORD001552,CUST00296,2025-02-20,Mobile App,COD,Completed
ORD001553,CUST00014,2026-06-02,Marketplace,UPI,Completed
ORD001554,CUST00246,2025-08-24,Mobile App,UPI,Completed
ORD001555,CUST00331,2025-02-27,Mobile App,UPI,Completed
ORD001556,CUST00368,2026-02-16,Mobile App,UPI,Cancelled
ORD001557,CUST00245,2026-01-16,Website,UPI,Completed
ORD001558,CUST00794,2025-12-18,Mobile App,Credit Card,Completed
ORD001559,CUST00704,2026-05-17,Website,Credit Card,Completed
ORD001560,CUST00517,2025-03-16,Website,UPI,Completed
ORD001561,CUST00720,2024-08-20,Marketplace,Debit Card,Completed
ORD001562,CUST00193,2026-02-08,Mobile App,UPI,Completed
ORD001563,CUST00122,2025-07-24,Mobile App,UPI,Completed
ORD001564,CUST00026,2025-06-25,Website,Credit Card,Completed
ORD001565,CUST01164,2026-07-15,Mobile App,Wallet,Returned
ORD001566,CUST01021,2024-07-12,Website,UPI,Completed
ORD001567,CUST00317,2026-06-12,Mobile App,Debit Card,Cancelled
ORD001568,CUST00364,2025-12-24,Website,Wallet,Completed
ORD001569,CUST00080,2025-09-29,Marketplace,COD,Completed
ORD001570,CUST00639,2024-05-03,Marketplace,UPI,Completed
ORD001571,CUST01062,2025-08-27,Website,UPI,Completed
ORD001572,CUST00691,2024-06-07,Marketplace,COD,Completed
ORD001573,CUST00918,2025-02-02,Marketplace,Debit Card,Completed
ORD001574,CUST00749,2024-09-09,Website,COD,Completed
ORD001575,CUST00828,2026-03-24,Website,UPI,Returned
ORD001576,CUST00203,2025-05-06,Mobile App,UPI,Completed
ORD001577,CUST01080,2026-07-22,Mobile App,Net Banking,Completed
ORD001578,CUST01119,2026-02-14,Mobile App,Credit Card,Completed
ORD001579,CUST00406,2026-02-20,Website,Debit Card,Completed
ORD001580,CUST00169,2025-01-21,Website,Credit Card,Completed
ORD001581,CUST00797,2025-05-10,Website,COD,Completed
ORD001582,CUST00113,2026-02-28,Mobile App,UPI,Returned
ORD001583,CUST01170,2024-11-10,Mobile App,Debit Card,Completed
ORD001584,CUST00058,2025-07-01,Website,Credit Card,Completed
ORD001585,CUST00108,2025-07-04,Mobile App,Net Banking,Completed
ORD001586,CUST01074,2025-06-04,Mobile App,Credit Card,Completed
ORD001587,CUST00440,2024-02-15,Website,COD,Cancelled
ORD001588,CUST00656,2025-12-30,Website,UPI,Completed
ORD001589,CUST00032,2025-10-17,Website,Credit Card,Cancelled
ORD001590,CUST00595,2024-04-29,Website,UPI,Completed
ORD001591,CUST00678,2026-05-01,Marketplace,COD,Completed
ORD001592,CUST00824,2025-01-15,Website,UPI,Completed
ORD001593,CUST00529,2025-11-15,Mobile App,Credit Card,Completed
ORD001594,CUST00635,2026-06-03,Website,COD,Completed
ORD001595,CUST00839,2024-10-06,Mobile App,Credit Card,Completed
ORD001596,CUST00389,2024-10-11,Mobile App,Credit Card,Completed
ORD001597,CUST00810,2025-10-03,Website,Net Banking,Completed
ORD001598,CUST00457,2025-12-07,Website,UPI,Completed
ORD001599,CUST01001,2026-03-21,Website,Debit Card,Completed
ORD001600,CUST00526,2026-01-27,Marketplace,Net Banking,Completed
ORD001601,CUST01099,2024-10-18,Website,Wallet,Completed
ORD001602,CUST00245,2026-02-18,Website,COD,Completed
ORD001603,CUST01137,2024-03-29,Mobile App,UPI,Completed
ORD001604,CUST00961,2024-02-06,Website,UPI,Completed
ORD001605,CUST00378,2025-02-01,Website,Net Banking,Completed
ORD001606,CUST00760,2025-03-22,Website,UPI,Completed
ORD001607,CUST01032,2024-02-12,Mobile App,UPI,Completed
ORD001608,CUST00090,2024-11-21,Mobile App,COD,Completed
ORD001609,CUST00514,2026-08-31,Marketplace,Credit Card,Completed
ORD001610,CUST00116,2025-10-21,Website,UPI,Completed
ORD001611,CUST00462,2024-03-06,Website,UPI,Completed
ORD001612,CUST00052,2025-03-25,Mobile App,UPI,Completed
ORD001613,CUST00590,2025-06-25,Mobile App,UPI,Returned
ORD001614,CUST00229,2024-02-28,Mobile App,Credit Card,Completed
ORD001615,CUST00348,2025-09-25,Mobile App,Credit Card,Completed
ORD001616,CUST00213,2026-07-12,Mobile App,UPI,Completed
ORD001617,CUST00794,2024-02-29,Mobile App,UPI,Completed
ORD001618,CUST00073,2025-10-05,Mobile App,UPI,Completed
ORD001619,CUST00976,2026-07-21,Marketplace,Debit Card,Completed
ORD001620,CUST00793,2025-09-22,Website,Net Banking,Completed
ORD001621,CUST00513,2025-09-19,Website,COD,Completed
ORD001622,CUST00314,2026-07-30,Website,COD,Completed
ORD001623,CUST00358,2024-10-20,Marketplace,Credit Card,Completed
ORD001624,CUST00754,2024-06-13,Mobile App,Credit Card,Completed
ORD001625,CUST00942,2024-02-13,Website,COD,Completed
ORD001626,CUST00257,2025-02-15,Mobile App,Credit Card,Returned
ORD001627,CUST00856,2025-03-07,Website,Credit Card,Returned
ORD001628,CUST00745,2025-04-19,Website,Debit Card,Completed
ORD001629,CUST00422,2025-06-26,Website,Net Banking,Completed
ORD001630,CUST00745,2026-08-28,Marketplace,Debit Card,Completed
ORD001631,CUST00768,2025-02-22,Mobile App,UPI,Completed
ORD001632,CUST01112,2024-04-21,Mobile App,Credit Card,Completed
ORD001633,CUST00845,2026-03-04,Website,UPI,Completed
ORD001634,CUST00788,2024-06-09,Marketplace,Credit Card,Returned
ORD001635,CUST00423,2024-01-25,Website,Debit Card,Completed
ORD001636,CUST01154,2026-02-02,Mobile App,Debit Card,Completed
ORD001637,CUST00406,2026-03-31,Website,Credit Card,Completed
ORD001638,CUST00268,2026-01-26,Mobile App,Credit Card,Completed
ORD001639,CUST01087,2026-02-20,Mobile App,COD,Completed
ORD001640,CUST00134,2026-03-16,Website,UPI,Cancelled
ORD001641,CUST00679,2024-02-24,Mobile App,Credit Card,Cancelled
ORD001642,CUST00309,2024-07-26,Marketplace,Credit Card,Completed
ORD001643,CUST00647,2025-09-30,Mobile App,Wallet,Completed
ORD001644,CUST00359,2025-12-21,Website,UPI,Completed
ORD001645,CUST00312,2026-07-11,Website,UPI,Cancelled
ORD001646,CUST00325,2025-02-23,Mobile App,Debit Card,Completed
ORD001647,CUST00511,2024-10-14,Marketplace,Debit Card,Completed
ORD001648,CUST00199,2025-03-31,Mobile App,UPI,Completed
ORD001649,CUST00977,2025-01-23,Website,UPI,Completed
ORD001650,CUST00743,2026-04-17,Marketplace,Debit Card,Completed
ORD001651,CUST00041,2026-07-04,Marketplace,COD,Completed
ORD001652,CUST00696,2026-06-25,Marketplace,COD,Completed
ORD001653,CUST00615,2024-05-18,Mobile App,COD,Completed
ORD001654,CUST00404,2026-08-15,Marketplace,Credit Card,Completed
ORD001655,CUST00171,2026-08-29,Website,COD,Completed
ORD001656,CUST00856,2025-09-28,Marketplace,Credit Card,Completed
ORD001657,CUST00574,2025-06-09,Marketplace,COD,Completed
ORD001658,CUST00342,2024-11-22,Website,UPI,Completed
ORD001659,CUST00887,2025-04-04,Website,UPI,Returned
ORD001660,CUST00939,2025-11-03,Mobile App,Credit Card,Completed
ORD001661,CUST00022,2026-06-11,Mobile App,UPI,Completed
ORD001662,CUST00963,2026-07-15,Website,UPI,Completed
ORD001663,CUST00769,2025-12-14,Website,Wallet,Completed
ORD001664,CUST00870,2026-03-13,Website,Credit Card,Returned
ORD001665,CUST00536,2026-01-06,Mobile App,Credit Card,Completed
ORD001666,CUST00922,2026-07-24,Marketplace,UPI,Completed
ORD001667,CUST01043,2024-11-22,Mobile App,UPI,Completed
ORD001668,CUST00220,2026-02-19,Website,UPI,Completed
ORD001669,CUST00486,2025-08-08,Mobile App,COD,Completed
ORD001670,CUST00699,2024-01-14,Mobile App,Debit Card,Completed
ORD001671,CUST00944,2025-10-03,Mobile App,Credit Card,Completed
ORD001672,CUST00250,2025-09-19,Website,UPI,Cancelled
ORD001673,CUST00167,2026-08-06,Website,Net Banking,Completed
ORD001674,CUST00478,2025-03-19,Website,Net Banking,Completed
ORD001675,CUST01085,2025-10-02,Website,Wallet,Completed
ORD001676,CUST00382,2025-05-22,Website,Net Banking,Completed
ORD001677,CUST00126,2026-05-31,Website,Credit Card,Completed
ORD001678,CUST00540,2024-07-21,Website,Debit Card,Returned
ORD001679,CUST00254,2025-12-17,Mobile App,UPI,Completed
ORD001680,CUST00467,2024-11-25,Website,Debit Card,Completed
ORD001681,CUST00845,2025-09-07,Website,Credit Card,Completed
ORD001682,CUST00707,2026-04-24,Mobile App,Debit Card,Completed
ORD001683,CUST00516,2025-11-30,Website,UPI,Completed
ORD001684,CUST00705,2025-05-20,Marketplace,UPI,Completed
ORD001685,CUST00164,2025-03-16,Mobile App,COD,Completed
ORD001686,CUST00181,2026-02-01,Website,Net Banking,Cancelled
ORD001687,CUST00135,2025-12-15,Mobile App,Net Banking,Completed
ORD001688,CUST00984,2025-01-01,Website,Credit Card,Completed
ORD001689,CUST00390,2025-07-13,Website,UPI,Completed
ORD001690,CUST00953,2025-02-23,Mobile App,Credit Card,Completed
ORD001691,CUST00826,2026-08-25,Website,COD,Completed
ORD001692,CUST00790,2024-05-25,Website,UPI,Completed
ORD001693,CUST00782,2024-11-20,Marketplace,Debit Card,Completed
ORD001694,CUST00890,2024-01-15,Mobile App,Debit Card,Completed
ORD001695,CUST00377,2025-08-30,Website,UPI,Completed
ORD001696,CUST00691,2024-10-04,Website,Credit Card,Completed
ORD001697,CUST01126,2026-04-29,Website,UPI,Completed
ORD001698,CUST00887,2025-05-26,Website,Wallet,Completed
ORD001699,CUST00123,2025-11-12,Website,UPI,Returned
ORD001700,CUST00977,2025-12-23,Mobile App,UPI,Completed
ORD001701,CUST00444,2025-05-21,Website,UPI,Completed
ORD001702,CUST00694,2024-06-11,Mobile App,Net Banking,Completed
ORD001703,CUST00266,2024-05-04,Mobile App,Credit Card,Completed
ORD001704,CUST00263,2025-12-06,Website,COD,Completed
ORD001705,CUST00758,2025-04-02,Website,UPI,Completed
ORD001706,CUST00641,2024-08-27,Mobile App,COD,Completed
ORD001707,CUST01137,2024-10-14,Website,Wallet,Completed
ORD001708,CUST00261,2026-07-12,Marketplace,Wallet,Completed
ORD001709,CUST00469,2026-07-22,Mobile App,Debit Card,Completed
ORD001710,CUST01001,2024-09-12,Mobile App,COD,Completed
ORD001711,CUST00196,2026-06-20,Website,UPI,Completed
ORD001712,CUST01006,2025-06-25,Website,COD,Returned
ORD001713,CUST00545,2026-01-15,Website,Credit Card,Completed
ORD001714,CUST00566,2026-02-27,Mobile App,Credit Card,Completed
ORD001715,CUST00506,2025-04-30,Website,UPI,Completed
ORD001716,CUST00989,2025-09-27,Mobile App,Wallet,Returned
ORD001717,CUST00644,2025-05-11,Mobile App,Debit Card,Completed
ORD001718,CUST00386,2025-10-23,Marketplace,Debit Card,Completed
ORD001719,CUST00125,2026-01-21,Mobile App,UPI,Completed
ORD001720,CUST00509,2024-10-16,Mobile App,Credit Card,Completed
ORD001721,CUST00611,2024-01-12,Website,UPI,Completed
ORD001722,CUST00864,2025-10-29,Website,Credit Card,Cancelled
ORD001723,CUST00915,2024-05-31,Mobile App,Debit Card,Completed
ORD001724,CUST00644,2026-02-15,Website,UPI,Completed
ORD001725,CUST00929,2025-12-24,Website,Debit Card,Completed
ORD001726,CUST00254,2024-01-18,Website,Credit Card,Completed
ORD001727,CUST00646,2024-05-25,Mobile App,Credit Card,Completed
ORD001728,CUST00664,2025-03-20,Website,Credit Card,Completed
ORD001729,CUST00580,2024-02-05,Website,Net Banking,Completed
ORD001730,CUST00115,2025-06-07,Mobile App,Net Banking,Completed
ORD001731,CUST00140,2026-08-07,Website,UPI,Completed
ORD001732,CUST00482,2025-12-31,Website,Credit Card,Completed
ORD001733,CUST00846,2024-03-24,Website,UPI,Completed
ORD001734,CUST01075,2024-03-04,Website,Wallet,Completed
ORD001735,CUST00184,2025-07-15,Mobile App,Credit Card,Completed
ORD001736,CUST00535,2026-07-22,Website,UPI,Completed
ORD001737,CUST00108,2024-01-25,Mobile App,Net Banking,Completed
ORD001738,CUST00449,2024-02-13,Mobile App,COD,Returned
ORD001739,CUST01026,2024-05-20,Website,Credit Card,Completed
ORD001740,CUST00040,2025-02-09,Website,Credit Card,Completed
ORD001741,CUST00850,2026-01-01,Mobile App,UPI,Completed
ORD001742,CUST00471,2024-08-01,Mobile App,UPI,Completed
ORD001743,CUST00754,2025-08-18,Website,Wallet,Completed
ORD001744,CUST01099,2024-06-04,Website,Debit Card,Completed
ORD001745,CUST01140,2024-09-29,Website,Credit Card,Completed
ORD001746,CUST00525,2026-02-11,Website,Credit Card,Completed
ORD001747,CUST00585,2024-05-02,Website,Credit Card,Returned
ORD001748,CUST01049,2025-11-18,Mobile App,UPI,Completed
ORD001749,CUST00219,2025-01-31,Mobile App,COD,Completed
ORD001750,CUST00612,2025-08-06,Mobile App,Debit Card,Cancelled
ORD001751,CUST00622,2026-04-17,Website,UPI,Completed
ORD001752,CUST00517,2025-08-03,Website,UPI,Completed
ORD001753,CUST00371,2026-04-29,Mobile App,UPI,Returned
ORD001754,CUST00671,2025-02-01,Website,Credit Card,Completed
ORD001755,CUST01007,2026-07-31,Website,Debit Card,Completed
ORD001756,CUST00509,2025-11-14,Website,UPI,Completed
ORD001757,CUST00103,2024-02-01,Mobile App,COD,Returned
ORD001758,CUST00912,2024-11-06,Website,Debit Card,Completed
ORD001759,CUST00754,2024-02-24,Website,UPI,Completed
ORD001760,CUST00764,2026-06-16,Website,Credit Card,Completed
ORD001761,CUST00072,2026-02-27,Mobile App,Credit Card,Completed
ORD001762,CUST00420,2026-08-10,Website,Debit Card,Returned
ORD001763,CUST00063,2026-03-22,Mobile App,COD,Completed
ORD001764,CUST00177,2024-04-25,Mobile App,Credit Card,Cancelled
ORD001765,CUST01142,2025-12-12,Website,UPI,Completed
ORD001766,CUST00314,2024-03-05,Website,Credit Card,Completed
ORD001767,CUST01019,2024-02-08,Website,Credit Card,Completed
ORD001768,CUST01182,2024-01-14,Mobile App,Debit Card,Returned
ORD001769,CUST00576,2026-06-16,Mobile App,Net Banking,Completed
ORD001770,CUST00050,2024-09-30,Mobile App,COD,Completed
ORD001771,CUST00918,2025-12-07,Mobile App,COD,Completed
ORD001772,CUST00892,2025-07-30,Mobile App,Net Banking,Completed
ORD001773,CUST00097,2026-01-02,Website,UPI,Completed
ORD001774,CUST00968,2026-04-20,Mobile App,Credit Card,Cancelled
ORD001775,CUST01129,2026-01-13,Mobile App,Credit Card,Completed
ORD001776,CUST00357,2025-02-20,Mobile App,Credit Card,Returned
ORD001777,CUST00599,2026-02-24,Website,Debit Card,Cancelled
ORD001778,CUST01111,2025-11-22,Website,COD,Completed
ORD001779,CUST00282,2024-09-16,Website,Credit Card,Completed
ORD001780,CUST01105,2026-02-10,Mobile App,UPI,Completed
ORD001781,CUST00298,2025-06-02,Mobile App,Debit Card,Completed
ORD001782,CUST01175,2024-06-12,Website,Wallet,Completed
ORD001783,CUST00812,2025-12-10,Website,Credit Card,Completed
ORD001784,CUST01115,2025-05-28,Website,UPI,Completed
ORD001785,CUST01128,2026-08-14,Mobile App,UPI,Completed
ORD001786,CUST00686,2025-12-27,Website,Credit Card,Completed
ORD001787,CUST01124,2025-01-17,Marketplace,Credit Card,Completed
ORD001788,CUST01182,2024-08-12,Website,Credit Card,Completed
ORD001789,CUST00463,2024-04-18,Mobile App,Credit Card,Completed
ORD001790,CUST00386,2026-07-05,Mobile App,COD,Returned
ORD001791,CUST00221,2026-03-30,Website,COD,Completed
ORD001792,CUST00496,2024-11-09,Mobile App,Credit Card,Completed
ORD001793,CUST00198,2025-10-15,Marketplace,UPI,Completed
ORD001794,CUST00248,2024-10-29,Website,Wallet,Completed
ORD001795,CUST00520,2024-03-09,Website,UPI,Returned
ORD001796,CUST00826,2025-11-08,Website,Debit Card,Completed
ORD001797,CUST00427,2025-01-18,Website,Debit Card,Cancelled
ORD001798,CUST00086,2025-10-12,Mobile App,COD,Completed
ORD001799,CUST00064,2024-12-25,Website,Credit Card,Completed
ORD001800,CUST01104,2026-02-09,Mobile App,Credit Card,Completed
ORD001801,CUST00719,2026-06-20,Marketplace,Net Banking,Returned
ORD001802,CUST00080,2025-01-24,Marketplace,Net Banking,Completed
ORD001803,CUST01114,2024-09-15,Website,UPI,Completed
ORD001804,CUST00193,2025-10-08,Website,Net Banking,Completed
ORD001805,CUST00071,2025-04-25,Website,Debit Card,Completed
ORD001806,CUST00444,2025-04-07,Mobile App,UPI,Completed
ORD001807,CUST00058,2025-08-30,Marketplace,Credit Card,Completed
ORD001808,CUST00563,2025-04-19,Mobile App,Credit Card,Cancelled
ORD001809,CUST00100,2025-10-31,Website,UPI,Completed
ORD001810,CUST00926,2024-06-27,Website,UPI,Completed
ORD001811,CUST00874,2024-12-05,Website,UPI,Completed
ORD001812,CUST00988,2024-07-22,Website,UPI,Completed
ORD001813,CUST00362,2026-04-06,Mobile App,UPI,Completed
ORD001814,CUST01196,2024-12-14,Mobile App,UPI,Completed
ORD001815,CUST00238,2025-12-18,Website,UPI,Completed
ORD001816,CUST01153,2026-08-27,Website,Credit Card,Completed
ORD001817,CUST00043,2025-03-16,Mobile App,COD,Completed
ORD001818,CUST00218,2025-07-10,Website,UPI,Completed
ORD001819,CUST00865,2025-12-19,Website,UPI,Cancelled
ORD001820,CUST00733,2025-11-11,Website,Credit Card,Completed
ORD001821,CUST00282,2026-08-08,Website,UPI,Completed
ORD001822,CUST00403,2025-11-11,Website,COD,Completed
ORD001823,CUST00979,2024-09-26,Website,Wallet,Completed
ORD001824,CUST00238,2025-02-27,Mobile App,UPI,Completed
ORD001825,CUST00801,2024-05-16,Website,UPI,Completed
ORD001826,CUST01075,2024-04-25,Mobile App,Debit Card,Completed
ORD001827,CUST00281,2026-06-20,Website,UPI,Completed
ORD001828,CUST00387,2024-08-06,Mobile App,Credit Card,Completed
ORD001829,CUST00795,2024-06-25,Mobile App,Debit Card,Completed
ORD001830,CUST00300,2024-03-13,Mobile App,Wallet,Completed
ORD001831,CUST00140,2026-02-17,Website,COD,Completed
ORD001832,CUST00506,2024-06-17,Mobile App,Credit Card,Completed
ORD001833,CUST00462,2026-08-18,Mobile App,Credit Card,Completed
ORD001834,CUST00657,2024-02-13,Mobile App,UPI,Completed
ORD001835,CUST00766,2026-08-11,Website,Debit Card,Cancelled
ORD001836,CUST00261,2026-02-05,Website,COD,Completed
ORD001837,CUST00323,2025-02-20,Website,Credit Card,Completed
ORD001838,CUST00887,2024-03-17,Mobile App,Credit Card,Completed
ORD001839,CUST00299,2025-12-22,Mobile App,UPI,Completed
ORD001840,CUST00952,2024-10-14,Mobile App,COD,Completed
ORD001841,CUST01097,2026-05-06,Mobile App,COD,Completed
ORD001842,CUST01048,2025-04-26,Website,Net Banking,Completed
ORD001843,CUST01148,2025-08-26,Marketplace,Debit Card,Completed
ORD001844,CUST00282,2025-08-10,Website,UPI,Completed
ORD001845,CUST01092,2024-12-16,Website,Debit Card,Completed
ORD001846,CUST00556,2024-10-01,Mobile App,Debit Card,Completed
ORD001847,CUST00664,2026-08-07,Marketplace,Debit Card,Completed
ORD001848,CUST00393,2024-11-09,Mobile App,Credit Card,Completed
ORD001849,CUST00869,2024-09-27,Mobile App,UPI,Completed
ORD001850,CUST00286,2026-03-16,Mobile App,Net Banking,Completed
ORD001851,CUST00741,2025-12-03,Mobile App,Debit Card,Completed
ORD001852,CUST01192,2025-04-18,Mobile App,UPI,Completed
ORD001853,CUST00506,2024-10-25,Website,Wallet,Completed
ORD001854,CUST01018,2024-07-06,Website,Credit Card,Completed
ORD001855,CUST01164,2026-08-12,Website,Credit Card,Completed
ORD001856,CUST00518,2024-03-14,Website,Credit Card,Completed
ORD001857,CUST00007,2025-02-06,Website,Wallet,Completed
ORD001858,CUST00932,2025-05-21,Marketplace,Debit Card,Completed
ORD001859,CUST01163,2025-06-07,Website,UPI,Returned
ORD001860,CUST01003,2025-10-05,Mobile App,Credit Card,Completed
ORD001861,CUST00287,2024-05-02,Website,Credit Card,Completed
ORD001862,CUST00085,2024-02-25,Mobile App,UPI,Completed
ORD001863,CUST00261,2024-10-01,Mobile App,COD,Completed
ORD001864,CUST00082,2024-07-28,Mobile App,Debit Card,Completed
ORD001865,CUST00568,2024-12-11,Website,UPI,Completed
ORD001866,CUST01169,2025-09-10,Mobile App,COD,Completed
ORD001867,CUST00311,2024-08-30,Website,Debit Card,Completed
ORD001868,CUST00785,2024-06-24,Website,Debit Card,Returned
ORD001869,CUST01170,2024-04-03,Mobile App,COD,Completed
ORD001870,CUST00256,2025-05-12,Website,Wallet,Completed
ORD001871,CUST00340,2025-04-15,Mobile App,COD,Completed
ORD001872,CUST00490,2024-01-04,Mobile App,Credit Card,Cancelled
ORD001873,CUST00792,2026-05-19,Website,UPI,Completed
ORD001874,CUST00910,2025-02-22,Website,Net Banking,Completed
ORD001875,CUST00779,2025-09-21,Website,Net Banking,Completed
ORD001876,CUST01007,2025-11-20,Website,COD,Completed
ORD001877,CUST01023,2024-01-22,Website,Credit Card,Completed
ORD001878,CUST00764,2024-07-29,Website,UPI,Completed
ORD001879,CUST00774,2025-11-30,Website,Credit Card,Completed
ORD001880,CUST00830,2024-12-27,Website,Net Banking,Cancelled
ORD001881,CUST00962,2025-01-23,Marketplace,Net Banking,Completed
ORD001882,CUST00133,2025-10-22,Website,Wallet,Completed
ORD001883,CUST00737,2024-12-19,Website,Credit Card,Completed
ORD001884,CUST00869,2026-07-20,Website,UPI,Completed
ORD001885,CUST00533,2025-01-10,Website,UPI,Completed
ORD001886,CUST01060,2025-10-22,Mobile App,Wallet,Completed
ORD001887,CUST00747,2025-01-25,Website,UPI,Completed
ORD001888,CUST00190,2024-06-11,Mobile App,Debit Card,Completed
ORD001889,CUST00523,2025-06-21,Website,Credit Card,Completed
ORD001890,CUST00381,2024-10-12,Website,Credit Card,Completed
ORD001891,CUST00189,2024-08-25,Mobile App,Debit Card,Completed
ORD001892,CUST00361,2026-06-11,Website,Credit Card,Completed
ORD001893,CUST00484,2024-06-20,Website,COD,Completed
ORD001894,CUST00138,2024-03-19,Mobile App,UPI,Completed
ORD001895,CUST00255,2025-06-30,Mobile App,Debit Card,Completed
ORD001896,CUST00313,2024-07-02,Mobile App,UPI,Completed
ORD001897,CUST00352,2024-11-29,Mobile App,Credit Card,Completed
ORD001898,CUST00117,2025-05-31,Website,UPI,Completed
ORD001899,CUST00271,2026-05-16,Website,Debit Card,Completed
ORD001900,CUST00572,2026-03-12,Website,Credit Card,Completed
ORD001901,CUST00509,2025-12-31,Website,Debit Card,Completed
ORD001902,CUST00279,2025-01-21,Website,Credit Card,Completed
ORD001903,CUST00809,2025-11-24,Mobile App,Net Banking,Cancelled
ORD001904,CUST01065,2025-04-22,Website,Debit Card,Completed
ORD001905,CUST00830,2026-02-06,Mobile App,Credit Card,Completed
ORD001906,CUST01024,2025-05-30,Website,UPI,Completed
ORD001907,CUST00612,2025-01-11,Website,COD,Completed
ORD001908,CUST00766,2024-11-02,Website,Credit Card,Completed
ORD001909,CUST00892,2024-08-08,Mobile App,Net Banking,Completed
ORD001910,CUST00287,2025-08-27,Mobile App,Credit Card,Completed
ORD001911,CUST00466,2024-01-17,Marketplace,UPI,Completed
ORD001912,CUST00953,2025-12-30,Website,UPI,Completed
ORD001913,CUST00503,2024-02-22,Marketplace,COD,Cancelled
ORD001914,CUST00767,2024-10-29,Website,Credit Card,Completed
ORD001915,CUST00888,2025-10-31,Website,Credit Card,Completed
ORD001916,CUST00978,2025-07-18,Website,COD,Completed
ORD001917,CUST00722,2024-03-10,Website,Credit Card,Completed
ORD001918,CUST00208,2024-01-12,Website,Net Banking,Completed
ORD001919,CUST01044,2024-01-26,Website,Credit Card,Completed
ORD001920,CUST00685,2025-02-17,Mobile App,Credit Card,Completed
ORD001921,CUST00754,2024-10-18,Website,Credit Card,Completed
ORD001922,CUST00999,2025-03-24,Website,Credit Card,Completed
ORD001923,CUST01160,2025-07-15,Website,COD,Completed
ORD001924,CUST00774,2026-04-24,Website,Net Banking,Completed
ORD001925,CUST00548,2025-10-12,Website,Net Banking,Completed
ORD001926,CUST00787,2025-09-23,Website,UPI,Completed
ORD001927,CUST00273,2024-01-13,Website,Debit Card,Completed
ORD001928,CUST00311,2026-04-25,Website,Debit Card,Returned
ORD001929,CUST00002,2024-08-03,Marketplace,UPI,Completed
ORD001930,CUST00989,2026-01-14,Mobile App,UPI,Cancelled
ORD001931,CUST01011,2024-06-18,Website,Debit Card,Completed
ORD001932,CUST00763,2024-12-16,Mobile App,COD,Completed
ORD001933,CUST01123,2025-07-25,Mobile App,Wallet,Completed
ORD001934,CUST00669,2025-11-11,Mobile App,Debit Card,Completed
ORD001935,CUST01066,2025-08-26,Mobile App,Wallet,Completed
ORD001936,CUST00464,2024-09-08,Mobile App,Credit Card,Completed
ORD001937,CUST01043,2026-08-20,Website,COD,Returned
ORD001938,CUST00616,2024-02-22,Mobile App,UPI,Completed
ORD001939,CUST00458,2025-07-22,Mobile App,UPI,Returned
ORD001940,CUST00314,2025-04-20,Marketplace,Net Banking,Completed
ORD001941,CUST00819,2025-02-26,Website,Credit Card,Completed
ORD001942,CUST00986,2024-06-15,Marketplace,Debit Card,Completed
ORD001943,CUST00117,2026-08-06,Website,Wallet,Completed
ORD001944,CUST00063,2025-04-29,Website,Credit Card,Completed
ORD001945,CUST01008,2025-05-13,Marketplace,Credit Card,Completed
ORD001946,CUST00482,2025-03-16,Website,Debit Card,Completed
ORD001947,CUST00670,2024-06-12,Mobile App,Wallet,Completed
ORD001948,CUST00018,2024-03-25,Website,Credit Card,Cancelled
ORD001949,CUST00312,2026-08-14,Marketplace,UPI,Completed
ORD001950,CUST00597,2024-05-16,Marketplace,Credit Card,Completed
ORD001951,CUST00732,2026-04-26,Mobile App,UPI,Completed
ORD001952,CUST00677,2024-11-13,Website,COD,Completed
ORD001953,CUST00001,2024-02-10,Mobile App,UPI,Completed
ORD001954,CUST01005,2025-02-04,Website,Debit Card,Completed
ORD001955,CUST00147,2025-06-22,Mobile App,Credit Card,Completed
ORD001956,CUST00533,2025-09-12,Website,Net Banking,Completed
ORD001957,CUST00459,2025-05-23,Mobile App,UPI,Completed
ORD001958,CUST00334,2025-11-11,Mobile App,Wallet,Completed
ORD001959,CUST00628,2025-06-05,Website,Net Banking,Completed
ORD001960,CUST00482,2026-04-06,Mobile App,Wallet,Completed
ORD001961,CUST00493,2024-08-03,Website,Net Banking,Completed
ORD001962,CUST00242,2024-03-01,Website,COD,Completed
ORD001963,CUST00151,2026-01-10,Website,Credit Card,Completed
ORD001964,CUST00987,2024-09-01,Website,UPI,Completed
ORD001965,CUST01131,2026-08-23,Mobile App,Credit Card,Completed
ORD001966,CUST00970,2026-07-06,Mobile App,Credit Card,Completed
ORD001967,CUST00136,2024-12-19,Website,Wallet,Completed
ORD001968,CUST00383,2025-02-02,Mobile App,Credit Card,Returned
ORD001969,CUST00663,2026-03-13,Website,Wallet,Completed
ORD001970,CUST00865,2025-12-25,Mobile App,COD,Completed
ORD001971,CUST00377,2026-06-07,Website,Wallet,Returned
ORD001972,CUST00191,2025-03-01,Website,COD,Completed
ORD001973,CUST00288,2026-06-24,Website,Debit Card,Returned
ORD001974,CUST00415,2026-07-18,Mobile App,Credit Card,Completed
ORD001975,CUST00739,2025-10-08,Mobile App,Wallet,Completed
ORD001976,CUST00215,2024-01-03,Website,Wallet,Completed
ORD001977,CUST00303,2024-08-04,Website,Debit Card,Completed
ORD001978,CUST00561,2025-06-01,Mobile App,COD,Returned
ORD001979,CUST00403,2025-09-19,Website,COD,Completed
ORD001980,CUST01121,2025-04-10,Website,COD,Completed
ORD001981,CUST00682,2024-10-18,Website,Debit Card,Returned
ORD001982,CUST00972,2024-03-05,Mobile App,Credit Card,Completed
ORD001983,CUST01172,2026-06-24,Website,Credit Card,Completed
ORD001984,CUST00543,2025-04-05,Website,Debit Card,Completed
ORD001985,CUST01187,2024-08-22,Website,UPI,Completed
ORD001986,CUST00455,2024-02-11,Marketplace,Credit Card,Completed
ORD001987,CUST00098,2025-03-16,Marketplace,Wallet,Completed
ORD001988,CUST01120,2026-04-13,Marketplace,UPI,Cancelled
ORD001989,CUST00628,2026-01-20,Mobile App,Debit Card,Completed
ORD001990,CUST00438,2025-08-17,Mobile App,Debit Card,Completed
ORD001991,CUST00481,2026-05-25,Marketplace,Credit Card,Completed
ORD001992,CUST01117,2024-06-30,Mobile App,UPI,Completed
ORD001993,CUST00503,2024-12-02,Marketplace,UPI,Completed
ORD001994,CUST00529,2026-02-06,Website,Credit Card,Completed
ORD001995,CUST00874,2024-06-14,Website,UPI,Completed
ORD001996,CUST00592,2026-08-12,Website,Debit Card,Completed
ORD001997,CUST00157,2024-03-11,Marketplace,COD,Completed
ORD001998,CUST00491,2024-01-04,Website,Net Banking,Completed
ORD001999,CUST00367,2024-10-03,Website,Credit Card,Completed
ORD002000,CUST01095,2026-02-23,Website,UPI,Completed
ORD002001,CUST00171,2024-10-11,Website,UPI,Completed
ORD002002,CUST00388,2026-04-05,Mobile App,UPI,Completed
ORD002003,CUST00177,2026-07-24,Marketplace,UPI,Completed
ORD002004,CUST01096,2025-06-18,Website,COD,Completed
ORD002005,CUST00062,2024-12-25,Website,Credit Card,Completed
ORD002006,CUST01050,2024-04-16,Mobile App,Credit Card,Completed
ORD002007,CUST00991,2025-09-27,Mobile App,Net Banking,Completed
ORD002008,CUST00465,2026-02-01,Mobile App,COD,Completed
ORD002009,CUST00938,2025-07-24,Website,Debit Card,Completed
ORD002010,CUST00075,2024-02-12,Website,UPI,Completed
ORD002011,CUST00763,2025-11-11,Mobile App,Credit Card,Completed
ORD002012,CUST00950,2024-11-18,Website,Wallet,Completed
ORD002013,CUST00239,2025-07-28,Mobile App,Credit Card,Completed
ORD002014,CUST00698,2025-07-18,Website,Wallet,Completed
ORD002015,CUST00650,2025-10-15,Website,Debit Card,Completed
ORD002016,CUST00219,2024-02-09,Website,Credit Card,Returned
ORD002017,CUST00529,2024-05-20,Mobile App,COD,Completed
ORD002018,CUST00844,2026-05-20,Marketplace,COD,Completed
ORD002019,CUST00632,2025-05-25,Mobile App,Credit Card,Completed
ORD002020,CUST00672,2024-10-18,Website,UPI,Completed
ORD002021,CUST00206,2025-06-21,Website,UPI,Completed
ORD002022,CUST00652,2024-12-07,Mobile App,UPI,Completed
ORD002023,CUST00162,2026-03-30,Website,UPI,Completed
ORD002024,CUST01109,2025-07-17,Marketplace,UPI,Completed
ORD002025,CUST01183,2026-08-15,Mobile App,Debit Card,Cancelled
ORD002026,CUST00610,2025-11-04,Website,Credit Card,Returned
ORD002027,CUST00861,2024-11-15,Website,Credit Card,Completed
ORD002028,CUST00141,2024-05-20,Website,COD,Completed
ORD002029,CUST00977,2026-07-01,Website,Wallet,Completed
ORD002030,CUST00542,2024-04-19,Website,COD,Cancelled
ORD002031,CUST00168,2024-09-10,Website,UPI,Cancelled
ORD002032,CUST00213,2025-12-18,Mobile App,UPI,Completed
ORD002033,CUST00260,2025-12-26,Website,COD,Cancelled
ORD002034,CUST00489,2025-06-05,Marketplace,UPI,Completed
ORD002035,CUST01182,2024-10-06,Mobile App,Net Banking,Completed
ORD002036,CUST00488,2025-07-14,Website,UPI,Completed
ORD002037,CUST01081,2024-07-16,Website,UPI,Returned
ORD002038,CUST01185,2025-02-25,Website,UPI,Completed
ORD002039,CUST00861,2024-05-07,Website,Debit Card,Completed
ORD002040,CUST00831,2024-04-27,Mobile App,Net Banking,Completed
ORD002041,CUST00378,2025-08-13,Mobile App,Debit Card,Returned
ORD002042,CUST00272,2024-09-11,Mobile App,UPI,Completed
ORD002043,CUST00148,2024-02-17,Mobile App,UPI,Completed
ORD002044,CUST01177,2024-04-25,Website,UPI,Completed
ORD002045,CUST00029,2025-12-13,Website,Credit Card,Completed
ORD002046,CUST00253,2024-05-30,Mobile App,Credit Card,Completed
ORD002047,CUST01063,2025-11-06,Mobile App,Credit Card,Completed
ORD002048,CUST00299,2025-10-12,Website,Credit Card,Cancelled
ORD002049,CUST00498,2026-05-28,Website,COD,Completed
ORD002050,CUST00007,2024-09-15,Website,UPI,Completed
ORD002051,CUST00123,2026-05-03,Mobile App,Credit Card,Completed
ORD002052,CUST00589,2024-04-23,Website,UPI,Completed
ORD002053,CUST00970,2024-01-15,Mobile App,Credit Card,Completed
ORD002054,CUST00621,2024-12-22,Mobile App,Credit Card,Completed
ORD002055,CUST00977,2024-10-09,Marketplace,UPI,Completed
ORD002056,CUST00274,2025-03-24,Website,UPI,Completed
ORD002057,CUST01130,2024-08-12,Website,COD,Completed
ORD002058,CUST00760,2026-01-08,Mobile App,Net Banking,Completed
ORD002059,CUST01058,2025-11-05,Mobile App,Net Banking,Completed
ORD002060,CUST00220,2025-08-03,Website,Credit Card,Completed
ORD002061,CUST01139,2026-02-14,Mobile App,Debit Card,Cancelled
ORD002062,CUST00375,2026-08-01,Mobile App,COD,Completed
ORD002063,CUST00671,2024-01-21,Mobile App,Net Banking,Completed
ORD002064,CUST00003,2024-12-15,Website,UPI,Completed
ORD002065,CUST00871,2026-01-08,Website,Wallet,Completed
ORD002066,CUST00824,2025-10-05,Mobile App,COD,Completed
ORD002067,CUST00197,2024-12-31,Website,Debit Card,Cancelled
ORD002068,CUST00094,2024-11-28,Mobile App,Credit Card,Completed
ORD002069,CUST00683,2025-06-29,Website,Credit Card,Completed
ORD002070,CUST00157,2025-12-07,Website,COD,Completed
ORD002071,CUST00090,2026-06-06,Website,Credit Card,Returned
ORD002072,CUST00211,2024-03-15,Mobile App,COD,Completed
ORD002073,CUST00453,2024-05-18,Mobile App,UPI,Completed
ORD002074,CUST00024,2024-09-19,Marketplace,Credit Card,Returned
ORD002075,CUST00922,2025-10-20,Mobile App,UPI,Cancelled
ORD002076,CUST00244,2025-09-18,Website,UPI,Completed
ORD002077,CUST00494,2026-02-03,Website,Net Banking,Completed
ORD002078,CUST00014,2025-11-04,Marketplace,Credit Card,Returned
ORD002079,CUST00844,2026-03-25,Mobile App,UPI,Completed
ORD002080,CUST01179,2024-08-22,Website,Credit Card,Completed
ORD002081,CUST00927,2024-12-31,Mobile App,UPI,Completed
ORD002082,CUST01171,2025-10-04,Website,UPI,Completed
ORD002083,CUST00480,2024-06-09,Mobile App,Net Banking,Completed
ORD002084,CUST00405,2024-08-02,Website,Credit Card,Completed
ORD002085,CUST00276,2024-08-19,Website,Net Banking,Completed
ORD002086,CUST00614,2025-01-10,Mobile App,Credit Card,Completed
ORD002087,CUST00326,2026-05-03,Website,UPI,Completed
ORD002088,CUST00359,2025-06-29,Mobile App,COD,Completed
ORD002089,CUST00323,2026-02-21,Website,UPI,Completed
ORD002090,CUST00341,2024-08-22,Website,Credit Card,Completed
ORD002091,CUST01088,2025-11-24,Marketplace,COD,Cancelled
ORD002092,CUST01200,2026-07-28,Marketplace,COD,Completed
ORD002093,CUST01092,2025-08-31,Mobile App,UPI,Completed
ORD002094,CUST00912,2024-06-25,Website,UPI,Completed
ORD002095,CUST00042,2026-01-21,Website,Credit Card,Completed
ORD002096,CUST00187,2025-04-21,Mobile App,UPI,Completed
ORD002097,CUST00111,2026-07-11,Website,Net Banking,Returned
ORD002098,CUST01148,2024-04-25,Website,COD,Completed
ORD002099,CUST00277,2026-01-25,Website,UPI,Cancelled
ORD002100,CUST00259,2026-03-29,Website,UPI,Completed
ORD002101,CUST00152,2025-07-10,Website,Debit Card,Completed
ORD002102,CUST00192,2025-07-04,Website,Credit Card,Completed
ORD002103,CUST00091,2024-07-01,Website,Wallet,Completed
ORD002104,CUST00452,2026-04-02,Mobile App,UPI,Completed
ORD002105,CUST00147,2025-03-28,Website,Debit Card,Completed
ORD002106,CUST00660,2026-02-17,Website,Net Banking,Returned
ORD002107,CUST00062,2024-12-11,Website,UPI,Completed
ORD002108,CUST00050,2025-11-11,Mobile App,Net Banking,Completed
ORD002109,CUST01200,2024-06-17,Website,Net Banking,Completed
ORD002110,CUST00202,2026-04-04,Website,COD,Completed
ORD002111,CUST00053,2024-02-28,Mobile App,COD,Completed
ORD002112,CUST00236,2025-11-19,Mobile App,Credit Card,Completed
ORD002113,CUST00535,2024-10-26,Website,Debit Card,Completed
ORD002114,CUST01181,2025-11-15,Mobile App,Credit Card,Completed
ORD002115,CUST00157,2026-02-25,Website,Wallet,Completed
ORD002116,CUST00087,2025-09-28,Website,Credit Card,Completed
ORD002117,CUST00054,2025-04-23,Website,UPI,Completed
ORD002118,CUST00504,2026-06-26,Website,Debit Card,Completed
ORD002119,CUST01057,2026-01-11,Website,UPI,Completed
ORD002120,CUST00483,2024-05-05,Website,Wallet,Completed
ORD002121,CUST00757,2024-11-25,Mobile App,Credit Card,Completed
ORD002122,CUST01182,2026-03-14,Website,UPI,Completed
ORD002123,CUST00963,2025-10-02,Website,UPI,Completed
ORD002124,CUST01144,2026-05-26,Website,Credit Card,Returned
ORD002125,CUST01077,2026-03-01,Website,UPI,Completed
ORD002126,CUST00251,2024-02-18,Mobile App,UPI,Completed
ORD002127,CUST01139,2026-06-30,Marketplace,Net Banking,Completed
ORD002128,CUST00530,2026-01-20,Marketplace,Debit Card,Completed
ORD002129,CUST01021,2025-04-30,Mobile App,UPI,Completed
ORD002130,CUST00385,2026-01-05,Mobile App,UPI,Completed
ORD002131,CUST00135,2024-06-07,Website,Credit Card,Completed
ORD002132,CUST00350,2026-01-13,Mobile App,Debit Card,Completed
ORD002133,CUST00835,2024-11-10,Website,UPI,Cancelled
ORD002134,CUST00268,2026-02-13,Website,Net Banking,Completed
ORD002135,CUST00214,2024-08-07,Website,Net Banking,Completed
ORD002136,CUST00084,2026-06-13,Mobile App,Credit Card,Returned
ORD002137,CUST00321,2025-02-03,Website,Net Banking,Completed
ORD002138,CUST00087,2026-06-06,Website,Wallet,Completed
ORD002139,CUST00697,2025-01-12,Mobile App,UPI,Completed
ORD002140,CUST00048,2026-06-05,Mobile App,Credit Card,Completed
ORD002141,CUST00574,2026-03-22,Mobile App,Credit Card,Returned
ORD002142,CUST01035,2025-06-27,Marketplace,UPI,Completed
ORD002143,CUST00755,2024-04-21,Website,Net Banking,Completed
ORD002144,CUST00565,2026-04-30,Website,COD,Completed
ORD002145,CUST00127,2026-05-01,Mobile App,Credit Card,Completed
ORD002146,CUST00118,2025-10-16,Marketplace,Credit Card,Completed
ORD002147,CUST00428,2024-08-09,Marketplace,Wallet,Completed
ORD002148,CUST00528,2025-06-22,Mobile App,COD,Completed
ORD002149,CUST00455,2026-01-15,Mobile App,Wallet,Completed
ORD002150,CUST00932,2025-12-29,Mobile App,Net Banking,Completed
ORD002151,CUST00099,2025-07-11,Mobile App,UPI,Completed
ORD002152,CUST00406,2025-10-08,Website,UPI,Completed
ORD002153,CUST00081,2024-08-19,Mobile App,Wallet,Completed
ORD002154,CUST01035,2024-03-26,Website,COD,Returned
ORD002155,CUST00946,2024-04-07,Marketplace,Wallet,Completed
ORD002156,CUST01075,2026-01-07,Mobile App,UPI,Completed
ORD002157,CUST00055,2026-04-20,Marketplace,UPI,Completed
ORD002158,CUST00850,2026-03-08,Website,UPI,Completed
ORD002159,CUST00027,2026-08-04,Website,Credit Card,Completed
ORD002160,CUST01019,2025-12-20,Website,Credit Card,Returned
ORD002161,CUST00851,2024-05-02,Marketplace,COD,Completed
ORD002162,CUST00754,2025-02-05,Mobile App,Credit Card,Cancelled
ORD002163,CUST00638,2024-03-19,Mobile App,Wallet,Cancelled
ORD002164,CUST01178,2025-10-16,Website,Debit Card,Completed
ORD002165,CUST01086,2025-02-10,Website,Wallet,Completed
ORD002166,CUST00835,2026-02-13,Website,Wallet,Completed
ORD002167,CUST01036,2024-08-08,Website,UPI,Completed
ORD002168,CUST00857,2024-12-11,Website,UPI,Completed
ORD002169,CUST00603,2026-02-02,Website,Debit Card,Returned
ORD002170,CUST00752,2024-02-13,Mobile App,Net Banking,Completed
ORD002171,CUST00810,2025-05-19,Website,COD,Completed
ORD002172,CUST00197,2025-06-15,Website,UPI,Completed
ORD002173,CUST00087,2024-01-19,Marketplace,COD,Completed
ORD002174,CUST00417,2026-06-25,Website,Credit Card,Completed
ORD002175,CUST00056,2026-04-17,Website,Net Banking,Completed
ORD002176,CUST00436,2026-08-20,Website,UPI,Completed
ORD002177,CUST00698,2026-07-08,Website,Wallet,Completed
ORD002178,CUST00894,2024-07-06,Mobile App,Credit Card,Completed
ORD002179,CUST01150,2025-03-10,Mobile App,UPI,Completed
ORD002180,CUST00541,2025-06-21,Website,COD,Completed
ORD002181,CUST01136,2024-11-07,Website,Credit Card,Completed
ORD002182,CUST00702,2024-07-17,Website,Credit Card,Completed
ORD002183,CUST01083,2025-07-17,Website,UPI,Completed
ORD002184,CUST00255,2025-01-18,Website,Debit Card,Completed
ORD002185,CUST00037,2025-12-11,Mobile App,UPI,Completed
ORD002186,CUST01190,2025-08-01,Mobile App,Wallet,Completed
ORD002187,CUST00033,2024-07-05,Mobile App,Credit Card,Completed
ORD002188,CUST00340,2026-04-06,Website,Debit Card,Completed
ORD002189,CUST00862,2026-08-23,Mobile App,Debit Card,Completed
ORD002190,CUST00608,2026-03-10,Mobile App,Debit Card,Completed
ORD002191,CUST00935,2026-02-02,Website,Credit Card,Completed
ORD002192,CUST00750,2026-03-13,Mobile App,Debit Card,Completed
ORD002193,CUST00677,2024-05-30,Mobile App,Credit Card,Completed
ORD002194,CUST00635,2026-06-27,Mobile App,Wallet,Completed
ORD002195,CUST00390,2024-06-28,Website,Wallet,Completed
ORD002196,CUST00603,2024-08-16,Mobile App,Net Banking,Completed
ORD002197,CUST01147,2025-07-31,Marketplace,UPI,Completed
ORD002198,CUST01143,2024-01-24,Website,Credit Card,Completed
ORD002199,CUST00856,2026-02-21,Marketplace,UPI,Completed
ORD002200,CUST00443,2026-02-06,Website,COD,Completed
ORD002201,CUST00452,2025-06-16,Website,Debit Card,Cancelled
ORD002202,CUST00500,2025-10-27,Mobile App,Credit Card,Completed
ORD002203,CUST00036,2025-07-28,Mobile App,COD,Completed
ORD002204,CUST00706,2026-07-07,Marketplace,COD,Completed
ORD002205,CUST01160,2024-05-25,Mobile App,Credit Card,Completed
ORD002206,CUST00302,2026-05-19,Website,Net Banking,Completed
ORD002207,CUST00890,2024-05-30,Mobile App,UPI,Completed
ORD002208,CUST00775,2025-08-09,Website,Debit Card,Cancelled
ORD002209,CUST00031,2024-08-09,Mobile App,Wallet,Completed
ORD002210,CUST00299,2026-04-30,Mobile App,Wallet,Completed
ORD002211,CUST00247,2024-12-10,Website,UPI,Completed
ORD002212,CUST00306,2025-07-08,Website,Wallet,Completed
ORD002213,CUST00557,2025-06-05,Mobile App,UPI,Completed
ORD002214,CUST00980,2024-06-17,Mobile App,UPI,Completed
ORD002215,CUST00890,2025-06-10,Mobile App,COD,Completed
ORD002216,CUST00240,2024-02-26,Mobile App,Net Banking,Completed
ORD002217,CUST00167,2024-03-17,Mobile App,Wallet,Completed
ORD002218,CUST00053,2026-04-23,Website,UPI,Completed
ORD002219,CUST00572,2025-09-18,Website,Debit Card,Completed
ORD002220,CUST00659,2026-01-25,Website,Credit Card,Completed
ORD002221,CUST01069,2025-10-06,Website,Debit Card,Completed
ORD002222,CUST00295,2025-02-25,Website,Credit Card,Completed
ORD002223,CUST00035,2024-10-03,Mobile App,Credit Card,Completed
ORD002224,CUST00333,2025-02-04,Website,COD,Cancelled
ORD002225,CUST00826,2026-01-13,Mobile App,Credit Card,Completed
ORD002226,CUST00706,2024-05-20,Website,Wallet,Completed
ORD002227,CUST00972,2025-05-18,Marketplace,COD,Returned
ORD002228,CUST00137,2025-08-01,Mobile App,UPI,Completed
ORD002229,CUST01093,2025-06-20,Website,COD,Completed
ORD002230,CUST00476,2025-04-09,Website,UPI,Returned
ORD002231,CUST00351,2025-01-01,Website,COD,Completed
ORD002232,CUST01116,2025-04-23,Marketplace,Credit Card,Completed
ORD002233,CUST00337,2026-07-09,Mobile App,UPI,Completed
ORD002234,CUST00231,2025-01-23,Website,Credit Card,Completed
ORD002235,CUST00651,2025-11-16,Website,Credit Card,Completed
ORD002236,CUST00771,2024-12-19,Website,UPI,Completed
ORD002237,CUST01117,2025-11-14,Website,UPI,Completed
ORD002238,CUST01186,2024-06-21,Website,UPI,Completed
ORD002239,CUST00089,2025-06-06,Marketplace,UPI,Completed
ORD002240,CUST00485,2024-02-24,Website,Net Banking,Completed
ORD002241,CUST00964,2025-02-11,Mobile App,COD,Cancelled
ORD002242,CUST01024,2026-01-28,Mobile App,UPI,Completed
ORD002243,CUST00331,2024-01-15,Mobile App,COD,Cancelled
ORD002244,CUST01099,2025-08-26,Mobile App,UPI,Completed
ORD002245,CUST00860,2025-06-15,Website,Debit Card,Completed
ORD002246,CUST00897,2025-05-18,Website,Credit Card,Completed
ORD002247,CUST01105,2026-06-14,Website,UPI,Completed
ORD002248,CUST00653,2025-07-10,Website,Credit Card,Completed
ORD002249,CUST00047,2025-04-05,Website,Net Banking,Completed
ORD002250,CUST00878,2025-10-13,Website,COD,Completed
ORD002251,CUST00126,2025-05-04,Website,COD,Completed
ORD002252,CUST01062,2025-02-18,Mobile App,UPI,Completed
ORD002253,CUST00005,2025-01-08,Website,UPI,Completed
ORD002254,CUST00370,2024-06-24,Website,Credit Card,Completed
ORD002255,CUST00806,2024-03-29,Mobile App,Debit Card,Completed
ORD002256,CUST01105,2024-12-09,Marketplace,COD,Completed
ORD002257,CUST01167,2025-02-18,Website,UPI,Completed
ORD002258,CUST00357,2026-08-17,Website,Debit Card,Completed
ORD002259,CUST00936,2025-02-11,Mobile App,COD,Completed
ORD002260,CUST00550,2025-07-01,Website,Debit Card,Completed
ORD002261,CUST01120,2026-03-13,Mobile App,COD,Completed
ORD002262,CUST00078,2026-07-29,Mobile App,Wallet,Returned
ORD002263,CUST00471,2025-12-09,Mobile App,Debit Card,Returned
ORD002264,CUST00514,2025-09-04,Website,Credit Card,Completed
ORD002265,CUST00692,2026-06-22,Mobile App,Debit Card,Completed
ORD002266,CUST00173,2024-03-08,Website,Credit Card,Completed
ORD002267,CUST00074,2025-04-13,Mobile App,Credit Card,Completed
ORD002268,CUST00482,2024-07-02,Mobile App,Credit Card,Completed
ORD002269,CUST01105,2024-07-19,Mobile App,Debit Card,Completed
ORD002270,CUST00926,2025-09-22,Website,Wallet,Returned
ORD002271,CUST00945,2024-03-06,Website,Debit Card,Completed
ORD002272,CUST01177,2024-06-02,Marketplace,Credit Card,Completed
ORD002273,CUST00266,2024-06-06,Website,Debit Card,Completed
ORD002274,CUST00079,2026-02-06,Mobile App,Debit Card,Completed
ORD002275,CUST00817,2024-01-01,Mobile App,Net Banking,Completed
ORD002276,CUST00107,2025-01-12,Mobile App,COD,Completed
ORD002277,CUST00739,2026-06-07,Mobile App,Credit Card,Completed
ORD002278,CUST00936,2024-12-05,Mobile App,UPI,Completed
ORD002279,CUST01110,2024-10-13,Website,Net Banking,Completed
ORD002280,CUST00515,2024-10-01,Website,Credit Card,Completed
ORD002281,CUST00402,2025-02-07,Website,Wallet,Completed
ORD002282,CUST00506,2024-07-09,Mobile App,UPI,Completed
ORD002283,CUST00552,2025-08-12,Mobile App,Wallet,Completed
ORD002284,CUST00399,2026-08-21,Mobile App,COD,Completed
ORD002285,CUST00697,2024-04-15,Website,UPI,Completed
ORD002286,CUST00672,2026-07-26,Website,Net Banking,Completed
ORD002287,CUST00990,2026-08-12,Website,COD,Completed
ORD002288,CUST00352,2025-08-12,Website,Debit Card,Cancelled
ORD002289,CUST00704,2024-08-15,Mobile App,Wallet,Completed
ORD002290,CUST01034,2024-08-16,Website,Net Banking,Completed
ORD002291,CUST01003,2024-01-27,Website,COD,Returned
ORD002292,CUST00665,2025-07-26,Website,Credit Card,Completed
ORD002293,CUST00589,2025-11-27,Mobile App,UPI,Completed
ORD002294,CUST00246,2025-10-05,Mobile App,COD,Completed
ORD002295,CUST00232,2024-03-17,Marketplace,Debit Card,Completed
ORD002296,CUST01069,2024-07-22,Mobile App,Credit Card,Completed
ORD002297,CUST00078,2026-03-23,Website,Credit Card,Completed
ORD002298,CUST00667,2024-03-31,Website,UPI,Completed
ORD002299,CUST00220,2024-07-26,Website,UPI,Completed
ORD002300,CUST00860,2024-08-07,Website,Wallet,Completed
ORD002301,CUST00873,2024-08-31,Website,Credit Card,Completed
ORD002302,CUST00545,2025-09-27,Marketplace,UPI,Cancelled
ORD002303,CUST00224,2026-04-01,Website,Net Banking,Completed
ORD002304,CUST00725,2026-03-05,Website,Credit Card,Completed
ORD002305,CUST01073,2024-05-04,Website,UPI,Completed
ORD002306,CUST00979,2024-05-14,Website,Credit Card,Completed
ORD002307,CUST01079,2025-06-10,Mobile App,Net Banking,Completed
ORD002308,CUST00281,2026-06-30,Marketplace,Debit Card,Cancelled
ORD002309,CUST00877,2026-03-05,Website,COD,Cancelled
ORD002310,CUST01038,2025-08-20,Website,Net Banking,Completed
ORD002311,CUST00612,2024-10-13,Mobile App,UPI,Completed
ORD002312,CUST00691,2025-06-06,Marketplace,COD,Completed
ORD002313,CUST00696,2025-10-09,Mobile App,Credit Card,Completed
ORD002314,CUST00650,2026-06-06,Mobile App,Wallet,Completed
ORD002315,CUST00264,2025-05-29,Website,Debit Card,Completed
ORD002316,CUST00877,2024-03-25,Marketplace,UPI,Returned
ORD002317,CUST00081,2024-01-07,Website,Wallet,Completed
ORD002318,CUST00476,2024-08-23,Website,UPI,Completed
ORD002319,CUST00238,2026-04-25,Mobile App,COD,Completed
ORD002320,CUST00664,2024-01-06,Website,UPI,Completed
ORD002321,CUST00872,2025-10-10,Mobile App,UPI,Completed
ORD002322,CUST00583,2024-11-06,Mobile App,Credit Card,Completed
ORD002323,CUST01005,2025-08-23,Website,COD,Completed
ORD002324,CUST00455,2026-08-17,Website,COD,Completed
ORD002325,CUST00600,2026-01-06,Mobile App,UPI,Completed
ORD002326,CUST01056,2025-01-10,Marketplace,Net Banking,Cancelled
ORD002327,CUST00429,2024-10-21,Marketplace,UPI,Completed
ORD002328,CUST00355,2026-04-13,Mobile App,Wallet,Completed
ORD002329,CUST00390,2024-05-16,Mobile App,UPI,Completed
ORD002330,CUST00015,2026-06-18,Mobile App,Debit Card,Completed
ORD002331,CUST00017,2026-01-26,Mobile App,Credit Card,Completed
ORD002332,CUST00328,2025-05-16,Website,Debit Card,Completed
ORD002333,CUST00339,2025-06-29,Mobile App,Credit Card,Completed
ORD002334,CUST00934,2025-11-12,Website,UPI,Completed
ORD002335,CUST00658,2025-04-20,Website,COD,Completed
ORD002336,CUST00991,2024-09-29,Website,UPI,Completed
ORD002337,CUST00667,2024-02-03,Website,UPI,Completed
ORD002338,CUST00929,2026-05-25,Website,Debit Card,Completed
ORD002339,CUST00804,2024-04-14,Website,COD,Completed
ORD002340,CUST00961,2024-05-03,Website,Credit Card,Completed
ORD002341,CUST00445,2025-03-29,Marketplace,Debit Card,Returned
ORD002342,CUST00060,2026-05-07,Website,UPI,Completed
ORD002343,CUST00439,2025-08-03,Mobile App,COD,Returned
ORD002344,CUST00875,2026-01-20,Mobile App,Debit Card,Completed
ORD002345,CUST00621,2025-10-17,Website,Debit Card,Completed
ORD002346,CUST00666,2024-06-19,Mobile App,Net Banking,Completed
ORD002347,CUST01107,2025-08-14,Website,Debit Card,Completed
ORD002348,CUST00251,2025-03-03,Website,Debit Card,Completed
ORD002349,CUST01010,2026-06-22,Website,Wallet,Completed
ORD002350,CUST00041,2026-08-22,Mobile App,UPI,Completed
ORD002351,CUST01021,2026-04-10,Mobile App,Net Banking,Completed
ORD002352,CUST01193,2025-04-02,Website,UPI,Completed
ORD002353,CUST00332,2024-03-12,Website,UPI,Cancelled
ORD002354,CUST01080,2025-04-24,Marketplace,Net Banking,Completed
ORD002355,CUST00670,2025-12-25,Website,COD,Returned
ORD002356,CUST00498,2025-06-15,Website,UPI,Completed
ORD002357,CUST00276,2024-04-10,Mobile App,Credit Card,Completed
ORD002358,CUST00112,2026-06-02,Mobile App,UPI,Cancelled
ORD002359,CUST01136,2024-09-28,Website,Wallet,Completed
ORD002360,CUST01063,2025-04-21,Website,COD,Completed
ORD002361,CUST00432,2025-12-01,Mobile App,Net Banking,Cancelled
ORD002362,CUST01054,2025-11-14,Website,UPI,Completed
ORD002363,CUST00125,2026-08-04,Mobile App,COD,Completed
ORD002364,CUST00083,2026-04-13,Website,UPI,Completed
ORD002365,CUST00795,2026-08-02,Mobile App,Wallet,Completed
ORD002366,CUST00657,2025-08-10,Website,UPI,Completed
ORD002367,CUST00431,2024-06-15,Mobile App,Debit Card,Cancelled
ORD002368,CUST00047,2024-04-05,Mobile App,Debit Card,Completed
ORD002369,CUST00714,2026-08-07,Mobile App,UPI,Completed
ORD002370,CUST01048,2024-10-10,Website,Debit Card,Completed
ORD002371,CUST01181,2024-01-06,Website,Credit Card,Completed
ORD002372,CUST01024,2025-08-30,Website,COD,Completed
ORD002373,CUST00310,2024-02-19,Mobile App,UPI,Completed
ORD002374,CUST00943,2026-06-06,Website,Net Banking,Completed
ORD002375,CUST00183,2024-04-27,Website,Credit Card,Completed
ORD002376,CUST00371,2026-07-24,Website,Debit Card,Completed
ORD002377,CUST00703,2024-05-19,Mobile App,COD,Completed
ORD002378,CUST00510,2026-08-12,Website,Debit Card,Completed
ORD002379,CUST00602,2024-02-07,Mobile App,Credit Card,Completed
ORD002380,CUST00028,2025-07-03,Mobile App,Credit Card,Cancelled
ORD002381,CUST00618,2026-04-10,Mobile App,UPI,Completed
ORD002382,CUST00361,2024-10-15,Website,Credit Card,Completed
ORD002383,CUST00809,2025-11-30,Mobile App,UPI,Completed
ORD002384,CUST01181,2024-01-09,Mobile App,COD,Completed
ORD002385,CUST00770,2024-10-20,Website,Wallet,Completed
ORD002386,CUST00752,2025-12-18,Marketplace,Credit Card,Completed
ORD002387,CUST00136,2026-03-20,Mobile App,Net Banking,Completed
ORD002388,CUST00440,2026-08-11,Mobile App,Debit Card,Completed
ORD002389,CUST01195,2026-03-08,Website,UPI,Completed
ORD002390,CUST00243,2025-04-09,Website,UPI,Returned
ORD002391,CUST00669,2025-07-16,Mobile App,Credit Card,Completed
ORD002392,CUST00435,2024-05-13,Mobile App,UPI,Completed
ORD002393,CUST00320,2026-01-30,Website,COD,Returned
ORD002394,CUST00253,2025-03-08,Website,UPI,Completed
ORD002395,CUST00570,2025-05-21,Website,Debit Card,Completed
ORD002396,CUST00175,2026-01-06,Website,COD,Completed
ORD002397,CUST00267,2024-08-21,Website,Credit Card,Completed
ORD002398,CUST00220,2026-07-11,Website,UPI,Cancelled
ORD002399,CUST00016,2026-04-27,Website,Net Banking,Completed
ORD002400,CUST00121,2024-09-12,Website,Debit Card,Cancelled
ORD002401,CUST01017,2025-02-19,Mobile App,Net Banking,Completed
ORD002402,CUST00632,2025-03-09,Mobile App,Credit Card,Completed
ORD002403,CUST00713,2026-03-08,Website,Credit Card,Completed
ORD002404,CUST00515,2024-09-09,Website,UPI,Completed
ORD002405,CUST00946,2024-09-14,Website,UPI,Completed
ORD002406,CUST00243,2026-02-26,Mobile App,Credit Card,Completed
ORD002407,CUST00845,2024-01-28,Mobile App,UPI,Completed
ORD002408,CUST00185,2026-02-20,Website,Credit Card,Completed
ORD002409,CUST01059,2024-01-14,Website,Net Banking,Completed
ORD002410,CUST00304,2024-04-19,Mobile App,COD,Completed
ORD002411,CUST00125,2024-12-16,Website,UPI,Completed
ORD002412,CUST00209,2025-04-08,Website,Credit Card,Completed
ORD002413,CUST00098,2024-03-22,Mobile App,Credit Card,Returned
ORD002414,CUST01008,2024-10-09,Website,Wallet,Completed
ORD002415,CUST00403,2025-12-21,Website,Debit Card,Completed
ORD002416,CUST01082,2025-06-28,Mobile App,Credit Card,Completed
ORD002417,CUST00520,2025-09-02,Website,UPI,Completed
ORD002418,CUST00408,2024-12-07,Marketplace,Wallet,Completed
ORD002419,CUST00825,2025-09-13,Website,Wallet,Returned
ORD002420,CUST00521,2026-08-02,Mobile App,COD,Completed
ORD002421,CUST00162,2024-06-01,Website,UPI,Completed
ORD002422,CUST00973,2024-05-21,Website,UPI,Completed
ORD002423,CUST00872,2025-02-28,Website,COD,Completed
ORD002424,CUST00139,2024-01-26,Mobile App,UPI,Completed
ORD002425,CUST00958,2025-11-13,Website,UPI,Completed
ORD002426,CUST00538,2025-11-01,Mobile App,Debit Card,Returned
ORD002427,CUST01153,2024-03-10,Mobile App,Wallet,Completed
ORD002428,CUST01176,2024-10-03,Website,UPI,Returned
ORD002429,CUST00649,2024-03-08,Mobile App,UPI,Completed
ORD002430,CUST00078,2025-05-28,Mobile App,Credit Card,Completed
ORD002431,CUST01018,2026-04-21,Marketplace,Credit Card,Completed
ORD002432,CUST00459,2025-05-19,Mobile App,UPI,Completed
ORD002433,CUST00247,2025-12-02,Mobile App,Credit Card,Completed
ORD002434,CUST00210,2024-10-26,Website,Credit Card,Completed
ORD002435,CUST00994,2024-08-09,Website,UPI,Completed
ORD002436,CUST00509,2024-09-29,Website,UPI,Completed
ORD002437,CUST00432,2024-07-06,Mobile App,COD,Completed
ORD002438,CUST00593,2025-09-01,Mobile App,COD,Returned
ORD002439,CUST00031,2025-04-01,Website,Wallet,Completed
ORD002440,CUST00883,2026-06-23,Mobile App,COD,Completed
ORD002441,CUST00957,2024-08-07,Website,Credit Card,Cancelled
ORD002442,CUST00352,2026-05-14,Website,Credit Card,Completed
ORD002443,CUST00057,2025-11-07,Mobile App,Debit Card,Completed
ORD002444,CUST01118,2026-05-20,Marketplace,Wallet,Completed
ORD002445,CUST01171,2025-12-01,Website,Credit Card,Returned
ORD002446,CUST00919,2025-08-21,Marketplace,COD,Completed
ORD002447,CUST00046,2025-03-31,Mobile App,Debit Card,Completed
ORD002448,CUST01041,2024-10-23,Website,Wallet,Completed
ORD002449,CUST00818,2025-07-13,Mobile App,Credit Card,Completed
ORD002450,CUST00247,2026-02-15,Website,COD,Completed
ORD002451,CUST00478,2025-06-09,Mobile App,Credit Card,Completed
ORD002452,CUST00024,2025-03-24,Mobile App,UPI,Completed
ORD002453,CUST00096,2025-07-07,Website,Credit Card,Completed
ORD002454,CUST00369,2026-04-28,Mobile App,Credit Card,Completed
ORD002455,CUST00826,2025-09-01,Website,Debit Card,Completed
ORD002456,CUST01047,2024-06-10,Mobile App,Debit Card,Completed
ORD002457,CUST00339,2026-03-21,Mobile App,Credit Card,Cancelled
ORD002458,CUST00949,2024-06-03,Mobile App,Credit Card,Returned
ORD002459,CUST00978,2025-11-17,Mobile App,UPI,Completed
ORD002460,CUST00470,2024-12-29,Mobile App,UPI,Completed
ORD002461,CUST01190,2026-03-20,Website,Credit Card,Completed
ORD002462,CUST01131,2026-07-10,Mobile App,UPI,Completed
ORD002463,CUST01133,2026-07-04,Mobile App,Credit Card,Completed
ORD002464,CUST00943,2024-04-19,Mobile App,Wallet,Completed
ORD002465,CUST00816,2025-10-18,Website,Debit Card,Cancelled
ORD002466,CUST00864,2026-08-06,Mobile App,Credit Card,Completed
ORD002467,CUST01120,2025-01-27,Website,UPI,Completed
ORD002468,CUST00545,2024-01-27,Website,Credit Card,Completed
ORD002469,CUST00314,2024-01-12,Mobile App,UPI,Completed
ORD002470,CUST00729,2026-08-13,Mobile App,UPI,Completed
ORD002471,CUST01112,2024-10-08,Mobile App,UPI,Returned
ORD002472,CUST00455,2026-03-19,Website,Credit Card,Completed
ORD002473,CUST00085,2024-08-21,Mobile App,UPI,Completed
ORD002474,CUST00310,2025-05-06,Marketplace,Net Banking,Completed
ORD002475,CUST00140,2025-08-12,Website,Debit Card,Completed
ORD002476,CUST00152,2024-11-03,Website,Wallet,Completed
ORD002477,CUST00509,2026-02-13,Website,Net Banking,Completed
ORD002478,CUST00335,2026-04-14,Marketplace,COD,Completed
ORD002479,CUST00477,2024-04-20,Website,Net Banking,Cancelled
ORD002480,CUST00383,2024-12-15,Marketplace,UPI,Completed
ORD002481,CUST01047,2025-07-23,Website,Credit Card,Completed
ORD002482,CUST00340,2024-01-23,Website,COD,Completed
ORD002483,CUST00297,2025-05-22,Website,Debit Card,Completed
ORD002484,CUST00065,2025-10-27,Mobile App,Net Banking,Completed
ORD002485,CUST01162,2026-03-17,Website,Wallet,Completed
ORD002486,CUST00992,2026-01-28,Mobile App,COD,Completed
ORD002487,CUST00260,2025-06-12,Mobile App,Debit Card,Completed
ORD002488,CUST00086,2025-07-13,Mobile App,COD,Completed
ORD002489,CUST00821,2026-06-06,Website,Debit Card,Completed
ORD002490,CUST00907,2024-03-22,Website,Credit Card,Returned
ORD002491,CUST00464,2026-03-17,Mobile App,Debit Card,Cancelled
ORD002492,CUST00772,2025-10-03,Marketplace,Debit Card,Completed
ORD002493,CUST00510,2025-07-05,Mobile App,Debit Card,Completed
ORD002494,CUST00902,2025-07-16,Website,Credit Card,Completed
ORD002495,CUST00185,2025-12-06,Website,Debit Card,Returned
ORD002496,CUST00101,2026-04-02,Website,Debit Card,Completed
ORD002497,CUST00370,2025-11-26,Website,Net Banking,Completed
ORD002498,CUST00505,2025-01-04,Mobile App,Credit Card,Completed
ORD002499,CUST00233,2024-12-25,Website,UPI,Completed
ORD002500,CUST00466,2024-03-04,Mobile App,Debit Card,Completed
ORD002501,CUST00809,2026-04-06,Website,Credit Card,Completed
ORD002502,CUST00258,2025-12-27,Website,Debit Card,Completed
ORD002503,CUST00115,2025-09-05,Website,UPI,Completed
ORD002504,CUST01173,2025-11-02,Website,UPI,Completed
ORD002505,CUST00513,2025-08-17,Website,Credit Card,Completed
ORD002506,CUST00562,2025-01-19,Mobile App,Net Banking,Completed
ORD002507,CUST00884,2025-03-21,Website,UPI,Completed
ORD002508,CUST00332,2024-09-25,Website,Wallet,Completed
ORD002509,CUST00746,2025-03-09,Website,Credit Card,Completed
ORD002510,CUST01170,2024-01-30,Website,COD,Completed
ORD002511,CUST00394,2024-08-14,Mobile App,Wallet,Completed
ORD002512,CUST00497,2024-05-13,Mobile App,Credit Card,Completed
ORD002513,CUST00781,2026-06-15,Mobile App,Wallet,Completed
ORD002514,CUST00690,2025-03-04,Mobile App,UPI,Completed
ORD002515,CUST00711,2024-12-08,Website,UPI,Completed
ORD002516,CUST00872,2025-11-22,Website,UPI,Completed
ORD002517,CUST00371,2024-10-28,Marketplace,Wallet,Completed
ORD002518,CUST00980,2026-06-21,Mobile App,Credit Card,Completed
ORD002519,CUST00648,2026-02-21,Mobile App,Credit Card,Completed
ORD002520,CUST00576,2024-06-30,Mobile App,UPI,Completed
ORD002521,CUST01031,2026-05-22,Mobile App,UPI,Completed
ORD002522,CUST00796,2025-10-16,Marketplace,UPI,Cancelled
ORD002523,CUST00031,2025-07-03,Website,Debit Card,Returned
ORD002524,CUST01013,2025-05-07,Marketplace,UPI,Cancelled
ORD002525,CUST01184,2024-06-26,Mobile App,COD,Completed
ORD002526,CUST00028,2026-03-15,Marketplace,UPI,Completed
ORD002527,CUST00837,2026-01-05,Mobile App,Wallet,Completed
ORD002528,CUST00156,2025-03-11,Website,UPI,Completed
ORD002529,CUST01083,2024-07-27,Website,Net Banking,Cancelled
ORD002530,CUST00467,2024-12-16,Website,Net Banking,Completed
ORD002531,CUST01091,2026-06-06,Website,Debit Card,Returned
ORD002532,CUST00346,2025-10-12,Website,UPI,Completed
ORD002533,CUST00262,2024-11-13,Website,Debit Card,Completed
ORD002534,CUST00665,2025-05-30,Mobile App,Credit Card,Completed
ORD002535,CUST00550,2026-08-30,Website,Debit Card,Completed
ORD002536,CUST00753,2024-11-08,Website,Credit Card,Completed
ORD002537,CUST00404,2026-06-09,Mobile App,UPI,Completed
ORD002538,CUST00316,2024-07-17,Marketplace,COD,Completed
ORD002539,CUST01007,2025-07-04,Mobile App,Debit Card,Completed
ORD002540,CUST00924,2024-03-27,Website,Net Banking,Completed
ORD002541,CUST00602,2024-09-05,Mobile App,Debit Card,Completed
ORD002542,CUST00063,2024-06-22,Website,Wallet,Completed
ORD002543,CUST00348,2025-12-02,Mobile App,COD,Completed
ORD002544,CUST01112,2024-01-13,Website,Wallet,Completed
ORD002545,CUST00506,2025-01-31,Mobile App,UPI,Completed
ORD002546,CUST00068,2024-07-18,Website,COD,Returned
ORD002547,CUST01117,2024-11-28,Website,UPI,Completed
ORD002548,CUST00678,2024-08-22,Mobile App,COD,Completed
ORD002549,CUST00213,2026-05-28,Website,Net Banking,Completed
ORD002550,CUST01035,2025-04-30,Website,COD,Completed
ORD002551,CUST00353,2024-12-19,Website,UPI,Completed
ORD002552,CUST00536,2025-01-03,Website,UPI,Completed
ORD002553,CUST01096,2026-04-19,Mobile App,Net Banking,Completed
ORD002554,CUST00446,2025-09-26,Website,Wallet,Completed
ORD002555,CUST00657,2025-10-19,Website,Debit Card,Completed
ORD002556,CUST01029,2025-04-12,Website,UPI,Completed
ORD002557,CUST01164,2025-01-30,Mobile App,COD,Completed
ORD002558,CUST00318,2026-03-06,Mobile App,Net Banking,Completed
ORD002559,CUST00645,2024-11-09,Website,Net Banking,Completed
ORD002560,CUST00562,2024-04-17,Mobile App,Net Banking,Completed
ORD002561,CUST00075,2024-08-26,Mobile App,COD,Returned
ORD002562,CUST00781,2025-07-07,Mobile App,UPI,Completed
ORD002563,CUST01141,2024-07-27,Mobile App,Debit Card,Completed
ORD002564,CUST00488,2024-08-29,Mobile App,UPI,Returned
ORD002565,CUST01126,2025-10-23,Website,Credit Card,Completed
ORD002566,CUST01161,2026-08-24,Website,UPI,Cancelled
ORD002567,CUST00102,2026-08-04,Mobile App,Debit Card,Completed
ORD002568,CUST00249,2024-05-29,Website,UPI,Completed
ORD002569,CUST00005,2024-06-28,Website,Net Banking,Completed
ORD002570,CUST00778,2025-03-20,Website,COD,Completed
ORD002571,CUST01144,2025-10-08,Marketplace,Debit Card,Completed
ORD002572,CUST00023,2024-05-04,Mobile App,Wallet,Completed
ORD002573,CUST00191,2025-01-27,Website,COD,Completed
ORD002574,CUST00593,2025-07-20,Marketplace,Debit Card,Completed
ORD002575,CUST01046,2024-03-28,Mobile App,Wallet,Completed
ORD002576,CUST01128,2026-03-12,Mobile App,UPI,Completed
ORD002577,CUST00648,2026-06-06,Mobile App,Wallet,Completed
ORD002578,CUST00035,2024-07-22,Website,Net Banking,Cancelled
ORD002579,CUST00758,2024-01-04,Mobile App,UPI,Completed
ORD002580,CUST00777,2026-01-30,Website,UPI,Completed
ORD002581,CUST00095,2025-12-06,Website,COD,Completed
ORD002582,CUST00551,2025-03-08,Website,UPI,Completed
ORD002583,CUST00760,2026-07-27,Website,UPI,Completed
ORD002584,CUST00461,2026-05-10,Marketplace,UPI,Completed
ORD002585,CUST00206,2024-11-27,Website,Wallet,Cancelled
ORD002586,CUST00962,2024-10-02,Website,Debit Card,Completed
ORD002587,CUST00399,2025-07-29,Website,Debit Card,Completed
ORD002588,CUST00774,2024-05-24,Mobile App,Debit Card,Completed
ORD002589,CUST00796,2024-06-12,Mobile App,Wallet,Completed
ORD002590,CUST00888,2025-07-06,Mobile App,Credit Card,Completed
ORD002591,CUST00968,2024-05-01,Mobile App,Net Banking,Completed
ORD002592,CUST00149,2026-03-11,Website,Credit Card,Completed
ORD002593,CUST00744,2024-07-03,Website,UPI,Completed
ORD002594,CUST00048,2025-01-21,Mobile App,UPI,Completed
ORD002595,CUST00272,2024-03-30,Website,Net Banking,Returned
ORD002596,CUST01070,2025-04-10,Mobile App,Wallet,Completed
ORD002597,CUST00620,2024-01-16,Marketplace,Debit Card,Completed
ORD002598,CUST01171,2026-08-24,Website,UPI,Completed
ORD002599,CUST00740,2025-04-17,Website,Credit Card,Returned
ORD002600,CUST00997,2025-04-16,Website,Net Banking,Completed
ORD002601,CUST01000,2024-05-21,Website,Debit Card,Completed
ORD002602,CUST01110,2024-04-08,Mobile App,Wallet,Completed
ORD002603,CUST00189,2024-10-14,Mobile App,Debit Card,Returned
ORD002604,CUST00546,2025-03-22,Website,UPI,Returned
ORD002605,CUST01050,2024-12-08,Mobile App,Credit Card,Completed
ORD002606,CUST00542,2026-06-21,Mobile App,Credit Card,Cancelled
ORD002607,CUST01134,2024-04-17,Website,Credit Card,Completed
ORD002608,CUST00093,2026-05-05,Website,Net Banking,Completed
ORD002609,CUST01184,2026-05-15,Website,Wallet,Completed
ORD002610,CUST00001,2026-04-30,Mobile App,UPI,Completed
ORD002611,CUST00818,2024-03-05,Website,Net Banking,Completed
ORD002612,CUST00109,2024-10-08,Website,UPI,Completed
ORD002613,CUST00963,2026-05-17,Marketplace,Credit Card,Cancelled
ORD002614,CUST00672,2025-09-17,Mobile App,COD,Completed
ORD002615,CUST00183,2024-02-29,Website,Debit Card,Cancelled
ORD002616,CUST00375,2025-06-13,Website,UPI,Completed
ORD002617,CUST00280,2024-04-02,Marketplace,UPI,Returned
ORD002618,CUST00765,2025-07-09,Website,UPI,Completed
ORD002619,CUST01152,2026-08-23,Mobile App,Net Banking,Completed
ORD002620,CUST01177,2024-04-28,Website,UPI,Completed
ORD002621,CUST00224,2025-04-19,Marketplace,Debit Card,Completed
ORD002622,CUST00166,2025-03-13,Mobile App,UPI,Completed
ORD002623,CUST00903,2026-08-27,Website,Debit Card,Completed
ORD002624,CUST00947,2024-02-03,Website,Credit Card,Completed
ORD002625,CUST00010,2024-01-16,Marketplace,UPI,Completed
ORD002626,CUST00178,2025-10-31,Mobile App,Debit Card,Completed
ORD002627,CUST00671,2025-12-29,Mobile App,UPI,Completed
ORD002628,CUST01163,2026-03-27,Mobile App,Credit Card,Completed
ORD002629,CUST00845,2024-08-06,Website,Debit Card,Completed
ORD002630,CUST00237,2025-04-28,Website,Net Banking,Returned
ORD002631,CUST01055,2026-03-23,Marketplace,COD,Completed
ORD002632,CUST01103,2024-11-14,Website,COD,Completed
ORD002633,CUST00073,2024-03-13,Website,UPI,Completed
ORD002634,CUST00826,2025-07-28,Website,UPI,Completed
ORD002635,CUST00437,2024-10-30,Marketplace,Wallet,Completed
ORD002636,CUST00525,2025-03-24,Mobile App,COD,Completed
ORD002637,CUST00311,2026-06-11,Website,UPI,Cancelled
ORD002638,CUST00892,2025-07-12,Website,Credit Card,Completed
ORD002639,CUST00449,2025-07-15,Marketplace,COD,Cancelled
ORD002640,CUST01110,2026-08-11,Website,Debit Card,Returned
ORD002641,CUST00467,2024-11-21,Website,COD,Cancelled
ORD002642,CUST00611,2026-05-20,Website,UPI,Completed
ORD002643,CUST00109,2024-12-08,Website,Credit Card,Completed
ORD002644,CUST00806,2024-02-21,Website,Debit Card,Completed
ORD002645,CUST00814,2025-01-07,Website,Debit Card,Completed
ORD002646,CUST00070,2024-01-10,Mobile App,Credit Card,Completed
ORD002647,CUST00088,2024-04-19,Website,Net Banking,Completed
ORD002648,CUST00209,2025-11-13,Mobile App,UPI,Completed
ORD002649,CUST00948,2024-04-12,Mobile App,COD,Completed
ORD002650,CUST00040,2025-12-04,Website,Wallet,Completed
ORD002651,CUST00797,2025-03-31,Website,Net Banking,Completed
ORD002652,CUST00832,2024-01-25,Mobile App,Credit Card,Completed
ORD002653,CUST00549,2026-04-17,Mobile App,UPI,Completed
ORD002654,CUST00170,2024-01-01,Mobile App,UPI,Cancelled
ORD002655,CUST01159,2026-03-14,Website,COD,Completed
ORD002656,CUST00856,2026-05-30,Mobile App,Net Banking,Completed
ORD002657,CUST00228,2024-11-23,Website,COD,Returned
ORD002658,CUST00711,2026-07-17,Marketplace,Debit Card,Completed
ORD002659,CUST00902,2024-09-22,Mobile App,Debit Card,Completed
ORD002660,CUST00090,2024-10-16,Marketplace,Credit Card,Completed
ORD002661,CUST00392,2025-12-22,Mobile App,Credit Card,Completed
ORD002662,CUST00725,2026-08-11,Mobile App,Debit Card,Completed
ORD002663,CUST00473,2024-01-29,Mobile App,Wallet,Completed
ORD002664,CUST00590,2025-02-06,Marketplace,Debit Card,Returned
ORD002665,CUST00025,2026-03-02,Website,COD,Completed
ORD002666,CUST00714,2024-10-11,Website,UPI,Completed
ORD002667,CUST01038,2024-02-16,Mobile App,COD,Completed
ORD002668,CUST01112,2024-03-14,Website,Debit Card,Completed
ORD002669,CUST00690,2024-08-14,Mobile App,Debit Card,Completed
ORD002670,CUST00736,2025-07-12,Website,Net Banking,Cancelled
ORD002671,CUST01162,2025-12-03,Website,UPI,Completed
ORD002672,CUST00122,2024-02-04,Website,Credit Card,Returned
ORD002673,CUST00040,2024-01-14,Website,Credit Card,Cancelled
ORD002674,CUST01122,2026-04-24,Website,Debit Card,Completed
ORD002675,CUST00539,2025-05-03,Website,Net Banking,Completed
ORD002676,CUST01026,2025-05-05,Website,Net Banking,Completed
ORD002677,CUST00397,2024-08-11,Mobile App,Credit Card,Completed
ORD002678,CUST00461,2025-01-18,Website,Credit Card,Completed
ORD002679,CUST00322,2026-02-15,Website,UPI,Completed
ORD002680,CUST00023,2024-12-22,Website,UPI,Completed
ORD002681,CUST00267,2024-09-18,Mobile App,UPI,Completed
ORD002682,CUST00522,2025-07-04,Website,UPI,Completed
ORD002683,CUST01173,2026-08-27,Mobile App,UPI,Completed
ORD002684,CUST00678,2024-11-11,Mobile App,UPI,Completed
ORD002685,CUST01171,2024-02-02,Website,COD,Completed
ORD002686,CUST00096,2025-11-24,Website,UPI,Completed
ORD002687,CUST01139,2025-07-07,Marketplace,Credit Card,Completed
ORD002688,CUST00239,2024-06-04,Website,Credit Card,Completed
ORD002689,CUST00014,2024-05-19,Website,Debit Card,Returned
ORD002690,CUST00935,2026-08-03,Website,COD,Completed
ORD002691,CUST01113,2026-03-19,Website,Wallet,Cancelled
ORD002692,CUST00351,2024-03-30,Mobile App,Debit Card,Completed
ORD002693,CUST00810,2024-06-20,Website,COD,Completed
ORD002694,CUST00367,2025-11-18,Mobile App,COD,Completed
ORD002695,CUST00725,2025-01-13,Mobile App,UPI,Completed
ORD002696,CUST00051,2025-04-19,Mobile App,UPI,Cancelled
ORD002697,CUST00187,2024-04-27,Mobile App,Wallet,Completed
ORD002698,CUST01128,2026-02-08,Website,UPI,Completed
ORD002699,CUST00203,2024-06-21,Mobile App,Debit Card,Completed
ORD002700,CUST00723,2024-03-10,Marketplace,Credit Card,Completed
ORD002701,CUST01002,2025-08-09,Mobile App,Net Banking,Completed
ORD002702,CUST00218,2025-03-20,Mobile App,Credit Card,Completed
ORD002703,CUST00681,2025-01-15,Mobile App,UPI,Completed
ORD002704,CUST01166,2024-11-16,Mobile App,Net Banking,Completed
ORD002705,CUST00193,2025-12-21,Website,Credit Card,Completed
ORD002706,CUST00696,2026-02-07,Marketplace,Credit Card,Completed
ORD002707,CUST00443,2025-12-17,Website,COD,Completed
ORD002708,CUST01042,2024-06-07,Marketplace,Credit Card,Completed
ORD002709,CUST00566,2025-06-05,Website,COD,Cancelled
ORD002710,CUST00197,2025-11-04,Marketplace,UPI,Completed
ORD002711,CUST00333,2025-05-03,Website,UPI,Completed
ORD002712,CUST01100,2024-10-28,Website,COD,Returned
ORD002713,CUST00319,2024-05-18,Website,UPI,Completed
ORD002714,CUST00433,2024-10-12,Mobile App,COD,Cancelled
ORD002715,CUST00225,2026-02-04,Website,COD,Returned
ORD002716,CUST00402,2025-08-14,Mobile App,Debit Card,Completed
ORD002717,CUST00027,2026-01-22,Website,Debit Card,Returned
ORD002718,CUST00306,2024-10-10,Website,UPI,Completed
ORD002719,CUST00736,2025-05-24,Mobile App,UPI,Cancelled
ORD002720,CUST00764,2024-09-06,Mobile App,UPI,Completed
ORD002721,CUST01031,2024-05-13,Website,Credit Card,Completed
ORD002722,CUST00811,2024-09-16,Website,Net Banking,Completed
ORD002723,CUST00473,2024-12-18,Marketplace,Credit Card,Completed
ORD002724,CUST01198,2025-02-11,Website,Debit Card,Completed
ORD002725,CUST00047,2024-03-13,Mobile App,COD,Completed
ORD002726,CUST00152,2025-11-30,Website,Credit Card,Completed
ORD002727,CUST00326,2026-05-31,Mobile App,COD,Completed
ORD002728,CUST00060,2026-08-24,Website,Wallet,Completed
ORD002729,CUST00566,2026-04-20,Website,Credit Card,Completed
ORD002730,CUST00167,2025-08-04,Mobile App,UPI,Completed
ORD002731,CUST00029,2025-05-13,Website,Credit Card,Completed
ORD002732,CUST00856,2025-01-12,Mobile App,COD,Completed
ORD002733,CUST00084,2026-02-10,Website,Net Banking,Cancelled
ORD002734,CUST01169,2024-03-27,Website,Credit Card,Completed
ORD002735,CUST01191,2024-11-06,Website,Net Banking,Completed
ORD002736,CUST00075,2025-11-02,Website,Credit Card,Returned
ORD002737,CUST00628,2025-12-02,Mobile App,UPI,Completed
ORD002738,CUST00705,2025-03-02,Website,Debit Card,Completed
ORD002739,CUST00389,2025-04-09,Website,UPI,Completed
ORD002740,CUST00241,2026-06-22,Website,COD,Completed
ORD002741,CUST00842,2026-03-15,Mobile App,COD,Completed
ORD002742,CUST01137,2026-08-21,Mobile App,UPI,Completed
ORD002743,CUST01055,2025-11-26,Mobile App,Debit Card,Returned
ORD002744,CUST01010,2025-06-30,Marketplace,Debit Card,Completed
ORD002745,CUST00835,2024-04-10,Website,UPI,Completed
ORD002746,CUST00174,2026-04-20,Mobile App,Debit Card,Completed
ORD002747,CUST00412,2024-08-13,Mobile App,Wallet,Cancelled
ORD002748,CUST00577,2026-01-07,Marketplace,COD,Completed
ORD002749,CUST00118,2025-01-09,Website,UPI,Completed
ORD002750,CUST00415,2026-08-30,Marketplace,UPI,Completed
ORD002751,CUST00162,2024-03-20,Mobile App,Credit Card,Completed
ORD002752,CUST00831,2025-05-26,Website,COD,Completed
ORD002753,CUST00957,2026-06-03,Mobile App,Credit Card,Completed
ORD002754,CUST00551,2025-11-22,Website,Wallet,Completed
ORD002755,CUST00550,2025-12-30,Mobile App,COD,Cancelled
ORD002756,CUST00409,2024-12-09,Website,UPI,Completed
ORD002757,CUST00555,2025-04-28,Website,COD,Completed
ORD002758,CUST00783,2025-05-29,Marketplace,UPI,Completed
ORD002759,CUST00260,2024-10-14,Website,Credit Card,Completed
ORD002760,CUST00017,2025-07-02,Mobile App,COD,Returned
ORD002761,CUST00628,2026-07-28,Website,Wallet,Completed
ORD002762,CUST00293,2025-02-12,Website,COD,Completed
ORD002763,CUST00619,2025-02-10,Mobile App,UPI,Completed
ORD002764,CUST00028,2024-09-02,Website,COD,Completed
ORD002765,CUST00244,2025-01-11,Website,Credit Card,Returned
ORD002766,CUST00108,2024-10-19,Marketplace,COD,Completed
ORD002767,CUST00401,2025-08-20,Website,COD,Returned
ORD002768,CUST00239,2026-04-16,Website,Credit Card,Completed
ORD002769,CUST00115,2026-01-05,Website,Credit Card,Completed
ORD002770,CUST00463,2025-04-13,Website,COD,Cancelled
ORD002771,CUST01094,2024-01-31,Mobile App,Net Banking,Completed
ORD002772,CUST00730,2025-06-27,Marketplace,UPI,Completed
ORD002773,CUST01125,2025-01-12,Website,COD,Completed
ORD002774,CUST00321,2024-11-21,Website,Wallet,Completed
ORD002775,CUST00361,2026-01-26,Website,COD,Completed
ORD002776,CUST00547,2024-09-22,Mobile App,Debit Card,Completed
ORD002777,CUST00231,2024-02-19,Website,Debit Card,Completed
ORD002778,CUST00052,2025-10-25,Mobile App,Credit Card,Completed
ORD002779,CUST00303,2026-01-29,Website,Credit Card,Completed
ORD002780,CUST00881,2025-08-14,Website,Credit Card,Completed
ORD002781,CUST00007,2025-04-24,Website,COD,Completed
ORD002782,CUST00732,2024-02-17,Mobile App,Wallet,Returned
ORD002783,CUST00051,2024-03-05,Marketplace,Credit Card,Completed
ORD002784,CUST00094,2025-11-05,Website,COD,Completed
ORD002785,CUST00365,2025-11-29,Mobile App,UPI,Completed
ORD002786,CUST00400,2025-04-19,Website,UPI,Completed
ORD002787,CUST00253,2025-08-10,Mobile App,UPI,Completed
ORD002788,CUST00178,2026-04-05,Website,UPI,Completed
ORD002789,CUST00406,2024-05-04,Website,Credit Card,Completed
ORD002790,CUST00801,2025-06-14,Website,Net Banking,Completed
ORD002791,CUST01179,2024-07-09,Mobile App,Wallet,Completed
ORD002792,CUST00262,2024-12-18,Mobile App,COD,Completed
ORD002793,CUST00437,2026-07-03,Marketplace,UPI,Completed
ORD002794,CUST00907,2025-12-10,Website,Debit Card,Cancelled
ORD002795,CUST00357,2025-09-09,Website,Credit Card,Completed
ORD002796,CUST00455,2025-12-11,Mobile App,UPI,Completed
ORD002797,CUST00179,2025-03-13,Website,COD,Completed
ORD002798,CUST00101,2024-04-03,Mobile App,Credit Card,Completed
ORD002799,CUST01020,2025-02-02,Mobile App,UPI,Completed
ORD002800,CUST00410,2024-06-11,Website,UPI,Completed
ORD002801,CUST00812,2024-06-08,Website,Debit Card,Returned
ORD002802,CUST00456,2025-07-20,Mobile App,Debit Card,Completed
ORD002803,CUST00184,2024-07-06,Marketplace,Credit Card,Completed
ORD002804,CUST00891,2025-10-07,Marketplace,Net Banking,Completed
ORD002805,CUST00825,2024-09-21,Website,Credit Card,Completed
ORD002806,CUST00298,2024-05-14,Website,COD,Completed
ORD002807,CUST00313,2025-12-08,Website,UPI,Completed
ORD002808,CUST00218,2024-01-18,Mobile App,Credit Card,Returned
ORD002809,CUST01148,2024-12-20,Marketplace,Wallet,Completed
ORD002810,CUST00378,2026-01-04,Website,COD,Completed
ORD002811,CUST00375,2025-01-21,Mobile App,Debit Card,Returned
ORD002812,CUST00762,2024-08-04,Mobile App,COD,Completed
ORD002813,CUST00981,2026-07-07,Mobile App,UPI,Completed
ORD002814,CUST01089,2024-04-27,Website,Credit Card,Completed
ORD002815,CUST00215,2024-10-09,Mobile App,UPI,Completed
ORD002816,CUST01145,2024-08-22,Marketplace,Net Banking,Completed
ORD002817,CUST00305,2024-11-27,Website,Debit Card,Completed
ORD002818,CUST00358,2025-01-29,Website,UPI,Completed
ORD002819,CUST00818,2025-11-10,Website,Wallet,Completed
ORD002820,CUST00791,2025-01-09,Website,Net Banking,Completed
ORD002821,CUST00741,2024-02-16,Website,Debit Card,Completed
ORD002822,CUST00138,2026-08-17,Website,Credit Card,Completed
ORD002823,CUST00159,2024-03-14,Mobile App,COD,Completed
ORD002824,CUST00557,2025-03-14,Website,COD,Completed
ORD002825,CUST00770,2026-01-08,Mobile App,UPI,Completed
ORD002826,CUST01018,2025-07-14,Website,UPI,Completed
ORD002827,CUST00281,2024-01-01,Website,UPI,Returned
ORD002828,CUST00031,2025-11-13,Website,COD,Completed
ORD002829,CUST00184,2024-05-19,Website,UPI,Completed
ORD002830,CUST00881,2024-09-06,Marketplace,Debit Card,Completed
ORD002831,CUST00930,2025-08-03,Website,Debit Card,Completed
ORD002832,CUST00152,2024-08-08,Website,Credit Card,Completed
ORD002833,CUST00380,2024-03-22,Website,Debit Card,Completed
ORD002834,CUST00943,2024-01-29,Marketplace,Net Banking,Returned
ORD002835,CUST00974,2025-07-01,Mobile App,Credit Card,Completed
ORD002836,CUST00426,2025-10-14,Marketplace,Net Banking,Cancelled
ORD002837,CUST00633,2025-12-16,Website,Debit Card,Completed
ORD002838,CUST00674,2025-01-26,Website,UPI,Completed
ORD002839,CUST01185,2026-01-12,Mobile App,UPI,Completed
ORD002840,CUST00325,2024-02-16,Website,UPI,Completed
ORD002841,CUST00715,2026-03-04,Website,Credit Card,Returned
ORD002842,CUST00935,2025-07-30,Mobile App,Credit Card,Completed
ORD002843,CUST00003,2024-02-21,Website,COD,Completed
ORD002844,CUST00634,2024-11-09,Mobile App,Net Banking,Completed
ORD002845,CUST01173,2024-10-31,Website,Credit Card,Completed
ORD002846,CUST00183,2026-08-21,Website,UPI,Cancelled
ORD002847,CUST00070,2025-03-12,Website,Credit Card,Completed
ORD002848,CUST00723,2024-09-07,Website,UPI,Completed
ORD002849,CUST00791,2025-08-25,Marketplace,Debit Card,Completed
ORD002850,CUST00904,2025-04-20,Website,COD,Completed
ORD002851,CUST00282,2025-01-01,Mobile App,Credit Card,Completed
ORD002852,CUST00760,2024-02-20,Mobile App,Net Banking,Completed
ORD002853,CUST00226,2024-12-24,Website,UPI,Completed
ORD002854,CUST00874,2024-07-30,Website,COD,Completed
ORD002855,CUST00594,2025-09-20,Marketplace,Debit Card,Completed
ORD002856,CUST00687,2025-08-06,Mobile App,Credit Card,Completed
ORD002857,CUST00891,2025-11-04,Website,COD,Completed
ORD002858,CUST00599,2026-06-14,Mobile App,Credit Card,Completed
ORD002859,CUST00626,2024-03-15,Mobile App,Credit Card,Cancelled
ORD002860,CUST00501,2025-08-26,Mobile App,UPI,Completed
ORD002861,CUST00530,2026-05-28,Website,Credit Card,Completed
ORD002862,CUST00553,2026-06-21,Mobile App,UPI,Completed
ORD002863,CUST01150,2025-11-23,Website,UPI,Completed
ORD002864,CUST00861,2025-05-27,Website,Net Banking,Completed
ORD002865,CUST01179,2024-08-11,Mobile App,Debit Card,Completed
ORD002866,CUST01194,2025-06-18,Mobile App,UPI,Completed
ORD002867,CUST00017,2024-04-16,Marketplace,Net Banking,Completed
ORD002868,CUST00355,2024-03-03,Website,Credit Card,Completed
ORD002869,CUST00618,2024-11-30,Mobile App,Credit Card,Completed
ORD002870,CUST00846,2025-10-07,Website,Credit Card,Completed
ORD002871,CUST00258,2026-05-29,Website,UPI,Completed
ORD002872,CUST00887,2025-08-03,Mobile App,Credit Card,Completed
ORD002873,CUST00458,2026-01-10,Mobile App,Wallet,Completed
ORD002874,CUST00729,2026-01-24,Website,Net Banking,Completed
ORD002875,CUST00946,2026-06-03,Website,Credit Card,Completed
ORD002876,CUST00803,2025-12-24,Website,Debit Card,Completed
ORD002877,CUST00966,2026-05-09,Marketplace,Debit Card,Completed
ORD002878,CUST00162,2026-04-05,Marketplace,Debit Card,Returned
ORD002879,CUST00739,2024-09-24,Mobile App,UPI,Completed
ORD002880,CUST00795,2025-02-10,Website,UPI,Returned
ORD002881,CUST00760,2025-07-17,Website,UPI,Cancelled
ORD002882,CUST00835,2024-07-14,Website,Debit Card,Completed
ORD002883,CUST00510,2026-05-28,Website,Credit Card,Completed
ORD002884,CUST00426,2025-02-20,Mobile App,UPI,Completed
ORD002885,CUST01187,2025-04-06,Website,Net Banking,Completed
ORD002886,CUST00812,2025-11-04,Mobile App,Debit Card,Completed
ORD002887,CUST00643,2025-07-19,Mobile App,COD,Completed
ORD002888,CUST00782,2024-10-14,Mobile App,COD,Completed
ORD002889,CUST00184,2026-04-04,Mobile App,COD,Completed
ORD002890,CUST00132,2024-10-19,Website,UPI,Completed
ORD002891,CUST00653,2024-07-31,Website,UPI,Completed
ORD002892,CUST00751,2026-05-04,Marketplace,UPI,Completed
ORD002893,CUST00575,2025-09-16,Website,Credit Card,Completed
ORD002894,CUST00327,2024-12-10,Website,UPI,Returned
ORD002895,CUST00479,2025-09-30,Website,UPI,Completed
ORD002896,CUST00221,2025-08-10,Website,COD,Completed
ORD002897,CUST00405,2024-08-12,Website,Credit Card,Completed
ORD002898,CUST00252,2025-12-09,Mobile App,Credit Card,Completed
ORD002899,CUST00022,2026-08-13,Website,Credit Card,Completed
ORD002900,CUST00712,2025-09-16,Mobile App,Credit Card,Cancelled
ORD002901,CUST00356,2024-02-28,Website,Credit Card,Completed
ORD002902,CUST00355,2026-08-22,Marketplace,Net Banking,Completed
ORD002903,CUST00999,2024-09-21,Website,UPI,Completed
ORD002904,CUST00270,2026-07-28,Website,Debit Card,Completed
ORD002905,CUST01191,2026-08-27,Mobile App,Wallet,Cancelled
ORD002906,CUST00187,2024-01-17,Website,UPI,Completed
ORD002907,CUST00272,2026-03-27,Website,COD,Completed
ORD002908,CUST00848,2026-04-13,Marketplace,UPI,Cancelled
ORD002909,CUST00209,2025-04-18,Mobile App,Credit Card,Completed
ORD002910,CUST00658,2025-05-22,Mobile App,Credit Card,Completed
ORD002911,CUST00375,2026-05-02,Marketplace,UPI,Completed
ORD002912,CUST00466,2025-07-08,Mobile App,COD,Completed
ORD002913,CUST00961,2025-11-24,Mobile App,Credit Card,Cancelled
ORD002914,CUST00369,2024-03-06,Website,Debit Card,Completed
ORD002915,CUST00703,2025-08-21,Website,Net Banking,Completed
ORD002916,CUST01039,2024-09-17,Mobile App,UPI,Completed
ORD002917,CUST00385,2024-09-12,Website,Net Banking,Completed
ORD002918,CUST00205,2024-07-09,Website,UPI,Completed
ORD002919,CUST00938,2025-06-27,Marketplace,UPI,Completed
ORD002920,CUST01133,2025-12-05,Website,COD,Completed
ORD002921,CUST00152,2025-11-16,Website,UPI,Completed
ORD002922,CUST00074,2024-10-25,Mobile App,COD,Completed
ORD002923,CUST00213,2024-12-26,Mobile App,Debit Card,Completed
ORD002924,CUST00365,2024-12-29,Mobile App,Net Banking,Cancelled
ORD002925,CUST01012,2024-04-22,Website,UPI,Cancelled
ORD002926,CUST00795,2026-08-26,Mobile App,UPI,Completed
ORD002927,CUST00335,2024-07-05,Website,Wallet,Completed
ORD002928,CUST00770,2024-04-25,Website,Debit Card,Completed
ORD002929,CUST00784,2024-09-23,Mobile App,UPI,Completed
ORD002930,CUST00004,2026-01-23,Mobile App,Wallet,Completed
ORD002931,CUST00603,2024-10-23,Website,COD,Completed
ORD002932,CUST01029,2024-11-08,Mobile App,Credit Card,Completed
ORD002933,CUST00678,2026-08-02,Website,Credit Card,Completed
ORD002934,CUST00767,2024-01-11,Mobile App,Credit Card,Completed
ORD002935,CUST00147,2024-12-23,Mobile App,COD,Completed
ORD002936,CUST00918,2025-11-29,Website,Debit Card,Cancelled
ORD002937,CUST00875,2025-02-10,Mobile App,UPI,Returned
ORD002938,CUST00649,2025-09-04,Website,UPI,Completed
ORD002939,CUST00972,2025-05-24,Website,UPI,Cancelled
ORD002940,CUST00315,2025-08-03,Website,UPI,Completed
ORD002941,CUST00172,2025-07-09,Website,Debit Card,Completed
ORD002942,CUST01173,2025-01-12,Mobile App,UPI,Completed
ORD002943,CUST00147,2024-04-29,Website,COD,Cancelled
ORD002944,CUST00448,2025-02-24,Website,Debit Card,Completed
ORD002945,CUST01192,2025-11-11,Website,Credit Card,Completed
ORD002946,CUST00316,2026-01-07,Mobile App,UPI,Completed
ORD002947,CUST00369,2024-10-30,Website,Credit Card,Completed
ORD002948,CUST01054,2024-09-22,Website,Debit Card,Completed
ORD002949,CUST00420,2024-07-18,Mobile App,UPI,Completed
ORD002950,CUST00083,2026-05-21,Website,Debit Card,Completed
ORD002951,CUST00322,2024-08-17,Website,Debit Card,Completed
ORD002952,CUST00194,2024-06-04,Marketplace,UPI,Completed
ORD002953,CUST00607,2026-02-06,Website,COD,Completed
ORD002954,CUST01103,2025-01-16,Website,Credit Card,Completed
ORD002955,CUST00823,2025-05-26,Website,UPI,Completed
ORD002956,CUST01088,2024-04-22,Website,Debit Card,Completed
ORD002957,CUST00626,2024-11-12,Mobile App,Wallet,Completed
ORD002958,CUST00796,2024-02-13,Website,COD,Cancelled
ORD002959,CUST00906,2025-05-24,Mobile App,Credit Card,Completed
ORD002960,CUST00671,2025-06-17,Mobile App,COD,Completed
ORD002961,CUST00818,2024-10-15,Mobile App,Net Banking,Completed
ORD002962,CUST00265,2025-03-21,Website,Debit Card,Completed
ORD002963,CUST00894,2024-05-24,Mobile App,UPI,Completed
ORD002964,CUST00626,2024-01-18,Mobile App,UPI,Completed
ORD002965,CUST01090,2024-09-16,Website,COD,Completed
ORD002966,CUST01047,2025-05-12,Marketplace,Debit Card,Cancelled
ORD002967,CUST00230,2026-06-05,Website,COD,Completed
ORD002968,CUST00833,2026-04-25,Mobile App,Debit Card,Completed
ORD002969,CUST01079,2025-08-12,Website,UPI,Completed
ORD002970,CUST01126,2024-04-23,Website,UPI,Completed
ORD002971,CUST00043,2025-02-23,Mobile App,Net Banking,Completed
ORD002972,CUST00012,2024-03-04,Website,UPI,Completed
ORD002973,CUST00397,2024-12-10,Mobile App,UPI,Completed
ORD002974,CUST00096,2024-11-25,Website,UPI,Completed
ORD002975,CUST00482,2025-06-26,Mobile App,UPI,Completed
ORD002976,CUST00332,2025-12-06,Marketplace,Wallet,Completed
ORD002977,CUST01157,2025-11-06,Mobile App,UPI,Completed
ORD002978,CUST00886,2025-06-30,Website,Credit Card,Completed
ORD002979,CUST00466,2024-09-06,Website,Debit Card,Cancelled
ORD002980,CUST01028,2026-06-22,Mobile App,Credit Card,Completed
ORD002981,CUST00440,2024-07-27,Mobile App,Credit Card,Completed
ORD002982,CUST00689,2025-06-01,Mobile App,COD,Returned
ORD002983,CUST00825,2026-07-23,Website,Credit Card,Completed
ORD002984,CUST00625,2025-07-19,Marketplace,UPI,Returned
ORD002985,CUST00318,2024-07-13,Mobile App,Wallet,Completed
ORD002986,CUST00313,2024-08-19,Website,Debit Card,Completed
ORD002987,CUST00716,2024-08-17,Mobile App,Credit Card,Completed
ORD002988,CUST00130,2026-05-26,Mobile App,Credit Card,Returned
ORD002989,CUST00041,2026-01-23,Website,COD,Completed
ORD002990,CUST00089,2024-04-07,Website,Debit Card,Completed
ORD002991,CUST00343,2025-08-18,Website,COD,Completed
ORD002992,CUST00546,2024-04-12,Website,UPI,Completed
ORD002993,CUST00911,2025-09-13,Marketplace,UPI,Cancelled
ORD002994,CUST00227,2025-12-12,Website,Debit Card,Completed
ORD002995,CUST00506,2025-06-30,Mobile App,Credit Card,Completed
ORD002996,CUST00035,2024-07-01,Marketplace,Wallet,Completed
ORD002997,CUST00772,2025-02-04,Website,COD,Completed
ORD002998,CUST00350,2025-01-28,Mobile App,Credit Card,Completed
ORD002999,CUST00663,2024-05-21,Website,Credit Card,Completed
ORD003000,CUST00333,2025-08-02,Website,UPI,Completed
ORD003001,CUST00019,2025-03-21,Mobile App,Net Banking,Cancelled
ORD003002,CUST00047,2025-08-16,Website,Debit Card,Completed
ORD003003,CUST00844,2025-09-24,Website,COD,Completed
ORD003004,CUST00897,2026-02-21,Mobile App,Credit Card,Completed
ORD003005,CUST01134,2024-01-04,Mobile App,Credit Card,Completed
ORD003006,CUST00523,2025-05-24,Mobile App,Net Banking,Completed
ORD003007,CUST00831,2024-10-18,Website,COD,Completed
ORD003008,CUST01033,2025-09-14,Mobile App,UPI,Completed
ORD003009,CUST00939,2024-10-22,Website,Debit Card,Completed
ORD003010,CUST01191,2026-01-20,Mobile App,Debit Card,Returned
ORD003011,CUST01197,2024-10-26,Mobile App,UPI,Completed
ORD003012,CUST00342,2026-03-22,Mobile App,Credit Card,Completed
ORD003013,CUST00670,2024-01-11,Marketplace,UPI,Cancelled
ORD003014,CUST00336,2024-02-02,Website,COD,Completed
ORD003015,CUST00594,2025-02-13,Mobile App,COD,Completed
ORD003016,CUST00367,2025-07-11,Website,Wallet,Completed
ORD003017,CUST00454,2024-04-16,Website,COD,Completed
ORD003018,CUST00085,2024-07-13,Website,Credit Card,Completed
ORD003019,CUST00486,2025-07-18,Mobile App,Net Banking,Completed
ORD003020,CUST00218,2026-05-25,Mobile App,Credit Card,Cancelled
ORD003021,CUST00306,2024-01-15,Marketplace,Credit Card,Completed
ORD003022,CUST00097,2024-01-14,Website,UPI,Completed
ORD003023,CUST00826,2025-02-03,Website,COD,Completed
ORD003024,CUST00417,2024-12-30,Website,COD,Completed
ORD003025,CUST00199,2024-10-26,Mobile App,Net Banking,Completed
ORD003026,CUST01109,2025-03-24,Mobile App,COD,Completed
ORD003027,CUST01167,2025-04-04,Website,Net Banking,Cancelled
ORD003028,CUST00040,2026-07-23,Mobile App,Debit Card,Completed
ORD003029,CUST00072,2026-06-18,Website,Debit Card,Completed
ORD003030,CUST00252,2025-01-16,Website,UPI,Completed
ORD003031,CUST00517,2026-08-30,Website,Debit Card,Completed
ORD003032,CUST00562,2025-05-10,Mobile App,COD,Completed
ORD003033,CUST00821,2026-08-09,Mobile App,Credit Card,Completed
ORD003034,CUST00774,2024-02-09,Website,Net Banking,Completed
ORD003035,CUST00705,2026-07-21,Mobile App,Credit Card,Completed
ORD003036,CUST00872,2024-11-18,Mobile App,UPI,Completed
ORD003037,CUST00017,2024-05-07,Website,UPI,Completed
ORD003038,CUST00604,2025-11-06,Website,UPI,Completed
ORD003039,CUST00797,2025-05-06,Website,Credit Card,Completed
ORD003040,CUST00457,2025-01-16,Mobile App,Credit Card,Completed
ORD003041,CUST00475,2026-04-23,Mobile App,Credit Card,Completed
ORD003042,CUST00281,2024-03-24,Website,Net Banking,Completed
ORD003043,CUST00116,2024-06-19,Website,UPI,Completed
ORD003044,CUST00188,2024-07-08,Marketplace,UPI,Completed
ORD003045,CUST00486,2025-04-28,Marketplace,Debit Card,Completed
ORD003046,CUST01014,2025-04-19,Website,Net Banking,Completed
ORD003047,CUST00505,2025-07-12,Mobile App,Debit Card,Completed
ORD003048,CUST01135,2024-11-24,Website,UPI,Completed
ORD003049,CUST00710,2024-06-23,Website,Wallet,Completed
ORD003050,CUST01029,2024-04-28,Website,Credit Card,Completed
ORD003051,CUST00113,2024-03-09,Website,UPI,Completed
ORD003052,CUST00744,2024-02-18,Website,UPI,Completed
ORD003053,CUST00552,2024-11-10,Website,Net Banking,Completed
ORD003054,CUST00290,2024-12-31,Website,COD,Completed
ORD003055,CUST00606,2026-05-23,Website,Wallet,Completed
ORD003056,CUST01190,2024-12-30,Website,Wallet,Completed
ORD003057,CUST00533,2024-07-23,Website,COD,Completed
ORD003058,CUST00474,2024-12-07,Website,Debit Card,Completed
ORD003059,CUST01086,2024-05-07,Website,UPI,Completed
ORD003060,CUST00412,2025-12-05,Website,Debit Card,Cancelled
ORD003061,CUST00875,2024-07-05,Marketplace,Credit Card,Completed
ORD003062,CUST00359,2026-06-29,Mobile App,Debit Card,Completed
ORD003063,CUST00983,2024-06-27,Mobile App,UPI,Completed
ORD003064,CUST00891,2025-07-22,Website,Net Banking,Completed
ORD003065,CUST00912,2024-05-05,Mobile App,Credit Card,Completed
ORD003066,CUST00671,2024-08-05,Mobile App,Credit Card,Completed
ORD003067,CUST00103,2025-06-08,Website,Debit Card,Completed
ORD003068,CUST00980,2025-03-11,Website,UPI,Completed
ORD003069,CUST00982,2024-03-30,Website,Credit Card,Completed
ORD003070,CUST00815,2026-04-08,Mobile App,UPI,Completed
ORD003071,CUST00812,2024-08-02,Website,Debit Card,Completed
ORD003072,CUST00881,2025-01-20,Website,COD,Completed
ORD003073,CUST01178,2025-08-24,Mobile App,UPI,Completed
ORD003074,CUST01091,2024-02-19,Mobile App,Credit Card,Completed
ORD003075,CUST01089,2024-01-18,Marketplace,Wallet,Completed
ORD003076,CUST00336,2024-12-14,Website,UPI,Completed
ORD003077,CUST01070,2025-11-10,Website,Credit Card,Completed
ORD003078,CUST00568,2025-02-03,Mobile App,Credit Card,Completed
ORD003079,CUST00938,2025-09-26,Mobile App,Credit Card,Completed
ORD003080,CUST00760,2026-06-16,Mobile App,COD,Completed
ORD003081,CUST01170,2025-12-28,Website,Credit Card,Returned
ORD003082,CUST00228,2026-01-29,Mobile App,UPI,Completed
ORD003083,CUST01196,2025-03-27,Website,Debit Card,Completed
ORD003084,CUST00152,2025-11-09,Mobile App,Credit Card,Completed
ORD003085,CUST00926,2025-10-16,Mobile App,Credit Card,Cancelled
ORD003086,CUST01190,2026-02-07,Mobile App,COD,Completed
ORD003087,CUST00203,2024-12-02,Mobile App,Wallet,Completed
ORD003088,CUST00328,2025-05-23,Mobile App,Credit Card,Completed
ORD003089,CUST00374,2024-03-25,Mobile App,Debit Card,Completed
ORD003090,CUST00700,2025-05-29,Mobile App,Wallet,Completed
ORD003091,CUST01184,2024-03-24,Website,COD,Completed
ORD003092,CUST00164,2025-07-05,Website,COD,Completed
ORD003093,CUST00047,2026-06-27,Mobile App,Debit Card,Cancelled
ORD003094,CUST01174,2026-05-13,Mobile App,UPI,Completed
ORD003095,CUST01182,2025-04-24,Website,Credit Card,Completed
ORD003096,CUST00867,2025-03-11,Mobile App,UPI,Completed
ORD003097,CUST00642,2024-04-01,Mobile App,Debit Card,Completed
ORD003098,CUST00952,2026-01-09,Marketplace,UPI,Completed
ORD003099,CUST00400,2024-11-22,Website,Credit Card,Completed
ORD003100,CUST00250,2024-05-04,Mobile App,Wallet,Completed
ORD003101,CUST01091,2024-09-11,Website,Debit Card,Completed
ORD003102,CUST00646,2024-05-17,Website,UPI,Completed
ORD003103,CUST00121,2025-08-10,Mobile App,Credit Card,Completed
ORD003104,CUST01029,2024-04-13,Mobile App,UPI,Completed
ORD003105,CUST00278,2026-06-19,Website,Net Banking,Completed
ORD003106,CUST00703,2024-03-12,Marketplace,Wallet,Completed
ORD003107,CUST00777,2024-07-29,Mobile App,UPI,Completed
ORD003108,CUST00715,2024-08-10,Website,Debit Card,Completed
ORD003109,CUST00724,2024-08-02,Website,Debit Card,Completed
ORD003110,CUST00684,2025-10-03,Mobile App,COD,Returned
ORD003111,CUST00882,2026-05-11,Website,Debit Card,Completed
ORD003112,CUST00505,2025-11-12,Website,Credit Card,Completed
ORD003113,CUST00491,2025-01-19,Mobile App,Debit Card,Completed
ORD003114,CUST00237,2026-03-19,Website,Credit Card,Completed
ORD003115,CUST00088,2025-11-26,Mobile App,Wallet,Cancelled
ORD003116,CUST00996,2025-04-27,Website,UPI,Completed
ORD003117,CUST00864,2025-08-31,Marketplace,Debit Card,Completed
ORD003118,CUST00511,2024-12-17,Website,Credit Card,Completed
ORD003119,CUST00526,2024-09-18,Website,Net Banking,Completed
ORD003120,CUST00215,2024-02-05,Mobile App,Net Banking,Returned
ORD003121,CUST00420,2024-11-27,Website,COD,Completed
ORD003122,CUST00839,2024-11-02,Mobile App,UPI,Completed
ORD003123,CUST00077,2024-05-07,Website,Debit Card,Completed
ORD003124,CUST00439,2025-05-17,Website,UPI,Completed
ORD003125,CUST00276,2025-03-08,Marketplace,Credit Card,Completed
ORD003126,CUST00531,2025-10-10,Mobile App,Credit Card,Completed
ORD003127,CUST00471,2025-08-15,Mobile App,Wallet,Cancelled
ORD003128,CUST00844,2025-08-12,Mobile App,UPI,Completed
ORD003129,CUST00008,2024-09-23,Mobile App,UPI,Completed
ORD003130,CUST00570,2026-05-28,Marketplace,Credit Card,Completed
ORD003131,CUST00656,2026-06-11,Mobile App,Credit Card,Completed
ORD003132,CUST00674,2024-08-30,Mobile App,COD,Completed
ORD003133,CUST00253,2025-05-17,Website,COD,Completed
ORD003134,CUST01133,2025-03-11,Marketplace,COD,Completed
ORD003135,CUST00786,2026-02-14,Mobile App,Wallet,Completed
ORD003136,CUST00072,2026-02-23,Website,COD,Completed
ORD003137,CUST01071,2026-02-17,Marketplace,Credit Card,Completed
ORD003138,CUST00908,2025-04-26,Mobile App,Credit Card,Completed
ORD003139,CUST00480,2026-01-19,Website,Credit Card,Completed
ORD003140,CUST00515,2024-01-15,Website,Net Banking,Completed
ORD003141,CUST00231,2025-09-29,Marketplace,Credit Card,Completed
ORD003142,CUST00859,2025-10-14,Marketplace,UPI,Completed
ORD003143,CUST00715,2024-05-16,Website,UPI,Completed
ORD003144,CUST00139,2024-09-25,Mobile App,UPI,Cancelled
ORD003145,CUST00175,2026-07-04,Mobile App,Net Banking,Completed
ORD003146,CUST00275,2025-04-17,Website,Net Banking,Completed
ORD003147,CUST01014,2024-02-27,Mobile App,Wallet,Completed
ORD003148,CUST00441,2025-08-01,Website,Credit Card,Completed
ORD003149,CUST01129,2026-05-10,Mobile App,UPI,Completed
ORD003150,CUST00634,2025-09-22,Website,Debit Card,Completed
ORD003151,CUST00568,2026-02-07,Mobile App,Credit Card,Completed
ORD003152,CUST01143,2026-01-23,Website,Net Banking,Returned
ORD003153,CUST01177,2026-06-05,Website,UPI,Completed
ORD003154,CUST00612,2025-05-22,Mobile App,UPI,Completed
ORD003155,CUST00439,2026-05-02,Website,UPI,Completed
ORD003156,CUST00106,2025-09-28,Website,Credit Card,Completed
ORD003157,CUST00782,2024-04-11,Website,Credit Card,Completed
ORD003158,CUST00919,2025-02-12,Mobile App,UPI,Returned
ORD003159,CUST00072,2024-06-04,Website,Credit Card,Completed
ORD003160,CUST00849,2025-02-04,Mobile App,UPI,Completed
ORD003161,CUST01114,2025-02-23,Mobile App,UPI,Completed
ORD003162,CUST00642,2025-09-11,Website,UPI,Completed
ORD003163,CUST01154,2024-12-07,Marketplace,UPI,Completed
ORD003164,CUST00946,2025-09-22,Website,Net Banking,Completed
ORD003165,CUST00352,2025-04-07,Website,UPI,Completed
ORD003166,CUST01160,2025-01-24,Website,Credit Card,Cancelled
ORD003167,CUST00799,2025-11-01,Website,UPI,Completed
ORD003168,CUST00520,2026-04-23,Website,COD,Completed
ORD003169,CUST00835,2026-01-31,Mobile App,COD,Completed
ORD003170,CUST01121,2024-06-20,Mobile App,COD,Completed
ORD003171,CUST00932,2024-01-07,Website,UPI,Completed
ORD003172,CUST00462,2024-05-28,Mobile App,Credit Card,Completed
ORD003173,CUST00270,2026-07-13,Website,UPI,Completed
ORD003174,CUST00296,2024-01-16,Website,UPI,Completed
ORD003175,CUST00169,2026-02-12,Website,Net Banking,Returned
ORD003176,CUST00035,2026-01-17,Mobile App,Credit Card,Completed
ORD003177,CUST00972,2026-03-27,Mobile App,Credit Card,Completed
ORD003178,CUST00375,2025-11-21,Website,Debit Card,Completed
ORD003179,CUST00268,2024-08-18,Website,UPI,Completed
ORD003180,CUST00615,2026-04-17,Mobile App,UPI,Returned
ORD003181,CUST00554,2024-05-17,Marketplace,Wallet,Completed
ORD003182,CUST00719,2025-07-07,Website,UPI,Completed
ORD003183,CUST00227,2025-08-11,Website,COD,Completed
ORD003184,CUST00187,2026-05-11,Website,Credit Card,Cancelled
ORD003185,CUST00585,2026-02-14,Mobile App,Wallet,Cancelled
ORD003186,CUST00981,2024-09-18,Mobile App,Wallet,Cancelled
ORD003187,CUST00863,2025-06-10,Website,Credit Card,Returned
ORD003188,CUST00020,2026-07-18,Website,UPI,Completed
ORD003189,CUST01047,2024-01-25,Mobile App,Credit Card,Completed
ORD003190,CUST01157,2024-03-31,Website,UPI,Completed
ORD003191,CUST01162,2026-05-16,Website,Credit Card,Completed
ORD003192,CUST01170,2025-02-17,Mobile App,Net Banking,Returned
ORD003193,CUST00413,2026-02-25,Website,COD,Completed
ORD003194,CUST00405,2026-05-03,Mobile App,COD,Completed
ORD003195,CUST01045,2024-10-02,Website,Credit Card,Returned
ORD003196,CUST00324,2025-05-31,Website,Debit Card,Completed
ORD003197,CUST00562,2024-11-22,Website,UPI,Completed
ORD003198,CUST00136,2024-06-21,Marketplace,UPI,Completed
ORD003199,CUST00304,2025-12-03,Mobile App,Credit Card,Completed
ORD003200,CUST00427,2026-06-18,Mobile App,UPI,Completed
ORD003201,CUST01063,2025-07-15,Website,Wallet,Completed
ORD003202,CUST00929,2025-02-16,Website,UPI,Completed
ORD003203,CUST01068,2025-06-12,Mobile App,Net Banking,Returned
ORD003204,CUST00517,2024-05-04,Website,Wallet,Completed
ORD003205,CUST00190,2026-05-26,Website,Net Banking,Completed
ORD003206,CUST00482,2026-04-20,Website,Credit Card,Returned
ORD003207,CUST01192,2026-01-29,Mobile App,COD,Completed
ORD003208,CUST00092,2025-04-15,Website,Debit Card,Completed
ORD003209,CUST01113,2024-11-03,Marketplace,COD,Returned
ORD003210,CUST01122,2026-06-06,Website,COD,Completed
ORD003211,CUST00104,2024-02-11,Website,Debit Card,Completed
ORD003212,CUST01055,2025-08-26,Website,UPI,Completed
ORD003213,CUST00199,2026-06-30,Mobile App,UPI,Completed
ORD003214,CUST00197,2026-08-09,Mobile App,UPI,Completed
ORD003215,CUST01138,2025-09-10,Mobile App,Net Banking,Completed
ORD003216,CUST01175,2024-05-24,Marketplace,Credit Card,Returned
ORD003217,CUST00533,2024-07-12,Mobile App,Debit Card,Completed
ORD003218,CUST00664,2024-07-27,Mobile App,UPI,Completed
ORD003219,CUST00659,2025-04-02,Website,Debit Card,Completed
ORD003220,CUST01192,2024-10-17,Mobile App,UPI,Completed
ORD003221,CUST00304,2025-03-28,Mobile App,UPI,Completed
ORD003222,CUST00033,2024-09-30,Mobile App,Net Banking,Completed
ORD003223,CUST01039,2024-04-03,Website,UPI,Completed
ORD003224,CUST00592,2025-04-02,Marketplace,UPI,Cancelled
ORD003225,CUST00069,2024-05-24,Mobile App,Credit Card,Completed
ORD003226,CUST00666,2024-09-25,Marketplace,Credit Card,Completed
ORD003227,CUST00395,2025-01-02,Website,UPI,Returned
ORD003228,CUST00931,2024-12-18,Website,Credit Card,Completed
ORD003229,CUST01147,2024-04-06,Marketplace,Debit Card,Completed
ORD003230,CUST00238,2025-07-16,Mobile App,COD,Completed
ORD003231,CUST00671,2026-03-16,Website,UPI,Completed
ORD003232,CUST00815,2026-07-02,Website,UPI,Completed
ORD003233,CUST00449,2024-06-26,Website,Credit Card,Completed
ORD003234,CUST00262,2024-03-28,Mobile App,Credit Card,Completed
ORD003235,CUST00184,2024-01-31,Mobile App,Net Banking,Completed
ORD003236,CUST00261,2026-07-14,Mobile App,COD,Completed
ORD003237,CUST00719,2024-03-11,Website,UPI,Cancelled
ORD003238,CUST01091,2026-08-27,Mobile App,UPI,Completed
ORD003239,CUST00666,2025-03-21,Website,Wallet,Cancelled
ORD003240,CUST00530,2026-07-24,Website,Net Banking,Returned
ORD003241,CUST00364,2024-11-08,Mobile App,COD,Completed
ORD003242,CUST00615,2024-08-12,Website,COD,Completed
ORD003243,CUST00682,2024-03-31,Website,Credit Card,Completed
ORD003244,CUST00420,2026-03-28,Marketplace,Credit Card,Completed
ORD003245,CUST00482,2024-09-22,Website,COD,Completed
ORD003246,CUST01096,2025-02-23,Website,COD,Completed
ORD003247,CUST00259,2026-02-06,Mobile App,Debit Card,Completed
ORD003248,CUST00008,2025-04-08,Website,Wallet,Completed
ORD003249,CUST00720,2025-01-31,Marketplace,Wallet,Returned
ORD003250,CUST00267,2026-05-26,Website,UPI,Cancelled
ORD003251,CUST00906,2026-06-19,Mobile App,Credit Card,Completed
ORD003252,CUST00553,2025-06-06,Mobile App,Credit Card,Completed
ORD003253,CUST00327,2024-03-23,Mobile App,Debit Card,Completed
ORD003254,CUST00846,2024-02-07,Marketplace,UPI,Completed
ORD003255,CUST01159,2025-05-27,Website,Credit Card,Completed
ORD003256,CUST00642,2024-08-28,Mobile App,Wallet,Completed
ORD003257,CUST00859,2024-11-10,Mobile App,Net Banking,Completed
ORD003258,CUST00227,2026-08-28,Website,Credit Card,Completed
ORD003259,CUST00518,2026-05-13,Mobile App,Net Banking,Completed
ORD003260,CUST01178,2024-09-19,Mobile App,UPI,Completed
ORD003261,CUST00567,2025-12-08,Mobile App,Debit Card,Completed
ORD003262,CUST00208,2024-05-06,Mobile App,Debit Card,Completed
ORD003263,CUST01128,2025-07-13,Website,UPI,Completed
ORD003264,CUST00879,2026-05-27,Website,UPI,Completed
ORD003265,CUST00589,2026-03-18,Website,COD,Completed
ORD003266,CUST00133,2026-01-11,Mobile App,UPI,Completed
ORD003267,CUST00048,2025-07-03,Marketplace,Credit Card,Cancelled
ORD003268,CUST00712,2024-01-19,Mobile App,Wallet,Returned
ORD003269,CUST00187,2024-07-05,Website,COD,Completed
ORD003270,CUST00572,2025-11-03,Website,Net Banking,Completed
ORD003271,CUST00243,2024-01-31,Mobile App,UPI,Completed
ORD003272,CUST01082,2026-08-31,Website,Wallet,Completed
ORD003273,CUST00206,2024-05-25,Mobile App,Debit Card,Completed
ORD003274,CUST00120,2024-02-24,Website,UPI,Completed
ORD003275,CUST00915,2024-04-17,Mobile App,Debit Card,Completed
ORD003276,CUST00165,2024-02-20,Website,UPI,Returned
ORD003277,CUST00610,2024-08-02,Marketplace,Credit Card,Completed
ORD003278,CUST01017,2024-04-19,Mobile App,Debit Card,Completed
ORD003279,CUST01137,2025-10-29,Website,Wallet,Completed
ORD003280,CUST00795,2025-10-07,Mobile App,UPI,Returned
ORD003281,CUST00105,2024-12-29,Mobile App,UPI,Completed
ORD003282,CUST00956,2024-10-18,Mobile App,Credit Card,Completed
ORD003283,CUST00247,2024-01-10,Website,COD,Completed
ORD003284,CUST01086,2024-12-11,Website,UPI,Completed
ORD003285,CUST01144,2024-06-19,Mobile App,COD,Completed
ORD003286,CUST00008,2026-02-01,Website,Net Banking,Completed
ORD003287,CUST00465,2024-02-27,Website,COD,Completed
ORD003288,CUST01132,2024-01-29,Mobile App,UPI,Completed
ORD003289,CUST00317,2026-05-04,Website,UPI,Completed
ORD003290,CUST00787,2026-02-15,Website,Credit Card,Completed
ORD003291,CUST00994,2024-07-21,Website,UPI,Completed
ORD003292,CUST01147,2025-03-05,Mobile App,COD,Completed
ORD003293,CUST00588,2026-03-28,Mobile App,Debit Card,Completed
ORD003294,CUST00721,2025-01-10,Website,COD,Completed
ORD003295,CUST00527,2024-06-22,Mobile App,Credit Card,Completed
ORD003296,CUST00437,2024-05-18,Mobile App,COD,Completed
ORD003297,CUST00249,2026-04-24,Website,UPI,Returned
ORD003298,CUST00784,2025-09-08,Mobile App,Wallet,Completed
ORD003299,CUST00967,2025-11-13,Website,Wallet,Completed
ORD003300,CUST00136,2024-12-31,Website,Net Banking,Completed
ORD003301,CUST00747,2026-05-20,Mobile App,COD,Returned
ORD003302,CUST00660,2024-04-01,Website,UPI,Completed
ORD003303,CUST00298,2024-11-01,Website,UPI,Cancelled
ORD003304,CUST00405,2024-08-10,Website,COD,Returned
ORD003305,CUST01071,2025-10-26,Mobile App,COD,Completed
ORD003306,CUST00434,2026-05-18,Mobile App,Net Banking,Completed
ORD003307,CUST00455,2026-06-05,Mobile App,Credit Card,Completed
ORD003308,CUST00136,2025-05-30,Website,UPI,Cancelled
ORD003309,CUST00871,2026-01-26,Mobile App,Wallet,Completed
ORD003310,CUST00469,2024-11-19,Website,UPI,Cancelled
ORD003311,CUST00976,2025-01-21,Mobile App,Net Banking,Completed
ORD003312,CUST00596,2025-02-01,Website,Wallet,Completed
ORD003313,CUST00676,2026-06-07,Website,Debit Card,Completed
ORD003314,CUST00035,2024-11-29,Mobile App,COD,Completed
ORD003315,CUST00862,2025-05-25,Website,COD,Completed
ORD003316,CUST01199,2026-04-19,Mobile App,Wallet,Completed
ORD003317,CUST00506,2025-04-28,Mobile App,Credit Card,Completed
ORD003318,CUST00228,2026-06-03,Website,Net Banking,Cancelled
ORD003319,CUST01010,2026-07-18,Website,UPI,Completed
ORD003320,CUST01153,2025-01-16,Website,UPI,Completed
ORD003321,CUST00771,2024-06-07,Mobile App,Debit Card,Completed
ORD003322,CUST00946,2026-04-11,Website,Net Banking,Completed
ORD003323,CUST00600,2024-10-29,Website,Net Banking,Returned
ORD003324,CUST00574,2026-03-01,Website,Credit Card,Completed
ORD003325,CUST00133,2025-01-01,Website,UPI,Completed
ORD003326,CUST01025,2026-04-26,Website,Credit Card,Completed
ORD003327,CUST00985,2026-02-11,Mobile App,Debit Card,Completed
ORD003328,CUST00126,2025-11-11,Website,Credit Card,Completed
ORD003329,CUST01086,2024-08-21,Website,UPI,Completed
ORD003330,CUST00150,2026-04-21,Mobile App,Credit Card,Completed
ORD003331,CUST00371,2025-04-15,Website,UPI,Completed
ORD003332,CUST00808,2024-09-22,Mobile App,Credit Card,Completed
ORD003333,CUST00381,2025-04-06,Mobile App,Wallet,Returned
ORD003334,CUST00854,2025-04-04,Website,UPI,Completed
ORD003335,CUST00773,2026-07-02,Mobile App,UPI,Returned
ORD003336,CUST00423,2026-05-30,Marketplace,UPI,Completed
ORD003337,CUST00822,2026-07-31,Website,Net Banking,Completed
ORD003338,CUST00447,2024-05-08,Mobile App,Credit Card,Completed
ORD003339,CUST00107,2025-05-01,Website,Debit Card,Completed
ORD003340,CUST01059,2024-09-26,Marketplace,Credit Card,Completed
ORD003341,CUST00479,2025-11-26,Website,Net Banking,Completed
ORD003342,CUST00482,2026-03-07,Website,Credit Card,Completed
ORD003343,CUST00297,2025-06-21,Website,Debit Card,Completed
ORD003344,CUST00671,2026-07-15,Mobile App,Credit Card,Returned
ORD003345,CUST00019,2026-03-06,Website,Net Banking,Completed
ORD003346,CUST00923,2025-02-25,Website,Credit Card,Completed
ORD003347,CUST01024,2025-04-19,Mobile App,Credit Card,Completed
ORD003348,CUST00158,2026-05-20,Mobile App,COD,Completed
ORD003349,CUST01080,2026-03-11,Website,Wallet,Completed
ORD003350,CUST00825,2026-05-30,Mobile App,UPI,Completed
ORD003351,CUST00123,2024-07-03,Mobile App,UPI,Completed
ORD003352,CUST00212,2025-05-08,Website,UPI,Completed
ORD003353,CUST01004,2025-01-14,Website,UPI,Completed
ORD003354,CUST00337,2025-03-09,Website,Credit Card,Completed
ORD003355,CUST00762,2025-07-10,Website,UPI,Completed
ORD003356,CUST01134,2025-08-13,Website,Credit Card,Returned
ORD003357,CUST00871,2026-05-05,Marketplace,UPI,Completed
ORD003358,CUST00367,2026-04-05,Website,COD,Completed
ORD003359,CUST01126,2025-08-05,Website,COD,Cancelled
ORD003360,CUST00815,2024-07-07,Website,Wallet,Completed
ORD003361,CUST00052,2025-07-13,Mobile App,Credit Card,Cancelled
ORD003362,CUST00040,2026-02-16,Marketplace,Wallet,Completed
ORD003363,CUST00398,2026-08-04,Website,Net Banking,Cancelled
ORD003364,CUST00023,2025-12-02,Marketplace,Credit Card,Completed
ORD003365,CUST00847,2024-07-08,Mobile App,UPI,Cancelled
ORD003366,CUST01183,2025-01-20,Website,UPI,Completed
ORD003367,CUST01154,2024-06-12,Website,Credit Card,Returned
ORD003368,CUST01138,2026-07-26,Website,UPI,Completed
ORD003369,CUST00815,2026-01-29,Mobile App,Credit Card,Completed
ORD003370,CUST00717,2026-06-21,Mobile App,Debit Card,Returned
ORD003371,CUST00223,2024-11-28,Mobile App,UPI,Completed
ORD003372,CUST00947,2024-05-10,Mobile App,COD,Completed
ORD003373,CUST00179,2025-07-07,Website,Debit Card,Completed
ORD003374,CUST00713,2024-08-15,Mobile App,Credit Card,Completed
ORD003375,CUST00880,2026-04-16,Website,Wallet,Completed
ORD003376,CUST00810,2025-04-08,Mobile App,Wallet,Completed
ORD003377,CUST01133,2024-06-19,Mobile App,Credit Card,Completed
ORD003378,CUST00543,2025-05-15,Mobile App,Debit Card,Completed
ORD003379,CUST00002,2025-04-08,Website,Debit Card,Completed
ORD003380,CUST00858,2024-01-03,Mobile App,COD,Completed
ORD003381,CUST00045,2026-05-16,Website,Debit Card,Completed
ORD003382,CUST00212,2026-08-02,Mobile App,Wallet,Completed
ORD003383,CUST00340,2024-02-17,Website,UPI,Completed
ORD003384,CUST00613,2026-04-25,Mobile App,UPI,Completed
ORD003385,CUST01111,2024-09-22,Mobile App,UPI,Completed
ORD003386,CUST00322,2026-07-09,Website,UPI,Completed
ORD003387,CUST00344,2024-01-07,Website,UPI,Completed
ORD003388,CUST00679,2025-01-18,Website,COD,Completed
ORD003389,CUST00464,2026-06-24,Marketplace,Credit Card,Completed
ORD003390,CUST00069,2025-11-30,Website,Credit Card,Completed
ORD003391,CUST01148,2025-07-21,Website,Wallet,Completed
ORD003392,CUST00503,2026-02-12,Website,UPI,Completed
ORD003393,CUST00335,2025-02-07,Mobile App,UPI,Completed
ORD003394,CUST00711,2024-01-28,Mobile App,Net Banking,Returned
ORD003395,CUST00251,2024-08-24,Website,COD,Completed
ORD003396,CUST00186,2024-10-03,Website,Debit Card,Completed
ORD003397,CUST00805,2024-12-07,Website,COD,Completed
ORD003398,CUST00116,2024-05-17,Website,UPI,Completed
ORD003399,CUST00155,2024-07-21,Website,Credit Card,Completed
ORD003400,CUST00135,2024-06-12,Marketplace,Credit Card,Completed
ORD003401,CUST00550,2026-06-06,Mobile App,Debit Card,Cancelled
ORD003402,CUST00201,2024-12-16,Mobile App,UPI,Completed
ORD003403,CUST00470,2025-12-20,Website,Credit Card,Completed
ORD003404,CUST00868,2024-05-11,Mobile App,UPI,Completed
ORD003405,CUST01042,2025-11-14,Mobile App,Credit Card,Completed
ORD003406,CUST00291,2026-07-07,Mobile App,COD,Completed
ORD003407,CUST00469,2025-04-04,Website,Debit Card,Completed
ORD003408,CUST01092,2026-01-29,Marketplace,Credit Card,Completed
ORD003409,CUST00392,2024-03-03,Website,UPI,Completed
ORD003410,CUST00680,2024-08-23,Website,Credit Card,Completed
ORD003411,CUST00286,2026-01-07,Website,Debit Card,Completed
ORD003412,CUST00102,2025-11-13,Website,Credit Card,Cancelled
ORD003413,CUST00287,2025-04-17,Website,Debit Card,Completed
ORD003414,CUST00515,2025-12-10,Mobile App,UPI,Completed
ORD003415,CUST00484,2025-07-12,Mobile App,UPI,Completed
ORD003416,CUST01106,2024-11-25,Mobile App,Debit Card,Completed
ORD003417,CUST00620,2024-01-08,Mobile App,Credit Card,Completed
ORD003418,CUST00783,2025-05-19,Mobile App,UPI,Completed
ORD003419,CUST00349,2024-08-28,Mobile App,COD,Completed
ORD003420,CUST00734,2024-04-07,Mobile App,COD,Completed
ORD003421,CUST01112,2025-04-23,Mobile App,COD,Completed
ORD003422,CUST01065,2026-06-23,Website,Credit Card,Completed
ORD003423,CUST01080,2026-01-22,Mobile App,Wallet,Completed
ORD003424,CUST00657,2026-03-04,Mobile App,Net Banking,Completed
ORD003425,CUST00353,2025-02-18,Website,Credit Card,Completed
ORD003426,CUST01198,2024-05-08,Mobile App,Credit Card,Cancelled
ORD003427,CUST00654,2026-06-01,Mobile App,UPI,Completed
ORD003428,CUST01138,2024-06-21,Website,UPI,Completed
ORD003429,CUST00218,2026-02-12,Mobile App,Credit Card,Completed
ORD003430,CUST00831,2026-08-14,Website,COD,Completed
ORD003431,CUST01132,2024-06-25,Website,Debit Card,Completed
ORD003432,CUST00027,2024-07-03,Website,COD,Completed
ORD003433,CUST00561,2024-09-08,Website,Debit Card,Completed
ORD003434,CUST00028,2024-01-12,Mobile App,Debit Card,Completed
ORD003435,CUST00909,2026-05-01,Website,Credit Card,Completed
ORD003436,CUST00702,2026-07-29,Mobile App,UPI,Completed
ORD003437,CUST00398,2025-03-16,Website,Credit Card,Completed
ORD003438,CUST00039,2024-02-10,Mobile App,Debit Card,Completed
ORD003439,CUST00173,2026-02-17,Mobile App,UPI,Completed
ORD003440,CUST00364,2025-07-05,Website,Credit Card,Completed
ORD003441,CUST00456,2024-03-29,Website,UPI,Completed
ORD003442,CUST01084,2024-01-22,Website,Credit Card,Completed
ORD003443,CUST00576,2025-02-13,Website,COD,Completed
ORD003444,CUST00113,2026-04-30,Website,Credit Card,Completed
ORD003445,CUST00448,2024-10-15,Mobile App,Net Banking,Completed
ORD003446,CUST01173,2024-01-16,Website,Credit Card,Completed
ORD003447,CUST00185,2025-03-09,Website,Credit Card,Completed
ORD003448,CUST00228,2024-08-16,Website,COD,Completed
ORD003449,CUST00235,2025-02-24,Website,COD,Completed
ORD003450,CUST00191,2024-10-16,Marketplace,Credit Card,Returned
ORD003451,CUST00204,2026-01-02,Website,UPI,Completed
ORD003452,CUST00403,2024-04-29,Website,Credit Card,Completed
ORD003453,CUST01072,2025-02-01,Website,COD,Cancelled
ORD003454,CUST00065,2026-02-09,Website,Net Banking,Completed
ORD003455,CUST00599,2025-09-10,Website,COD,Completed
ORD003456,CUST00878,2026-06-20,Mobile App,Credit Card,Completed
ORD003457,CUST01048,2024-04-12,Mobile App,UPI,Completed
ORD003458,CUST01013,2026-05-16,Mobile App,Debit Card,Completed
ORD003459,CUST00375,2025-12-15,Website,UPI,Completed
ORD003460,CUST00631,2025-03-31,Website,UPI,Completed
ORD003461,CUST00449,2024-06-21,Website,Credit Card,Completed
ORD003462,CUST01027,2024-07-20,Mobile App,Debit Card,Completed
ORD003463,CUST00023,2026-02-18,Website,COD,Completed
ORD003464,CUST00462,2025-01-13,Website,Net Banking,Completed
ORD003465,CUST00085,2025-08-04,Website,Credit Card,Completed
ORD003466,CUST00546,2025-03-20,Website,UPI,Returned
ORD003467,CUST00695,2025-09-01,Website,COD,Completed
ORD003468,CUST00987,2024-11-16,Mobile App,UPI,Completed
ORD003469,CUST00571,2026-01-13,Website,Wallet,Completed
ORD003470,CUST00067,2026-05-05,Mobile App,UPI,Completed
ORD003471,CUST00876,2024-09-25,Website,Credit Card,Completed
ORD003472,CUST00193,2025-02-24,Website,Credit Card,Returned
ORD003473,CUST00537,2025-06-19,Website,Credit Card,Completed
ORD003474,CUST00169,2025-01-19,Mobile App,Credit Card,Completed
ORD003475,CUST00720,2026-05-26,Mobile App,UPI,Completed
ORD003476,CUST00270,2025-04-23,Mobile App,Credit Card,Completed
ORD003477,CUST00138,2025-07-20,Website,Credit Card,Completed
ORD003478,CUST00764,2025-06-15,Mobile App,Net Banking,Completed
ORD003479,CUST00123,2026-08-18,Website,Credit Card,Completed
ORD003480,CUST00226,2025-08-13,Website,Credit Card,Completed
ORD003481,CUST00931,2025-12-15,Mobile App,Wallet,Completed
ORD003482,CUST00484,2024-10-24,Website,Net Banking,Completed
ORD003483,CUST00075,2024-12-11,Website,UPI,Completed
ORD003484,CUST01043,2025-03-11,Website,UPI,Completed
ORD003485,CUST00433,2025-03-26,Website,Credit Card,Completed
ORD003486,CUST00247,2026-06-27,Mobile App,UPI,Completed
ORD003487,CUST00841,2025-03-06,Mobile App,Credit Card,Completed
ORD003488,CUST00167,2024-10-14,Mobile App,Net Banking,Completed
ORD003489,CUST01039,2025-10-24,Website,UPI,Completed
ORD003490,CUST00096,2025-11-23,Website,Net Banking,Completed
ORD003491,CUST00624,2024-07-28,Mobile App,UPI,Completed
ORD003492,CUST01032,2025-09-24,Mobile App,COD,Completed
ORD003493,CUST00645,2026-05-14,Mobile App,Debit Card,Completed
ORD003494,CUST00620,2026-05-14,Mobile App,UPI,Completed
ORD003495,CUST00121,2025-04-11,Website,Wallet,Completed
ORD003496,CUST00160,2025-12-17,Mobile App,Credit Card,Completed
ORD003497,CUST00834,2024-01-31,Website,UPI,Completed
ORD003498,CUST00824,2024-03-12,Mobile App,Debit Card,Returned
ORD003499,CUST00031,2026-07-06,Website,COD,Completed
ORD003500,CUST01043,2024-06-30,Mobile App,UPI,Returned
ORD003501,CUST01099,2026-04-15,Marketplace,Credit Card,Completed
ORD003502,CUST00662,2025-03-04,Marketplace,Net Banking,Completed
ORD003503,CUST00950,2024-08-26,Website,Net Banking,Cancelled
ORD003504,CUST00867,2025-06-30,Mobile App,Credit Card,Completed
ORD003505,CUST00598,2025-02-18,Website,UPI,Completed
ORD003506,CUST00481,2025-07-02,Marketplace,UPI,Completed
ORD003507,CUST00620,2024-11-30,Mobile App,Debit Card,Completed
ORD003508,CUST00579,2024-04-25,Website,Debit Card,Returned
ORD003509,CUST00055,2025-04-05,Marketplace,Debit Card,Completed
ORD003510,CUST01104,2024-12-14,Website,UPI,Completed
ORD003511,CUST01087,2025-09-13,Website,COD,Completed
ORD003512,CUST01050,2026-07-23,Mobile App,UPI,Completed
ORD003513,CUST00112,2026-04-11,Mobile App,Wallet,Completed
ORD003514,CUST00155,2026-04-21,Website,Debit Card,Completed
ORD003515,CUST00012,2025-05-29,Website,Credit Card,Completed
ORD003516,CUST00455,2025-11-10,Mobile App,Credit Card,Completed
ORD003517,CUST00107,2025-08-16,Website,Debit Card,Completed
ORD003518,CUST01190,2026-03-01,Marketplace,Debit Card,Cancelled
ORD003519,CUST01047,2025-10-31,Website,UPI,Returned
ORD003520,CUST00095,2026-03-04,Website,UPI,Completed
ORD003521,CUST00845,2024-06-08,Mobile App,UPI,Cancelled
ORD003522,CUST00064,2024-07-27,Website,Debit Card,Completed
ORD003523,CUST00135,2026-07-08,Website,Credit Card,Completed
ORD003524,CUST00850,2025-09-07,Mobile App,Debit Card,Completed
ORD003525,CUST00613,2026-05-02,Mobile App,Credit Card,Returned
ORD003526,CUST00040,2025-11-07,Website,Credit Card,Completed
ORD003527,CUST01158,2024-12-13,Website,Debit Card,Completed
ORD003528,CUST00155,2024-03-31,Website,UPI,Returned
ORD003529,CUST00231,2025-12-02,Mobile App,COD,Completed
ORD003530,CUST00352,2024-04-22,Mobile App,Credit Card,Completed
ORD003531,CUST00068,2025-07-24,Mobile App,Wallet,Completed
ORD003532,CUST00935,2024-05-02,Website,Net Banking,Completed
ORD003533,CUST00863,2026-08-02,Website,COD,Completed
ORD003534,CUST00448,2024-10-02,Website,Debit Card,Completed
ORD003535,CUST00519,2024-07-07,Website,Credit Card,Completed
ORD003536,CUST00013,2025-05-11,Website,UPI,Completed
ORD003537,CUST00293,2026-04-09,Website,Debit Card,Completed
ORD003538,CUST00039,2025-02-21,Mobile App,COD,Completed
ORD003539,CUST00940,2024-08-16,Website,UPI,Completed
ORD003540,CUST01168,2024-09-29,Website,Wallet,Cancelled
ORD003541,CUST00512,2024-03-01,Mobile App,Debit Card,Completed
ORD003542,CUST00602,2024-05-15,Website,Credit Card,Completed
ORD003543,CUST00632,2026-07-01,Website,Credit Card,Completed
ORD003544,CUST00524,2025-03-11,Website,UPI,Completed
ORD003545,CUST00753,2025-03-26,Mobile App,UPI,Completed
ORD003546,CUST00820,2024-09-05,Mobile App,UPI,Cancelled
ORD003547,CUST01120,2025-06-06,Website,Credit Card,Completed
ORD003548,CUST01021,2025-04-07,Website,Credit Card,Returned
ORD003549,CUST00842,2025-02-13,Website,UPI,Completed
ORD003550,CUST00079,2025-03-14,Website,Wallet,Completed
ORD003551,CUST01084,2025-10-01,Website,Debit Card,Completed
ORD003552,CUST00636,2025-08-18,Mobile App,Credit Card,Cancelled
ORD003553,CUST00357,2026-06-27,Website,UPI,Completed
ORD003554,CUST01075,2025-09-11,Website,UPI,Completed
ORD003555,CUST00264,2025-09-26,Website,Credit Card,Completed
ORD003556,CUST01166,2025-04-09,Mobile App,UPI,Cancelled
ORD003557,CUST00317,2025-01-21,Mobile App,Net Banking,Completed
ORD003558,CUST01123,2026-01-21,Website,Credit Card,Completed
ORD003559,CUST00819,2025-05-03,Mobile App,Credit Card,Completed
ORD003560,CUST00384,2025-09-17,Website,Wallet,Completed
ORD003561,CUST00506,2024-05-04,Website,UPI,Completed
ORD003562,CUST00516,2026-06-06,Mobile App,Wallet,Completed
ORD003563,CUST01082,2024-07-23,Mobile App,COD,Completed
ORD003564,CUST00259,2024-06-07,Website,UPI,Cancelled
ORD003565,CUST00610,2024-10-23,Website,COD,Completed
ORD003566,CUST00817,2026-08-10,Website,Debit Card,Completed
ORD003567,CUST00625,2024-03-09,Mobile App,Debit Card,Completed
ORD003568,CUST00583,2026-06-10,Mobile App,Debit Card,Completed
ORD003569,CUST00035,2024-05-01,Website,Wallet,Completed
ORD003570,CUST01114,2024-06-04,Website,UPI,Completed
ORD003571,CUST00671,2025-03-21,Mobile App,Credit Card,Completed
ORD003572,CUST00278,2026-03-15,Website,UPI,Completed
ORD003573,CUST00310,2025-12-27,Website,UPI,Completed
ORD003574,CUST00064,2024-08-25,Mobile App,Credit Card,Completed
ORD003575,CUST00210,2025-09-15,Mobile App,UPI,Cancelled
ORD003576,CUST00257,2025-02-14,Marketplace,Debit Card,Returned
ORD003577,CUST01117,2026-03-06,Marketplace,COD,Completed
ORD003578,CUST00758,2026-05-27,Website,UPI,Completed
ORD003579,CUST00747,2025-04-30,Website,COD,Completed
ORD003580,CUST00838,2025-02-22,Website,Credit Card,Completed
ORD003581,CUST00314,2025-05-06,Mobile App,Debit Card,Completed
ORD003582,CUST00595,2026-02-28,Mobile App,UPI,Completed
ORD003583,CUST00630,2026-08-19,Website,UPI,Completed
ORD003584,CUST00149,2024-08-18,Mobile App,Credit Card,Completed
ORD003585,CUST00829,2026-05-20,Website,UPI,Completed
ORD003586,CUST00348,2024-07-20,Website,COD,Completed
ORD003587,CUST00859,2024-08-19,Website,Debit Card,Completed
ORD003588,CUST00301,2024-02-16,Mobile App,Wallet,Completed
ORD003589,CUST00146,2025-08-20,Mobile App,Credit Card,Completed
ORD003590,CUST00083,2025-04-15,Website,Net Banking,Completed
ORD003591,CUST00636,2026-05-22,Website,Credit Card,Completed
ORD003592,CUST00555,2024-01-01,Website,UPI,Completed
ORD003593,CUST00852,2025-07-01,Mobile App,Net Banking,Completed
ORD003594,CUST00011,2024-03-08,Mobile App,Credit Card,Completed
ORD003595,CUST00147,2026-03-07,Mobile App,Debit Card,Returned
ORD003596,CUST01142,2025-12-05,Mobile App,COD,Completed
ORD003597,CUST00490,2025-12-12,Marketplace,UPI,Completed
ORD003598,CUST00161,2024-12-21,Website,Credit Card,Returned
ORD003599,CUST00151,2024-02-07,Mobile App,Credit Card,Completed
ORD003600,CUST01116,2024-12-20,Mobile App,Net Banking,Completed
ORD003601,CUST00926,2024-11-24,Website,Net Banking,Completed
ORD003602,CUST00750,2025-11-16,Website,Debit Card,Cancelled
ORD003603,CUST01008,2024-02-18,Mobile App,UPI,Completed
ORD003604,CUST00504,2025-08-24,Mobile App,Wallet,Completed
ORD003605,CUST00639,2024-11-22,Website,UPI,Completed
ORD003606,CUST00510,2026-02-18,Mobile App,Wallet,Completed
ORD003607,CUST00167,2024-07-01,Mobile App,UPI,Completed
ORD003608,CUST00807,2025-01-26,Mobile App,Net Banking,Completed
ORD003609,CUST00489,2024-02-10,Website,COD,Completed
ORD003610,CUST00571,2025-02-12,Mobile App,Net Banking,Completed
ORD003611,CUST01094,2025-03-31,Mobile App,UPI,Completed
ORD003612,CUST00693,2025-09-14,Website,COD,Completed
ORD003613,CUST00424,2025-03-23,Mobile App,Net Banking,Completed
ORD003614,CUST00271,2025-03-03,Website,COD,Completed
ORD003615,CUST00615,2025-04-24,Website,UPI,Cancelled
ORD003616,CUST00110,2026-07-10,Mobile App,Wallet,Completed
ORD003617,CUST01144,2025-06-01,Website,COD,Completed
ORD003618,CUST00241,2024-02-12,Mobile App,Debit Card,Completed
ORD003619,CUST00578,2026-01-10,Mobile App,UPI,Completed
ORD003620,CUST00298,2026-05-26,Mobile App,Credit Card,Completed
ORD003621,CUST00565,2025-07-04,Mobile App,Debit Card,Completed
ORD003622,CUST00818,2026-03-30,Website,Debit Card,Completed
ORD003623,CUST00826,2025-11-02,Website,COD,Completed
ORD003624,CUST00326,2025-11-19,Website,Credit Card,Completed
ORD003625,CUST00015,2025-04-26,Website,COD,Completed
ORD003626,CUST00607,2024-10-12,Website,Net Banking,Completed
ORD003627,CUST01090,2026-06-03,Mobile App,Debit Card,Completed
ORD003628,CUST00403,2025-10-17,Website,Net Banking,Completed
ORD003629,CUST00151,2026-02-02,Mobile App,Debit Card,Completed
ORD003630,CUST00558,2025-08-13,Website,Wallet,Completed
ORD003631,CUST00271,2025-02-21,Mobile App,UPI,Completed
ORD003632,CUST01181,2026-02-16,Website,UPI,Completed
ORD003633,CUST00283,2024-01-14,Mobile App,UPI,Completed
ORD003634,CUST00266,2024-01-17,Website,Wallet,Cancelled
ORD003635,CUST00443,2024-01-07,Marketplace,Credit Card,Completed
ORD003636,CUST00107,2026-08-08,Website,UPI,Completed
ORD003637,CUST00018,2025-03-20,Website,UPI,Completed
ORD003638,CUST00180,2025-10-18,Mobile App,Credit Card,Completed
ORD003639,CUST01117,2025-09-30,Mobile App,UPI,Completed
ORD003640,CUST00243,2024-02-14,Marketplace,UPI,Completed
ORD003641,CUST00060,2025-10-16,Website,UPI,Completed
ORD003642,CUST00324,2024-12-13,Mobile App,Net Banking,Completed
ORD003643,CUST01165,2025-01-14,Website,Debit Card,Completed
ORD003644,CUST01177,2024-04-24,Mobile App,UPI,Completed
ORD003645,CUST01093,2024-02-20,Website,UPI,Returned
ORD003646,CUST01010,2024-12-23,Marketplace,Debit Card,Completed
ORD003647,CUST00281,2024-10-06,Website,Credit Card,Completed
ORD003648,CUST00577,2025-09-11,Mobile App,COD,Completed
ORD003649,CUST00255,2024-04-02,Mobile App,Debit Card,Completed
ORD003650,CUST00798,2025-07-15,Website,Credit Card,Completed
ORD003651,CUST00580,2026-06-26,Mobile App,Credit Card,Completed
ORD003652,CUST00344,2026-06-06,Mobile App,Net Banking,Completed
ORD003653,CUST01014,2025-05-20,Website,Net Banking,Completed
ORD003654,CUST00837,2024-08-28,Website,Credit Card,Completed
ORD003655,CUST00867,2025-07-08,Website,UPI,Completed
ORD003656,CUST00316,2025-10-17,Mobile App,COD,Completed
ORD003657,CUST00403,2024-05-14,Website,COD,Completed
ORD003658,CUST00056,2025-01-08,Website,COD,Completed
ORD003659,CUST00904,2024-03-10,Website,Net Banking,Returned
ORD003660,CUST01018,2025-03-09,Mobile App,Credit Card,Completed
ORD003661,CUST00902,2025-06-23,Mobile App,Credit Card,Completed
ORD003662,CUST00154,2024-11-05,Website,Debit Card,Completed
ORD003663,CUST00544,2025-08-03,Website,Credit Card,Completed
ORD003664,CUST00749,2026-02-02,Website,Net Banking,Completed
ORD003665,CUST00958,2026-08-19,Mobile App,Credit Card,Completed
ORD003666,CUST00164,2025-08-09,Mobile App,COD,Completed
ORD003667,CUST00815,2025-06-28,Website,Net Banking,Completed
ORD003668,CUST00829,2026-01-05,Mobile App,Credit Card,Completed
ORD003669,CUST01135,2024-05-06,Website,COD,Completed
ORD003670,CUST00541,2025-05-21,Mobile App,Debit Card,Completed
ORD003671,CUST00767,2024-01-08,Mobile App,UPI,Completed
ORD003672,CUST00980,2024-09-05,Mobile App,Wallet,Completed
ORD003673,CUST00501,2024-09-28,Mobile App,Wallet,Completed
ORD003674,CUST00336,2024-07-09,Website,Credit Card,Completed
ORD003675,CUST00389,2024-08-10,Mobile App,UPI,Completed
ORD003676,CUST00982,2025-12-16,Website,Net Banking,Completed
ORD003677,CUST00830,2026-05-31,Website,UPI,Cancelled
ORD003678,CUST00274,2026-08-01,Website,Net Banking,Completed
ORD003679,CUST00943,2026-08-15,Website,Wallet,Completed
ORD003680,CUST00339,2024-09-21,Website,COD,Completed
ORD003681,CUST00327,2025-12-27,Website,Debit Card,Completed
ORD003682,CUST00096,2024-05-24,Website,Net Banking,Completed
ORD003683,CUST00515,2024-04-06,Mobile App,UPI,Completed
ORD003684,CUST00467,2024-07-12,Mobile App,UPI,Completed
ORD003685,CUST00436,2024-05-21,Marketplace,Credit Card,Completed
ORD003686,CUST01076,2025-08-28,Website,Debit Card,Completed
ORD003687,CUST00679,2025-05-09,Mobile App,COD,Completed
ORD003688,CUST00701,2024-10-02,Website,Credit Card,Cancelled
ORD003689,CUST00663,2025-03-29,Website,Net Banking,Completed
ORD003690,CUST01129,2024-07-25,Marketplace,UPI,Completed
ORD003691,CUST00806,2026-05-02,Mobile App,COD,Completed
ORD003692,CUST00378,2024-06-07,Mobile App,Credit Card,Completed
ORD003693,CUST00309,2026-03-08,Marketplace,Credit Card,Completed
ORD003694,CUST00418,2024-08-11,Marketplace,Credit Card,Completed
ORD003695,CUST00070,2025-12-17,Marketplace,Credit Card,Completed
ORD003696,CUST00058,2025-05-04,Marketplace,Credit Card,Completed
ORD003697,CUST00108,2025-01-05,Website,Wallet,Completed
ORD003698,CUST00348,2024-11-16,Mobile App,Wallet,Completed
ORD003699,CUST00174,2024-10-21,Mobile App,UPI,Completed
ORD003700,CUST00610,2025-12-26,Mobile App,UPI,Completed
ORD003701,CUST00890,2024-01-19,Website,Net Banking,Completed
ORD003702,CUST00929,2025-03-14,Website,Credit Card,Cancelled
ORD003703,CUST00881,2026-05-12,Mobile App,UPI,Completed
ORD003704,CUST00830,2025-12-24,Website,Credit Card,Returned
ORD003705,CUST00827,2025-10-11,Mobile App,Wallet,Returned
ORD003706,CUST00146,2026-01-16,Website,Credit Card,Completed
ORD003707,CUST00428,2025-05-12,Website,COD,Returned
ORD003708,CUST01169,2025-12-16,Mobile App,Net Banking,Completed
ORD003709,CUST00569,2025-12-26,Mobile App,Debit Card,Completed
ORD003710,CUST01037,2025-09-05,Website,Debit Card,Completed
ORD003711,CUST00643,2024-11-18,Website,Credit Card,Completed
ORD003712,CUST00426,2025-11-08,Website,Credit Card,Cancelled
ORD003713,CUST00444,2024-10-30,Website,Net Banking,Returned
ORD003714,CUST00781,2024-09-20,Website,UPI,Completed
ORD003715,CUST01093,2025-08-22,Mobile App,UPI,Cancelled
ORD003716,CUST00675,2024-04-16,Mobile App,Debit Card,Completed
ORD003717,CUST00034,2024-09-14,Website,UPI,Completed
ORD003718,CUST00335,2025-03-23,Website,UPI,Completed
ORD003719,CUST00623,2025-06-27,Marketplace,Credit Card,Completed
ORD003720,CUST00331,2026-08-09,Website,Net Banking,Completed
ORD003721,CUST01007,2025-12-13,Website,Credit Card,Completed
ORD003722,CUST00264,2024-05-24,Website,Credit Card,Completed
ORD003723,CUST00119,2025-05-09,Website,Debit Card,Completed
ORD003724,CUST00795,2024-03-10,Mobile App,Credit Card,Completed
ORD003725,CUST00410,2026-01-18,Mobile App,UPI,Completed
ORD003726,CUST00627,2025-02-14,Website,COD,Completed
ORD003727,CUST00556,2026-06-09,Website,Net Banking,Completed
ORD003728,CUST00909,2025-03-14,Mobile App,Debit Card,Completed
ORD003729,CUST01110,2024-07-16,Website,UPI,Completed
ORD003730,CUST00911,2026-07-29,Website,Credit Card,Completed
ORD003731,CUST01113,2026-05-09,Website,COD,Completed
ORD003732,CUST00821,2025-01-28,Website,UPI,Completed
ORD003733,CUST00653,2026-07-11,Mobile App,Net Banking,Completed
ORD003734,CUST00677,2024-10-11,Website,COD,Returned
ORD003735,CUST00672,2024-11-26,Mobile App,Credit Card,Completed
ORD003736,CUST00353,2024-04-12,Website,Credit Card,Completed
ORD003737,CUST00792,2024-02-23,Mobile App,Credit Card,Completed
ORD003738,CUST01088,2025-02-28,Mobile App,Credit Card,Completed
ORD003739,CUST00850,2024-03-14,Website,UPI,Completed
ORD003740,CUST00526,2024-06-28,Mobile App,UPI,Completed
ORD003741,CUST00968,2025-08-25,Marketplace,UPI,Completed
ORD003742,CUST00414,2026-05-03,Website,Credit Card,Completed
ORD003743,CUST00035,2025-03-12,Website,UPI,Completed
ORD003744,CUST00086,2025-04-26,Mobile App,Credit Card,Returned
ORD003745,CUST00398,2025-02-22,Website,Debit Card,Completed
ORD003746,CUST00316,2024-10-01,Marketplace,Credit Card,Completed
ORD003747,CUST00093,2024-06-26,Mobile App,Credit Card,Completed
ORD003748,CUST01096,2025-09-18,Website,COD,Completed
ORD003749,CUST00142,2024-10-11,Website,Debit Card,Completed
ORD003750,CUST00888,2026-02-27,Mobile App,Wallet,Completed
ORD003751,CUST01180,2025-05-11,Mobile App,UPI,Completed
ORD003752,CUST01138,2024-06-05,Website,UPI,Completed
ORD003753,CUST01079,2024-10-03,Website,Credit Card,Completed
ORD003754,CUST00725,2024-07-28,Mobile App,Credit Card,Completed
ORD003755,CUST01044,2024-11-02,Marketplace,UPI,Completed
ORD003756,CUST00457,2025-10-17,Mobile App,Debit Card,Cancelled
ORD003757,CUST01124,2025-08-21,Website,Debit Card,Completed
ORD003758,CUST00514,2024-06-21,Website,Debit Card,Completed
ORD003759,CUST00478,2024-02-15,Marketplace,Credit Card,Completed
ORD003760,CUST00287,2026-02-20,Website,Credit Card,Completed
ORD003761,CUST00960,2024-01-18,Website,Credit Card,Completed
ORD003762,CUST01155,2024-04-08,Mobile App,Debit Card,Completed
ORD003763,CUST00895,2025-06-29,Website,Debit Card,Returned
ORD003764,CUST00633,2024-04-26,Website,COD,Completed
ORD003765,CUST01071,2026-07-19,Mobile App,UPI,Completed
ORD003766,CUST00265,2026-02-11,Mobile App,Credit Card,Completed
ORD003767,CUST00812,2026-06-13,Mobile App,Wallet,Completed
ORD003768,CUST00861,2025-08-07,Website,Debit Card,Completed
ORD003769,CUST00880,2026-07-01,Website,Debit Card,Completed
ORD003770,CUST00574,2025-01-20,Website,Credit Card,Completed
ORD003771,CUST01058,2026-08-08,Website,Wallet,Completed
ORD003772,CUST00006,2025-12-17,Website,UPI,Completed
ORD003773,CUST00178,2025-11-03,Website,COD,Completed
ORD003774,CUST00185,2026-07-03,Website,Credit Card,Completed
ORD003775,CUST00782,2024-05-30,Mobile App,Wallet,Completed
ORD003776,CUST01124,2025-02-28,Mobile App,UPI,Completed
ORD003777,CUST00483,2024-06-05,Website,Net Banking,Completed
ORD003778,CUST00244,2025-04-30,Website,Credit Card,Completed
ORD003779,CUST00351,2024-06-04,Website,Debit Card,Completed
ORD003780,CUST00878,2024-02-06,Website,UPI,Completed
ORD003781,CUST00918,2025-07-09,Website,COD,Completed
ORD003782,CUST00915,2025-04-22,Mobile App,Net Banking,Completed
ORD003783,CUST00912,2026-03-21,Website,Credit Card,Completed
ORD003784,CUST00159,2025-06-21,Marketplace,COD,Completed
ORD003785,CUST00082,2025-10-01,Mobile App,Net Banking,Completed
ORD003786,CUST00723,2024-03-08,Mobile App,Credit Card,Completed
ORD003787,CUST01190,2025-07-25,Website,Credit Card,Completed
ORD003788,CUST00800,2025-12-30,Website,Wallet,Completed
ORD003789,CUST01128,2024-09-26,Website,Credit Card,Completed
ORD003790,CUST00319,2026-05-31,Marketplace,Net Banking,Completed
ORD003791,CUST00488,2024-06-03,Mobile App,Net Banking,Completed
ORD003792,CUST00058,2026-08-16,Mobile App,Credit Card,Completed
ORD003793,CUST01120,2026-06-18,Website,COD,Completed
ORD003794,CUST01072,2025-07-06,Mobile App,Wallet,Completed
ORD003795,CUST01047,2024-04-10,Mobile App,Wallet,Completed
ORD003796,CUST01001,2026-04-27,Website,Credit Card,Completed
ORD003797,CUST00076,2026-05-20,Mobile App,UPI,Completed
ORD003798,CUST00986,2024-08-12,Mobile App,Debit Card,Completed
ORD003799,CUST00474,2025-07-20,Website,COD,Completed
ORD003800,CUST00895,2026-08-10,Mobile App,Debit Card,Completed
ORD003801,CUST00497,2024-02-17,Mobile App,UPI,Completed
ORD003802,CUST01047,2025-04-16,Mobile App,COD,Completed
ORD003803,CUST00462,2026-06-04,Marketplace,UPI,Completed
ORD003804,CUST00028,2025-04-01,Mobile App,Credit Card,Completed
ORD003805,CUST00350,2026-02-23,Mobile App,Debit Card,Cancelled
ORD003806,CUST00662,2024-04-12,Website,Debit Card,Completed
ORD003807,CUST00652,2026-02-25,Website,COD,Completed
ORD003808,CUST00192,2025-10-21,Mobile App,Debit Card,Completed
ORD003809,CUST00456,2026-01-26,Website,Net Banking,Completed
ORD003810,CUST00638,2024-02-15,Website,Credit Card,Completed
ORD003811,CUST00638,2024-03-19,Website,COD,Returned
ORD003812,CUST00210,2025-10-29,Mobile App,COD,Returned
ORD003813,CUST00661,2026-03-23,Mobile App,UPI,Completed
ORD003814,CUST00234,2025-03-30,Website,Net Banking,Completed
ORD003815,CUST01094,2026-03-06,Mobile App,Net Banking,Completed
ORD003816,CUST00923,2025-03-24,Mobile App,Debit Card,Cancelled
ORD003817,CUST00476,2024-05-25,Mobile App,Credit Card,Completed
ORD003818,CUST00732,2024-09-30,Website,Credit Card,Completed
ORD003819,CUST01177,2025-04-29,Mobile App,UPI,Completed
ORD003820,CUST00867,2024-08-25,Mobile App,Credit Card,Completed
ORD003821,CUST00136,2024-01-23,Website,COD,Completed
ORD003822,CUST00448,2025-05-06,Mobile App,Credit Card,Completed
ORD003823,CUST00728,2024-05-01,Mobile App,Credit Card,Completed
ORD003824,CUST00329,2026-07-28,Mobile App,Net Banking,Completed
ORD003825,CUST00479,2025-03-25,Website,Credit Card,Completed
ORD003826,CUST00427,2026-01-30,Mobile App,UPI,Completed
ORD003827,CUST01146,2024-12-05,Website,Net Banking,Completed
ORD003828,CUST00465,2024-06-16,Website,Credit Card,Completed
ORD003829,CUST00764,2026-01-24,Website,Credit Card,Completed
ORD003830,CUST00507,2025-07-04,Mobile App,Wallet,Completed
ORD003831,CUST00425,2025-04-22,Website,Wallet,Completed
ORD003832,CUST00522,2025-12-27,Website,Net Banking,Completed
ORD003833,CUST01173,2025-10-09,Website,Credit Card,Completed
ORD003834,CUST00998,2025-10-04,Website,COD,Cancelled
ORD003835,CUST00870,2024-04-27,Website,UPI,Completed
ORD003836,CUST00340,2024-06-14,Website,Debit Card,Completed
ORD003837,CUST00148,2025-07-19,Mobile App,COD,Cancelled
ORD003838,CUST00467,2024-04-11,Mobile App,Credit Card,Completed
ORD003839,CUST00792,2025-05-06,Mobile App,UPI,Completed
ORD003840,CUST01152,2026-04-16,Website,Credit Card,Completed
ORD003841,CUST00264,2024-01-27,Mobile App,Net Banking,Completed
ORD003842,CUST00592,2025-02-18,Mobile App,COD,Returned
ORD003843,CUST00059,2026-02-28,Mobile App,Credit Card,Completed
ORD003844,CUST00061,2024-12-22,Mobile App,Debit Card,Completed
ORD003845,CUST00384,2026-04-18,Website,COD,Completed
ORD003846,CUST00942,2025-04-08,Website,Net Banking,Returned
ORD003847,CUST00892,2025-02-27,Marketplace,UPI,Returned
ORD003848,CUST00808,2026-02-03,Marketplace,UPI,Completed
ORD003849,CUST00066,2026-08-01,Website,Wallet,Completed
ORD003850,CUST00451,2025-11-27,Website,Debit Card,Completed
ORD003851,CUST00428,2026-07-10,Mobile App,COD,Completed
ORD003852,CUST00863,2026-07-01,Website,Debit Card,Completed
ORD003853,CUST00927,2025-04-30,Mobile App,Credit Card,Completed
ORD003854,CUST00827,2024-10-09,Website,Credit Card,Completed
ORD003855,CUST00503,2024-08-04,Mobile App,Credit Card,Completed
ORD003856,CUST00810,2026-05-21,Marketplace,Credit Card,Completed
ORD003857,CUST00772,2026-06-08,Mobile App,UPI,Completed
ORD003858,CUST00263,2025-05-16,Website,UPI,Completed
ORD003859,CUST00731,2026-02-07,Mobile App,Debit Card,Cancelled
ORD003860,CUST00686,2025-10-10,Website,Net Banking,Completed
ORD003861,CUST00899,2025-05-12,Website,COD,Completed
ORD003862,CUST00093,2024-11-01,Website,COD,Returned
ORD003863,CUST01122,2026-07-30,Website,COD,Completed
ORD003864,CUST00704,2024-12-08,Website,Net Banking,Completed
ORD003865,CUST00556,2026-08-17,Mobile App,COD,Completed
ORD003866,CUST00818,2025-07-16,Website,UPI,Cancelled
ORD003867,CUST01173,2024-08-22,Website,Credit Card,Completed
ORD003868,CUST00136,2024-08-27,Website,Credit Card,Completed
ORD003869,CUST00172,2026-01-26,Website,Credit Card,Completed
ORD003870,CUST00305,2024-07-21,Website,UPI,Completed
ORD003871,CUST00938,2025-08-25,Mobile App,Credit Card,Completed
ORD003872,CUST00131,2024-08-06,Website,Net Banking,Completed
ORD003873,CUST00660,2025-08-20,Website,Credit Card,Completed
ORD003874,CUST00195,2025-03-11,Website,UPI,Completed
ORD003875,CUST01029,2025-01-17,Website,UPI,Completed
ORD003876,CUST00499,2025-05-06,Website,UPI,Completed
ORD003877,CUST00133,2024-04-04,Website,Credit Card,Completed
ORD003878,CUST00213,2024-06-23,Marketplace,UPI,Completed
ORD003879,CUST01124,2024-03-20,Website,UPI,Completed
ORD003880,CUST01075,2025-10-08,Website,Credit Card,Completed
ORD003881,CUST00109,2025-04-10,Website,Debit Card,Completed
ORD003882,CUST00877,2024-05-26,Mobile App,Debit Card,Completed
ORD003883,CUST00148,2026-04-08,Website,UPI,Completed
ORD003884,CUST00026,2024-07-19,Website,UPI,Completed
ORD003885,CUST01029,2024-07-08,Website,Credit Card,Completed
ORD003886,CUST00687,2026-08-22,Marketplace,UPI,Completed
ORD003887,CUST00283,2026-04-30,Website,Net Banking,Completed
ORD003888,CUST00315,2026-03-18,Website,Credit Card,Completed
ORD003889,CUST00155,2024-11-18,Website,Net Banking,Completed
ORD003890,CUST00196,2024-01-20,Marketplace,Credit Card,Cancelled
ORD003891,CUST01064,2024-07-29,Website,UPI,Completed
ORD003892,CUST00065,2024-02-08,Marketplace,UPI,Returned
ORD003893,CUST00378,2024-05-13,Mobile App,UPI,Completed
ORD003894,CUST00057,2025-11-01,Website,Debit Card,Completed
ORD003895,CUST00155,2024-02-17,Website,UPI,Completed
ORD003896,CUST00458,2024-08-02,Mobile App,UPI,Completed
ORD003897,CUST00372,2025-01-07,Website,COD,Completed
ORD003898,CUST00325,2024-08-07,Website,Debit Card,Completed
ORD003899,CUST00844,2026-05-30,Mobile App,Credit Card,Completed
ORD003900,CUST01026,2024-07-09,Website,Net Banking,Completed
ORD003901,CUST00877,2025-03-29,Mobile App,UPI,Completed
ORD003902,CUST00880,2025-03-16,Website,UPI,Completed
ORD003903,CUST01195,2026-04-09,Marketplace,UPI,Completed
ORD003904,CUST00970,2025-10-13,Mobile App,COD,Completed
ORD003905,CUST01174,2025-11-08,Mobile App,Debit Card,Completed
ORD003906,CUST00476,2025-04-28,Website,Wallet,Completed
ORD003907,CUST00364,2025-12-05,Marketplace,COD,Completed
ORD003908,CUST00681,2026-04-13,Mobile App,UPI,Completed
ORD003909,CUST00799,2026-07-07,Marketplace,Credit Card,Completed
ORD003910,CUST01047,2025-10-16,Website,COD,Completed
ORD003911,CUST00546,2024-04-17,Website,COD,Completed
ORD003912,CUST01192,2025-02-18,Mobile App,UPI,Cancelled
ORD003913,CUST00555,2026-03-07,Marketplace,Credit Card,Completed
ORD003914,CUST00478,2025-11-13,Website,Debit Card,Completed
ORD003915,CUST00836,2025-12-17,Website,Debit Card,Completed
ORD003916,CUST00695,2025-07-18,Mobile App,UPI,Completed
ORD003917,CUST00796,2026-07-21,Website,Debit Card,Completed
ORD003918,CUST00973,2024-12-12,Website,Debit Card,Cancelled
ORD003919,CUST00857,2025-12-15,Marketplace,Net Banking,Completed
ORD003920,CUST00664,2024-08-17,Website,COD,Completed
ORD003921,CUST00673,2025-07-15,Website,Credit Card,Completed
ORD003922,CUST00846,2024-01-27,Mobile App,Credit Card,Completed
ORD003923,CUST01159,2024-10-30,Website,Debit Card,Completed
ORD003924,CUST01119,2026-02-09,Mobile App,UPI,Completed
ORD003925,CUST00460,2026-05-31,Mobile App,Credit Card,Completed
ORD003926,CUST01056,2026-07-07,Mobile App,Net Banking,Completed
ORD003927,CUST00048,2024-09-07,Website,UPI,Completed
ORD003928,CUST00966,2024-03-01,Mobile App,Net Banking,Completed
ORD003929,CUST00196,2026-08-23,Website,Debit Card,Completed
ORD003930,CUST00040,2025-07-21,Mobile App,UPI,Completed
ORD003931,CUST00426,2025-08-10,Website,COD,Returned
ORD003932,CUST00403,2025-02-11,Mobile App,Credit Card,Completed
ORD003933,CUST00377,2025-02-10,Website,UPI,Completed
ORD003934,CUST00337,2025-08-15,Website,Net Banking,Completed
ORD003935,CUST00421,2025-02-19,Marketplace,UPI,Completed
ORD003936,CUST01199,2024-05-22,Mobile App,Debit Card,Cancelled
ORD003937,CUST00441,2024-01-12,Website,Debit Card,Completed
ORD003938,CUST00164,2025-11-11,Marketplace,UPI,Completed
ORD003939,CUST00785,2025-12-20,Mobile App,Debit Card,Completed
ORD003940,CUST00925,2025-02-23,Marketplace,UPI,Completed
ORD003941,CUST00460,2025-07-17,Website,UPI,Completed
ORD003942,CUST00798,2024-04-17,Website,Credit Card,Completed
ORD003943,CUST00233,2024-01-29,Website,Net Banking,Completed
ORD003944,CUST01199,2024-10-05,Website,Net Banking,Completed
ORD003945,CUST00558,2024-08-25,Marketplace,UPI,Cancelled
ORD003946,CUST00988,2025-03-05,Mobile App,UPI,Completed
ORD003947,CUST00206,2025-06-30,Website,Wallet,Completed
ORD003948,CUST00544,2025-12-08,Website,UPI,Completed
ORD003949,CUST01011,2025-03-20,Mobile App,UPI,Returned
ORD003950,CUST01115,2026-07-19,Website,Credit Card,Returned
ORD003951,CUST00171,2025-08-15,Mobile App,UPI,Completed
ORD003952,CUST00331,2026-07-09,Mobile App,UPI,Completed
ORD003953,CUST00855,2026-04-30,Mobile App,COD,Completed
ORD003954,CUST00068,2025-07-11,Mobile App,UPI,Completed
ORD003955,CUST00505,2024-02-10,Website,UPI,Completed
ORD003956,CUST00529,2024-07-24,Website,Net Banking,Completed
ORD003957,CUST00535,2025-07-20,Mobile App,COD,Completed
ORD003958,CUST00153,2024-07-21,Website,Net Banking,Completed
ORD003959,CUST00197,2025-11-18,Website,COD,Completed
ORD003960,CUST01114,2024-07-29,Website,UPI,Completed
ORD003961,CUST00177,2024-04-11,Mobile App,UPI,Cancelled
ORD003962,CUST00201,2026-03-12,Mobile App,Credit Card,Completed
ORD003963,CUST00278,2024-01-17,Website,Credit Card,Cancelled
ORD003964,CUST01067,2024-06-14,Mobile App,Debit Card,Completed
ORD003965,CUST00272,2024-05-02,Mobile App,Credit Card,Completed
ORD003966,CUST00280,2024-11-20,Marketplace,COD,Completed
ORD003967,CUST00437,2026-08-09,Marketplace,Credit Card,Completed
ORD003968,CUST00780,2025-05-17,Website,Credit Card,Completed
ORD003969,CUST01135,2024-09-01,Mobile App,UPI,Cancelled
ORD003970,CUST00618,2025-05-26,Mobile App,UPI,Returned
ORD003971,CUST01183,2024-05-05,Marketplace,UPI,Completed
ORD003972,CUST00714,2024-05-01,Website,UPI,Completed
ORD003973,CUST00688,2024-03-25,Website,UPI,Completed
ORD003974,CUST00380,2025-03-19,Website,Credit Card,Completed
ORD003975,CUST00691,2024-12-18,Website,Credit Card,Completed
ORD003976,CUST00639,2025-05-23,Mobile App,UPI,Completed
ORD003977,CUST00997,2024-10-16,Mobile App,UPI,Completed
ORD003978,CUST01112,2025-08-20,Mobile App,Debit Card,Completed
ORD003979,CUST00736,2026-07-25,Website,Debit Card,Completed
ORD003980,CUST00453,2026-08-30,Marketplace,UPI,Completed
ORD003981,CUST00698,2025-10-05,Website,Credit Card,Completed
ORD003982,CUST00427,2025-02-15,Website,Net Banking,Completed
ORD003983,CUST00378,2024-05-29,Website,Net Banking,Completed
ORD003984,CUST00828,2025-02-03,Website,Debit Card,Completed
ORD003985,CUST00531,2024-01-27,Website,UPI,Completed
ORD003986,CUST00170,2024-02-13,Website,COD,Cancelled
ORD003987,CUST00456,2024-04-23,Website,Wallet,Completed
ORD003988,CUST00369,2025-03-07,Website,Wallet,Completed
ORD003989,CUST00211,2026-03-07,Mobile App,UPI,Completed
ORD003990,CUST00844,2026-04-12,Website,Debit Card,Completed
ORD003991,CUST00206,2026-04-03,Website,Debit Card,Completed
ORD003992,CUST00346,2025-02-21,Website,Net Banking,Completed
ORD003993,CUST00331,2026-06-10,Website,UPI,Completed
ORD003994,CUST01139,2024-06-28,Website,UPI,Completed
ORD003995,CUST00319,2024-11-30,Mobile App,Credit Card,Completed
ORD003996,CUST00609,2025-09-01,Website,UPI,Completed
ORD003997,CUST01136,2026-02-08,Website,Debit Card,Completed
ORD003998,CUST00209,2025-01-16,Mobile App,COD,Completed
ORD003999,CUST00644,2024-01-31,Website,COD,Returned
ORD004000,CUST00299,2026-08-07,Website,Debit Card,Completed
ORD004001,CUST00016,2026-08-03,Mobile App,Credit Card,Completed
ORD004002,CUST00737,2025-12-18,Marketplace,Debit Card,Completed
ORD004003,CUST00952,2026-02-16,Mobile App,UPI,Cancelled
ORD004004,CUST00150,2024-01-18,Website,Credit Card,Completed
ORD004005,CUST00675,2026-07-20,Website,UPI,Completed
ORD004006,CUST00259,2026-02-16,Mobile App,Credit Card,Cancelled
ORD004007,CUST00538,2026-08-10,Website,Debit Card,Completed
ORD004008,CUST00264,2024-10-21,Mobile App,UPI,Completed
ORD004009,CUST01138,2025-11-21,Marketplace,UPI,Completed
ORD004010,CUST00706,2026-02-13,Website,COD,Completed
ORD004011,CUST00466,2024-01-26,Website,Debit Card,Completed
ORD004012,CUST00200,2024-05-29,Website,Debit Card,Completed
ORD004013,CUST00911,2026-01-05,Website,COD,Completed
ORD004014,CUST00825,2026-01-07,Mobile App,UPI,Completed
ORD004015,CUST00662,2025-07-19,Marketplace,COD,Completed
ORD004016,CUST01172,2025-08-29,Website,Net Banking,Completed
ORD004017,CUST00383,2024-10-11,Mobile App,Net Banking,Completed
ORD004018,CUST00881,2025-09-09,Mobile App,UPI,Completed
ORD004019,CUST00314,2026-07-04,Website,Wallet,Completed
ORD004020,CUST00137,2025-01-21,Mobile App,Credit Card,Completed
ORD004021,CUST00479,2024-09-03,Website,UPI,Completed
ORD004022,CUST00170,2024-02-14,Website,UPI,Completed
ORD004023,CUST00457,2026-08-06,Website,Debit Card,Completed
ORD004024,CUST01131,2026-07-09,Website,Credit Card,Completed
ORD004025,CUST00575,2025-06-08,Website,Net Banking,Completed
ORD004026,CUST00815,2024-06-13,Website,Credit Card,Completed
ORD004027,CUST00370,2025-05-25,Website,COD,Completed
ORD004028,CUST00378,2024-10-15,Website,UPI,Completed
ORD004029,CUST00618,2024-08-05,Website,Net Banking,Completed
ORD004030,CUST00259,2025-04-10,Website,Net Banking,Completed
ORD004031,CUST00816,2026-08-22,Mobile App,Credit Card,Completed
ORD004032,CUST00578,2025-04-14,Mobile App,Debit Card,Completed
ORD004033,CUST01022,2024-06-27,Mobile App,Credit Card,Completed
ORD004034,CUST00756,2024-06-17,Website,UPI,Completed
ORD004035,CUST00296,2024-08-14,Mobile App,Credit Card,Completed
ORD004036,CUST00372,2025-01-02,Marketplace,Wallet,Completed
ORD004037,CUST00286,2025-07-04,Mobile App,UPI,Completed
ORD004038,CUST00287,2026-07-22,Mobile App,Credit Card,Cancelled
ORD004039,CUST00186,2025-12-07,Website,UPI,Completed
ORD004040,CUST00285,2024-06-09,Mobile App,UPI,Completed
ORD004041,CUST01110,2025-04-20,Marketplace,UPI,Completed
ORD004042,CUST00494,2025-12-01,Mobile App,COD,Completed
ORD004043,CUST00973,2024-08-02,Mobile App,Wallet,Completed
ORD004044,CUST00727,2024-05-09,Mobile App,COD,Completed
ORD004045,CUST00322,2024-08-24,Website,Credit Card,Completed
ORD004046,CUST00734,2026-04-21,Website,UPI,Completed
ORD004047,CUST01199,2025-11-18,Website,Debit Card,Completed
ORD004048,CUST00766,2024-08-04,Mobile App,Credit Card,Completed
ORD004049,CUST00127,2025-09-10,Website,Debit Card,Completed
ORD004050,CUST00700,2025-08-18,Website,Credit Card,Completed
ORD004051,CUST00772,2024-12-14,Mobile App,Debit Card,Completed
ORD004052,CUST01053,2024-03-06,Mobile App,Credit Card,Completed
ORD004053,CUST00921,2024-01-03,Mobile App,Debit Card,Cancelled
ORD004054,CUST00001,2024-08-20,Website,Net Banking,Completed
ORD004055,CUST00280,2024-08-10,Mobile App,UPI,Completed
ORD004056,CUST00960,2025-10-04,Website,Wallet,Completed
ORD004057,CUST00679,2024-10-18,Website,Credit Card,Completed
ORD004058,CUST00910,2024-09-07,Website,Net Banking,Completed
ORD004059,CUST00723,2026-08-25,Website,Debit Card,Cancelled
ORD004060,CUST00165,2026-07-31,Mobile App,COD,Completed
ORD004061,CUST00877,2025-03-06,Website,Credit Card,Completed
ORD004062,CUST00857,2025-10-25,Website,UPI,Completed
ORD004063,CUST00178,2025-07-21,Mobile App,Debit Card,Completed
ORD004064,CUST00834,2024-02-26,Mobile App,Wallet,Completed
ORD004065,CUST00271,2024-06-08,Website,Debit Card,Completed
ORD004066,CUST01121,2025-10-03,Mobile App,Credit Card,Completed
ORD004067,CUST00979,2026-04-25,Mobile App,UPI,Completed
ORD004068,CUST00407,2024-06-03,Mobile App,UPI,Completed
ORD004069,CUST00147,2024-06-08,Mobile App,Credit Card,Completed
ORD004070,CUST00583,2026-01-07,Mobile App,Credit Card,Completed
ORD004071,CUST00172,2025-05-24,Website,Wallet,Completed
ORD004072,CUST00045,2024-07-16,Website,COD,Completed
ORD004073,CUST00690,2026-04-30,Mobile App,UPI,Completed
ORD004074,CUST00305,2025-08-01,Mobile App,Net Banking,Completed
ORD004075,CUST00532,2024-05-26,Website,Debit Card,Completed
ORD004076,CUST00779,2026-05-21,Website,UPI,Returned
ORD004077,CUST01097,2026-02-12,Mobile App,UPI,Completed
ORD004078,CUST01018,2024-07-25,Website,Debit Card,Cancelled
ORD004079,CUST00431,2024-12-15,Marketplace,UPI,Completed
ORD004080,CUST00563,2026-03-08,Mobile App,UPI,Completed
ORD004081,CUST00336,2024-12-27,Mobile App,Credit Card,Completed
ORD004082,CUST00452,2025-03-31,Mobile App,Credit Card,Completed
ORD004083,CUST00375,2025-05-14,Marketplace,Credit Card,Completed
ORD004084,CUST00510,2026-04-07,Website,Wallet,Completed
ORD004085,CUST00791,2024-11-17,Mobile App,COD,Completed
ORD004086,CUST01048,2025-03-27,Website,Credit Card,Completed
ORD004087,CUST01184,2026-04-13,Website,Credit Card,Completed
ORD004088,CUST00834,2024-11-10,Mobile App,Credit Card,Returned
ORD004089,CUST00266,2025-08-15,Marketplace,Credit Card,Completed
ORD004090,CUST00684,2026-08-09,Mobile App,UPI,Completed
ORD004091,CUST00864,2026-06-06,Mobile App,Net Banking,Cancelled
ORD004092,CUST01009,2025-12-29,Website,COD,Completed
ORD004093,CUST00045,2025-12-20,Mobile App,Debit Card,Completed
ORD004094,CUST00552,2025-12-02,Mobile App,UPI,Completed
ORD004095,CUST00896,2024-11-04,Mobile App,Debit Card,Cancelled
ORD004096,CUST00302,2024-07-09,Mobile App,Credit Card,Completed
ORD004097,CUST00013,2025-07-17,Website,Credit Card,Completed
ORD004098,CUST00950,2025-08-03,Mobile App,UPI,Completed
ORD004099,CUST00597,2025-06-16,Mobile App,UPI,Completed
ORD004100,CUST01085,2024-08-23,Website,Credit Card,Completed
ORD004101,CUST00295,2026-05-11,Mobile App,UPI,Completed
ORD004102,CUST00320,2026-06-20,Mobile App,COD,Completed
ORD004103,CUST00649,2024-10-03,Website,COD,Completed
ORD004104,CUST00912,2026-02-23,Website,UPI,Completed
ORD004105,CUST00288,2025-11-18,Mobile App,Wallet,Completed
ORD004106,CUST00411,2025-03-12,Website,UPI,Completed
ORD004107,CUST00311,2026-03-23,Website,COD,Completed
ORD004108,CUST01061,2026-06-28,Website,COD,Completed
ORD004109,CUST00519,2026-04-16,Mobile App,COD,Completed
ORD004110,CUST00436,2026-02-09,Website,Credit Card,Completed
ORD004111,CUST01044,2024-01-24,Website,COD,Completed
ORD004112,CUST01022,2025-02-19,Mobile App,Debit Card,Completed
ORD004113,CUST00018,2025-01-25,Mobile App,Debit Card,Completed
ORD004114,CUST00586,2026-07-28,Mobile App,COD,Completed
ORD004115,CUST01152,2024-01-25,Marketplace,COD,Completed
ORD004116,CUST00107,2026-01-02,Website,UPI,Completed
ORD004117,CUST00192,2025-01-13,Marketplace,COD,Completed
ORD004118,CUST00002,2026-04-24,Website,COD,Completed
ORD004119,CUST00974,2024-04-22,Website,COD,Completed
ORD004120,CUST00123,2026-07-05,Mobile App,UPI,Returned
ORD004121,CUST01044,2026-01-21,Mobile App,Net Banking,Completed
ORD004122,CUST00523,2024-10-19,Mobile App,UPI,Completed
ORD004123,CUST00131,2024-09-04,Website,Credit Card,Completed
ORD004124,CUST00438,2024-03-18,Mobile App,UPI,Completed
ORD004125,CUST00563,2024-04-15,Website,UPI,Completed
ORD004126,CUST00722,2024-11-23,Website,UPI,Completed
ORD004127,CUST00212,2024-01-13,Marketplace,Credit Card,Completed
ORD004128,CUST00917,2024-10-15,Website,Wallet,Completed
ORD004129,CUST00074,2024-09-25,Website,COD,Completed
ORD004130,CUST00948,2026-06-28,Mobile App,Debit Card,Completed
ORD004131,CUST01080,2025-09-12,Mobile App,Debit Card,Completed
ORD004132,CUST00211,2025-12-19,Website,UPI,Completed
ORD004133,CUST00869,2025-02-02,Marketplace,Credit Card,Completed
ORD004134,CUST01165,2024-03-28,Mobile App,Wallet,Completed
ORD004135,CUST01187,2024-12-30,Mobile App,Credit Card,Completed
ORD004136,CUST00848,2024-06-12,Website,COD,Completed
ORD004137,CUST00058,2026-06-04,Website,COD,Completed
ORD004138,CUST00524,2024-07-13,Website,Debit Card,Completed
ORD004139,CUST00671,2025-03-08,Website,UPI,Completed
ORD004140,CUST00491,2025-01-08,Marketplace,Debit Card,Completed
ORD004141,CUST01043,2026-02-18,Website,UPI,Completed
ORD004142,CUST00194,2024-05-25,Website,Net Banking,Completed
ORD004143,CUST00089,2025-07-26,Website,Credit Card,Completed
ORD004144,CUST00872,2026-08-09,Website,Credit Card,Cancelled
ORD004145,CUST00415,2024-01-05,Website,Wallet,Completed
ORD004146,CUST00947,2024-06-10,Website,Net Banking,Completed
ORD004147,CUST00455,2025-07-27,Website,UPI,Completed
ORD004148,CUST00126,2026-01-26,Website,UPI,Completed
ORD004149,CUST00615,2026-08-24,Website,COD,Completed
ORD004150,CUST00957,2025-07-11,Mobile App,COD,Completed
ORD004151,CUST01156,2026-07-27,Marketplace,UPI,Completed
ORD004152,CUST00936,2024-01-09,Mobile App,UPI,Cancelled
ORD004153,CUST00342,2026-05-14,Marketplace,Wallet,Completed
ORD004154,CUST00238,2026-07-30,Website,Net Banking,Completed
ORD004155,CUST00263,2024-11-22,Mobile App,Credit Card,Completed
ORD004156,CUST00407,2025-02-03,Website,Debit Card,Completed
ORD004157,CUST00170,2026-07-18,Website,UPI,Completed
ORD004158,CUST00571,2026-05-28,Website,Credit Card,Completed
ORD004159,CUST00107,2024-08-09,Website,Debit Card,Completed
ORD004160,CUST00916,2025-12-09,Marketplace,UPI,Completed
ORD004161,CUST00875,2026-08-08,Marketplace,Debit Card,Completed
ORD004162,CUST00222,2025-05-01,Website,Net Banking,Completed
ORD004163,CUST00817,2026-03-01,Website,Credit Card,Completed
ORD004164,CUST00774,2025-09-13,Mobile App,UPI,Completed
ORD004165,CUST00033,2024-09-29,Website,Net Banking,Completed
ORD004166,CUST00577,2026-08-16,Marketplace,COD,Completed
ORD004167,CUST00747,2025-12-30,Website,Credit Card,Completed
ORD004168,CUST00374,2025-12-12,Website,UPI,Completed
ORD004169,CUST00500,2024-09-21,Marketplace,Net Banking,Completed
ORD004170,CUST00583,2025-01-05,Website,UPI,Completed
ORD004171,CUST00686,2024-04-26,Website,Debit Card,Completed
ORD004172,CUST00674,2026-07-18,Website,Net Banking,Completed
ORD004173,CUST00311,2025-02-10,Website,UPI,Completed
ORD004174,CUST00715,2025-02-14,Mobile App,Net Banking,Completed
ORD004175,CUST00960,2026-05-14,Marketplace,Debit Card,Cancelled
ORD004176,CUST00417,2026-07-29,Website,Credit Card,Completed
ORD004177,CUST00734,2024-07-30,Website,UPI,Completed
ORD004178,CUST01169,2024-10-17,Website,Debit Card,Completed
ORD004179,CUST00497,2025-01-28,Marketplace,Net Banking,Cancelled
ORD004180,CUST00794,2025-10-10,Mobile App,Debit Card,Completed
ORD004181,CUST00047,2024-06-08,Mobile App,UPI,Returned
ORD004182,CUST00285,2025-05-21,Mobile App,Credit Card,Completed
ORD004183,CUST01062,2026-03-08,Website,Credit Card,Completed
ORD004184,CUST00341,2026-05-28,Marketplace,Credit Card,Completed
ORD004185,CUST00081,2024-01-03,Mobile App,Net Banking,Completed
ORD004186,CUST00290,2025-11-04,Website,Credit Card,Completed
ORD004187,CUST00773,2024-11-07,Mobile App,Credit Card,Completed
ORD004188,CUST00693,2025-07-26,Website,Wallet,Completed
ORD004189,CUST00821,2024-04-27,Marketplace,UPI,Completed
ORD004190,CUST00406,2025-10-22,Marketplace,Credit Card,Completed
ORD004191,CUST00445,2025-11-02,Website,Net Banking,Completed
ORD004192,CUST00027,2024-07-24,Website,UPI,Completed
ORD004193,CUST00108,2025-08-26,Mobile App,Debit Card,Completed
ORD004194,CUST00909,2025-07-20,Mobile App,Net Banking,Completed
ORD004195,CUST01089,2024-11-13,Marketplace,UPI,Completed
ORD004196,CUST00473,2026-08-29,Website,COD,Completed
ORD004197,CUST00369,2025-07-10,Mobile App,UPI,Completed
ORD004198,CUST00538,2024-02-20,Mobile App,Debit Card,Completed
ORD004199,CUST00497,2024-03-31,Mobile App,Credit Card,Completed
ORD004200,CUST00051,2025-10-20,Website,Wallet,Completed
ORD004201,CUST00879,2024-05-20,Website,Credit Card,Returned
ORD004202,CUST01172,2026-02-18,Website,Credit Card,Completed
ORD004203,CUST00938,2024-09-19,Mobile App,COD,Cancelled
ORD004204,CUST00151,2024-08-13,Marketplace,COD,Completed
ORD004205,CUST01124,2024-12-23,Marketplace,Debit Card,Completed
ORD004206,CUST00887,2024-01-09,Website,UPI,Completed
ORD004207,CUST00595,2025-05-30,Marketplace,UPI,Completed
ORD004208,CUST00632,2024-05-07,Website,Credit Card,Completed
ORD004209,CUST00730,2025-02-21,Mobile App,Net Banking,Completed
ORD004210,CUST00995,2026-04-11,Website,Net Banking,Completed
ORD004211,CUST00981,2025-05-22,Website,COD,Completed
ORD004212,CUST00444,2025-07-09,Website,UPI,Completed
ORD004213,CUST00733,2026-07-16,Website,Net Banking,Completed
ORD004214,CUST00331,2026-03-05,Website,Credit Card,Completed
ORD004215,CUST00871,2024-07-07,Website,Credit Card,Completed
ORD004216,CUST00023,2025-06-11,Mobile App,Net Banking,Completed
ORD004217,CUST00176,2025-02-10,Marketplace,COD,Completed
ORD004218,CUST01128,2024-07-10,Marketplace,Debit Card,Cancelled
ORD004219,CUST00002,2025-07-04,Website,Debit Card,Completed
ORD004220,CUST01159,2024-11-21,Mobile App,UPI,Completed
ORD004221,CUST00984,2025-05-03,Website,Credit Card,Returned
ORD004222,CUST01016,2026-05-06,Website,UPI,Completed
ORD004223,CUST01141,2026-07-23,Website,Net Banking,Completed
ORD004224,CUST00149,2024-01-31,Marketplace,COD,Completed
ORD004225,CUST00903,2026-03-02,Website,COD,Completed
ORD004226,CUST01130,2025-05-09,Mobile App,Debit Card,Returned
ORD004227,CUST00722,2024-05-22,Mobile App,Credit Card,Completed
ORD004228,CUST00904,2025-06-29,Website,UPI,Returned
ORD004229,CUST00878,2025-06-22,Website,COD,Completed
ORD004230,CUST00009,2024-02-14,Mobile App,UPI,Completed
ORD004231,CUST00371,2025-12-21,Mobile App,Credit Card,Completed
ORD004232,CUST00716,2025-05-18,Mobile App,COD,Completed
ORD004233,CUST00035,2025-10-19,Mobile App,Debit Card,Completed
ORD004234,CUST00308,2024-04-14,Website,UPI,Completed
ORD004235,CUST00074,2025-02-04,Website,UPI,Completed
ORD004236,CUST00823,2024-01-24,Mobile App,Debit Card,Completed
ORD004237,CUST00332,2024-07-04,Website,UPI,Completed
ORD004238,CUST00244,2026-04-20,Mobile App,UPI,Completed
ORD004239,CUST00028,2024-02-12,Mobile App,Credit Card,Completed
ORD004240,CUST00279,2026-08-20,Mobile App,Wallet,Cancelled
ORD004241,CUST00868,2025-10-28,Website,Net Banking,Completed
ORD004242,CUST00490,2025-01-07,Website,Wallet,Completed
ORD004243,CUST00669,2024-01-26,Website,Wallet,Completed
ORD004244,CUST00568,2025-10-19,Website,COD,Returned
ORD004245,CUST00836,2025-01-11,Mobile App,COD,Completed
ORD004246,CUST00780,2026-01-07,Mobile App,Credit Card,Completed
ORD004247,CUST00623,2025-10-23,Website,Credit Card,Completed
ORD004248,CUST00135,2026-01-11,Website,Debit Card,Cancelled
ORD004249,CUST00858,2025-07-03,Website,COD,Completed
ORD004250,CUST00549,2026-02-04,Website,Wallet,Completed
ORD004251,CUST00469,2026-05-26,Mobile App,COD,Completed
ORD004252,CUST00879,2026-08-25,Mobile App,Wallet,Completed
ORD004253,CUST00890,2024-08-09,Marketplace,Wallet,Completed
ORD004254,CUST00316,2024-09-03,Website,Debit Card,Completed
ORD004255,CUST01075,2025-01-08,Website,COD,Cancelled
ORD004256,CUST00500,2024-10-24,Website,COD,Completed
ORD004257,CUST01149,2026-04-03,Website,Wallet,Completed
ORD004258,CUST00882,2024-09-06,Marketplace,Net Banking,Cancelled
ORD004259,CUST00730,2024-02-02,Website,Net Banking,Completed
ORD004260,CUST00123,2026-03-29,Website,Net Banking,Completed
ORD004261,CUST00552,2025-06-28,Website,UPI,Completed
ORD004262,CUST00938,2024-02-22,Website,UPI,Returned
ORD004263,CUST00402,2025-09-09,Mobile App,Net Banking,Completed
ORD004264,CUST01004,2026-07-25,Marketplace,Wallet,Completed
ORD004265,CUST00708,2024-10-03,Mobile App,COD,Completed
ORD004266,CUST00059,2025-07-29,Website,UPI,Completed
ORD004267,CUST00226,2024-12-25,Website,Debit Card,Completed
ORD004268,CUST00010,2025-10-13,Website,Credit Card,Completed
ORD004269,CUST00193,2025-07-29,Website,Credit Card,Cancelled
ORD004270,CUST00951,2024-05-22,Mobile App,Net Banking,Completed
ORD004271,CUST00477,2025-12-01,Mobile App,Net Banking,Completed
ORD004272,CUST00678,2026-05-02,Website,Wallet,Completed
ORD004273,CUST00229,2024-04-12,Website,Debit Card,Completed
ORD004274,CUST00342,2024-10-08,Website,UPI,Completed
ORD004275,CUST00306,2024-09-27,Mobile App,Wallet,Completed
ORD004276,CUST00705,2024-07-06,Website,UPI,Completed
ORD004277,CUST01083,2024-08-16,Website,Net Banking,Completed
ORD004278,CUST00701,2024-10-26,Marketplace,UPI,Completed
ORD004279,CUST00166,2024-02-11,Mobile App,Credit Card,Completed
ORD004280,CUST00624,2025-11-12,Website,Credit Card,Completed
ORD004281,CUST00930,2024-08-13,Mobile App,COD,Completed
ORD004282,CUST00382,2025-04-30,Mobile App,UPI,Completed
ORD004283,CUST00906,2024-09-10,Website,UPI,Completed
ORD004284,CUST00178,2026-05-16,Mobile App,Wallet,Completed
ORD004285,CUST00342,2025-03-09,Mobile App,UPI,Completed
ORD004286,CUST00869,2026-02-10,Website,UPI,Completed
ORD004287,CUST00906,2026-03-13,Website,UPI,Completed
ORD004288,CUST00869,2024-03-01,Mobile App,UPI,Completed
ORD004289,CUST00042,2024-09-03,Mobile App,UPI,Completed
ORD004290,CUST00152,2024-12-10,Website,Credit Card,Completed
ORD004291,CUST00067,2024-12-09,Mobile App,Net Banking,Completed
ORD004292,CUST00293,2025-07-06,Marketplace,UPI,Completed
ORD004293,CUST00858,2026-01-10,Website,Debit Card,Completed
ORD004294,CUST00441,2024-06-26,Website,UPI,Completed
ORD004295,CUST01139,2026-07-30,Mobile App,UPI,Completed
ORD004296,CUST00186,2026-05-20,Mobile App,Debit Card,Completed
ORD004297,CUST00497,2025-01-13,Website,Credit Card,Completed
ORD004298,CUST01133,2024-05-28,Website,Net Banking,Completed
ORD004299,CUST00272,2024-09-18,Website,Net Banking,Completed
ORD004300,CUST00379,2025-04-22,Mobile App,UPI,Completed
ORD004301,CUST00050,2024-10-26,Mobile App,Debit Card,Completed
ORD004302,CUST01068,2024-03-28,Mobile App,UPI,Completed
ORD004303,CUST00763,2025-03-22,Website,Wallet,Cancelled
ORD004304,CUST00322,2025-12-03,Mobile App,Debit Card,Completed
ORD004305,CUST00220,2025-11-25,Website,Credit Card,Completed
ORD004306,CUST00958,2024-04-27,Mobile App,Credit Card,Completed
ORD004307,CUST00132,2024-12-13,Marketplace,UPI,Completed
ORD004308,CUST00876,2024-04-24,Website,Debit Card,Completed
ORD004309,CUST01032,2026-01-18,Website,Wallet,Completed
ORD004310,CUST01127,2024-04-10,Website,Debit Card,Completed
ORD004311,CUST00907,2024-11-25,Website,Credit Card,Completed
ORD004312,CUST00056,2024-04-26,Website,Debit Card,Completed
ORD004313,CUST00003,2025-05-14,Website,Credit Card,Completed
ORD004314,CUST00166,2026-01-28,Website,UPI,Completed
ORD004315,CUST00105,2024-11-21,Website,COD,Completed
ORD004316,CUST00773,2026-03-05,Mobile App,Credit Card,Completed
ORD004317,CUST00071,2025-07-22,Mobile App,Net Banking,Completed
ORD004318,CUST00114,2024-12-20,Website,Credit Card,Completed
ORD004319,CUST00813,2026-02-18,Website,Debit Card,Completed
ORD004320,CUST00422,2024-01-09,Website,Net Banking,Completed
ORD004321,CUST00610,2024-12-22,Mobile App,Debit Card,Completed
ORD004322,CUST00869,2024-09-02,Mobile App,UPI,Completed
ORD004323,CUST01126,2024-09-06,Mobile App,Credit Card,Completed
ORD004324,CUST00643,2026-06-11,Website,UPI,Completed
ORD004325,CUST01118,2024-04-12,Website,UPI,Completed
ORD004326,CUST01121,2025-07-02,Website,Wallet,Completed
ORD004327,CUST01127,2026-02-28,Mobile App,Net Banking,Completed
ORD004328,CUST00793,2026-02-09,Mobile App,Net Banking,Completed
ORD004329,CUST00851,2024-08-15,Mobile App,UPI,Completed
ORD004330,CUST00177,2025-11-14,Mobile App,Net Banking,Returned
ORD004331,CUST00780,2026-01-25,Mobile App,Credit Card,Completed
ORD004332,CUST00628,2025-12-24,Mobile App,Credit Card,Completed
ORD004333,CUST00048,2024-02-13,Website,UPI,Completed
ORD004334,CUST00104,2024-04-12,Marketplace,COD,Completed
ORD004335,CUST00495,2025-03-20,Website,Credit Card,Completed
ORD004336,CUST01092,2026-03-24,Mobile App,Credit Card,Completed
ORD004337,CUST00014,2025-04-14,Mobile App,UPI,Completed
ORD004338,CUST01197,2026-03-10,Mobile App,Debit Card,Completed
ORD004339,CUST00741,2024-11-07,Website,Credit Card,Completed
ORD004340,CUST00810,2024-05-25,Website,Credit Card,Completed
ORD004341,CUST00929,2024-07-09,Website,UPI,Completed
ORD004342,CUST00239,2026-01-21,Mobile App,Debit Card,Completed
ORD004343,CUST00290,2026-02-07,Mobile App,UPI,Completed
ORD004344,CUST00276,2024-04-19,Mobile App,Net Banking,Completed
ORD004345,CUST00903,2026-03-05,Mobile App,COD,Completed
ORD004346,CUST00425,2025-05-21,Website,UPI,Completed
ORD004347,CUST00979,2025-06-21,Mobile App,Wallet,Completed
ORD004348,CUST00287,2026-01-16,Website,Debit Card,Completed
ORD004349,CUST00780,2024-10-22,Marketplace,Credit Card,Completed
ORD004350,CUST00781,2026-06-26,Website,Credit Card,Completed
ORD004351,CUST00608,2024-01-01,Marketplace,UPI,Completed
ORD004352,CUST00199,2025-03-02,Mobile App,UPI,Completed
ORD004353,CUST00381,2025-01-18,Website,UPI,Completed
ORD004354,CUST00864,2025-06-28,Website,COD,Completed
ORD004355,CUST00513,2024-01-28,Website,Credit Card,Returned
ORD004356,CUST01046,2025-01-31,Marketplace,COD,Completed
ORD004357,CUST01145,2025-07-18,Mobile App,UPI,Completed
ORD004358,CUST00451,2025-07-08,Website,Debit Card,Completed
ORD004359,CUST00465,2025-02-15,Mobile App,UPI,Completed
ORD004360,CUST00297,2024-07-04,Mobile App,Net Banking,Returned
ORD004361,CUST00344,2024-04-26,Website,UPI,Completed
ORD004362,CUST00574,2024-08-16,Website,COD,Completed
ORD004363,CUST00298,2026-01-30,Mobile App,UPI,Completed
ORD004364,CUST01052,2024-05-11,Website,Credit Card,Completed
ORD004365,CUST00180,2024-01-21,Mobile App,Credit Card,Completed
ORD004366,CUST00821,2026-08-26,Mobile App,Wallet,Completed
ORD004367,CUST00918,2025-11-24,Mobile App,Net Banking,Completed
ORD004368,CUST00517,2025-06-17,Mobile App,Credit Card,Completed
ORD004369,CUST00920,2025-09-21,Mobile App,UPI,Completed
ORD004370,CUST00277,2026-06-08,Website,UPI,Completed
ORD004371,CUST00839,2026-05-24,Mobile App,COD,Completed
ORD004372,CUST00195,2026-01-25,Mobile App,Debit Card,Completed
ORD004373,CUST00020,2026-08-21,Website,Credit Card,Completed
ORD004374,CUST00642,2025-12-02,Website,UPI,Returned
ORD004375,CUST00193,2024-07-23,Website,Credit Card,Returned
ORD004376,CUST00722,2026-05-02,Website,UPI,Cancelled
ORD004377,CUST00212,2025-02-28,Website,Credit Card,Completed
ORD004378,CUST01149,2025-05-14,Website,UPI,Completed
ORD004379,CUST01077,2024-08-04,Mobile App,Net Banking,Completed
ORD004380,CUST01199,2026-06-27,Website,Debit Card,Returned
ORD004381,CUST00097,2025-12-15,Website,UPI,Completed
ORD004382,CUST00158,2025-05-26,Website,Credit Card,Completed
ORD004383,CUST00352,2025-11-30,Website,UPI,Returned
ORD004384,CUST00864,2024-07-18,Marketplace,Wallet,Completed
ORD004385,CUST01080,2025-04-26,Website,Debit Card,Completed
ORD004386,CUST00636,2024-02-16,Mobile App,Wallet,Completed
ORD004387,CUST00335,2025-11-19,Mobile App,Net Banking,Completed
ORD004388,CUST00682,2026-03-06,Website,Credit Card,Completed
ORD004389,CUST00481,2026-04-20,Mobile App,COD,Completed
ORD004390,CUST00254,2026-04-30,Website,Wallet,Returned
ORD004391,CUST00316,2024-08-11,Website,Credit Card,Returned
ORD004392,CUST00217,2024-12-16,Website,UPI,Completed
ORD004393,CUST00378,2025-12-18,Website,COD,Completed
ORD004394,CUST00521,2026-01-26,Mobile App,COD,Cancelled
ORD004395,CUST00218,2026-07-15,Mobile App,COD,Completed
ORD004396,CUST00077,2025-02-19,Website,Debit Card,Completed
ORD004397,CUST00535,2025-09-04,Website,UPI,Completed
ORD004398,CUST01137,2026-03-02,Website,UPI,Completed
ORD004399,CUST00108,2024-08-10,Mobile App,UPI,Completed
ORD004400,CUST00820,2025-04-26,Mobile App,Net Banking,Completed
ORD004401,CUST00095,2025-09-28,Mobile App,Credit Card,Completed
ORD004402,CUST01187,2025-01-06,Mobile App,UPI,Completed
ORD004403,CUST00066,2026-01-16,Mobile App,Net Banking,Completed
ORD004404,CUST00221,2024-06-29,Website,Debit Card,Cancelled
ORD004405,CUST00191,2024-12-02,Website,Credit Card,Completed
ORD004406,CUST00442,2024-07-30,Marketplace,Credit Card,Returned
ORD004407,CUST00059,2025-04-08,Website,UPI,Completed
ORD004408,CUST00602,2024-08-19,Marketplace,Net Banking,Completed
ORD004409,CUST00352,2024-05-15,Mobile App,Net Banking,Returned
ORD004410,CUST01076,2024-04-06,Mobile App,Wallet,Completed
ORD004411,CUST00126,2026-04-08,Website,COD,Completed
ORD004412,CUST00889,2024-08-28,Website,COD,Completed
ORD004413,CUST00205,2025-07-11,Mobile App,Credit Card,Completed
ORD004414,CUST01133,2024-10-30,Mobile App,UPI,Completed
ORD004415,CUST00064,2025-11-15,Website,UPI,Completed
ORD004416,CUST00754,2026-02-11,Website,Debit Card,Completed
ORD004417,CUST00187,2024-12-25,Website,Net Banking,Completed
ORD004418,CUST00689,2024-03-07,Website,UPI,Completed
ORD004419,CUST00584,2025-08-12,Website,Credit Card,Completed
ORD004420,CUST00134,2025-07-06,Mobile App,Credit Card,Completed
ORD004421,CUST00275,2026-04-30,Website,Credit Card,Completed
ORD004422,CUST00115,2025-10-10,Website,Wallet,Completed
ORD004423,CUST00145,2024-03-18,Website,UPI,Completed
ORD004424,CUST00548,2025-09-23,Website,Debit Card,Returned
ORD004425,CUST00358,2024-02-06,Website,Credit Card,Completed
ORD004426,CUST00868,2025-08-20,Mobile App,Net Banking,Completed
ORD004427,CUST00475,2024-08-27,Mobile App,UPI,Completed
ORD004428,CUST00134,2026-05-04,Mobile App,Debit Card,Completed
ORD004429,CUST00034,2025-09-15,Mobile App,Wallet,Completed
ORD004430,CUST00260,2024-11-08,Website,Debit Card,Completed
ORD004431,CUST00776,2024-01-03,Website,UPI,Completed
ORD004432,CUST00840,2024-10-03,Website,Wallet,Completed
ORD004433,CUST00472,2025-07-05,Marketplace,UPI,Completed
ORD004434,CUST01079,2024-04-14,Website,COD,Completed
ORD004435,CUST01040,2024-02-08,Website,Wallet,Completed
ORD004436,CUST00583,2024-06-28,Website,Debit Card,Completed
ORD004437,CUST00274,2025-09-27,Mobile App,Credit Card,Completed
ORD004438,CUST00697,2024-07-28,Mobile App,UPI,Cancelled
ORD004439,CUST01146,2024-06-16,Mobile App,COD,Completed
ORD004440,CUST00558,2025-01-17,Mobile App,COD,Completed
ORD004441,CUST00017,2026-06-05,Website,Credit Card,Cancelled
ORD004442,CUST00865,2026-06-13,Website,UPI,Completed
ORD004443,CUST00964,2026-05-09,Website,UPI,Completed
ORD004444,CUST01126,2026-04-01,Mobile App,UPI,Completed
ORD004445,CUST00697,2026-03-28,Website,Debit Card,Returned
ORD004446,CUST00563,2024-08-05,Marketplace,Net Banking,Completed
ORD004447,CUST00773,2025-02-15,Website,Credit Card,Completed
ORD004448,CUST01187,2025-07-05,Website,UPI,Completed
ORD004449,CUST00046,2025-04-13,Mobile App,COD,Completed
ORD004450,CUST00175,2024-02-22,Mobile App,Debit Card,Cancelled
ORD004451,CUST00054,2024-03-23,Marketplace,UPI,Completed
ORD004452,CUST00918,2026-03-26,Website,Credit Card,Completed
ORD004453,CUST00886,2025-03-04,Mobile App,UPI,Completed
ORD004454,CUST01035,2025-07-09,Website,UPI,Completed
ORD004455,CUST00600,2025-05-18,Website,COD,Completed
ORD004456,CUST00582,2024-07-28,Mobile App,COD,Completed
ORD004457,CUST00891,2026-06-27,Mobile App,Credit Card,Cancelled
ORD004458,CUST00570,2026-08-06,Website,COD,Completed
ORD004459,CUST00838,2026-03-11,Website,Net Banking,Completed
ORD004460,CUST00993,2024-08-22,Website,UPI,Completed
ORD004461,CUST00542,2026-02-06,Marketplace,Wallet,Completed
ORD004462,CUST01100,2025-04-27,Mobile App,COD,Completed
ORD004463,CUST00616,2024-05-07,Marketplace,Wallet,Completed
ORD004464,CUST00493,2026-06-01,Mobile App,COD,Returned
ORD004465,CUST00354,2025-03-14,Mobile App,COD,Completed
ORD004466,CUST00147,2026-03-19,Mobile App,Net Banking,Completed
ORD004467,CUST00589,2025-10-24,Mobile App,Net Banking,Completed
ORD004468,CUST00107,2025-07-26,Mobile App,UPI,Completed
ORD004469,CUST00039,2024-08-14,Mobile App,UPI,Completed
ORD004470,CUST00290,2026-05-20,Website,Debit Card,Completed
ORD004471,CUST00427,2024-03-27,Website,Credit Card,Cancelled
ORD004472,CUST00756,2026-05-30,Website,COD,Completed
ORD004473,CUST00718,2025-04-15,Mobile App,Net Banking,Completed
ORD004474,CUST00794,2024-08-09,Website,UPI,Returned
ORD004475,CUST00866,2026-02-04,Website,Credit Card,Completed
ORD004476,CUST00529,2025-10-05,Website,Wallet,Completed
ORD004477,CUST00501,2026-01-26,Website,Debit Card,Completed
ORD004478,CUST00402,2024-06-03,Website,Credit Card,Completed
ORD004479,CUST00098,2025-05-03,Website,UPI,Completed
ORD004480,CUST00618,2025-04-02,Website,Credit Card,Completed
ORD004481,CUST00355,2025-03-14,Mobile App,COD,Completed
ORD004482,CUST00804,2026-08-23,Website,Credit Card,Completed
ORD004483,CUST01136,2025-09-20,Marketplace,Debit Card,Completed
ORD004484,CUST01016,2024-09-28,Marketplace,Wallet,Completed
ORD004485,CUST00588,2025-12-01,Mobile App,COD,Completed
ORD004486,CUST00685,2025-12-30,Website,Credit Card,Completed
ORD004487,CUST00942,2026-02-06,Mobile App,COD,Cancelled
ORD004488,CUST00492,2026-02-10,Website,Credit Card,Completed
ORD004489,CUST00052,2024-10-15,Website,UPI,Returned
ORD004490,CUST00863,2025-05-06,Website,UPI,Completed
ORD004491,CUST00410,2024-12-25,Website,UPI,Completed
ORD004492,CUST00426,2026-02-23,Mobile App,UPI,Completed
ORD004493,CUST00067,2024-02-29,Mobile App,UPI,Completed
ORD004494,CUST00069,2026-01-26,Mobile App,Credit Card,Completed
ORD004495,CUST00308,2025-06-02,Website,Credit Card,Completed
ORD004496,CUST01076,2024-09-07,Marketplace,Wallet,Completed
ORD004497,CUST00749,2025-03-08,Website,COD,Cancelled
ORD004498,CUST00267,2026-06-04,Marketplace,Credit Card,Completed
ORD004499,CUST00028,2025-11-30,Mobile App,UPI,Completed
ORD004500,CUST01169,2026-05-25,Mobile App,UPI,Completed
ORD004501,CUST00631,2026-04-14,Mobile App,Net Banking,Completed
ORD004502,CUST00160,2025-03-07,Website,Net Banking,Completed
ORD004503,CUST00818,2025-08-04,Mobile App,COD,Completed
ORD004504,CUST00652,2024-04-14,Website,Net Banking,Completed
ORD004505,CUST00567,2026-08-09,Website,UPI,Completed
ORD004506,CUST00919,2025-04-26,Website,UPI,Completed
ORD004507,CUST00837,2025-10-25,Website,Debit Card,Completed
ORD004508,CUST01196,2025-04-17,Website,Debit Card,Completed
ORD004509,CUST00786,2026-05-03,Mobile App,UPI,Completed
ORD004510,CUST00764,2026-01-28,Mobile App,Credit Card,Completed
ORD004511,CUST00768,2025-09-06,Website,Debit Card,Completed
ORD004512,CUST00337,2026-01-05,Mobile App,Net Banking,Completed
ORD004513,CUST01177,2024-07-03,Mobile App,Credit Card,Cancelled
ORD004514,CUST00036,2026-05-25,Website,Wallet,Completed
ORD004515,CUST01096,2025-09-30,Website,COD,Completed
ORD004516,CUST00727,2024-02-26,Website,COD,Completed
ORD004517,CUST00067,2025-01-20,Website,Credit Card,Cancelled
ORD004518,CUST01131,2024-08-06,Mobile App,UPI,Completed
ORD004519,CUST01025,2026-01-28,Website,UPI,Completed
ORD004520,CUST00263,2024-11-05,Website,Credit Card,Completed
ORD004521,CUST00035,2024-04-15,Marketplace,Net Banking,Completed
ORD004522,CUST00463,2026-07-27,Mobile App,Credit Card,Completed
ORD004523,CUST00169,2024-12-31,Mobile App,Net Banking,Completed
ORD004524,CUST00833,2026-05-30,Website,COD,Cancelled
ORD004525,CUST00620,2025-05-05,Website,UPI,Completed
ORD004526,CUST00157,2025-01-10,Website,UPI,Completed
ORD004527,CUST00766,2025-06-10,Website,COD,Returned
ORD004528,CUST00652,2026-03-01,Mobile App,UPI,Completed
ORD004529,CUST01080,2025-09-28,Mobile App,Credit Card,Completed
ORD004530,CUST01002,2024-05-01,Mobile App,Credit Card,Cancelled
ORD004531,CUST00119,2026-04-06,Mobile App,Credit Card,Completed
ORD004532,CUST00156,2025-11-24,Marketplace,COD,Completed
ORD004533,CUST00677,2025-01-19,Website,Credit Card,Cancelled
ORD004534,CUST00227,2026-06-05,Website,Credit Card,Completed
ORD004535,CUST01102,2024-08-08,Website,Wallet,Completed
ORD004536,CUST01091,2024-11-14,Mobile App,Debit Card,Completed
ORD004537,CUST00085,2026-01-03,Mobile App,COD,Returned
ORD004538,CUST00529,2024-03-07,Mobile App,UPI,Completed
ORD004539,CUST00355,2025-09-13,Website,UPI,Completed
ORD004540,CUST00758,2026-06-16,Mobile App,Net Banking,Completed
ORD004541,CUST00107,2026-02-20,Mobile App,Net Banking,Completed
ORD004542,CUST01055,2024-03-05,Website,Credit Card,Completed
ORD004543,CUST00179,2024-04-02,Website,Credit Card,Completed
ORD004544,CUST00681,2024-03-26,Mobile App,Credit Card,Completed
ORD004545,CUST00129,2024-02-25,Website,UPI,Completed
ORD004546,CUST00608,2024-11-10,Website,Credit Card,Completed
ORD004547,CUST00205,2025-12-30,Mobile App,Debit Card,Cancelled
ORD004548,CUST00739,2025-02-21,Mobile App,Credit Card,Completed
ORD004549,CUST00936,2024-11-23,Website,Wallet,Completed
ORD004550,CUST00626,2026-02-06,Website,COD,Completed
ORD004551,CUST00377,2025-07-25,Mobile App,UPI,Completed
ORD004552,CUST00547,2025-09-20,Website,UPI,Completed
ORD004553,CUST00211,2024-03-25,Website,COD,Cancelled
ORD004554,CUST00784,2026-02-05,Marketplace,Credit Card,Completed
ORD004555,CUST00121,2024-01-18,Mobile App,COD,Completed
ORD004556,CUST01079,2026-01-14,Mobile App,UPI,Completed
ORD004557,CUST00253,2026-03-30,Website,UPI,Completed
ORD004558,CUST00258,2026-08-05,Website,UPI,Completed
ORD004559,CUST00824,2024-12-30,Website,Wallet,Completed
ORD004560,CUST00782,2025-08-05,Marketplace,UPI,Completed
ORD004561,CUST01017,2024-10-04,Mobile App,COD,Completed
ORD004562,CUST00023,2024-01-04,Website,UPI,Completed
ORD004563,CUST00721,2025-10-11,Website,Net Banking,Completed
ORD004564,CUST00101,2025-04-11,Mobile App,UPI,Completed
ORD004565,CUST00949,2025-10-22,Marketplace,UPI,Completed
ORD004566,CUST00264,2025-05-20,Website,UPI,Completed
ORD004567,CUST00297,2024-05-05,Mobile App,UPI,Completed
ORD004568,CUST00092,2026-07-11,Website,COD,Cancelled
ORD004569,CUST00048,2026-04-02,Mobile App,UPI,Completed
ORD004570,CUST00819,2025-06-12,Website,Credit Card,Completed
ORD004571,CUST00356,2024-01-30,Mobile App,Wallet,Completed
ORD004572,CUST00735,2025-03-04,Mobile App,COD,Completed
ORD004573,CUST00818,2026-04-03,Mobile App,Debit Card,Completed
ORD004574,CUST01187,2026-01-05,Website,COD,Completed
ORD004575,CUST01197,2026-01-16,Website,Credit Card,Returned
ORD004576,CUST00419,2024-09-22,Website,COD,Completed
ORD004577,CUST00726,2026-05-11,Website,UPI,Completed
ORD004578,CUST01088,2025-05-18,Website,Credit Card,Completed
ORD004579,CUST00712,2025-01-25,Website,COD,Returned
ORD004580,CUST00487,2025-09-30,Website,Credit Card,Returned
ORD004581,CUST00263,2025-03-02,Mobile App,UPI,Completed
ORD004582,CUST00181,2026-06-24,Marketplace,Wallet,Cancelled
ORD004583,CUST00783,2025-07-23,Website,UPI,Completed
ORD004584,CUST00916,2024-10-10,Marketplace,UPI,Completed
ORD004585,CUST00439,2024-01-16,Website,UPI,Completed
ORD004586,CUST00526,2026-01-08,Mobile App,Credit Card,Completed
ORD004587,CUST00661,2026-02-22,Mobile App,Debit Card,Returned
ORD004588,CUST00594,2025-08-06,Website,Debit Card,Completed
ORD004589,CUST00942,2024-09-22,Mobile App,Net Banking,Returned
ORD004590,CUST00631,2024-08-26,Website,Debit Card,Completed
ORD004591,CUST00191,2026-06-22,Marketplace,Credit Card,Completed
ORD004592,CUST01156,2024-02-27,Website,UPI,Completed
ORD004593,CUST01011,2025-02-07,Website,Debit Card,Cancelled
ORD004594,CUST01059,2026-02-16,Website,Debit Card,Completed
ORD004595,CUST00680,2025-02-27,Website,Debit Card,Completed
ORD004596,CUST00753,2024-06-19,Mobile App,COD,Completed
ORD004597,CUST00326,2024-07-09,Mobile App,UPI,Completed
ORD004598,CUST00227,2024-01-02,Mobile App,UPI,Completed
ORD004599,CUST00895,2024-02-12,Mobile App,Credit Card,Completed
ORD004600,CUST00611,2026-01-14,Mobile App,Wallet,Completed
ORD004601,CUST01015,2025-02-23,Website,Debit Card,Completed
ORD004602,CUST01130,2024-11-27,Website,COD,Completed
ORD004603,CUST00667,2025-08-11,Mobile App,Credit Card,Completed
ORD004604,CUST00732,2024-08-24,Mobile App,UPI,Completed
ORD004605,CUST00706,2026-07-07,Mobile App,Net Banking,Completed
ORD004606,CUST01031,2024-06-11,Mobile App,Credit Card,Completed
ORD004607,CUST00567,2025-04-13,Website,Net Banking,Completed
ORD004608,CUST01079,2024-10-25,Website,COD,Cancelled
ORD004609,CUST00909,2025-03-14,Website,UPI,Completed
ORD004610,CUST01010,2024-04-30,Website,Credit Card,Completed
ORD004611,CUST00729,2025-02-20,Mobile App,UPI,Completed
ORD004612,CUST00893,2025-10-18,Website,UPI,Completed
ORD004613,CUST00875,2025-06-26,Website,Net Banking,Cancelled
ORD004614,CUST01159,2024-02-21,Marketplace,Credit Card,Completed
ORD004615,CUST00125,2024-07-07,Mobile App,Credit Card,Completed
ORD004616,CUST00176,2024-02-08,Mobile App,Credit Card,Completed
ORD004617,CUST00318,2025-10-16,Website,Credit Card,Completed
ORD004618,CUST01109,2024-10-14,Mobile App,UPI,Completed
ORD004619,CUST00343,2025-09-06,Website,Credit Card,Completed
ORD004620,CUST01065,2025-10-05,Mobile App,Credit Card,Completed
ORD004621,CUST01037,2024-03-25,Marketplace,UPI,Completed
ORD004622,CUST00615,2024-07-20,Mobile App,UPI,Completed
ORD004623,CUST00449,2026-06-10,Website,UPI,Completed
ORD004624,CUST00818,2025-06-23,Website,Net Banking,Completed
ORD004625,CUST00669,2024-12-20,Website,Credit Card,Completed
ORD004626,CUST01200,2024-09-07,Website,Credit Card,Completed
ORD004627,CUST00993,2025-03-23,Mobile App,COD,Completed
ORD004628,CUST00283,2025-02-16,Website,UPI,Completed
ORD004629,CUST00810,2024-07-30,Marketplace,Wallet,Completed
ORD004630,CUST00129,2025-08-10,Website,Net Banking,Completed
ORD004631,CUST00715,2026-04-20,Website,Net Banking,Cancelled
ORD004632,CUST01027,2024-06-06,Website,UPI,Returned
ORD004633,CUST00732,2026-06-19,Marketplace,Net Banking,Completed
ORD004634,CUST00446,2025-10-26,Mobile App,COD,Completed
ORD004635,CUST00697,2025-04-09,Mobile App,Debit Card,Completed
ORD004636,CUST00792,2024-06-11,Website,UPI,Returned
ORD004637,CUST00815,2025-01-14,Website,Credit Card,Completed
ORD004638,CUST00006,2025-02-08,Website,Debit Card,Completed
ORD004639,CUST00985,2026-05-01,Mobile App,UPI,Completed
ORD004640,CUST01167,2025-07-30,Marketplace,Debit Card,Completed
ORD004641,CUST00768,2025-05-09,Website,UPI,Completed
ORD004642,CUST00613,2024-10-10,Website,Credit Card,Completed
ORD004643,CUST00422,2024-12-13,Mobile App,Credit Card,Completed
ORD004644,CUST00365,2025-07-08,Mobile App,Debit Card,Completed
ORD004645,CUST00689,2026-03-10,Mobile App,Credit Card,Completed
ORD004646,CUST00718,2025-03-20,Website,Credit Card,Cancelled
ORD004647,CUST00039,2025-05-07,Website,Credit Card,Completed
ORD004648,CUST00431,2025-10-26,Mobile App,Credit Card,Returned
ORD004649,CUST01100,2025-03-18,Website,Credit Card,Completed
ORD004650,CUST01155,2025-02-24,Website,UPI,Completed
ORD004651,CUST00545,2025-08-19,Mobile App,Wallet,Completed
ORD004652,CUST00494,2025-02-18,Website,UPI,Completed
ORD004653,CUST00950,2025-08-30,Website,COD,Completed
ORD004654,CUST00253,2024-04-22,Marketplace,Debit Card,Completed
ORD004655,CUST00469,2026-05-29,Mobile App,Debit Card,Completed
ORD004656,CUST00147,2025-11-10,Mobile App,Debit Card,Completed
ORD004657,CUST00274,2025-05-10,Website,COD,Completed
ORD004658,CUST00690,2025-05-27,Website,UPI,Completed
ORD004659,CUST01000,2025-10-25,Website,Credit Card,Completed
ORD004660,CUST00767,2025-10-26,Website,Debit Card,Completed
ORD004661,CUST00297,2024-08-31,Mobile App,COD,Completed
ORD004662,CUST01193,2024-01-19,Mobile App,Wallet,Completed
ORD004663,CUST00618,2025-09-04,Mobile App,Credit Card,Completed
ORD004664,CUST00838,2025-10-31,Website,UPI,Cancelled
ORD004665,CUST00538,2025-06-27,Mobile App,UPI,Completed
ORD004666,CUST00489,2024-06-20,Website,Net Banking,Completed
ORD004667,CUST00619,2025-10-15,Website,Credit Card,Completed
ORD004668,CUST00821,2024-09-14,Mobile App,COD,Completed
ORD004669,CUST00197,2026-01-03,Website,COD,Completed
ORD004670,CUST00503,2025-05-15,Marketplace,UPI,Completed
ORD004671,CUST01172,2024-11-23,Website,UPI,Completed
ORD004672,CUST00581,2025-05-26,Website,Net Banking,Completed
ORD004673,CUST00053,2025-04-17,Website,Wallet,Completed
ORD004674,CUST00943,2024-03-20,Website,Debit Card,Completed
ORD004675,CUST00215,2024-02-10,Website,UPI,Completed
ORD004676,CUST00553,2025-08-09,Mobile App,Credit Card,Completed
ORD004677,CUST00365,2025-09-03,Marketplace,Credit Card,Completed
ORD004678,CUST00320,2025-02-11,Website,Wallet,Completed
ORD004679,CUST00485,2026-03-10,Mobile App,Net Banking,Cancelled
ORD004680,CUST00912,2025-03-10,Website,UPI,Returned
ORD004681,CUST00878,2026-03-20,Website,UPI,Cancelled
ORD004682,CUST00730,2026-03-25,Mobile App,Debit Card,Completed
ORD004683,CUST00931,2024-02-29,Website,Debit Card,Completed
ORD004684,CUST00175,2026-03-08,Marketplace,UPI,Completed
ORD004685,CUST00398,2024-04-19,Mobile App,UPI,Completed
ORD004686,CUST00959,2025-09-10,Marketplace,Credit Card,Completed
ORD004687,CUST00465,2024-11-13,Website,Wallet,Cancelled
ORD004688,CUST00983,2024-11-17,Mobile App,Net Banking,Completed
ORD004689,CUST00129,2026-02-26,Marketplace,UPI,Returned
ORD004690,CUST00023,2024-07-19,Mobile App,COD,Completed
ORD004691,CUST00746,2024-08-21,Mobile App,Credit Card,Completed
ORD004692,CUST00315,2026-04-13,Website,UPI,Completed
ORD004693,CUST00702,2026-05-20,Website,COD,Completed
ORD004694,CUST00965,2026-07-07,Mobile App,COD,Completed
ORD004695,CUST00140,2026-03-30,Website,Credit Card,Completed
ORD004696,CUST00879,2025-02-03,Marketplace,UPI,Completed
ORD004697,CUST00264,2025-11-19,Marketplace,Wallet,Completed
ORD004698,CUST00341,2024-09-27,Website,UPI,Completed
ORD004699,CUST00222,2026-08-03,Mobile App,Wallet,Completed
ORD004700,CUST00301,2026-04-05,Mobile App,Wallet,Cancelled
ORD004701,CUST00653,2025-02-07,Website,UPI,Completed
ORD004702,CUST00763,2025-01-21,Mobile App,UPI,Completed
ORD004703,CUST00574,2024-11-20,Website,UPI,Completed
ORD004704,CUST01091,2026-03-27,Mobile App,Net Banking,Completed
ORD004705,CUST00438,2024-03-28,Website,Credit Card,Completed
ORD004706,CUST00693,2024-01-19,Website,UPI,Completed
ORD004707,CUST01106,2025-10-20,Website,Debit Card,Completed
ORD004708,CUST00879,2026-09-01,Website,Wallet,Completed
ORD004709,CUST00573,2026-07-08,Mobile App,COD,Completed
ORD004710,CUST00276,2025-11-17,Website,COD,Completed
ORD004711,CUST00500,2025-06-18,Website,Credit Card,Returned
ORD004712,CUST00200,2026-07-09,Website,Credit Card,Completed
ORD004713,CUST00798,2026-07-22,Website,UPI,Completed
ORD004714,CUST00809,2026-03-07,Marketplace,Credit Card,Completed
ORD004715,CUST01174,2026-01-19,Website,Credit Card,Completed
ORD004716,CUST00223,2025-03-21,Marketplace,UPI,Completed
ORD004717,CUST00765,2024-05-27,Website,Credit Card,Completed
ORD004718,CUST00135,2026-05-08,Mobile App,UPI,Completed
ORD004719,CUST00086,2024-05-30,Website,Credit Card,Completed
ORD004720,CUST00102,2025-07-28,Mobile App,UPI,Completed
ORD004721,CUST00456,2025-08-11,Website,COD,Completed
ORD004722,CUST00610,2025-01-31,Mobile App,Wallet,Completed
ORD004723,CUST00957,2025-03-15,Website,Debit Card,Completed
ORD004724,CUST00662,2024-02-07,Mobile App,Net Banking,Completed
ORD004725,CUST00042,2025-11-29,Website,COD,Completed
ORD004726,CUST00068,2025-08-05,Marketplace,Net Banking,Completed
ORD004727,CUST00032,2025-10-22,Website,UPI,Completed
ORD004728,CUST00923,2024-04-27,Mobile App,UPI,Completed
ORD004729,CUST00766,2026-06-03,Mobile App,UPI,Completed
ORD004730,CUST00292,2025-07-11,Mobile App,Credit Card,Completed
ORD004731,CUST00359,2024-10-10,Website,Credit Card,Completed
ORD004732,CUST00510,2025-09-04,Mobile App,Credit Card,Completed
ORD004733,CUST00699,2026-06-14,Marketplace,Credit Card,Completed
ORD004734,CUST00232,2024-06-27,Website,Net Banking,Completed
ORD004735,CUST01045,2025-07-17,Website,Wallet,Completed
ORD004736,CUST00475,2024-05-24,Website,COD,Completed
ORD004737,CUST01032,2026-02-13,Mobile App,UPI,Completed
ORD004738,CUST00170,2025-10-16,Website,Credit Card,Completed
ORD004739,CUST00669,2026-04-02,Mobile App,Credit Card,Completed
ORD004740,CUST00773,2024-09-16,Mobile App,Net Banking,Completed
ORD004741,CUST00054,2024-05-05,Mobile App,Net Banking,Completed
ORD004742,CUST00182,2026-07-18,Website,Debit Card,Completed
ORD004743,CUST00677,2025-08-08,Website,COD,Completed
ORD004744,CUST01160,2025-05-08,Mobile App,COD,Completed
ORD004745,CUST00930,2026-02-15,Website,COD,Completed
ORD004746,CUST00055,2025-05-12,Website,Credit Card,Completed
ORD004747,CUST00117,2026-07-18,Mobile App,Credit Card,Completed
ORD004748,CUST00783,2026-07-20,Website,UPI,Completed
ORD004749,CUST00475,2025-07-07,Mobile App,Debit Card,Completed
ORD004750,CUST00490,2024-08-01,Website,Debit Card,Completed
ORD004751,CUST00929,2025-07-24,Mobile App,Credit Card,Completed
ORD004752,CUST00893,2025-11-14,Mobile App,UPI,Completed
ORD004753,CUST00665,2024-11-13,Marketplace,Debit Card,Completed
ORD004754,CUST00932,2025-08-24,Mobile App,Debit Card,Completed
ORD004755,CUST00968,2024-03-22,Mobile App,UPI,Completed
ORD004756,CUST01189,2024-09-27,Mobile App,Net Banking,Completed
ORD004757,CUST00683,2025-04-07,Marketplace,COD,Cancelled
ORD004758,CUST00697,2024-09-27,Website,UPI,Completed
ORD004759,CUST01093,2026-07-07,Mobile App,Debit Card,Completed
ORD004760,CUST00445,2025-03-25,Mobile App,Debit Card,Returned
ORD004761,CUST00041,2025-01-31,Mobile App,Wallet,Completed
ORD004762,CUST00932,2024-02-22,Mobile App,Wallet,Cancelled
ORD004763,CUST01188,2025-01-03,Mobile App,Credit Card,Completed
ORD004764,CUST00241,2026-05-01,Website,UPI,Returned
ORD004765,CUST00969,2025-08-12,Website,COD,Completed
ORD004766,CUST00720,2025-11-20,Website,Credit Card,Completed
ORD004767,CUST00934,2026-03-20,Website,Credit Card,Completed
ORD004768,CUST01039,2024-10-30,Website,COD,Completed
ORD004769,CUST00417,2026-02-15,Mobile App,Debit Card,Completed
ORD004770,CUST00779,2025-12-02,Mobile App,Credit Card,Completed
ORD004771,CUST00889,2026-05-13,Website,Debit Card,Completed
ORD004772,CUST00836,2026-08-02,Website,Credit Card,Returned
ORD004773,CUST01123,2026-03-11,Website,Debit Card,Cancelled
ORD004774,CUST00903,2026-06-23,Mobile App,Credit Card,Completed
ORD004775,CUST00421,2024-02-11,Mobile App,COD,Completed
ORD004776,CUST00457,2025-01-20,Website,Debit Card,Cancelled
ORD004777,CUST00910,2026-04-07,Website,Wallet,Completed
ORD004778,CUST00489,2025-03-24,Marketplace,UPI,Completed
ORD004779,CUST00354,2025-03-05,Website,Wallet,Completed
ORD004780,CUST00344,2026-07-11,Website,UPI,Completed
ORD004781,CUST00496,2026-08-22,Website,UPI,Completed
ORD004782,CUST00471,2026-08-09,Website,Credit Card,Completed
ORD004783,CUST00057,2026-04-13,Mobile App,COD,Completed
ORD004784,CUST00465,2024-09-21,Mobile App,UPI,Completed
ORD004785,CUST00268,2025-11-01,Website,Credit Card,Cancelled
ORD004786,CUST00288,2024-11-26,Mobile App,UPI,Completed
ORD004787,CUST00988,2024-09-05,Mobile App,UPI,Completed
ORD004788,CUST00543,2026-06-01,Website,COD,Completed
ORD004789,CUST01089,2024-10-21,Website,COD,Completed
ORD004790,CUST01186,2024-04-29,Mobile App,Net Banking,Completed
ORD004791,CUST00525,2024-01-11,Website,Credit Card,Completed
ORD004792,CUST01085,2024-05-26,Mobile App,Credit Card,Returned
ORD004793,CUST00620,2025-02-24,Marketplace,Credit Card,Completed
ORD004794,CUST01142,2025-05-06,Mobile App,COD,Completed
ORD004795,CUST00915,2025-10-14,Mobile App,UPI,Completed
ORD004796,CUST00267,2024-08-22,Website,UPI,Completed
ORD004797,CUST00071,2025-05-07,Marketplace,UPI,Returned
ORD004798,CUST00668,2026-07-14,Mobile App,COD,Cancelled
ORD004799,CUST01182,2026-09-01,Mobile App,Debit Card,Completed
ORD004800,CUST00992,2025-06-21,Website,COD,Completed
ORD004801,CUST00157,2026-04-26,Website,UPI,Completed
ORD004802,CUST00838,2025-01-05,Website,Wallet,Completed
ORD004803,CUST01183,2025-11-13,Website,Credit Card,Completed
ORD004804,CUST00399,2024-08-28,Mobile App,Debit Card,Completed
ORD004805,CUST00010,2025-04-27,Website,UPI,Completed
ORD004806,CUST00999,2025-06-23,Website,Net Banking,Completed
ORD004807,CUST00302,2024-01-22,Mobile App,Net Banking,Completed
ORD004808,CUST00169,2024-01-04,Mobile App,Credit Card,Completed
ORD004809,CUST00557,2026-08-27,Website,UPI,Completed
ORD004810,CUST00140,2024-05-20,Website,COD,Completed
ORD004811,CUST00956,2024-05-14,Website,Net Banking,Completed
ORD004812,CUST00351,2024-12-30,Website,Net Banking,Completed
ORD004813,CUST00350,2024-10-09,Mobile App,UPI,Completed
ORD004814,CUST00986,2024-02-26,Mobile App,Net Banking,Completed
ORD004815,CUST00387,2025-07-09,Website,Debit Card,Completed
ORD004816,CUST00291,2025-05-20,Marketplace,Net Banking,Completed
ORD004817,CUST00022,2025-07-01,Website,Wallet,Cancelled
ORD004818,CUST00913,2024-12-09,Marketplace,UPI,Completed
ORD004819,CUST00155,2025-05-12,Website,Debit Card,Completed
ORD004820,CUST00205,2025-12-21,Mobile App,Credit Card,Completed
ORD004821,CUST00219,2024-02-15,Mobile App,Credit Card,Returned
ORD004822,CUST00271,2025-05-09,Website,UPI,Completed
ORD004823,CUST00095,2024-05-13,Website,Debit Card,Completed
ORD004824,CUST00723,2026-01-08,Website,UPI,Completed
ORD004825,CUST00922,2025-08-01,Mobile App,Wallet,Completed
ORD004826,CUST00405,2026-05-21,Mobile App,Debit Card,Completed
ORD004827,CUST00212,2025-08-30,Website,COD,Completed
ORD004828,CUST00661,2025-01-15,Mobile App,UPI,Completed
ORD004829,CUST00909,2026-04-01,Website,Debit Card,Returned
ORD004830,CUST00956,2026-07-14,Website,COD,Completed
ORD004831,CUST00227,2026-05-29,Marketplace,COD,Cancelled
ORD004832,CUST01150,2024-11-02,Mobile App,Wallet,Completed
ORD004833,CUST00790,2024-06-11,Website,Debit Card,Completed
ORD004834,CUST00487,2025-07-12,Mobile App,UPI,Completed
ORD004835,CUST00963,2026-03-21,Mobile App,UPI,Cancelled
ORD004836,CUST00945,2025-03-20,Website,COD,Completed
ORD004837,CUST00627,2024-07-14,Website,COD,Completed
ORD004838,CUST00948,2025-09-29,Website,UPI,Returned
ORD004839,CUST00742,2025-01-20,Website,Credit Card,Completed
ORD004840,CUST00630,2025-12-29,Website,Credit Card,Completed
ORD004841,CUST00321,2024-02-14,Mobile App,Debit Card,Completed
ORD004842,CUST00554,2024-08-19,Marketplace,Debit Card,Completed
ORD004843,CUST00601,2024-05-08,Website,COD,Returned
ORD004844,CUST00063,2025-10-03,Mobile App,Debit Card,Completed
ORD004845,CUST00859,2024-03-08,Mobile App,Credit Card,Completed
ORD004846,CUST00590,2024-05-10,Mobile App,Credit Card,Completed
ORD004847,CUST00284,2025-12-11,Website,UPI,Completed
ORD004848,CUST00453,2024-02-03,Website,Debit Card,Completed
ORD004849,CUST00174,2026-02-17,Mobile App,UPI,Completed
ORD004850,CUST00206,2024-03-01,Mobile App,UPI,Completed
ORD004851,CUST00233,2026-08-24,Mobile App,UPI,Completed
ORD004852,CUST00135,2024-11-14,Website,COD,Completed
ORD004853,CUST00027,2025-08-08,Mobile App,Debit Card,Completed
ORD004854,CUST00457,2024-05-08,Website,Credit Card,Completed
ORD004855,CUST00559,2026-01-24,Website,Credit Card,Completed
ORD004856,CUST00497,2025-07-05,Mobile App,COD,Completed
ORD004857,CUST00855,2024-11-26,Mobile App,COD,Completed
ORD004858,CUST00169,2025-05-03,Marketplace,UPI,Completed
ORD004859,CUST00346,2026-03-19,Website,Net Banking,Completed
ORD004860,CUST00953,2024-11-04,Mobile App,UPI,Completed
ORD004861,CUST00416,2024-02-13,Website,Debit Card,Completed
ORD004862,CUST00114,2025-12-21,Website,Wallet,Completed
ORD004863,CUST00639,2026-06-04,Website,Credit Card,Completed
ORD004864,CUST00666,2026-05-12,Website,Debit Card,Completed
ORD004865,CUST00582,2026-08-01,Website,UPI,Completed
ORD004866,CUST00295,2025-05-19,Mobile App,Net Banking,Completed
ORD004867,CUST00745,2025-03-29,Mobile App,UPI,Completed
ORD004868,CUST00403,2025-09-28,Website,UPI,Completed
ORD004869,CUST00040,2025-08-24,Website,Wallet,Completed
ORD004870,CUST00376,2025-11-18,Mobile App,Net Banking,Completed
ORD004871,CUST01143,2025-04-25,Mobile App,Credit Card,Completed
ORD004872,CUST01047,2026-04-27,Website,UPI,Completed
ORD004873,CUST00477,2025-05-07,Website,UPI,Cancelled
ORD004874,CUST00427,2025-11-26,Website,COD,Completed
ORD004875,CUST00367,2024-04-13,Website,Net Banking,Returned
ORD004876,CUST01168,2024-01-23,Mobile App,UPI,Completed
ORD004877,CUST00113,2024-06-10,Website,Credit Card,Completed
ORD004878,CUST00819,2024-03-15,Website,UPI,Completed
ORD004879,CUST00059,2024-04-08,Website,UPI,Returned
ORD004880,CUST01095,2024-11-28,Mobile App,UPI,Completed
ORD004881,CUST00108,2024-09-30,Website,UPI,Completed
ORD004882,CUST00613,2025-12-04,Marketplace,Credit Card,Completed
ORD004883,CUST00321,2025-08-30,Website,Credit Card,Completed
ORD004884,CUST00477,2024-11-24,Website,Wallet,Returned
ORD004885,CUST01059,2026-02-28,Website,UPI,Completed
ORD004886,CUST00708,2026-01-20,Marketplace,Credit Card,Completed
ORD004887,CUST00636,2026-01-16,Mobile App,UPI,Completed
ORD004888,CUST00964,2024-03-11,Website,Net Banking,Completed
ORD004889,CUST00734,2024-11-17,Website,UPI,Returned
ORD004890,CUST00473,2025-03-18,Website,Credit Card,Completed
ORD004891,CUST00839,2024-10-11,Website,Wallet,Completed
ORD004892,CUST00841,2026-02-01,Website,Wallet,Completed
ORD004893,CUST01099,2026-06-12,Mobile App,COD,Completed
ORD004894,CUST00648,2024-08-31,Website,COD,Completed
ORD004895,CUST00150,2025-03-22,Website,Credit Card,Completed
ORD004896,CUST01152,2025-09-13,Mobile App,Credit Card,Completed
ORD004897,CUST00861,2025-10-29,Mobile App,Credit Card,Completed
ORD004898,CUST00442,2024-07-13,Mobile App,Credit Card,Cancelled
ORD004899,CUST00087,2025-06-01,Mobile App,Debit Card,Completed
ORD004900,CUST00583,2024-03-21,Mobile App,Credit Card,Completed
ORD004901,CUST00444,2024-02-21,Mobile App,Credit Card,Completed
ORD004902,CUST01142,2025-05-27,Website,Debit Card,Completed
ORD004903,CUST00801,2026-03-29,Mobile App,Credit Card,Completed
ORD004904,CUST00234,2025-06-19,Website,Credit Card,Completed
ORD004905,CUST00722,2026-01-21,Website,Wallet,Completed
ORD004906,CUST00094,2025-03-06,Marketplace,Debit Card,Completed
ORD004907,CUST00685,2025-01-25,Marketplace,Net Banking,Completed
ORD004908,CUST00779,2024-06-13,Website,Credit Card,Completed
ORD004909,CUST00320,2026-08-30,Mobile App,UPI,Completed
ORD004910,CUST01135,2025-10-15,Website,Debit Card,Cancelled
ORD004911,CUST00317,2025-04-03,Mobile App,Credit Card,Completed
ORD004912,CUST00037,2024-10-16,Website,UPI,Completed
ORD004913,CUST00059,2026-03-10,Marketplace,UPI,Completed
ORD004914,CUST00909,2025-09-10,Marketplace,Credit Card,Completed
ORD004915,CUST01167,2025-10-05,Website,Debit Card,Completed
ORD004916,CUST01124,2024-10-17,Website,Credit Card,Completed
ORD004917,CUST00985,2025-01-31,Website,UPI,Completed
ORD004918,CUST01055,2025-06-23,Mobile App,Credit Card,Completed
ORD004919,CUST00692,2025-07-28,Mobile App,COD,Completed
ORD004920,CUST00726,2024-11-07,Website,Credit Card,Completed
ORD004921,CUST00824,2025-01-09,Website,Credit Card,Cancelled
ORD004922,CUST01032,2024-04-01,Website,Debit Card,Completed
ORD004923,CUST00301,2025-08-25,Website,UPI,Completed
ORD004924,CUST00709,2026-05-04,Website,Net Banking,Completed
ORD004925,CUST00962,2026-02-28,Mobile App,Credit Card,Completed
ORD004926,CUST00410,2025-11-24,Website,Credit Card,Completed
ORD004927,CUST00330,2024-04-20,Mobile App,UPI,Completed
ORD004928,CUST00315,2025-05-07,Website,UPI,Completed
ORD004929,CUST00284,2024-02-28,Marketplace,COD,Completed
ORD004930,CUST00049,2024-11-24,Mobile App,COD,Completed
ORD004931,CUST01039,2024-02-02,Marketplace,Net Banking,Completed
ORD004932,CUST01128,2025-08-23,Mobile App,Debit Card,Completed
ORD004933,CUST00939,2025-10-08,Website,Credit Card,Completed
ORD004934,CUST00200,2025-01-21,Website,UPI,Completed
ORD004935,CUST00578,2026-03-01,Website,UPI,Completed
ORD004936,CUST00062,2024-01-29,Mobile App,Credit Card,Completed
ORD004937,CUST00630,2025-09-21,Mobile App,UPI,Completed
ORD004938,CUST00570,2025-12-09,Website,COD,Completed
ORD004939,CUST00846,2025-10-21,Website,UPI,Completed
ORD004940,CUST01049,2024-06-05,Mobile App,Net Banking,Completed
ORD004941,CUST00774,2025-06-18,Website,Credit Card,Completed
ORD004942,CUST00828,2024-12-01,Website,UPI,Completed
ORD004943,CUST00460,2024-05-12,Mobile App,Credit Card,Completed
ORD004944,CUST00959,2026-01-31,Website,Wallet,Returned
ORD004945,CUST00737,2024-07-07,Website,Credit Card,Completed
ORD004946,CUST00538,2024-02-14,Website,Credit Card,Completed
ORD004947,CUST01039,2026-03-01,Mobile App,UPI,Completed
ORD004948,CUST00884,2025-02-16,Website,Debit Card,Completed
ORD004949,CUST00446,2024-07-03,Mobile App,Credit Card,Completed
ORD004950,CUST00565,2026-02-28,Website,Debit Card,Completed
ORD004951,CUST00397,2025-01-25,Website,Credit Card,Completed
ORD004952,CUST00662,2025-09-18,Mobile App,Wallet,Completed
ORD004953,CUST00621,2024-10-15,Website,UPI,Completed
ORD004954,CUST01138,2024-09-22,Website,Debit Card,Completed
ORD004955,CUST00145,2024-07-14,Website,Credit Card,Completed
ORD004956,CUST00752,2024-11-03,Website,COD,Completed
ORD004957,CUST00226,2026-06-11,Marketplace,UPI,Completed
ORD004958,CUST00780,2025-11-26,Mobile App,Wallet,Cancelled
ORD004959,CUST00249,2026-03-17,Mobile App,UPI,Completed
ORD004960,CUST00785,2024-01-07,Website,UPI,Returned
ORD004961,CUST00190,2026-03-17,Mobile App,Debit Card,Completed
ORD004962,CUST00209,2026-04-30,Mobile App,Wallet,Completed
ORD004963,CUST00646,2026-01-21,Mobile App,Credit Card,Completed
ORD004964,CUST00293,2025-09-05,Mobile App,Net Banking,Completed
ORD004965,CUST00433,2025-07-19,Website,COD,Completed
ORD004966,CUST00576,2024-03-21,Website,Net Banking,Completed
ORD004967,CUST01152,2024-04-23,Mobile App,Credit Card,Returned
ORD004968,CUST00176,2024-12-16,Mobile App,UPI,Completed
ORD004969,CUST00912,2024-04-28,Mobile App,Debit Card,Completed
ORD004970,CUST00079,2025-04-06,Website,Credit Card,Completed
ORD004971,CUST00098,2024-10-08,Mobile App,COD,Completed
ORD004972,CUST01031,2024-10-30,Website,UPI,Completed
ORD004973,CUST00538,2024-04-17,Mobile App,Credit Card,Cancelled
ORD004974,CUST00645,2024-10-05,Website,COD,Completed
ORD004975,CUST00968,2024-12-01,Mobile App,Wallet,Completed
ORD004976,CUST00056,2024-10-01,Website,Wallet,Returned
ORD004977,CUST00529,2024-09-28,Mobile App,Debit Card,Cancelled
ORD004978,CUST00922,2025-06-21,Website,COD,Completed
ORD004979,CUST00469,2024-04-19,Website,COD,Completed
ORD004980,CUST00381,2024-04-01,Mobile App,Credit Card,Completed
ORD004981,CUST00790,2024-01-05,Website,UPI,Completed
ORD004982,CUST00719,2025-04-06,Website,UPI,Completed
ORD004983,CUST00713,2024-02-16,Website,COD,Completed
ORD004984,CUST00075,2025-12-02,Website,COD,Completed
ORD004985,CUST00681,2025-10-21,Website,Wallet,Completed
ORD004986,CUST00812,2024-08-19,Website,COD,Completed
ORD004987,CUST00903,2024-10-14,Website,Credit Card,Completed
ORD004988,CUST01150,2024-11-03,Website,Debit Card,Completed
ORD004989,CUST00557,2025-06-15,Website,Credit Card,Completed
ORD004990,CUST00505,2026-07-08,Website,UPI,Returned
ORD004991,CUST00934,2026-08-01,Mobile App,UPI,Completed
ORD004992,CUST00455,2025-05-12,Mobile App,Credit Card,Cancelled
ORD004993,CUST00405,2025-09-01,Mobile App,Wallet,Returned
ORD004994,CUST01081,2025-03-30,Website,COD,Completed
ORD004995,CUST01176,2024-04-19,Mobile App,Credit Card,Completed
ORD004996,CUST00570,2024-02-07,Mobile App,UPI,Completed
ORD004997,CUST00602,2024-10-20,Website,COD,Completed
ORD004998,CUST00867,2026-05-19,Website,UPI,Completed
ORD004999,CUST01063,2025-11-08,Website,Debit Card,Completed
ORD005000,CUST00702,2025-12-19,Website,UPI,Completed
ORD000041,CUST00665,2025-02-15,Website,Net Banking,Completed
