order_item_id,order_id,product_id,quantity,discount_pct,gross_sales,net_sales,profit
ITEM0000001,ORD000893,PROD0123,2,0,33212.52,33212.52,10840.1
ITEM0000002,ORD001730,PROD0187,1,0.05,2026.07,1924.77,726.37
ITEM0000003,ORD000011,PROD0194,1,0.1,26125.1,23512.59,8018.65
ITEM0000004,ORD004798,PROD0150,1,0.1,14070,12663,4484.84
ITEM0000005,ORD002851,PROD0055,2,0.15,3518.26,2990.52,17.9
ITEM0000006,ORD003913,PROD0166,3,0.05,84317.43,80101.56,27516.42
ITEM0000007,ORD003723,PROD0056,4,0.15,50415.48,42853.16,12676.88
ITEM0000008,ORD003503,PROD0178,3,0.05,14811.69,14071.11,4526.04
ITEM0000009,ORD004058,PROD0184,0,0.2,11181.6,8945.28,1772.58
ITEM0000010,ORD001607,PROD0203,2,0.1,27830.8,25047.72,8615.12
ITEM0000011,ORD002859,PROD0217,2,0.15,21668.48,18418.21,4646.15
ITEM0000012,ORD001996,PROD0214,2,0.15,32734.44,27824.27,1644.47
ITEM0000013,ORD003179,PROD0142,1,0,5869.7,5869.7,2312.94
ITEM0000014,ORD000641,PROD0062,1,0.05,2328.45,2212.03,607.41
ITEM0000015,ORD001019,PROD0196,1,1.2,5795.45,5215.9,1090.62
ITEM0000016,ORD003608,PROD0009,1,0.05,24251.57,23038.99,8313.86
ITEM0000017,ORD004582,PROD0165,1,0.15,14878.45,12646.68,1522.31
ITEM0000018,ORD002617,PROD0119,2,0,5374.34,5374.34,1001.2
ITEM0000019,ORD000995,PROD0100,1,0,21958.1,21958.1,4850.55
ITEM0000020,ORD004813,PROD0143,2,0.2,44174.78,35339.82,6606.22
ITEM0000021,ORD003040,PROD0193,1,0.05,20594.36,19564.64,7694.59
ITEM0000022,ORD001710,PROD0210,2,0.1,52229.6,47006.64,14227.52
ITEM0000023,ORD003669,PROD0004,1,0.05,6291.1,5976.55,841.06
ITEM0000024,ORD002685,PROD0093,1,0.15,9683.07,8230.61,2459.26
ITEM0000025,ORD001891,PROD0154,2,0.05,8860.12,8417.11,3121.41
ITEM0000026,ORD001084,PROD0122,2,0.25,4539.06,3404.3,398.42
ITEM0000027,ORD004432,PROD0102,1,0.15,20719.66,17611.71,5205.21
ITEM0000028,ORD001237,PROD0093,1,0.1,9683.07,8714.76,2943.41
ITEM0000029,ORD000449,PROD0085,1,0.2,26654.63,21323.7,5497.8
ITEM0000030,ORD003191,PROD0014,1,0.1,6126.24,5513.62,1872.49
ITEM0000031,ORD000911,PROD0171,2,0,20968.6,20968.6,3336.36
ITEM0000032,ORD002677,PROD0109,1,0,11612.58,11612.58,3962.06
ITEM0000033,ORD004796,PROD0118,1,0.05,8894.09,8449.39,2848.92
ITEM0000034,ORD002068,PROD0198,2,0.1,1594.06,1434.65,75.37
ITEM0000035,ORD000671,PROD0036,4,0.15,41803.36,35532.86,9341.7
ITEM0000036,ORD000010,PROD0013,2,0.1,39732.6,35759.34,8908.42
ITEM0000037,ORD001147,PROD0168,2,0.1,38917.32,35025.59,10333.89
ITEM0000038,ORD002482,PROD0171,4,0.15,41937.2,35646.62,382.14
ITEM0000039,ORD000420,PROD0196,2,0.2,11590.9,9272.72,1022.16
ITEM0000040,ORD004594,PROD0219,1,0,27006.32,27006.32,9691.53
ITEM0000041,ORD001787,PROD0019,1,0.1,1769.05,1592.14,440.97
ITEM0000042,ORD004336,PROD0032,1,0.2,2527.95,2022.36,23.93
ITEM0000043,ORD003820,PROD0161,1,0.25,5144.07,3858.05,76.18
ITEM0000044,ORD002973,PROD0082,2,0,2699.36,2699.36,1114.64
ITEM0000045,ORD001135,PROD0033,5,0.15,86976.65,73930.15,14580.4
ITEM0000046,ORD004345,PROD0141,1,0,9820.32,9820.32,3623.12
ITEM0000047,ORD003365,PROD0055,2,0.1,3518.26,3166.43,193.81
ITEM0000048,ORD003258,PROD0211,1,0.1,7478,6730.2,1968.55
ITEM0000049,ORD000518,PROD0164,2,0.25,16713.12,12534.84,-1373.38
ITEM0000050,ORD001830,PROD0213,1,0.05,18966.99,18018.64,4449.16
ITEM0000051,ORD002145,PROD0196,1,0.1,5795.45,5215.9,1090.62
ITEM0000052,ORD004978,PROD0062,1,0.05,2328.45,2212.03,607.41
ITEM0000053,ORD004993,PROD0152,1,0.15,14904.94,12669.2,3521.78
ITEM0000054,ORD003560,PROD0071,1,0.05,29147.69,27690.31,10605.29
ITEM0000055,ORD001846,PROD0201,2,0,27263,27263,10170.34
ITEM0000056,ORD004683,PROD0188,1,0,2699.06,2699.06,653.27
ITEM0000057,ORD002813,PROD0036,2,0.1,20901.68,18811.51,5715.93
ITEM0000058,ORD003296,PROD0207,1,0,22221.53,22221.53,7646.12
ITEM0000059,ORD003118,PROD0155,1,0.1,4402.89,3962.6,205.65
ITEM0000060,ORD004957,PROD0217,2,0.05,21668.48,20585.06,6813
ITEM0000061,ORD001356,PROD0048,1,0.2,7008.44,5606.75,144.77
ITEM0000062,ORD003396,PROD0195,1,0.05,11548.65,10971.22,2748.47
ITEM0000063,ORD004262,PROD0072,2,0.05,20346.44,19329.12,6866.28
ITEM0000064,ORD003517,PROD0197,2,0.1,33684.2,30315.78,4633.04
ITEM0000065,ORD004156,PROD0029,3,0.2,41158.5,32926.8,4512.81
ITEM0000066,ORD000610,PROD0080,2,0.05,46904.84,44559.6,12004.82
ITEM0000067,ORD000380,PROD0110,1,0.1,12896.87,11607.18,3219.85
ITEM0000068,ORD004258,PROD0007,1,0.1,9933.55,8940.19,2942.13
ITEM0000069,ORD000698,PROD0216,1,0.15,9615.86,8173.48,947.97
ITEM0000070,ORD004865,PROD0173,2,0.1,25589.9,23030.91,4665.99
ITEM0000071,ORD003184,PROD0179,3,0.15,9627.84,8183.66,1797.65
ITEM0000072,ORD004348,PROD0123,4,0,66425.04,66425.04,21680.2
ITEM0000073,ORD002920,PROD0148,1,0,14269.11,14269.11,3957.12
ITEM0000074,ORD002183,PROD0100,4,0.1,87832.4,79049.16,10618.96
ITEM0000075,ORD000953,PROD0106,1,0.15,13006.77,11055.75,1680.6
ITEM0000076,ORD003251,PROD0102,2,0.05,41439.32,39367.35,14554.35
ITEM0000077,ORD001559,PROD0083,1,0,15580.33,15580.33,2160.85
ITEM0000078,ORD000055,PROD0045,2,0.05,32682.24,31048.13,9082.59
ITEM0000079,ORD004829,PROD0146,4,0.1,23807,21426.3,6178.06
ITEM0000080,ORD001863,PROD0185,1,0.2,28315.81,22652.65,6113.1
ITEM0000081,ORD004680,PROD0051,2,0.05,41654.68,39571.95,7527.77
ITEM0000082,ORD004005,PROD0219,2,0.15,54012.64,45910.74,11281.16
ITEM0000083,ORD000553,PROD0145,4,0.15,80016.2,68013.77,7833.41
ITEM0000084,ORD002088,PROD0185,1,0.1,28315.81,25484.23,8944.68
ITEM0000085,ORD000603,PROD0017,1,0.05,15433.34,14661.67,2245.42
ITEM0000086,ORD003208,PROD0117,1,0.15,3692.06,3138.25,152.99
ITEM0000087,ORD003488,PROD0038,4,0.05,7557.48,7179.61,1273.21
ITEM0000088,ORD003794,PROD0111,1,0,4956.44,4956.44,1654.94
ITEM0000089,ORD004552,PROD0075,2,0,23130.8,23130.8,9473.22
ITEM0000090,ORD001704,PROD0008,2,0.1,33350.84,30015.76,2056.36
ITEM0000091,ORD002962,PROD0102,4,0,82878.64,82878.64,33252.64
ITEM0000092,ORD004163,PROD0180,1,0.2,5579.14,4463.31,1226.27
ITEM0000093,ORD002071,PROD0164,2,0.1,16713.12,15041.81,1133.59
ITEM0000094,ORD001829,PROD0215,3,0.15,55743.15,47381.68,12613.72
ITEM0000095,ORD000323,PROD0121,2,0.1,13057.16,11751.44,3065.88
ITEM0000096,ORD001661,PROD0022,1,0.1,7998.44,7198.6,700.24
ITEM0000097,ORD003497,PROD0091,2,0.05,26403.34,25083.17,9509.67
ITEM0000098,ORD002859,PROD0039,1,0.1,12140.61,10926.55,1319.18
ITEM0000099,ORD000054,PROD0017,2,0.15,30866.68,26236.68,1404.18
ITEM0000100,ORD004509,PROD0076,1,0.1,1470.09,1323.08,165.91
ITEM0000101,ORD000569,PROD0112,2,0,19149.76,19149.76,4902.24
ITEM0000102,ORD003522,PROD0196,3,0.1,17386.35,15647.71,3271.87
ITEM0000103,ORD002673,PROD0017,1,0.15,15433.34,13118.34,702.09
ITEM0000104,ORD002681,PROD0091,1,0.1,13201.67,11881.5,4094.75
ITEM0000105,ORD000160,PROD0005,4,0.2,7863.08,6290.46,-494.86
ITEM0000106,ORD000266,PROD0132,1,0.05,19751.1,18763.54,5708.13
ITEM0000107,ORD004406,PROD0197,1,0,16842.1,16842.1,4000.73
ITEM0000108,ORD003517,PROD0045,1,0,16341.12,16341.12,5358.35
ITEM0000109,ORD001719,PROD0108,1,0.1,9612.83,8651.55,1438.68
ITEM0000110,ORD001057,PROD0062,1,0,2328.45,2328.45,723.83
ITEM0000111,ORD004334,PROD0060,1,0.2,5374.61,4299.69,239.92
ITEM0000112,ORD002226,PROD0175,1,0.15,13788.03,11719.83,1057.43
ITEM0000113,ORD002250,PROD0051,5,0.05,104136.7,98929.86,18819.41
ITEM0000114,ORD001677,PROD0148,1,0.1,14269.11,12842.2,2530.21
ITEM0000115,ORD004696,PROD0037,3,0.1,58297.2,52467.48,7948.44
ITEM0000116,ORD004966,PROD0029,3,0.15,41158.5,34984.72,6570.73
ITEM0000117,ORD001812,PROD0032,1,0.2,2527.95,2022.36,23.93
ITEM0000118,ORD003493,PROD0157,1,0.1,10189.54,9170.59,3118.04
ITEM0000119,ORD002504,PROD0003,1,0.15,504.44,428.77,1.2
ITEM0000120,ORD002083,PROD0096,1,0.05,16589.06,15759.61,4827.18
ITEM0000121,ORD000155,PROD0100,1,0.05,21958.1,20860.19,3752.64
ITEM0000122,ORD004754,PROD0119,1,0.1,2687.17,2418.45,231.88
ITEM0000123,ORD002355,PROD0075,2,0.05,23130.8,21974.26,8316.68
ITEM0000124,ORD000226,PROD0026,1,0.1,13275.14,11947.63,3730.53
ITEM0000125,ORD004013,PROD0105,1,0.1,13371.33,12034.2,2624.17
ITEM0000126,ORD003383,PROD0213,2,0.1,37933.98,34140.58,7001.62
ITEM0000127,ORD004804,PROD0034,1,0,10057.78,10057.78,3412.72
ITEM0000128,ORD000050,PROD0082,3,0.1,4049.04,3644.14,1267.06
ITEM0000129,ORD003342,PROD0158,2,0.15,1550.04,1317.53,351.83
ITEM0000130,ORD000809,PROD0188,2,0.05,5398.12,5128.21,1036.63
ITEM0000131,ORD002703,PROD0215,1,0.05,18581.05,17652,6062.68
ITEM0000132,ORD001310,PROD0179,1,0,3209.28,3209.28,1080.61
ITEM0000133,ORD004528,PROD0013,1,0.15,19866.3,16886.35,3460.89
ITEM0000134,ORD001582,PROD0117,2,0.1,7384.12,6645.71,675.19
ITEM0000135,ORD001926,PROD0090,4,0.15,82995.44,70546.12,8395.84
ITEM0000136,ORD002508,PROD0128,5,0,93062.35,93062.35,23803.7
ITEM0000137,ORD002785,PROD0192,3,0.05,8898.63,8453.7,994.95
ITEM0000138,ORD002983,PROD0012,2,0,24357.5,24357.5,10251.34
ITEM0000139,ORD002701,PROD0199,1,0.05,18096.68,17191.85,6713.43
ITEM0000140,ORD004150,PROD0176,1,0.05,9424.1,8952.9,1994.91
ITEM0000141,ORD003649,PROD0181,2,0.1,18281.5,16453.35,4559.03
ITEM0000142,ORD003293,PROD0011,1,0.25,13446.1,10084.58,1746.42
ITEM0000143,ORD002264,PROD0137,2,0.2,33887.36,27109.89,519.03
ITEM0000144,ORD000163,PROD0066,3,0.05,8793.84,8354.15,2064.53
ITEM0000145,ORD004372,PROD0205,1,0.15,18910.56,16073.98,3538.66
ITEM0000146,ORD004858,PROD0121,1,0.1,6528.58,5875.72,1532.94
ITEM0000147,ORD000553,PROD0205,3,0.15,56731.68,48221.93,10615.97
ITEM0000148,ORD001076,PROD0046,2,0.2,18567.88,14854.3,1791.6
ITEM0000149,ORD003015,PROD0180,1,0.1,5579.14,5021.23,1784.19
ITEM0000150,ORD002417,PROD0170,2,0.1,11445.76,10301.18,3569.8
ITEM0000151,ORD001484,PROD0012,1,0.15,12178.75,10351.94,3298.86
ITEM0000152,ORD004617,PROD0105,1,0.1,13371.33,12034.2,2624.17
ITEM0000153,ORD004912,PROD0156,5,0,1313.25,1313.25,545
ITEM0000154,ORD001544,PROD0202,1,0.1,18724.77,16852.29,5786.63
ITEM0000155,ORD004492,PROD0058,1,0.05,8639.1,8207.15,2405
ITEM0000156,ORD002715,PROD0120,1,0,432.78,432.78,134.02
ITEM0000157,ORD002049,PROD0084,2,0.1,14982.18,13483.96,4858.38
ITEM0000158,ORD000719,PROD0100,1,0.1,21958.1,19762.29,2654.74
ITEM0000159,ORD002922,PROD0136,2,0.2,40578.54,32462.83,-2793.77
ITEM0000160,ORD000320,PROD0205,2,0.15,37821.12,32147.95,7077.31
ITEM0000161,ORD001376,PROD0047,1,0.05,26673.83,25340.14,7645.56
ITEM0000162,ORD003105,PROD0182,2,0.15,54073.92,45962.83,14003.37
ITEM0000163,ORD000498,PROD0002,3,0.05,43928.1,41731.7,8282.57
ITEM0000164,ORD003757,PROD0111,2,0,9912.88,9912.88,3309.88
ITEM0000165,ORD004159,PROD0163,2,0.1,2309.14,2078.23,100.21
ITEM0000166,ORD001862,PROD0002,2,0.2,29285.4,23428.32,1128.9
ITEM0000167,ORD002301,PROD0100,3,0.15,65874.3,55993.15,4670.5
ITEM0000168,ORD002019,PROD0188,3,0.1,8097.18,7287.46,1150.09
ITEM0000169,ORD003926,PROD0148,3,0.15,42807.33,36386.23,5450.26
ITEM0000170,ORD001038,PROD0120,1,0.2,432.78,346.22,47.46
ITEM0000171,ORD002690,PROD0179,1,0,3209.28,3209.28,1080.61
ITEM0000172,ORD001805,PROD0055,2,0.1,3518.26,3166.43,193.81
ITEM0000173,ORD004432,PROD0133,2,0.2,25652.46,20521.97,5056.37
ITEM0000174,ORD001193,PROD0132,1,0.1,19751.1,17775.99,4720.58
ITEM0000175,ORD004595,PROD0158,1,0.1,775.02,697.52,214.67
ITEM0000176,ORD000860,PROD0140,2,0.05,16164.78,15356.54,4434.36
ITEM0000177,ORD001924,PROD0148,1,0.1,14269.11,12842.2,2530.21
ITEM0000178,ORD000420,PROD0183,3,0.1,50855.76,45770.18,10001.21
ITEM0000179,ORD000034,PROD0121,1,0.1,6528.58,5875.72,1532.94
ITEM0000180,ORD004771,PROD0157,3,0.2,30568.62,24454.9,6297.25
ITEM0000181,ORD002435,PROD0201,1,0.1,13631.5,12268.35,3722.02
ITEM0000182,ORD002070,PROD0205,1,0,18910.56,18910.56,6375.24
ITEM0000183,ORD000355,PROD0116,1,0.2,9463.74,7570.99,705.07
ITEM0000184,ORD001396,PROD0191,1,0.05,18802.59,17862.46,2730.33
ITEM0000185,ORD002813,PROD0073,2,0.05,19214.9,18254.15,6199.69
ITEM0000186,ORD003703,PROD0213,1,0.1,18966.99,17070.29,3500.81
ITEM0000187,ORD003204,PROD0008,4,0.15,66701.68,56696.43,777.63
ITEM0000188,ORD002044,PROD0088,2,0.2,22581.18,18064.94,2947.72
ITEM0000189,ORD001715,PROD0157,1,0.2,10189.54,8151.63,2099.08
ITEM0000190,ORD004651,PROD0190,1,0.15,17149.88,14577.4,2625.62
ITEM0000191,ORD004689,PROD0110,1,0.15,12896.87,10962.34,2575.01
ITEM0000192,ORD003691,PROD0130,2,0.2,16721.5,13377.2,1418.36
ITEM0000193,ORD004071,PROD0085,1,0.25,26654.63,19990.97,4165.07
ITEM0000194,ORD004524,PROD0019,1,0.1,1769.05,1592.14,440.97
ITEM0000195,ORD001787,PROD0079,2,0.1,17880.74,16092.67,5449.63
ITEM0000196,ORD001725,PROD0015,5,0.1,30385.7,27347.13,5804.58
ITEM0000197,ORD000802,PROD0207,2,0.1,44443.06,39998.75,10847.93
ITEM0000198,ORD003178,PROD0025,3,0.1,4900.98,4410.88,468.07
ITEM0000199,ORD001584,PROD0081,2,0.1,12608.24,11347.42,4059.74
ITEM0000200,ORD000022,PROD0126,1,0.05,18387.7,17468.31,5344.45
ITEM0000201,ORD004784,PROD0041,1,0.05,19120.67,18164.64,5997.73
ITEM0000202,ORD004105,PROD0083,1,0.05,15580.33,14801.31,1381.83
ITEM0000203,ORD001550,PROD0105,2,0.1,26742.66,24068.39,5248.33
ITEM0000204,ORD001065,PROD0142,1,0.15,5869.7,4989.24,1432.48
ITEM0000205,ORD001535,PROD0058,1,0.25,8639.1,6479.33,677.18
ITEM0000206,ORD001133,PROD0211,2,0.05,14956,14208.2,4684.9
ITEM0000207,ORD001603,PROD0041,1,0.05,19120.67,18164.64,5997.73
ITEM0000208,ORD002712,PROD0208,1,0.1,15180.79,13662.71,4522.43
ITEM0000209,ORD001277,PROD0068,2,0,38798.04,38798.04,16552.68
ITEM0000210,ORD001145,PROD0033,1,0.1,17395.33,15655.8,3785.85
ITEM0000211,ORD000614,PROD0075,1,0.1,11565.4,10408.86,3580.07
ITEM0000212,ORD000274,PROD0150,1,0.05,14070,13366.5,5188.34
ITEM0000213,ORD003016,PROD0089,2,0.25,19982.38,14986.78,-1271.44
ITEM0000214,ORD000344,PROD0039,1,0.1,12140.61,10926.55,1319.18
ITEM0000215,ORD003853,PROD0065,1,0.1,6830.86,6147.77,1296.44
ITEM0000216,ORD002533,PROD0068,4,0.15,77596.08,65956.67,21465.95
ITEM0000217,ORD004618,PROD0071,2,0.15,58295.38,49551.07,15381.03
ITEM0000218,ORD000911,PROD0197,1,0.1,16842.1,15157.89,2316.52
ITEM0000219,ORD002043,PROD0170,2,0.2,11445.76,9156.61,2425.23
ITEM0000220,ORD001209,PROD0123,2,0.15,33212.52,28230.64,5858.22
ITEM0000221,ORD000117,PROD0216,1,0,9615.86,9615.86,2390.35
ITEM0000222,ORD003320,PROD0027,3,0,72601.62,72601.62,24895.17
ITEM0000223,ORD001225,PROD0139,2,0.1,36159.54,32543.59,9423.83
ITEM0000224,ORD000217,PROD0094,1,0.05,23049.93,21897.43,4592.79
ITEM0000225,ORD004567,PROD0178,1,0.1,4937.23,4443.51,1261.82
ITEM0000226,ORD002103,PROD0095,1,0.15,3539.61,3008.67,205.6
ITEM0000227,ORD002787,PROD0149,1,0,16805.53,16805.53,4005.2
ITEM0000228,ORD003342,PROD0055,2,0.1,3518.26,3166.43,193.81
ITEM0000229,ORD004094,PROD0128,1,0.1,18612.47,16751.22,2899.49
ITEM0000230,ORD002553,PROD0204,1,0.1,11121.95,10009.76,3605.53
ITEM0000231,ORD003999,PROD0105,3,0.05,40113.99,38108.29,9878.2
ITEM0000232,ORD004921,PROD0016,1,0.15,9295,7900.75,727.87
ITEM0000233,ORD000290,PROD0008,1,0.1,16675.42,15007.88,1028.18
ITEM0000234,ORD002001,PROD0103,2,0.15,42382.24,36024.9,8045.36
ITEM0000235,ORD001165,PROD0109,3,0.1,34837.74,31353.97,8402.41
ITEM0000236,ORD001506,PROD0176,1,0,9424.1,9424.1,2466.11
ITEM0000237,ORD003639,PROD0096,4,0.1,66356.24,59720.62,15990.9
ITEM0000238,ORD003281,PROD0027,1,0.1,24200.54,21780.49,5878.34
ITEM0000239,ORD003537,PROD0165,4,0.1,59513.8,53562.42,9064.94
ITEM0000240,ORD000550,PROD0088,2,0,22581.18,22581.18,7463.96
ITEM0000241,ORD000458,PROD0054,2,0.05,28590.86,27161.32,5668.24
ITEM0000242,ORD002535,PROD0157,1,0.1,10189.54,9170.59,3118.04
ITEM0000243,ORD003897,PROD0042,3,0.05,63406.35,60236.03,17393.3
ITEM0000244,ORD000606,PROD0142,2,0.1,11739.4,10565.46,3451.94
ITEM0000245,ORD001895,PROD0151,2,0.15,6779.46,5762.54,1580.18
ITEM0000246,ORD000595,PROD0190,2,0.1,34299.76,30869.78,6966.22
ITEM0000247,ORD003096,PROD0201,2,0,27263,27263,10170.34
ITEM0000248,ORD000021,PROD0218,1,0,499.26,499.26,206.67
ITEM0000249,ORD000697,PROD0041,1,0.1,19120.67,17208.6,5041.69
ITEM0000250,ORD000456,PROD0144,1,0,23651.6,23651.6,7585.91
ITEM0000251,ORD001911,PROD0168,1,0.15,19458.66,16539.86,4194.01
ITEM0000252,ORD001490,PROD0117,2,0.05,7384.12,7014.91,1044.39
ITEM0000253,ORD004585,PROD0083,1,0.1,15580.33,14022.3,602.82
ITEM0000254,ORD003645,PROD0203,1,0.1,13915.4,12523.86,4307.56
ITEM0000255,ORD001191,PROD0016,1,0,9295,9295,2122.12
ITEM0000256,ORD004248,PROD0213,2,0.15,37933.98,32243.88,5104.92
ITEM0000257,ORD000649,PROD0043,1,0.1,14567.24,13110.52,3463.02
ITEM0000258,ORD000435,PROD0075,1,0.15,11565.4,9830.59,3001.8
ITEM0000259,ORD002996,PROD0129,2,0,36125.48,36125.48,5741.26
ITEM0000260,ORD002218,PROD0126,1,0.15,18387.7,15629.55,3505.69
ITEM0000261,ORD003416,PROD0210,2,0,52229.6,52229.6,19450.48
ITEM0000262,ORD003495,PROD0213,4,0.1,75867.96,68281.16,14003.24
ITEM0000263,ORD002106,PROD0210,5,0,130574,130574,48626.2
ITEM0000264,ORD003777,PROD0056,1,0.1,12603.87,11343.48,3799.41
ITEM0000265,ORD002053,PROD0121,1,0.2,6528.58,5222.86,880.08
ITEM0000266,ORD002138,PROD0004,1,0.15,6291.1,5347.44,211.95
ITEM0000267,ORD004965,PROD0070,1,0.1,22695.91,20426.32,6767.73
ITEM0000268,ORD003754,PROD0199,3,0.25,54290.04,40717.53,9282.27
ITEM0000269,ORD000708,PROD0037,3,0.1,58297.2,52467.48,7948.44
ITEM0000270,ORD004970,PROD0117,4,0,14768.24,14768.24,2827.2
ITEM0000271,ORD002510,PROD0040,1,0,14977.96,14977.96,4891.01
ITEM0000272,ORD004905,PROD0035,1,0.25,27570.44,20677.83,3960.84
ITEM0000273,ORD003286,PROD0176,2,0.15,18848.2,16020.97,2104.99
ITEM0000274,ORD003094,PROD0066,1,0,2931.28,2931.28,834.74
ITEM0000275,ORD002799,PROD0051,3,0,62482.02,62482.02,14415.75
ITEM0000276,ORD004227,PROD0109,1,0.05,11612.58,11031.95,3381.43
ITEM0000277,ORD003259,PROD0139,1,0.15,18079.77,15367.8,3807.92
ITEM0000278,ORD000609,PROD0177,3,0.1,59842.08,53857.87,11453.14
ITEM0000279,ORD003097,PROD0079,5,0.2,44701.85,35761.48,9153.88
ITEM0000280,ORD004729,PROD0215,1,0,18581.05,18581.05,6991.73
ITEM0000281,ORD003820,PROD0150,2,0.2,28140,22512,6155.68
ITEM0000282,ORD001428,PROD0195,2,0.05,23097.3,21942.43,5496.93
ITEM0000283,ORD004561,PROD0176,1,0.25,9424.1,7068.08,110.09
ITEM0000284,ORD002213,PROD0022,3,0.15,23995.32,20396.02,900.94
ITEM0000285,ORD000695,PROD0148,2,0.25,28538.22,21403.67,779.69
ITEM0000286,ORD004558,PROD0175,1,0,13788.03,13788.03,3125.63
ITEM0000287,ORD003605,PROD0001,4,0,16431.96,16431.96,2636.08
ITEM0000288,ORD000010,PROD0178,1,0.15,4937.23,4196.65,1014.96
ITEM0000289,ORD003280,PROD0125,3,0,21695.94,21695.94,3655.41
ITEM0000290,ORD001398,PROD0011,1,0.1,13446.1,12101.49,3763.33
ITEM0000291,ORD000450,PROD0121,3,0,19585.74,19585.74,6557.4
ITEM0000292,ORD001853,PROD0058,1,0.1,8639.1,7775.19,1973.04
ITEM0000293,ORD003056,PROD0188,1,0.05,2699.06,2564.11,518.32
ITEM0000294,ORD001243,PROD0166,3,0.1,84317.43,75885.69,23300.55
ITEM0000295,ORD000440,PROD0084,4,0,29964.36,29964.36,12713.2
ITEM0000296,ORD004675,PROD0001,1,0.1,4107.99,3697.19,248.22
ITEM0000297,ORD000870,PROD0128,2,0.05,37224.94,35363.69,7660.23
ITEM0000298,ORD001447,PROD0004,1,0,6291.1,6291.1,1155.61
ITEM0000299,ORD002368,PROD0145,1,0.1,20004.05,18003.65,2958.56
ITEM0000300,ORD001882,PROD0181,2,0,18281.5,18281.5,6387.18
ITEM0000301,ORD000671,PROD0004,5,0,31455.5,31455.5,5778.05
ITEM0000302,ORD003856,PROD0094,3,0.15,69149.79,58777.32,6863.4
ITEM0000303,ORD003878,PROD0069,2,0.1,2901.8,2611.62,843.2
ITEM0000304,ORD002735,PROD0164,1,0.1,8356.56,7520.9,566.79
ITEM0000305,ORD002633,PROD0153,3,0.25,26677.02,20007.76,1483.12
ITEM0000306,ORD002534,PROD0066,3,0,8793.84,8793.84,2504.22
ITEM0000307,ORD001240,PROD0099,2,0.1,6441.76,5797.58,709.12
ITEM0000308,ORD002113,PROD0172,2,0,40203.72,40203.72,9731.46
ITEM0000309,ORD000684,PROD0104,1,0.05,12239.72,11627.73,4484.55
ITEM0000310,ORD001731,PROD0113,1,0.2,19139.62,15311.7,-583.57
ITEM0000311,ORD003002,PROD0024,3,0.25,39607.17,29705.38,240.34
ITEM0000312,ORD001953,PROD0118,4,0.25,35576.36,26682.27,4280.39
ITEM0000313,ORD001883,PROD0114,2,0.15,31712.88,26955.95,1049.41
ITEM0000314,ORD003240,PROD0190,2,0.15,34299.76,29154.8,5251.24
ITEM0000315,ORD004981,PROD0115,1,0,2532.67,2532.67,923.98
ITEM0000316,ORD003087,PROD0197,3,0.15,50526.3,42947.35,4423.24
ITEM0000317,ORD002624,PROD0088,1,0,11290.59,11290.59,3731.98
ITEM0000318,ORD003751,PROD0078,2,0,40611.64,40611.64,16690.38
ITEM0000319,ORD002976,PROD0134,1,0.15,25350.66,21548.06,4854.33
ITEM0000320,ORD004229,PROD0131,1,0.05,3237.12,3075.26,1036.56
ITEM0000321,ORD000286,PROD0132,1,0.2,19751.1,15800.88,2745.47
ITEM0000322,ORD002765,PROD0129,1,0.05,18062.74,17159.6,1967.49
ITEM0000323,ORD000370,PROD0173,1,0.05,12794.95,12155.2,2972.74
ITEM0000324,ORD002710,PROD0007,2,0.1,19867.1,17880.39,5884.27
ITEM0000325,ORD003578,PROD0054,1,0.05,14295.43,13580.66,2834.12
ITEM0000326,ORD001995,PROD0082,1,0.1,1349.68,1214.71,422.35
ITEM0000327,ORD004843,PROD0028,1,0,6922.32,6922.32,1095.48
ITEM0000328,ORD000465,PROD0180,1,0.15,5579.14,4742.27,1505.23
ITEM0000329,ORD000581,PROD0137,1,0.1,16943.68,15249.31,1953.88
ITEM0000330,ORD004192,PROD0157,2,0.25,20379.08,15284.31,3179.21
ITEM0000331,ORD002634,PROD0153,1,0,8892.34,8892.34,2717.46
ITEM0000332,ORD001989,PROD0092,3,0.1,25692.93,23123.64,5815.05
ITEM0000333,ORD004097,PROD0171,1,0.15,10484.3,8911.65,95.53
ITEM0000334,ORD003719,PROD0186,2,0.1,31922.96,28730.66,7685.72
ITEM0000335,ORD004358,PROD0003,3,0,1513.32,1513.32,230.61
ITEM0000336,ORD001280,PROD0038,2,0.1,3778.74,3400.87,447.67
ITEM0000337,ORD001269,PROD0089,2,0.2,19982.38,15985.9,-272.32
ITEM0000338,ORD001100,PROD0003,1,0.05,504.44,479.22,51.65
ITEM0000339,ORD004479,PROD0212,1,0.1,7472.6,6725.34,501.5
ITEM0000340,ORD003968,PROD0203,2,0,27830.8,27830.8,11398.2
ITEM0000341,ORD004996,PROD0037,4,0.15,77729.6,66070.16,6711.44
ITEM0000342,ORD002310,PROD0121,4,0.05,26114.32,24808.6,7437.48
ITEM0000343,ORD004423,PROD0072,1,0.05,10173.22,9664.56,3433.14
ITEM0000344,ORD002415,PROD0045,2,0.2,32682.24,26145.79,4180.25
ITEM0000345,ORD000850,PROD0124,2,0.2,8439.96,6751.97,1278.47
ITEM0000346,ORD003887,PROD0204,3,0,33365.85,33365.85,14153.16
ITEM0000347,ORD003521,PROD0021,1,0.1,20513.07,18461.76,3946.75
ITEM0000348,ORD004386,PROD0013,3,0.05,59598.9,56618.95,16342.57
ITEM0000349,ORD001181,PROD0160,3,0.05,18540.39,17613.37,2715.49
ITEM0000350,ORD003654,PROD0215,1,0.2,18581.05,14864.84,3275.52
ITEM0000351,ORD004248,PROD0167,2,0.1,49850.5,44865.45,15572.87
ITEM0000352,ORD004439,PROD0135,1,0.1,11202.85,10082.57,1176.89
ITEM0000353,ORD002402,PROD0072,1,0.05,10173.22,9664.56,3433.14
ITEM0000354,ORD003703,PROD0195,1,0,11548.65,11548.65,3325.9
ITEM0000355,ORD002275,PROD0002,1,0.1,14642.7,13178.43,2028.72
ITEM0000356,ORD001116,PROD0185,4,0.25,113263.24,84947.43,18789.23
ITEM0000357,ORD001746,PROD0107,5,0.2,71291.65,57033.32,10388.37
ITEM0000358,ORD002690,PROD0155,1,0.1,4402.89,3962.6,205.65
ITEM0000359,ORD002727,PROD0170,5,0.25,28614.4,21460.8,4632.35
ITEM0000360,ORD004764,PROD0054,1,0.2,14295.43,11436.34,689.8
ITEM0000361,ORD004227,PROD0155,1,0,4402.89,4402.89,645.94
ITEM0000362,ORD002284,PROD0216,4,0.05,38463.44,36540.27,7638.23
ITEM0000363,ORD002414,PROD0123,2,0.1,33212.52,29891.27,7518.85
ITEM0000364,ORD002863,PROD0105,1,0.2,13371.33,10697.06,1287.03
ITEM0000365,ORD002951,PROD0105,2,0.1,26742.66,24068.39,5248.33
ITEM0000366,ORD001084,PROD0180,4,0.15,22316.56,18969.08,6020.92
ITEM0000367,ORD000509,PROD0208,1,0.1,15180.79,13662.71,4522.43
ITEM0000368,ORD002747,PROD0158,1,0,775.02,775.02,292.17
ITEM0000369,ORD002590,PROD0060,1,0,5374.61,5374.61,1314.84
ITEM0000370,ORD001070,PROD0116,2,0.05,18927.48,17981.11,4249.27
ITEM0000371,ORD002033,PROD0014,1,0.1,6126.24,5513.62,1872.49
ITEM0000372,ORD001444,PROD0207,3,0.1,66664.59,59998.13,16271.9
ITEM0000373,ORD004031,PROD0018,2,0.1,28228.6,25405.74,7328.64
ITEM0000374,ORD001327,PROD0073,1,0.15,9607.45,8166.33,2139.1
ITEM0000375,ORD002885,PROD0108,1,0,9612.83,9612.83,2399.96
ITEM0000376,ORD000862,PROD0034,2,0.05,20115.56,19109.78,5819.66
ITEM0000377,ORD000118,PROD0126,2,0.05,36775.4,34936.63,10688.91
ITEM0000378,ORD004000,PROD0139,2,0,36159.54,36159.54,13039.78
ITEM0000379,ORD003237,PROD0107,1,0.1,14258.33,12832.5,3503.51
ITEM0000380,ORD002448,PROD0089,2,0.1,19982.38,17984.14,1725.92
ITEM0000381,ORD004208,PROD0103,1,0.05,21191.12,20131.56,6141.79
ITEM0000382,ORD002672,PROD0182,3,0,81110.88,81110.88,33171.69
ITEM0000383,ORD000236,PROD0043,2,0.1,29134.48,26221.03,6926.03
ITEM0000384,ORD004279,PROD0046,1,0,9283.94,9283.94,2752.59
ITEM0000385,ORD001404,PROD0170,2,0.1,11445.76,10301.18,3569.8
ITEM0000386,ORD003546,PROD0150,1,0.2,14070,11256,3077.84
ITEM0000387,ORD002233,PROD0100,2,0.15,43916.2,37328.77,3113.67
ITEM0000388,ORD004309,PROD0195,1,0.1,11548.65,10393.78,2171.03
ITEM0000389,ORD001281,PROD0178,3,0.25,14811.69,11108.77,1563.7
ITEM0000390,ORD003679,PROD0010,1,0,12102.52,12102.52,5126.94
ITEM0000391,ORD000650,PROD0172,1,0.1,20101.86,18091.67,2855.54
ITEM0000392,ORD004427,PROD0143,3,0.1,66262.17,59635.95,16535.55
ITEM0000393,ORD001373,PROD0054,2,0.2,28590.86,22872.69,1379.61
ITEM0000394,ORD001704,PROD0111,4,0.1,19825.76,17843.18,4637.18
ITEM0000395,ORD002401,PROD0033,2,0.2,34790.66,27832.53,4092.63
ITEM0000396,ORD003937,PROD0140,1,0.1,8082.39,7274.15,1813.06
ITEM0000397,ORD004437,PROD0180,2,0.05,11158.28,10600.37,4126.29
ITEM0000398,ORD003861,PROD0037,2,0.15,38864.8,33035.08,3355.72
ITEM0000399,ORD000239,PROD0185,1,0,28315.81,28315.81,11776.26
ITEM0000400,ORD003958,PROD0115,2,0.15,5065.34,4305.54,1088.16
ITEM0000401,ORD003586,PROD0021,4,0,82052.28,82052.28,23992.24
ITEM0000402,ORD001491,PROD0171,2,0.15,20968.6,17823.31,191.07
ITEM0000403,ORD002179,PROD0164,2,0.15,16713.12,14206.15,297.93
ITEM0000404,ORD003017,PROD0123,1,0.2,16606.26,13285.01,2098.8
ITEM0000405,ORD001422,PROD0050,4,0,10095.56,10095.56,3017.04
ITEM0000406,ORD003711,PROD0128,2,0.15,37224.94,31641.2,3937.74
ITEM0000407,ORD000459,PROD0066,1,0.05,2931.28,2784.72,688.18
ITEM0000408,ORD002921,PROD0181,2,0.05,18281.5,17367.42,5473.1
ITEM0000409,ORD001031,PROD0199,1,0.15,18096.68,15382.18,4903.76
ITEM0000410,ORD001037,PROD0044,2,0.15,42536.42,36155.96,5716.4
ITEM0000411,ORD003672,PROD0006,1,0,20518.66,20518.66,6358.46
ITEM0000412,ORD002086,PROD0011,2,0.25,26892.2,20169.15,3492.83
ITEM0000413,ORD002713,PROD0088,1,0.2,11290.59,9032.47,1473.86
ITEM0000414,ORD004270,PROD0155,2,0.15,8805.78,7484.91,-28.99
ITEM0000415,ORD001827,PROD0149,2,0.2,33611.06,26888.85,1288.19
ITEM0000416,ORD003754,PROD0167,1,0,24925.25,24925.25,10278.96
ITEM0000417,ORD003405,PROD0123,4,0.1,66425.04,59782.54,15037.7
ITEM0000418,ORD000567,PROD0093,2,0.1,19366.14,17429.53,5886.83
ITEM0000419,ORD002339,PROD0103,3,0.1,63573.36,57216.02,15246.71
ITEM0000420,ORD004323,PROD0101,3,0.25,6476.07,4857.05,1061.57
ITEM0000421,ORD002813,PROD0098,2,0.05,35292.26,33527.65,7848.89
ITEM0000422,ORD002282,PROD0132,2,0.2,39502.2,31601.76,5490.94
ITEM0000423,ORD003533,PROD0128,2,0.05,37224.94,35363.69,7660.23
ITEM0000424,ORD001461,PROD0160,3,0.2,18540.39,14832.31,-65.57
ITEM0000425,ORD001336,PROD0073,2,0.05,19214.9,18254.15,6199.69
ITEM0000426,ORD004380,PROD0120,3,0.1,1298.34,1168.51,272.23
ITEM0000427,ORD000087,PROD0169,3,0.2,13442.79,10754.23,2787.76
ITEM0000428,ORD001960,PROD0174,2,0.2,23961.3,19169.04,-923.38
ITEM0000429,ORD004774,PROD0216,2,0.15,19231.72,16346.96,1895.94
ITEM0000430,ORD001308,PROD0108,1,0.1,9612.83,8651.55,1438.68
ITEM0000431,ORD000197,PROD0163,2,0.05,2309.14,2193.68,215.66
ITEM0000432,ORD000485,PROD0022,1,0.15,7998.44,6798.67,300.31
ITEM0000433,ORD001847,PROD0063,2,0,22073.5,22073.5,4677.24
ITEM0000434,ORD000962,PROD0062,2,0.1,4656.9,4191.21,981.97
ITEM0000435,ORD000747,PROD0195,1,0.1,11548.65,10393.78,2171.03
ITEM0000436,ORD002030,PROD0092,1,0.1,8564.31,7707.88,1938.35
ITEM0000437,ORD002626,PROD0141,2,0,19640.64,19640.64,7246.24
ITEM0000438,ORD004431,PROD0173,1,0,12794.95,12794.95,3612.49
ITEM0000439,ORD001790,PROD0053,1,0.15,17914.51,15227.33,938.49
ITEM0000440,ORD001620,PROD0084,1,0,7491.09,7491.09,3178.3
ITEM0000441,ORD003686,PROD0126,1,0.15,18387.7,15629.55,3505.69
ITEM0000442,ORD000581,PROD0082,4,0.05,5398.72,5128.78,1959.34
ITEM0000443,ORD003535,PROD0169,2,0.1,8961.86,8065.67,2754.69
ITEM0000444,ORD004763,PROD0171,3,0.05,31452.9,29880.25,3431.89
ITEM0000445,ORD004053,PROD0088,2,0.1,22581.18,20323.06,5205.84
ITEM0000446,ORD003039,PROD0095,1,0.05,3539.61,3362.63,559.56
ITEM0000447,ORD001967,PROD0177,2,0,39894.72,39894.72,11624.9
ITEM0000448,ORD000680,PROD0114,1,0.1,15856.44,14270.8,1317.53
ITEM0000449,ORD002345,PROD0020,2,0.1,23644.1,21279.69,3635.41
ITEM0000450,ORD001315,PROD0177,1,0.15,19947.36,16955.26,2820.35
ITEM0000451,ORD003007,PROD0037,3,0,58297.2,58297.2,13778.16
ITEM0000452,ORD003713,PROD0172,2,0.1,40203.72,36183.35,5711.09
ITEM0000453,ORD004102,PROD0042,2,0,42270.9,42270.9,13709.08
ITEM0000454,ORD002567,PROD0025,3,0.1,4900.98,4410.88,468.07
ITEM0000455,ORD001516,PROD0024,1,0.2,13202.39,10561.91,740.23
ITEM0000456,ORD004026,PROD0076,2,0.05,2940.18,2793.17,478.83
ITEM0000457,ORD000492,PROD0206,1,0.15,1692.87,1438.94,258.33
ITEM0000458,ORD001111,PROD0122,2,0.15,4539.06,3858.2,852.32
ITEM0000459,ORD002147,PROD0119,1,0.1,2687.17,2418.45,231.88
ITEM0000460,ORD004481,PROD0037,1,0,19432.4,19432.4,4592.72
ITEM0000461,ORD002969,PROD0175,3,0,41364.09,41364.09,9376.89
ITEM0000462,ORD000751,PROD0202,1,0.25,18724.77,14043.58,2977.92
ITEM0000463,ORD002341,PROD0003,2,0,1008.88,1008.88,153.74
ITEM0000464,ORD001641,PROD0198,1,0.05,797.03,757.18,77.54
ITEM0000465,ORD000181,PROD0148,1,0,14269.11,14269.11,3957.12
ITEM0000466,ORD000726,PROD0211,2,0,14956,14956,5432.7
ITEM0000467,ORD001350,PROD0091,1,0.05,13201.67,12541.59,4754.84
ITEM0000468,ORD004655,PROD0016,2,0.05,18590,17660.5,3314.74
ITEM0000469,ORD003920,PROD0156,3,0,787.95,787.95,327
ITEM0000470,ORD001939,PROD0040,1,0.1,14977.96,13480.16,3393.21
ITEM0000471,ORD000708,PROD0142,3,0,17609.1,17609.1,6938.82
ITEM0000472,ORD000933,PROD0053,2,0.15,35829.02,30454.67,1876.99
ITEM0000473,ORD001911,PROD0068,3,0.15,58197.06,49467.5,16099.46
ITEM0000474,ORD003875,PROD0018,1,0.1,14114.3,12702.87,3664.32
ITEM0000475,ORD003543,PROD0178,1,0.1,4937.23,4443.51,1261.82
ITEM0000476,ORD004480,PROD0107,1,0.1,14258.33,12832.5,3503.51
ITEM0000477,ORD002379,PROD0210,1,0.15,26114.8,22197.58,5808.02
ITEM0000478,ORD001235,PROD0007,2,0.1,19867.1,17880.39,5884.27
ITEM0000479,ORD001670,PROD0129,1,0.05,18062.74,17159.6,1967.49
ITEM0000480,ORD000756,PROD0075,2,0.05,23130.8,21974.26,8316.68
ITEM0000481,ORD000282,PROD0042,2,0.2,42270.9,33816.72,5254.9
ITEM0000482,ORD000416,PROD0143,2,0.1,44174.78,39757.3,11023.7
ITEM0000483,ORD000576,PROD0149,1,0.1,16805.53,15124.98,2324.65
ITEM0000484,ORD002953,PROD0041,1,0.15,19120.67,16252.57,4085.66
ITEM0000485,ORD000883,PROD0174,2,0.1,23961.3,21565.17,1472.75
ITEM0000486,ORD004204,PROD0040,1,0.05,14977.96,14229.06,4142.11
ITEM0000487,ORD002630,PROD0101,4,0.15,8634.76,7339.55,2278.91
ITEM0000488,ORD001695,PROD0025,1,0,1633.66,1633.66,319.39
ITEM0000489,ORD003532,PROD0161,1,0,5144.07,5144.07,1362.2
ITEM0000490,ORD002461,PROD0183,3,0.25,50855.76,38141.82,2372.85
ITEM0000491,ORD003968,PROD0022,1,0.1,7998.44,7198.6,700.24
ITEM0000492,ORD004489,PROD0145,1,0,20004.05,20004.05,4958.96
ITEM0000493,ORD004147,PROD0204,2,0.05,22243.9,21131.71,8323.25
ITEM0000494,ORD002631,PROD0209,3,0,19609.11,19609.11,4573.44
ITEM0000495,ORD001688,PROD0201,1,0.15,13631.5,11586.77,3040.44
ITEM0000496,ORD002040,PROD0070,4,0.05,90783.64,86244.46,31610.1
ITEM0000497,ORD003014,PROD0111,1,0.1,4956.44,4460.8,1159.3
ITEM0000498,ORD002098,PROD0133,1,0.05,12826.23,12184.92,4452.12
ITEM0000499,ORD000476,PROD0212,2,0.1,14945.2,13450.68,1003
ITEM0000500,ORD001258,PROD0092,2,0.1,17128.62,15415.76,3876.7
ITEM0000501,ORD001246,PROD0058,1,0.05,8639.1,8207.15,2405
ITEM0000502,ORD001712,PROD0031,1,0.15,1480.59,1258.5,394.01
ITEM0000503,ORD004076,PROD0165,1,0,14878.45,14878.45,3754.08
ITEM0000504,ORD000450,PROD0081,2,0.1,12608.24,11347.42,4059.74
ITEM0000505,ORD003601,PROD0217,4,0.2,43336.96,34669.57,7125.45
ITEM0000506,ORD004697,PROD0157,1,0.15,10189.54,8661.11,2608.56
ITEM0000507,ORD000496,PROD0109,1,0.1,11612.58,10451.32,2800.8
ITEM0000508,ORD000112,PROD0089,2,0.05,19982.38,18983.26,2725.04
ITEM0000509,ORD004893,PROD0215,4,0.05,74324.2,70607.99,24250.71
ITEM0000510,ORD004953,PROD0063,3,0,33110.25,33110.25,7015.86
ITEM0000511,ORD002031,PROD0056,2,0,25207.74,25207.74,10119.6
ITEM0000512,ORD004040,PROD0028,2,0.05,13844.64,13152.41,1498.73
ITEM0000513,ORD000073,PROD0201,1,0.1,13631.5,12268.35,3722.02
ITEM0000514,ORD000539,PROD0071,2,0.1,58295.38,52465.84,18295.8
ITEM0000515,ORD001622,PROD0064,1,0.05,17720.44,16834.42,6698.3
ITEM0000516,ORD000251,PROD0205,2,0.05,37821.12,35930.06,10859.42
ITEM0000517,ORD004379,PROD0200,1,0.05,10068.26,9564.85,1153.19
ITEM0000518,ORD004438,PROD0178,2,0.05,9874.46,9380.74,3017.36
ITEM0000519,ORD001402,PROD0063,1,0.1,11036.75,9933.08,1234.95
ITEM0000520,ORD000043,PROD0216,2,0.05,19231.72,18270.13,3819.11
ITEM0000521,ORD004298,PROD0218,3,0.2,1497.78,1198.22,320.45
ITEM0000522,ORD001159,PROD0176,1,0.2,9424.1,7539.28,581.29
ITEM0000523,ORD002248,PROD0092,1,0.15,8564.31,7279.66,1510.13
ITEM0000524,ORD001734,PROD0159,2,0.2,9713.48,7770.78,422.88
ITEM0000525,ORD003448,PROD0201,1,0.05,13631.5,12949.92,4403.59
ITEM0000526,ORD002547,PROD0133,3,0.15,38478.69,32706.89,9508.49
ITEM0000527,ORD001927,PROD0110,1,0.1,12896.87,11607.18,3219.85
ITEM0000528,ORD001690,PROD0141,2,0.05,19640.64,18658.61,6264.21
ITEM0000529,ORD004609,PROD0216,2,0,19231.72,19231.72,4780.7
ITEM0000530,ORD001971,PROD0137,1,0.05,16943.68,16096.5,2801.07
ITEM0000531,ORD001929,PROD0106,1,0.05,13006.77,12356.43,2981.28
ITEM0000532,ORD002550,PROD0106,1,0.15,13006.77,11055.75,1680.6
ITEM0000533,ORD004238,PROD0111,2,0.2,9912.88,7930.3,1327.3
ITEM0000534,ORD002178,PROD0026,1,0.1,13275.14,11947.63,3730.53
ITEM0000535,ORD000724,PROD0034,1,0.05,10057.78,9554.89,2909.83
ITEM0000536,ORD003747,PROD0086,1,0,5586.2,5586.2,1463.76
ITEM0000537,ORD003624,PROD0124,1,0,4219.98,4219.98,1483.23
ITEM0000538,ORD002936,PROD0132,1,0.1,19751.1,17775.99,4720.58
ITEM0000539,ORD000909,PROD0192,2,0.05,5932.42,5635.8,663.3
ITEM0000540,ORD000652,PROD0095,1,0.1,3539.61,3185.65,382.58
ITEM0000541,ORD002553,PROD0183,1,0.05,16951.92,16104.32,4181.33
ITEM0000542,ORD000561,PROD0019,1,0.05,1769.05,1680.6,529.43
ITEM0000543,ORD000836,PROD0079,1,0,8940.37,8940.37,3618.85
ITEM0000544,ORD001625,PROD0097,1,0.1,10186.82,9168.14,2650.18
ITEM0000545,ORD001364,PROD0103,2,0,42382.24,42382.24,14402.7
ITEM0000546,ORD002727,PROD0088,1,0.1,11290.59,10161.53,2602.92
ITEM0000547,ORD003106,PROD0090,3,0,62246.58,62246.58,15633.87
ITEM0000548,ORD003263,PROD0129,4,0.05,72250.96,68638.41,7869.97
ITEM0000549,ORD002093,PROD0218,4,0.25,1997.04,1497.78,327.42
ITEM0000550,ORD001897,PROD0128,1,0.25,18612.47,13959.35,107.62
ITEM0000551,ORD000224,PROD0051,1,0.15,20827.34,17703.24,1681.15
ITEM0000552,ORD002234,PROD0162,2,0.05,25976.26,24677.45,3942.31
ITEM0000553,ORD002769,PROD0217,2,0.1,21668.48,19501.63,5729.57
ITEM0000554,ORD003474,PROD0008,1,0.25,16675.42,12506.56,-1473.14
ITEM0000555,ORD000707,PROD0024,2,0.1,26404.78,23764.3,4120.94
ITEM0000556,ORD001128,PROD0039,1,0,12140.61,12140.61,2533.24
ITEM0000557,ORD001807,PROD0134,1,0.1,25350.66,22815.59,6121.86
ITEM0000558,ORD002188,PROD0176,1,0,9424.1,9424.1,2466.11
ITEM0000559,ORD003646,PROD0191,3,0.05,56407.77,53587.38,8190.99
ITEM0000560,ORD004345,PROD0060,2,0.1,10749.22,9674.3,1554.76
ITEM0000561,ORD000454,PROD0149,1,0.1,16805.53,15124.98,2324.65
ITEM0000562,ORD003695,PROD0006,4,0.1,82074.64,73867.18,17226.38
ITEM0000563,ORD002119,PROD0008,2,0.1,33350.84,30015.76,2056.36
ITEM0000564,ORD000697,PROD0105,2,0.2,26742.66,21394.13,2574.07
ITEM0000565,ORD000272,PROD0140,1,0.05,8082.39,7678.27,2217.18
ITEM0000566,ORD002127,PROD0220,3,0.15,72770.7,61855.1,10210.67
ITEM0000567,ORD000158,PROD0062,1,0.1,2328.45,2095.61,490.99
ITEM0000568,ORD002064,PROD0144,1,0.15,23651.6,20103.86,4038.17
ITEM0000569,ORD003882,PROD0209,1,0,6536.37,6536.37,1524.48
ITEM0000570,ORD003441,PROD0045,3,0.2,49023.36,39218.69,6270.38
ITEM0000571,ORD002710,PROD0183,2,0.05,33903.84,32208.65,8362.67
ITEM0000572,ORD001017,PROD0079,3,0.1,26821.11,24139,8174.44
ITEM0000573,ORD002912,PROD0066,1,0.15,2931.28,2491.59,395.05
ITEM0000574,ORD003505,PROD0148,1,0,14269.11,14269.11,3957.12
ITEM0000575,ORD000693,PROD0190,2,0.1,34299.76,30869.78,6966.22
ITEM0000576,ORD002898,PROD0217,1,0.1,10834.24,9750.82,2864.79
ITEM0000577,ORD001381,PROD0129,1,0,18062.74,18062.74,2870.63
ITEM0000578,ORD003399,PROD0191,3,0.2,56407.77,45126.22,-270.17
ITEM0000579,ORD000548,PROD0166,5,0.05,140529.05,133502.6,45860.7
ITEM0000580,ORD002508,PROD0119,2,0.15,5374.34,4568.19,195.05
ITEM0000581,ORD002613,PROD0150,1,0.05,14070,13366.5,5188.34
ITEM0000582,ORD000963,PROD0209,1,0.05,6536.37,6209.55,1197.66
ITEM0000583,ORD001868,PROD0211,1,0.05,7478,7104.1,2342.45
ITEM0000584,ORD004214,PROD0156,1,0,262.65,262.65,109
ITEM0000585,ORD000379,PROD0014,1,0,6126.24,6126.24,2485.11
ITEM0000586,ORD004557,PROD0027,1,0.15,24200.54,20570.46,4668.31
ITEM0000587,ORD002326,PROD0163,2,0.1,2309.14,2078.23,100.21
ITEM0000588,ORD000614,PROD0189,2,0,35590.68,35590.68,13023
ITEM0000589,ORD002217,PROD0200,4,0.1,40273.04,36245.74,2599.1
ITEM0000590,ORD004583,PROD0073,1,0.2,9607.45,7685.96,1658.73
ITEM0000591,ORD002363,PROD0045,2,0.2,32682.24,26145.79,4180.25
ITEM0000592,ORD002009,PROD0081,2,0.15,12608.24,10717,3429.32
ITEM0000593,ORD004439,PROD0052,2,0.1,30732.98,27659.68,7053.42
ITEM0000594,ORD004382,PROD0208,1,0.05,15180.79,14421.75,5281.47
ITEM0000595,ORD003321,PROD0169,1,0.25,4480.93,3360.7,705.21
ITEM0000596,ORD001022,PROD0169,1,0.2,4480.93,3584.74,929.25
ITEM0000597,ORD003397,PROD0084,1,0.1,7491.09,6741.98,2429.19
ITEM0000598,ORD003870,PROD0025,3,0.05,4900.98,4655.93,713.12
ITEM0000599,ORD004591,PROD0034,3,0.15,30173.34,25647.34,5712.16
ITEM0000600,ORD000531,PROD0214,2,0.25,32734.44,24550.83,-1628.97
ITEM0000601,ORD003840,PROD0010,2,0.1,24205.04,21784.54,7833.38
ITEM0000602,ORD004871,PROD0072,1,0.15,10173.22,8647.24,2415.82
ITEM0000603,ORD000017,PROD0125,2,0,14463.96,14463.96,2436.94
ITEM0000604,ORD003413,PROD0031,1,0.2,1480.59,1184.47,319.98
ITEM0000605,ORD002112,PROD0066,1,0.1,2931.28,2638.15,541.61
ITEM0000606,ORD000845,PROD0150,3,0.05,42210,40099.5,15565.02
ITEM0000607,ORD004724,PROD0118,1,0.05,8894.09,8449.39,2848.92
ITEM0000608,ORD002474,PROD0126,1,0.15,18387.7,15629.55,3505.69
ITEM0000609,ORD004229,PROD0140,3,0.15,24247.17,20610.09,4226.82
ITEM0000610,ORD001514,PROD0062,1,0.15,2328.45,1979.18,374.56
ITEM0000611,ORD003956,PROD0075,2,0.15,23130.8,19661.18,6003.6
ITEM0000612,ORD004060,PROD0118,1,0.1,8894.09,8004.68,2404.21
ITEM0000613,ORD004592,PROD0031,2,0.05,2961.18,2813.12,1084.14
ITEM0000614,ORD001414,PROD0086,4,0,22344.8,22344.8,5855.04
ITEM0000615,ORD004546,PROD0213,1,0.2,18966.99,15173.59,1604.11
ITEM0000616,ORD001360,PROD0104,1,0.25,12239.72,9179.79,2036.61
ITEM0000617,ORD000495,PROD0158,1,0.1,775.02,697.52,214.67
ITEM0000618,ORD000160,PROD0038,2,0.05,3778.74,3589.8,636.6
ITEM0000619,ORD001666,PROD0141,5,0.15,49101.6,41736.36,10750.36
ITEM0000620,ORD002958,PROD0118,1,0.05,8894.09,8449.39,2848.92
ITEM0000621,ORD004339,PROD0035,4,0.15,110281.76,93739.5,26871.54
ITEM0000622,ORD000010,PROD0213,1,0.1,18966.99,17070.29,3500.81
ITEM0000623,ORD003870,PROD0003,3,0.15,1513.32,1286.32,3.61
ITEM0000624,ORD000174,PROD0115,1,0.05,2532.67,2406.04,797.35
ITEM0000625,ORD004262,PROD0199,1,0.1,18096.68,16287.01,5808.59
ITEM0000626,ORD003416,PROD0183,2,0.1,33903.84,30513.46,6667.48
ITEM0000627,ORD004752,PROD0058,1,0.1,8639.1,7775.19,1973.04
ITEM0000628,ORD000288,PROD0147,4,0.2,92044.52,73635.62,3813.74
ITEM0000629,ORD001922,PROD0070,1,0.1,22695.91,20426.32,6767.73
ITEM0000630,ORD003566,PROD0126,2,0.1,36775.4,33097.86,8850.14
ITEM0000631,ORD003354,PROD0176,1,0.1,9424.1,8481.69,1523.7
ITEM0000632,ORD000486,PROD0219,1,0.05,27006.32,25656,8341.21
ITEM0000633,ORD002204,PROD0208,1,0.05,15180.79,14421.75,5281.47
ITEM0000634,ORD001092,PROD0110,1,0.05,12896.87,12252.03,3864.7
ITEM0000635,ORD002263,PROD0023,2,0.1,29801.2,26821.08,6625.64
ITEM0000636,ORD004114,PROD0027,1,0.1,24200.54,21780.49,5878.34
ITEM0000637,ORD004083,PROD0123,2,0,33212.52,33212.52,10840.1
ITEM0000638,ORD000331,PROD0050,1,0.15,2523.89,2145.31,375.68
ITEM0000639,ORD001222,PROD0016,1,0.25,9295,6971.25,-201.63
ITEM0000640,ORD003254,PROD0157,5,0.05,50947.7,48400.32,18137.57
ITEM0000641,ORD001776,PROD0033,3,0.05,52185.99,49576.69,13966.84
ITEM0000642,ORD002095,PROD0089,1,0.2,9991.19,7992.95,-136.16
ITEM0000643,ORD003632,PROD0058,1,0.1,8639.1,7775.19,1973.04
ITEM0000644,ORD000271,PROD0119,2,0.15,5374.34,4568.19,195.05
ITEM0000645,ORD000322,PROD0188,1,0.05,2699.06,2564.11,518.32
ITEM0000646,ORD003545,PROD0132,1,0.1,19751.1,17775.99,4720.58
ITEM0000647,ORD002227,PROD0120,1,0.1,432.78,389.5,90.74
ITEM0000648,ORD001001,PROD0033,1,0.1,17395.33,15655.8,3785.85
ITEM0000649,ORD003951,PROD0195,2,0.1,23097.3,20787.57,4342.07
ITEM0000650,ORD000203,PROD0016,2,0.05,18590,17660.5,3314.74
ITEM0000651,ORD001720,PROD0103,2,0.15,42382.24,36024.9,8045.36
ITEM0000652,ORD004920,PROD0054,1,0.1,14295.43,12865.89,2119.35
ITEM0000653,ORD001889,PROD0056,5,0,63019.35,63019.35,25299
ITEM0000654,ORD004365,PROD0091,2,0,26403.34,26403.34,10829.84
ITEM0000655,ORD004257,PROD0060,1,0.2,5374.61,4299.69,239.92
ITEM0000656,ORD001795,PROD0128,2,0.05,37224.94,35363.69,7660.23
ITEM0000657,ORD004750,PROD0054,1,0.05,14295.43,13580.66,2834.12
ITEM0000658,ORD001880,PROD0184,1,0.15,5590.8,4752.18,1165.83
ITEM0000659,ORD000436,PROD0002,2,0.1,29285.4,26356.86,4057.44
ITEM0000660,ORD001168,PROD0168,1,0.2,19458.66,15566.93,3221.08
ITEM0000661,ORD000279,PROD0053,2,0,35829.02,35829.02,7251.34
ITEM0000662,ORD001619,PROD0049,1,0.15,24110.14,20493.62,3943.13
ITEM0000663,ORD001015,PROD0162,2,0.2,25976.26,20781.01,45.87
ITEM0000664,ORD004216,PROD0054,2,0.05,28590.86,27161.32,5668.24
ITEM0000665,ORD000676,PROD0033,1,0.1,17395.33,15655.8,3785.85
ITEM0000666,ORD004485,PROD0161,4,0.05,20576.28,19547.47,4419.99
ITEM0000667,ORD001796,PROD0113,1,0.1,19139.62,17225.66,1330.39
ITEM0000668,ORD003045,PROD0193,4,0.1,82377.44,74139.7,26659.5
ITEM0000669,ORD003912,PROD0108,2,0.05,19225.66,18264.38,3838.64
ITEM0000670,ORD000136,PROD0168,2,0.05,38917.32,36971.45,12279.75
ITEM0000671,ORD002921,PROD0079,1,0.15,8940.37,7599.31,2277.79
ITEM0000672,ORD001181,PROD0025,1,0.1,1633.66,1470.29,156.02
ITEM0000673,ORD004419,PROD0203,1,0.1,13915.4,12523.86,4307.56
ITEM0000674,ORD001289,PROD0112,1,0.05,9574.88,9096.14,1972.38
ITEM0000675,ORD001192,PROD0162,3,0.05,38964.39,37016.17,5913.46
ITEM0000676,ORD004936,PROD0110,2,0.05,25793.74,24504.05,7729.39
ITEM0000677,ORD001673,PROD0068,2,0,38798.04,38798.04,16552.68
ITEM0000678,ORD004556,PROD0055,2,0.1,3518.26,3166.43,193.81
ITEM0000679,ORD001811,PROD0155,1,0.2,4402.89,3522.31,-234.64
ITEM0000680,ORD003840,PROD0174,2,0.15,23961.3,20367.1,274.68
ITEM0000681,ORD001731,PROD0021,2,0,41026.14,41026.14,11996.12
ITEM0000682,ORD001352,PROD0025,2,0.05,3267.32,3103.95,475.41
ITEM0000683,ORD004765,PROD0212,2,0.2,14945.2,11956.16,-491.52
ITEM0000684,ORD002973,PROD0200,1,0.1,10068.26,9061.43,649.77
ITEM0000685,ORD000245,PROD0033,1,0.05,17395.33,16525.56,4655.61
ITEM0000686,ORD003559,PROD0189,2,0.1,35590.68,32031.61,9463.93
ITEM0000687,ORD000302,PROD0104,2,0.05,24479.44,23255.47,8969.11
ITEM0000688,ORD002439,PROD0127,1,0,27826.63,27826.63,10430.65
ITEM0000689,ORD002440,PROD0213,2,0.1,37933.98,34140.58,7001.62
ITEM0000690,ORD003511,PROD0064,1,0.1,17720.44,15948.4,5812.28
ITEM0000691,ORD000730,PROD0188,1,0.1,2699.06,2429.15,383.36
ITEM0000692,ORD001518,PROD0080,1,0.1,23452.42,21107.18,4829.79
ITEM0000693,ORD001384,PROD0040,1,0.05,14977.96,14229.06,4142.11
ITEM0000694,ORD003281,PROD0062,3,0.1,6985.35,6286.81,1472.95
ITEM0000695,ORD001687,PROD0147,2,0.1,46022.26,41420.03,6509.09
ITEM0000696,ORD004888,PROD0155,1,0.05,4402.89,4182.75,425.8
ITEM0000697,ORD004887,PROD0074,1,0.1,15107.96,13597.16,3682.66
ITEM0000698,ORD002850,PROD0083,2,0.05,31160.66,29602.63,2763.67
ITEM0000699,ORD002968,PROD0112,2,0.1,19149.76,17234.78,2987.26
ITEM0000700,ORD001626,PROD0020,1,0.1,11822.05,10639.84,1817.7
ITEM0000701,ORD001780,PROD0009,1,0.15,24251.57,20613.83,5888.7
ITEM0000702,ORD000746,PROD0005,2,0.15,3931.54,3341.81,-50.85
ITEM0000703,ORD003832,PROD0053,1,0.05,17914.51,17018.78,2729.94
ITEM0000704,ORD001375,PROD0090,2,0.1,41497.72,37347.95,6272.81
ITEM0000705,ORD003779,PROD0053,2,0.15,35829.02,30454.67,1876.99
ITEM0000706,ORD001393,PROD0187,1,0.2,2026.07,1620.86,422.46
ITEM0000707,ORD003703,PROD0069,2,0.1,2901.8,2611.62,843.2
ITEM0000708,ORD000536,PROD0110,2,0,25793.74,25793.74,9019.08
ITEM0000709,ORD000787,PROD0149,1,0.1,16805.53,15124.98,2324.65
ITEM0000710,ORD002477,PROD0141,1,0.05,9820.32,9329.3,3132.1
ITEM0000711,ORD000188,PROD0192,1,0.25,2966.21,2224.66,-261.59
ITEM0000712,ORD001264,PROD0106,1,0.2,13006.77,10405.42,1030.27
ITEM0000713,ORD003665,PROD0199,2,0.2,36193.36,28954.69,7997.85
ITEM0000714,ORD001620,PROD0171,1,0.05,10484.3,9960.08,1143.96
ITEM0000715,ORD002975,PROD0162,4,0,51952.52,51952.52,10482.24
ITEM0000716,ORD003529,PROD0204,1,0.15,11121.95,9453.66,3049.43
ITEM0000717,ORD000191,PROD0154,1,0,4430.06,4430.06,1782.21
ITEM0000718,ORD003399,PROD0075,3,0.15,34696.2,29491.77,9005.4
ITEM0000719,ORD002997,PROD0164,4,0,33426.24,33426.24,5609.8
ITEM0000720,ORD002340,PROD0090,2,0.15,41497.72,35273.06,4197.92
ITEM0000721,ORD002228,PROD0108,1,0.1,9612.83,8651.55,1438.68
ITEM0000722,ORD002459,PROD0066,3,0.15,8793.84,7474.76,1185.14
ITEM0000723,ORD001916,PROD0139,1,0.1,18079.77,16271.79,4711.91
ITEM0000724,ORD000467,PROD0191,2,0.2,37605.18,30084.14,-180.12
ITEM0000725,ORD002668,PROD0034,1,0.1,10057.78,9052,2406.94
ITEM0000726,ORD002718,PROD0100,1,0.2,21958.1,17566.48,458.93
ITEM0000727,ORD000720,PROD0142,1,0.1,5869.7,5282.73,1725.97
ITEM0000728,ORD002482,PROD0190,1,0,17149.88,17149.88,5198.1
ITEM0000729,ORD004331,PROD0193,2,0.05,41188.72,39129.28,15389.18
ITEM0000730,ORD003646,PROD0071,1,0.05,29147.69,27690.31,10605.29
ITEM0000731,ORD000356,PROD0156,3,0.1,787.95,709.15,248.2
ITEM0000732,ORD001756,PROD0129,1,0,18062.74,18062.74,2870.63
ITEM0000733,ORD002650,PROD0015,1,0,6077.14,6077.14,1768.63
ITEM0000734,ORD004675,PROD0166,2,0.1,56211.62,50590.46,15533.7
ITEM0000735,ORD002298,PROD0101,3,0.2,6476.07,5180.86,1385.38
ITEM0000736,ORD001355,PROD0068,4,0.05,77596.08,73716.28,29225.56
ITEM0000737,ORD001903,PROD0092,1,0.1,8564.31,7707.88,1938.35
ITEM0000738,ORD002704,PROD0046,5,0.05,46419.7,44098.72,11441.97
ITEM0000739,ORD000837,PROD0176,1,0,9424.1,9424.1,2466.11
ITEM0000740,ORD001927,PROD0130,1,0,8360.75,8360.75,2381.33
ITEM0000741,ORD004473,PROD0012,1,0.15,12178.75,10351.94,3298.86
ITEM0000742,ORD003438,PROD0160,1,0.1,6180.13,5562.12,596.16
ITEM0000743,ORD002455,PROD0151,3,0.05,10169.19,9660.73,3387.19
ITEM0000744,ORD003297,PROD0067,1,0.1,9651.29,8686.16,2432.27
ITEM0000745,ORD004775,PROD0032,2,0.2,5055.9,4044.72,47.86
ITEM0000746,ORD003491,PROD0021,1,0,20513.07,20513.07,5998.06
ITEM0000747,ORD002770,PROD0012,5,0.05,60893.75,57849.06,22583.66
ITEM0000748,ORD004707,PROD0209,2,0.1,13072.74,11765.47,1741.69
ITEM0000749,ORD002877,PROD0142,2,0.15,11739.4,9978.49,2864.97
ITEM0000750,ORD000575,PROD0164,2,0.1,16713.12,15041.81,1133.59
ITEM0000751,ORD000348,PROD0202,3,0,56174.31,56174.31,22977.33
ITEM0000752,ORD004270,PROD0155,1,0.05,4402.89,4182.75,425.8
ITEM0000753,ORD001074,PROD0217,2,0.15,21668.48,18418.21,4646.15
ITEM0000754,ORD003286,PROD0001,1,0.05,4107.99,3902.59,453.62
ITEM0000755,ORD002571,PROD0081,2,0.15,12608.24,10717,3429.32
ITEM0000756,ORD000213,PROD0043,2,0.15,29134.48,24764.31,5469.31
ITEM0000757,ORD003948,PROD0050,2,0,5047.78,5047.78,1508.52
ITEM0000758,ORD000256,PROD0018,1,0.05,14114.3,13408.58,4370.03
ITEM0000759,ORD002899,PROD0220,1,0.2,24256.9,19405.52,2190.71
ITEM0000760,ORD000759,PROD0096,2,0.05,33178.12,31519.21,9654.35
ITEM0000761,ORD000743,PROD0154,1,0.1,4430.06,3987.05,1339.2
ITEM0000762,ORD004739,PROD0030,1,0.1,8993.94,8094.55,2233.56
ITEM0000763,ORD003062,PROD0010,3,0.05,36307.56,34492.18,13565.44
ITEM0000764,ORD004716,PROD0025,2,0.15,3267.32,2777.22,148.68
ITEM0000765,ORD004859,PROD0057,3,0.1,52482.75,47234.47,12916.69
ITEM0000766,ORD004361,PROD0113,1,0.1,19139.62,17225.66,1330.39
ITEM0000767,ORD004035,PROD0020,1,0.1,11822.05,10639.84,1817.7
ITEM0000768,ORD002550,PROD0157,4,0.1,40758.16,36682.34,12472.14
ITEM0000769,ORD001672,PROD0182,1,0.15,27036.96,22981.42,7001.69
ITEM0000770,ORD004576,PROD0184,4,0.15,22363.2,19008.72,4663.32
ITEM0000771,ORD002996,PROD0005,1,0.2,1965.77,1572.62,-123.71
ITEM0000772,ORD000831,PROD0154,1,0,4430.06,4430.06,1782.21
ITEM0000773,ORD004842,PROD0057,1,0,17494.25,17494.25,6054.99
ITEM0000774,ORD001596,PROD0072,2,0,20346.44,20346.44,7883.6
ITEM0000775,ORD001105,PROD0011,2,0.2,26892.2,21513.76,4837.44
ITEM0000776,ORD002173,PROD0011,2,0.2,26892.2,21513.76,4837.44
ITEM0000777,ORD001747,PROD0123,3,0,49818.78,49818.78,16260.15
ITEM0000778,ORD003860,PROD0127,1,0.1,27826.63,25043.97,7647.99
ITEM0000779,ORD003157,PROD0040,2,0.05,29955.92,28458.12,8284.22
ITEM0000780,ORD000057,PROD0100,1,0,21958.1,21958.1,4850.55
ITEM0000781,ORD001486,PROD0107,2,0.15,28516.66,24239.16,5581.18
ITEM0000782,ORD000269,PROD0167,1,0,24925.25,24925.25,10278.96
ITEM0000783,ORD003182,PROD0152,5,0.05,74524.7,70798.46,25061.36
ITEM0000784,ORD000602,PROD0110,1,0.1,12896.87,11607.18,3219.85
ITEM0000785,ORD001377,PROD0029,1,0.1,13719.5,12347.55,2876.22
ITEM0000786,ORD000520,PROD0139,1,0,18079.77,18079.77,6519.89
ITEM0000787,ORD001080,PROD0172,2,0.15,40203.72,34173.16,3700.9
ITEM0000788,ORD004987,PROD0057,1,0.05,17494.25,16619.54,5180.28
ITEM0000789,ORD002926,PROD0150,3,0.1,42210,37989,13454.52
ITEM0000790,ORD004058,PROD0149,2,0,33611.06,33611.06,8010.4
ITEM0000791,ORD003516,PROD0202,1,0,18724.77,18724.77,7659.11
ITEM0000792,ORD002331,PROD0209,2,0.1,13072.74,11765.47,1741.69
ITEM0000793,ORD004547,PROD0169,2,0.15,8961.86,7617.58,2306.6
ITEM0000794,ORD000864,PROD0217,1,0.1,10834.24,9750.82,2864.79
ITEM0000795,ORD003170,PROD0163,1,0.15,1154.57,981.38,-7.63
ITEM0000796,ORD004486,PROD0013,4,0.05,79465.2,75491.94,21790.1
ITEM0000797,ORD002817,PROD0042,1,0,21135.45,21135.45,6854.54
ITEM0000798,ORD000402,PROD0216,1,0.1,9615.86,8654.27,1428.76
ITEM0000799,ORD004251,PROD0032,1,0.05,2527.95,2401.55,403.12
ITEM0000800,ORD000846,PROD0177,3,0.15,59842.08,50865.77,8461.04
ITEM0000801,ORD002074,PROD0066,2,0.15,5862.56,4983.18,790.1
ITEM0000802,ORD000349,PROD0139,2,0.1,36159.54,32543.59,9423.83
ITEM0000803,ORD004093,PROD0027,1,0.15,24200.54,20570.46,4668.31
ITEM0000804,ORD004521,PROD0216,1,0.1,9615.86,8654.27,1428.76
ITEM0000805,ORD002668,PROD0068,1,0.15,19399.02,16489.17,5366.49
ITEM0000806,ORD000245,PROD0210,1,0.1,26114.8,23503.32,7113.76
ITEM0000807,ORD002724,PROD0213,3,0.1,56900.97,51210.87,10502.43
ITEM0000808,ORD003392,PROD0212,1,0.2,7472.6,5978.08,-245.76
ITEM0000809,ORD002149,PROD0088,1,0.1,11290.59,10161.53,2602.92
ITEM0000810,ORD001806,PROD0176,2,0.1,18848.2,16963.38,3047.4
ITEM0000811,ORD002854,PROD0147,2,0.1,46022.26,41420.03,6509.09
ITEM0000812,ORD001161,PROD0156,5,0,1313.25,1313.25,545
ITEM0000813,ORD001173,PROD0171,2,0,20968.6,20968.6,3336.36
ITEM0000814,ORD002942,PROD0117,4,0.25,14768.24,11076.18,-864.86
ITEM0000815,ORD003630,PROD0111,1,0.15,4956.44,4212.97,911.47
ITEM0000816,ORD004372,PROD0074,1,0.15,15107.96,12841.77,2927.27
ITEM0000817,ORD004955,PROD0022,3,0.15,23995.32,20396.02,900.94
ITEM0000818,ORD001600,PROD0012,1,0.2,12178.75,9743,2689.92
ITEM0000819,ORD002341,PROD0127,1,0.25,27826.63,20869.97,3473.99
ITEM0000820,ORD003284,PROD0032,1,0.05,2527.95,2401.55,403.12
ITEM0000821,ORD003075,PROD0133,1,0.2,12826.23,10260.98,2528.18
ITEM0000822,ORD001104,PROD0201,4,0.05,54526,51799.7,17614.38
ITEM0000823,ORD004987,PROD0207,1,0.05,22221.53,21110.45,6535.04
ITEM0000824,ORD000991,PROD0195,1,0,11548.65,11548.65,3325.9
ITEM0000825,ORD004425,PROD0103,1,0.15,21191.12,18012.45,4022.68
ITEM0000826,ORD002527,PROD0153,2,0.05,17784.68,16895.45,4545.69
ITEM0000827,ORD003277,PROD0141,2,0.1,19640.64,17676.58,5282.18
ITEM0000828,ORD003384,PROD0124,2,0,8439.96,8439.96,2966.46
ITEM0000829,ORD003028,PROD0097,1,0.1,10186.82,9168.14,2650.18
ITEM0000830,ORD004023,PROD0211,2,0,14956,14956,5432.7
ITEM0000831,ORD000516,PROD0094,3,0.1,69149.79,62234.81,10320.89
ITEM0000832,ORD001083,PROD0053,1,0.2,17914.51,14331.61,42.77
ITEM0000833,ORD002641,PROD0038,1,0.2,1889.37,1511.5,34.9
ITEM0000834,ORD002787,PROD0039,1,0.15,12140.61,10319.52,712.15
ITEM0000835,ORD000278,PROD0001,2,0.15,8215.98,6983.58,85.64
ITEM0000836,ORD004281,PROD0215,2,0.1,37162.1,33445.89,10267.25
ITEM0000837,ORD000513,PROD0116,1,0.05,9463.74,8990.55,2124.63
ITEM0000838,ORD000464,PROD0087,2,0,38490.06,38490.06,12170.82
ITEM0000839,ORD002949,PROD0188,3,0.05,8097.18,7692.32,1554.95
ITEM0000840,ORD000719,PROD0049,2,0.1,48220.28,43398.25,10297.27
ITEM0000841,ORD003044,PROD0106,1,0.1,13006.77,11706.09,2330.94
ITEM0000842,ORD001884,PROD0074,2,0.05,30215.92,28705.12,8876.12
ITEM0000843,ORD001040,PROD0186,2,0,31922.96,31922.96,10878.02
ITEM0000844,ORD004953,PROD0022,3,0.2,23995.32,19196.26,-298.82
ITEM0000845,ORD004741,PROD0070,3,0.2,68087.73,54470.18,13494.41
ITEM0000846,ORD001854,PROD0186,1,0.15,15961.48,13567.26,3044.79
ITEM0000847,ORD000616,PROD0072,3,0.15,30519.66,25941.71,7247.45
ITEM0000848,ORD004410,PROD0203,1,0.05,13915.4,13219.63,5003.33
ITEM0000849,ORD001613,PROD0175,3,0.1,41364.09,37227.68,5240.48
ITEM0000850,ORD003947,PROD0152,2,0,29809.88,29809.88,11515.04
ITEM0000851,ORD002489,PROD0012,2,0,24357.5,24357.5,10251.34
ITEM0000852,ORD000941,PROD0110,4,0,51587.48,51587.48,18038.16
ITEM0000853,ORD000760,PROD0056,1,0.2,12603.87,10083.1,2539.03
ITEM0000854,ORD004236,PROD0021,1,0.1,20513.07,18461.76,3946.75
ITEM0000855,ORD000350,PROD0206,2,0.05,3385.74,3216.45,855.23
ITEM0000856,ORD002546,PROD0042,4,0.05,84541.8,80314.71,23191.07
ITEM0000857,ORD003795,PROD0133,2,0.15,25652.46,21804.59,6338.99
ITEM0000858,ORD003566,PROD0208,1,0.05,15180.79,14421.75,5281.47
ITEM0000859,ORD004129,PROD0122,1,0.05,2269.53,2156.05,653.11
ITEM0000860,ORD002842,PROD0033,1,0.15,17395.33,14786.03,2916.08
ITEM0000861,ORD002462,PROD0129,2,0.1,36125.48,32512.93,2128.71
ITEM0000862,ORD001601,PROD0192,2,0.1,5932.42,5339.18,366.68
ITEM0000863,ORD001222,PROD0081,1,0.15,6304.12,5358.5,1714.66
ITEM0000864,ORD001051,PROD0164,1,0.05,8356.56,7938.73,984.62
ITEM0000865,ORD000554,PROD0120,4,0.1,1731.12,1558.01,362.97
ITEM0000866,ORD001529,PROD0142,1,0,5869.7,5869.7,2312.94
ITEM0000867,ORD002045,PROD0065,1,0.05,6830.86,6489.32,1637.99
ITEM0000868,ORD004320,PROD0048,1,0.1,7008.44,6307.6,845.62
ITEM0000869,ORD000059,PROD0068,1,0.1,19399.02,17459.12,6336.44
ITEM0000870,ORD003111,PROD0097,2,0.1,20373.64,18336.28,5300.36
ITEM0000871,ORD004427,PROD0140,4,0.05,32329.56,30713.08,8868.72
ITEM0000872,ORD004101,PROD0115,1,0.1,2532.67,2279.4,670.71
ITEM0000873,ORD000456,PROD0161,1,0.05,5144.07,4886.87,1105
ITEM0000874,ORD001763,PROD0184,3,0.1,16772.4,15095.16,4336.11
ITEM0000875,ORD004950,PROD0049,1,0.15,24110.14,20493.62,3943.13
ITEM0000876,ORD001117,PROD0102,1,0.1,20719.66,18647.69,6241.19
ITEM0000877,ORD000283,PROD0124,3,0.15,12659.94,10760.95,2550.7
ITEM0000878,ORD000674,PROD0066,2,0.05,5862.56,5569.43,1376.35
ITEM0000879,ORD000032,PROD0163,3,0,3463.71,3463.71,496.68
ITEM0000880,ORD003176,PROD0021,1,0.05,20513.07,19487.42,4972.41
ITEM0000881,ORD001167,PROD0152,2,0.1,29809.88,26828.89,8534.05
ITEM0000882,ORD002506,PROD0091,2,0.05,26403.34,25083.17,9509.67
ITEM0000883,ORD001678,PROD0055,1,0.15,1759.13,1495.26,8.95
ITEM0000884,ORD003923,PROD0025,3,0.1,4900.98,4410.88,468.07
ITEM0000885,ORD002969,PROD0059,1,0.05,4391.03,4171.48,1346.18
ITEM0000886,ORD002267,PROD0202,2,0.1,37449.54,33704.59,11573.27
ITEM0000887,ORD003541,PROD0216,2,0,19231.72,19231.72,4780.7
ITEM0000888,ORD000207,PROD0193,1,0.05,20594.36,19564.64,7694.59
ITEM0000889,ORD002479,PROD0058,1,0.1,8639.1,7775.19,1973.04
ITEM0000890,ORD004066,PROD0094,2,0.1,46099.86,41489.87,6880.59
ITEM0000891,ORD002916,PROD0209,2,0.1,13072.74,11765.47,1741.69
ITEM0000892,ORD000564,PROD0188,2,0.1,5398.12,4858.31,766.73
ITEM0000893,ORD003901,PROD0132,1,0.2,19751.1,15800.88,2745.47
ITEM0000894,ORD001072,PROD0030,1,0.1,8993.94,8094.55,2233.56
ITEM0000895,ORD004089,PROD0156,1,0.1,262.65,236.38,82.73
ITEM0000896,ORD001799,PROD0132,1,0.2,19751.1,15800.88,2745.47
ITEM0000897,ORD004779,PROD0012,4,0.05,48715,46279.25,18066.93
ITEM0000898,ORD000963,PROD0042,1,0.05,21135.45,20078.68,5797.77
ITEM0000899,ORD004933,PROD0083,1,0,15580.33,15580.33,2160.85
ITEM0000900,ORD003597,PROD0004,1,0.05,6291.1,5976.55,841.06
ITEM0000901,ORD000964,PROD0080,2,0.15,46904.84,39869.11,7314.33
ITEM0000902,ORD004304,PROD0056,2,0.1,25207.74,22686.97,7598.83
ITEM0000903,ORD002537,PROD0118,1,0.15,8894.09,7559.98,1959.51
ITEM0000904,ORD002096,PROD0002,1,0.05,14642.7,13910.57,2760.86
ITEM0000905,ORD003154,PROD0106,3,0.25,39020.31,29265.23,1139.78
ITEM0000906,ORD002894,PROD0103,1,0.1,21191.12,19072.01,5082.24
ITEM0000907,ORD003681,PROD0097,4,0,40747.28,40747.28,14675.44
ITEM0000908,ORD004503,PROD0219,1,0.15,27006.32,22955.37,5640.58
ITEM0000909,ORD001483,PROD0202,2,0.1,37449.54,33704.59,11573.27
ITEM0000910,ORD000991,PROD0149,3,0.05,50416.59,47895.76,9494.77
ITEM0000911,ORD004125,PROD0107,3,0.1,42774.99,38497.49,10510.52
ITEM0000912,ORD003939,PROD0143,2,0.15,44174.78,37548.56,8814.96
ITEM0000913,ORD001095,PROD0110,1,0.15,12896.87,10962.34,2575.01
ITEM0000914,ORD004905,PROD0053,1,0,17914.51,17914.51,3625.67
ITEM0000915,ORD002453,PROD0185,2,0.1,56631.62,50968.46,17889.36
ITEM0000916,ORD003530,PROD0146,1,0.15,5951.75,5058.99,1246.93
ITEM0000917,ORD003296,PROD0103,2,0.05,42382.24,40263.13,12283.59
ITEM0000918,ORD002238,PROD0140,1,0.05,8082.39,7678.27,2217.18
ITEM0000919,ORD001489,PROD0052,1,0.2,15366.49,12293.19,1990.06
ITEM0000920,ORD001685,PROD0088,2,0.15,22581.18,19194,4076.78
ITEM0000921,ORD004738,PROD0144,1,0.2,23651.6,18921.28,2855.59
ITEM0000922,ORD002534,PROD0205,1,0,18910.56,18910.56,6375.24
ITEM0000923,ORD002142,PROD0047,1,0.15,26673.83,22672.76,4978.18
ITEM0000924,ORD001926,PROD0120,2,0,865.56,865.56,268.04
ITEM0000925,ORD000156,PROD0079,2,0.15,17880.74,15198.63,4555.59
ITEM0000926,ORD001848,PROD0203,1,0.1,13915.4,12523.86,4307.56
ITEM0000927,ORD004334,PROD0025,1,0.1,1633.66,1470.29,156.02
ITEM0000928,ORD002770,PROD0149,1,0.05,16805.53,15965.25,3164.92
ITEM0000929,ORD004526,PROD0207,2,0.05,44443.06,42220.91,13070.09
ITEM0000930,ORD002114,PROD0043,1,0.05,14567.24,13838.88,4191.38
ITEM0000931,ORD004701,PROD0194,1,0,26125.1,26125.1,10631.16
ITEM0000932,ORD003360,PROD0050,3,0.05,7571.67,7193.09,1884.2
ITEM0000933,ORD004721,PROD0128,1,0.05,18612.47,17681.85,3830.12
ITEM0000934,ORD003504,PROD0134,1,0.1,25350.66,22815.59,6121.86
ITEM0000935,ORD004653,PROD0054,1,0.1,14295.43,12865.89,2119.35
ITEM0000936,ORD000590,PROD0054,3,0.05,42886.29,40741.98,8502.36
ITEM0000937,ORD003978,PROD0066,5,0,14656.4,14656.4,4173.7
ITEM0000938,ORD002835,PROD0057,2,0.25,34988.5,26241.38,3362.86
ITEM0000939,ORD000193,PROD0141,2,0.15,19640.64,16694.54,4300.14
ITEM0000940,ORD001468,PROD0111,2,0.15,9912.88,8425.95,1822.95
ITEM0000941,ORD001573,PROD0052,2,0,30732.98,30732.98,10126.72
ITEM0000942,ORD004015,PROD0218,1,0.05,499.26,474.3,181.71
ITEM0000943,ORD000226,PROD0009,1,0,24251.57,24251.57,9526.44
ITEM0000944,ORD004996,PROD0028,1,0.1,6922.32,6230.09,403.25
ITEM0000945,ORD000002,PROD0079,1,0.15,8940.37,7599.31,2277.79
ITEM0000946,ORD003381,PROD0065,1,0,6830.86,6830.86,1979.53
ITEM0000947,ORD000612,PROD0067,5,0.1,48256.45,43430.81,12161.36
ITEM0000948,ORD000713,PROD0001,3,0.1,12323.97,11091.57,744.66
ITEM0000949,ORD003226,PROD0025,3,0.05,4900.98,4655.93,713.12
ITEM0000950,ORD002049,PROD0212,1,0.1,7472.6,6725.34,501.5
ITEM0000951,ORD002555,PROD0215,2,0.15,37162.1,31587.78,8409.14
ITEM0000952,ORD004939,PROD0147,4,0.05,92044.52,87442.29,17620.41
ITEM0000953,ORD003943,PROD0058,2,0.2,17278.2,13822.56,2218.26
ITEM0000954,ORD003125,PROD0117,2,0.1,7384.12,6645.71,675.19
ITEM0000955,ORD003783,PROD0171,1,0.1,10484.3,9435.87,619.75
ITEM0000956,ORD000300,PROD0150,2,0,28140,28140,11783.68
ITEM0000957,ORD001485,PROD0195,1,0.05,11548.65,10971.22,2748.47
ITEM0000958,ORD002504,PROD0058,2,0,17278.2,17278.2,5673.9
ITEM0000959,ORD004170,PROD0205,1,0.1,18910.56,17019.5,4484.18
ITEM0000960,ORD001297,PROD0069,3,0.1,4352.7,3917.43,1264.8
ITEM0000961,ORD003842,PROD0027,2,0.15,48401.08,41140.92,9336.62
ITEM0000962,ORD002983,PROD0093,3,0.1,29049.21,26144.29,8830.24
ITEM0000963,ORD001602,PROD0041,2,0.1,38241.34,34417.21,10083.39
ITEM0000964,ORD000059,PROD0031,1,0.05,1480.59,1406.56,542.07
ITEM0000965,ORD000786,PROD0214,4,0.1,65468.88,58921.99,6562.39
ITEM0000966,ORD001685,PROD0161,3,0.15,15432.21,13117.38,1771.77
ITEM0000967,ORD003390,PROD0002,3,0.1,43928.1,39535.29,6086.16
ITEM0000968,ORD004162,PROD0088,1,0.1,11290.59,10161.53,2602.92
ITEM0000969,ORD004392,PROD0165,2,0.1,29756.9,26781.21,4532.47
ITEM0000970,ORD000515,PROD0009,4,0.1,97006.28,87305.65,28405.13
ITEM0000971,ORD004956,PROD0122,1,0.05,2269.53,2156.05,653.11
ITEM0000972,ORD003101,PROD0123,3,0.15,49818.78,42345.96,8787.33
ITEM0000973,ORD004843,PROD0076,3,0.2,4410.27,3528.22,56.71
ITEM0000974,ORD001594,PROD0219,1,0.05,27006.32,25656,8341.21
ITEM0000975,ORD004065,PROD0014,1,0.05,6126.24,5819.93,2178.8
ITEM0000976,ORD004015,PROD0102,3,0.1,62158.98,55943.08,18723.58
ITEM0000977,ORD002873,PROD0153,1,0.15,8892.34,7558.49,1383.61
ITEM0000978,ORD002162,PROD0189,1,0.1,17795.34,16015.81,4731.97
ITEM0000979,ORD003173,PROD0099,2,0.15,6441.76,5475.5,387.04
ITEM0000980,ORD002172,PROD0114,2,0.05,31712.88,30127.24,4220.7
ITEM0000981,ORD001955,PROD0071,3,0.2,87443.07,69954.46,18699.4
ITEM0000982,ORD002620,PROD0166,1,0.1,28105.81,25295.23,7766.85
ITEM0000983,ORD002075,PROD0007,2,0.05,19867.1,18873.74,6877.62
ITEM0000984,ORD004057,PROD0044,2,0,42536.42,42536.42,12096.86
ITEM0000985,ORD002236,PROD0174,3,0.1,35941.95,32347.75,2209.12
ITEM0000986,ORD003264,PROD0081,3,0.1,18912.36,17021.12,6089.6
ITEM0000987,ORD002120,PROD0086,3,0.05,16758.6,15920.67,3553.35
ITEM0000988,ORD002863,PROD0072,2,0.2,20346.44,16277.15,3814.31
ITEM0000989,ORD003949,PROD0135,1,0.05,11202.85,10642.71,1737.03
ITEM0000990,ORD001769,PROD0051,2,0.05,41654.68,39571.95,7527.77
ITEM0000991,ORD003301,PROD0149,1,0.15,16805.53,14284.7,1484.37
ITEM0000992,ORD000991,PROD0064,1,0.05,17720.44,16834.42,6698.3
ITEM0000993,ORD004300,PROD0011,2,0.05,26892.2,25547.59,8871.27
ITEM0000994,ORD000240,PROD0122,1,0.05,2269.53,2156.05,653.11
ITEM0000995,ORD002252,PROD0023,1,0.15,14900.6,12665.51,2567.79
ITEM0000996,ORD003165,PROD0056,1,0.25,12603.87,9452.9,1908.83
ITEM0000997,ORD002110,PROD0215,1,0,18581.05,18581.05,6991.73
ITEM0000998,ORD001157,PROD0105,1,0.05,13371.33,12702.76,3292.73
ITEM0000999,ORD004367,PROD0116,2,0.1,18927.48,17034.73,3302.89
ITEM0001000,ORD001656,PROD0075,4,0.1,46261.6,41635.44,14320.28
ITEM0001001,ORD003499,PROD0069,2,0.25,2901.8,2176.35,407.93
ITEM0001002,ORD003229,PROD0111,2,0.05,9912.88,9417.24,2814.24
ITEM0001003,ORD001119,PROD0125,1,0.15,7231.98,6147.18,133.67
ITEM0001004,ORD003888,PROD0068,1,0.1,19399.02,17459.12,6336.44
ITEM0001005,ORD000440,PROD0182,4,0.1,108147.84,97333.06,33414.14
ITEM0001006,ORD000572,PROD0014,3,0,18378.72,18378.72,7455.33
ITEM0001007,ORD004008,PROD0112,1,0.15,9574.88,8138.65,1014.89
ITEM0001008,ORD000903,PROD0175,3,0.05,41364.09,39295.89,7308.69
ITEM0001009,ORD003210,PROD0077,4,0.05,57777.88,54888.99,21240.59
ITEM0001010,ORD003781,PROD0122,2,0.1,4539.06,4085.15,1079.27
ITEM0001011,ORD004247,PROD0051,5,0.15,104136.7,88516.19,8405.74
ITEM0001012,ORD000178,PROD0110,1,0.05,12896.87,12252.03,3864.7
ITEM0001013,ORD002634,PROD0115,3,0.05,7598.01,7218.11,2392.04
ITEM0001014,ORD003876,PROD0136,2,0.15,40578.54,34491.76,-764.84
ITEM0001015,ORD000188,PROD0207,3,0.1,66664.59,59998.13,16271.9
ITEM0001016,ORD001503,PROD0105,1,0.15,13371.33,11365.63,1955.6
ITEM0001017,ORD000238,PROD0186,1,0.1,15961.48,14365.33,3842.86
ITEM0001018,ORD002738,PROD0111,2,0,9912.88,9912.88,3309.88
ITEM0001019,ORD000698,PROD0163,3,0.1,3463.71,3117.34,150.31
ITEM0001020,ORD000981,PROD0041,2,0.05,38241.34,36329.27,11995.45
ITEM0001021,ORD003270,PROD0025,3,0.1,4900.98,4410.88,468.07
ITEM0001022,ORD001044,PROD0049,1,0.05,24110.14,22904.63,6354.14
ITEM0001023,ORD004901,PROD0166,2,0.2,56211.62,44969.3,9912.54
ITEM0001024,ORD000840,PROD0180,2,0.05,11158.28,10600.37,4126.29
ITEM0001025,ORD002036,PROD0128,1,0.1,18612.47,16751.22,2899.49
ITEM0001026,ORD000074,PROD0086,3,0.1,16758.6,15082.74,2715.42
ITEM0001027,ORD000096,PROD0126,2,0.15,36775.4,31259.09,7011.37
ITEM0001028,ORD003314,PROD0217,2,0,21668.48,21668.48,7896.42
ITEM0001029,ORD000246,PROD0210,1,0,26114.8,26114.8,9725.24
ITEM0001030,ORD000294,PROD0117,2,0.15,7384.12,6276.5,305.98
ITEM0001031,ORD002469,PROD0113,2,0.05,38279.24,36365.28,4574.74
ITEM0001032,ORD001608,PROD0207,1,0.05,22221.53,21110.45,6535.04
ITEM0001033,ORD002878,PROD0119,1,0.2,2687.17,2149.74,-36.83
ITEM0001034,ORD002692,PROD0169,1,0.1,4480.93,4032.84,1377.35
ITEM0001035,ORD002385,PROD0068,2,0.1,38798.04,34918.24,12672.88
ITEM0001036,ORD004212,PROD0015,2,0.05,12154.28,11546.57,2929.55
ITEM0001037,ORD003701,PROD0142,3,0.1,17609.1,15848.19,5177.91
ITEM0001038,ORD003195,PROD0206,5,0.05,8464.35,8041.13,2138.08
ITEM0001039,ORD000678,PROD0110,1,0.1,12896.87,11607.18,3219.85
ITEM0001040,ORD004118,PROD0213,1,0.05,18966.99,18018.64,4449.16
ITEM0001041,ORD002189,PROD0011,2,0.1,26892.2,24202.98,7526.66
ITEM0001042,ORD002585,PROD0191,2,0,37605.18,37605.18,7340.92
ITEM0001043,ORD001526,PROD0161,1,0.1,5144.07,4629.66,847.79
ITEM0001044,ORD003046,PROD0112,1,0.15,9574.88,8138.65,1014.89
ITEM0001045,ORD002804,PROD0040,1,0.1,14977.96,13480.16,3393.21
ITEM0001046,ORD000444,PROD0032,2,0,5055.9,5055.9,1059.04
ITEM0001047,ORD000310,PROD0034,2,0.1,20115.56,18104,4813.88
ITEM0001048,ORD003295,PROD0098,1,0,17646.13,17646.13,4806.75
ITEM0001049,ORD004919,PROD0211,3,0.2,22434,17947.2,3662.25
ITEM0001050,ORD002935,PROD0218,4,0.05,1997.04,1897.19,726.83
ITEM0001051,ORD000027,PROD0063,1,0.1,11036.75,9933.08,1234.95
ITEM0001052,ORD004860,PROD0031,3,0.05,4441.77,4219.68,1626.21
ITEM0001053,ORD000493,PROD0206,1,0.1,1692.87,1523.58,342.97
ITEM0001054,ORD001339,PROD0007,1,0.15,9933.55,8443.52,2445.46
ITEM0001055,ORD004992,PROD0092,1,0.1,8564.31,7707.88,1938.35
ITEM0001056,ORD002674,PROD0002,1,0,14642.7,14642.7,3492.99
ITEM0001057,ORD000643,PROD0171,4,0,41937.2,41937.2,6672.72
ITEM0001058,ORD000320,PROD0195,5,0.15,57743.25,49081.76,7968.01
ITEM0001059,ORD004237,PROD0033,3,0,52185.99,52185.99,16576.14
ITEM0001060,ORD004329,PROD0032,2,0,5055.9,5055.9,1059.04
ITEM0001061,ORD001946,PROD0015,3,0.05,18231.42,17319.85,4394.32
ITEM0001062,ORD004348,PROD0074,2,0.05,30215.92,28705.12,8876.12
ITEM0001063,ORD004229,PROD0092,1,0.15,8564.31,7279.66,1510.13
ITEM0001064,ORD004916,PROD0115,3,0.1,7598.01,6838.21,2012.14
ITEM0001065,ORD004305,PROD0192,1,0.15,2966.21,2521.28,35.03
ITEM0001066,ORD002700,PROD0164,2,0.05,16713.12,15877.46,1969.24
ITEM0001067,ORD000860,PROD0096,3,0.1,49767.18,44790.46,11993.17
ITEM0001068,ORD003982,PROD0038,3,0.05,5668.11,5384.7,954.9
ITEM0001069,ORD004221,PROD0036,1,0.05,10450.84,9928.3,3380.51
ITEM0001070,ORD001078,PROD0151,1,0.2,3389.73,2711.78,620.6
ITEM0001071,ORD004133,PROD0088,1,0.05,11290.59,10726.06,3167.45
ITEM0001072,ORD003826,PROD0176,1,0.1,9424.1,8481.69,1523.7
ITEM0001073,ORD004309,PROD0170,2,0.05,11445.76,10873.47,4142.09
ITEM0001074,ORD002773,PROD0152,1,0,14904.94,14904.94,5757.52
ITEM0001075,ORD004205,PROD0032,2,0.15,5055.9,4297.51,300.65
ITEM0001076,ORD002690,PROD0217,1,0.15,10834.24,9209.1,2323.07
ITEM0001077,ORD003715,PROD0100,1,0.15,21958.1,18664.38,1556.83
ITEM0001078,ORD000123,PROD0212,2,0.05,14945.2,14197.94,1750.26
ITEM0001079,ORD004542,PROD0073,2,0,19214.9,19214.9,7160.44
ITEM0001080,ORD002666,PROD0189,1,0.1,17795.34,16015.81,4731.97
ITEM0001081,ORD002092,PROD0074,1,0.05,15107.96,14352.56,4438.06
ITEM0001082,ORD001945,PROD0086,1,0.2,5586.2,4468.96,346.52
ITEM0001083,ORD003384,PROD0153,4,0.05,35569.36,33790.89,9091.37
ITEM0001084,ORD002887,PROD0154,2,0.15,8860.12,7531.1,2235.4
ITEM0001085,ORD001724,PROD0095,3,0.1,10618.83,9556.95,1147.74
ITEM0001086,ORD000638,PROD0220,1,0.15,24256.9,20618.37,3403.56
ITEM0001087,ORD001099,PROD0170,1,0.1,5722.88,5150.59,1784.9
ITEM0001088,ORD002702,PROD0077,1,0.15,14444.47,12277.8,3865.7
ITEM0001089,ORD004069,PROD0127,1,0.1,27826.63,25043.97,7647.99
ITEM0001090,ORD001474,PROD0095,1,0.15,3539.61,3008.67,205.6
ITEM0001091,ORD001034,PROD0056,1,0,12603.87,12603.87,5059.8
ITEM0001092,ORD002364,PROD0189,2,0.15,35590.68,30252.08,7684.4
ITEM0001093,ORD003953,PROD0153,1,0,8892.34,8892.34,2717.46
ITEM0001094,ORD004043,PROD0016,2,0.15,18590,15801.5,1455.74
ITEM0001095,ORD002984,PROD0154,5,0.1,22150.3,19935.27,6696.02
ITEM0001096,ORD002544,PROD0146,2,0.1,11903.5,10713.15,3089.03
ITEM0001097,ORD002173,PROD0185,3,0,84947.43,84947.43,35328.78
ITEM0001098,ORD003493,PROD0034,1,0.1,10057.78,9052,2406.94
ITEM0001099,ORD003456,PROD0169,3,0,13442.79,13442.79,5476.32
ITEM0001100,ORD002703,PROD0094,2,0.05,46099.86,43794.87,9185.59
ITEM0001101,ORD000245,PROD0044,2,0.1,42536.42,38282.78,7843.22
ITEM0001102,ORD002159,PROD0160,2,0,12360.26,12360.26,2428.34
ITEM0001103,ORD002467,PROD0032,2,0.2,5055.9,4044.72,47.86
ITEM0001104,ORD001254,PROD0126,1,0.1,18387.7,16548.93,4425.07
ITEM0001105,ORD002953,PROD0051,3,0.2,62482.02,49985.62,1919.35
ITEM0001106,ORD003014,PROD0029,2,0.05,27439,26067.05,7124.39
ITEM0001107,ORD000846,PROD0128,3,0.1,55837.41,50253.67,8698.48
ITEM0001108,ORD000405,PROD0015,1,0.2,6077.14,4861.71,553.2
ITEM0001109,ORD002756,PROD0143,1,0.05,22087.39,20983.02,6616.22
ITEM0001110,ORD002914,PROD0160,4,0.2,24720.52,19776.42,-87.42
ITEM0001111,ORD002979,PROD0112,3,0.2,28724.64,22979.71,1608.43
ITEM0001112,ORD003474,PROD0143,4,0.1,88349.56,79514.6,22047.4
ITEM0001113,ORD001668,PROD0096,2,0.2,33178.12,26542.5,4677.64
ITEM0001114,ORD003963,PROD0180,4,0.15,22316.56,18969.08,6020.92
ITEM0001115,ORD003398,PROD0131,1,0.15,3237.12,2751.55,712.85
ITEM0001116,ORD002918,PROD0195,1,0.25,11548.65,8661.49,438.74
ITEM0001117,ORD004756,PROD0024,1,0.1,13202.39,11882.15,2060.47
ITEM0001118,ORD000417,PROD0076,1,0.1,1470.09,1323.08,165.91
ITEM0001119,ORD003036,PROD0085,2,0.1,53309.26,47978.33,16326.53
ITEM0001120,ORD001300,PROD0024,2,0.1,26404.78,23764.3,4120.94
ITEM0001121,ORD004777,PROD0060,1,0.1,5374.61,4837.15,777.38
ITEM0001122,ORD000379,PROD0200,4,0.1,40273.04,36245.74,2599.1
ITEM0001123,ORD001988,PROD0018,2,0.1,28228.6,25405.74,7328.64
ITEM0001124,ORD004289,PROD0148,4,0.2,57076.44,45661.15,4413.19
ITEM0001125,ORD004147,PROD0140,1,0.1,8082.39,7274.15,1813.06
ITEM0001126,ORD000721,PROD0009,1,0.15,24251.57,20613.83,5888.7
ITEM0001127,ORD004521,PROD0051,2,0,41654.68,41654.68,9610.5
ITEM0001128,ORD003027,PROD0216,1,0,9615.86,9615.86,2390.35
ITEM0001129,ORD003326,PROD0073,1,0.1,9607.45,8646.71,2619.48
ITEM0001130,ORD001556,PROD0176,2,0.05,18848.2,17905.79,3989.81
ITEM0001131,ORD001779,PROD0147,1,0.1,23011.13,20710.02,3254.55
ITEM0001132,ORD000349,PROD0048,3,0.1,21025.32,18922.79,2536.85
ITEM0001133,ORD001935,PROD0140,2,0.1,16164.78,14548.3,3626.12
ITEM0001134,ORD001390,PROD0168,5,0,97293.3,97293.3,35564.05
ITEM0001135,ORD004361,PROD0158,1,0.05,775.02,736.27,253.42
ITEM0001136,ORD003685,PROD0134,1,0.15,25350.66,21548.06,4854.33
ITEM0001137,ORD003710,PROD0111,1,0.15,4956.44,4212.97,911.47
ITEM0001138,ORD002237,PROD0216,3,0.15,28847.58,24520.44,2843.91
ITEM0001139,ORD004454,PROD0060,1,0.1,5374.61,4837.15,777.38
ITEM0001140,ORD001521,PROD0076,1,0.15,1470.09,1249.58,92.41
ITEM0001141,ORD003564,PROD0075,1,0,11565.4,11565.4,4736.61
ITEM0001142,ORD003384,PROD0079,1,0,8940.37,8940.37,3618.85
ITEM0001143,ORD003794,PROD0166,2,0.15,56211.62,47779.88,12723.12
ITEM0001144,ORD001364,PROD0195,1,0.15,11548.65,9816.35,1593.6
ITEM0001145,ORD003330,PROD0062,1,0.15,2328.45,1979.18,374.56
ITEM0001146,ORD002681,PROD0133,1,0.1,12826.23,11543.61,3810.81
ITEM0001147,ORD003887,PROD0114,3,0.05,47569.32,45190.85,6331.04
ITEM0001148,ORD004993,PROD0146,1,0.05,5951.75,5654.16,1842.1
ITEM0001149,ORD003653,PROD0170,1,0.2,5722.88,4578.3,1212.61
ITEM0001150,ORD002108,PROD0099,3,0.05,9662.64,9179.51,1546.82
ITEM0001151,ORD004662,PROD0158,2,0.05,1550.04,1472.54,506.84
ITEM0001152,ORD002680,PROD0085,3,0.1,79963.89,71967.5,24489.8
ITEM0001153,ORD001182,PROD0051,2,0,41654.68,41654.68,9610.5
ITEM0001154,ORD001251,PROD0161,1,0.15,5144.07,4372.46,590.59
ITEM0001155,ORD000092,PROD0217,2,0.1,21668.48,19501.63,5729.57
ITEM0001156,ORD003073,PROD0069,2,0.1,2901.8,2611.62,843.2
ITEM0001157,ORD003199,PROD0108,2,0.15,19225.66,16341.81,1916.07
ITEM0001158,ORD000524,PROD0032,2,0.1,5055.9,4550.31,553.45
ITEM0001159,ORD001140,PROD0148,2,0,28538.22,28538.22,7914.24
ITEM0001160,ORD001118,PROD0069,1,0.1,1450.9,1305.81,421.6
ITEM0001161,ORD001522,PROD0014,1,0.05,6126.24,5819.93,2178.8
ITEM0001162,ORD003982,PROD0181,2,0.05,18281.5,17367.42,5473.1
ITEM0001163,ORD003169,PROD0173,2,0.05,25589.9,24310.4,5945.48
ITEM0001164,ORD003389,PROD0126,3,0.15,55163.1,46888.64,10517.06
ITEM0001165,ORD004267,PROD0084,1,0.05,7491.09,7116.54,2803.75
ITEM0001166,ORD002175,PROD0202,1,0.1,18724.77,16852.29,5786.63
ITEM0001167,ORD002667,PROD0173,2,0.1,25589.9,23030.91,4665.99
ITEM0001168,ORD003047,PROD0212,3,0.1,22417.8,20176.02,1504.5
ITEM0001169,ORD004601,PROD0174,1,0.2,11980.65,9584.52,-461.69
ITEM0001170,ORD002764,PROD0018,3,0,42342.9,42342.9,15227.25
ITEM0001171,ORD003241,PROD0164,2,0.1,16713.12,15041.81,1133.59
ITEM0001172,ORD002140,PROD0164,1,0.1,8356.56,7520.9,566.79
ITEM0001173,ORD001760,PROD0107,3,0,42774.99,42774.99,14788.02
ITEM0001174,ORD000299,PROD0095,1,0.05,3539.61,3362.63,559.56
ITEM0001175,ORD003559,PROD0091,1,0.05,13201.67,12541.59,4754.84
ITEM0001176,ORD002075,PROD0046,1,0.05,9283.94,8819.74,2288.39
ITEM0001177,ORD000720,PROD0176,1,0.1,9424.1,8481.69,1523.7
ITEM0001178,ORD003735,PROD0184,1,0.05,5590.8,5311.26,1724.91
ITEM0001179,ORD000416,PROD0064,1,0.1,17720.44,15948.4,5812.28
ITEM0001180,ORD000760,PROD0147,4,0.05,92044.52,87442.29,17620.41
ITEM0001181,ORD000178,PROD0206,1,0.05,1692.87,1608.23,427.62
ITEM0001182,ORD000830,PROD0061,1,0.15,2327.69,1978.54,419.33
ITEM0001183,ORD004484,PROD0082,1,0,1349.68,1349.68,557.32
ITEM0001184,ORD002156,PROD0049,3,0.15,72330.42,61480.86,11829.39
ITEM0001185,ORD004610,PROD0129,3,0.1,54188.22,48769.4,3193.07
ITEM0001186,ORD003468,PROD0106,2,0.05,26013.54,24712.86,5962.56
ITEM0001187,ORD004014,PROD0172,2,0.15,40203.72,34173.16,3700.9
ITEM0001188,ORD002287,PROD0033,1,0.1,17395.33,15655.8,3785.85
ITEM0001189,ORD000013,PROD0103,1,0.25,21191.12,15893.34,1903.57
ITEM0001190,ORD004141,PROD0158,4,0.15,3100.08,2635.07,703.67
ITEM0001191,ORD004023,PROD0012,1,0,12178.75,12178.75,5125.67
ITEM0001192,ORD004941,PROD0021,2,0.05,41026.14,38974.83,9944.81
ITEM0001193,ORD002421,PROD0149,3,0.1,50416.59,45374.93,6973.94
ITEM0001194,ORD004904,PROD0006,1,0,20518.66,20518.66,6358.46
ITEM0001195,ORD000156,PROD0181,1,0.1,9140.75,8226.68,2279.52
ITEM0001196,ORD003517,PROD0025,4,0.15,6534.64,5554.44,297.36
ITEM0001197,ORD001766,PROD0082,3,0.1,4049.04,3644.14,1267.06
ITEM0001198,ORD001588,PROD0012,1,0.15,12178.75,10351.94,3298.86
ITEM0001199,ORD003965,PROD0123,2,0.15,33212.52,28230.64,5858.22
ITEM0001200,ORD003001,PROD0032,1,0.1,2527.95,2275.15,276.72
ITEM0001201,ORD000089,PROD0153,2,0.2,17784.68,14227.74,1877.98
ITEM0001202,ORD001147,PROD0028,1,0.1,6922.32,6230.09,403.25
ITEM0001203,ORD002356,PROD0087,3,0.05,57735.09,54848.34,15369.48
ITEM0001204,ORD003768,PROD0029,1,0.1,13719.5,12347.55,2876.22
ITEM0001205,ORD001270,PROD0012,1,0,12178.75,12178.75,5125.67
ITEM0001206,ORD001035,PROD0114,1,0.15,15856.44,13477.97,524.7
ITEM0001207,ORD001472,PROD0106,1,0.05,13006.77,12356.43,2981.28
ITEM0001208,ORD000355,PROD0045,1,0.1,16341.12,14707.01,3724.24
ITEM0001209,ORD003391,PROD0092,1,0,8564.31,8564.31,2794.78
ITEM0001210,ORD001193,PROD0065,1,0.05,6830.86,6489.32,1637.99
ITEM0001211,ORD001228,PROD0108,1,0,9612.83,9612.83,2399.96
ITEM0001212,ORD000444,PROD0173,1,0.1,12794.95,11515.46,2333
ITEM0001213,ORD003876,PROD0192,1,0.1,2966.21,2669.59,183.34
ITEM0001214,ORD002573,PROD0029,1,0.2,13719.5,10975.6,1504.27
ITEM0001215,ORD002919,PROD0192,3,0.2,8898.63,7118.9,-339.85
ITEM0001216,ORD003577,PROD0141,1,0.1,9820.32,8838.29,2641.09
ITEM0001217,ORD000023,PROD0082,1,0,1349.68,1349.68,557.32
ITEM0001218,ORD000582,PROD0046,1,0.1,9283.94,8355.55,1824.2
ITEM0001219,ORD003139,PROD0117,3,0.1,11076.18,9968.56,1012.78
ITEM0001220,ORD001477,PROD0062,1,0.15,2328.45,1979.18,374.56
ITEM0001221,ORD004706,PROD0206,1,0.1,1692.87,1523.58,342.97
ITEM0001222,ORD001896,PROD0005,2,0.05,3931.54,3734.96,342.3
ITEM0001223,ORD004340,PROD0073,2,0.15,19214.9,16332.67,4278.21
ITEM0001224,ORD000671,PROD0108,1,0.15,9612.83,8170.91,958.04
ITEM0001225,ORD003624,PROD0149,1,0,16805.53,16805.53,4005.2
ITEM0001226,ORD000887,PROD0181,2,0,18281.5,18281.5,6387.18
ITEM0001227,ORD002224,PROD0046,1,0.05,9283.94,8819.74,2288.39
ITEM0001228,ORD004329,PROD0201,1,0.2,13631.5,10905.2,2358.87
ITEM0001229,ORD002711,PROD0190,1,0,17149.88,17149.88,5198.1
ITEM0001230,ORD000283,PROD0078,1,0.15,20305.82,17259.95,5299.32
ITEM0001231,ORD000531,PROD0083,2,0.1,31160.66,28044.59,1205.63
ITEM0001232,ORD000269,PROD0200,1,0,10068.26,10068.26,1656.6
ITEM0001233,ORD001814,PROD0049,1,0.15,24110.14,20493.62,3943.13
ITEM0001234,ORD002031,PROD0058,5,0.05,43195.5,41035.72,12024.97
ITEM0001235,ORD001951,PROD0002,1,0.15,14642.7,12446.3,1296.59
ITEM0001236,ORD003018,PROD0180,1,0.1,5579.14,5021.23,1784.19
ITEM0001237,ORD000434,PROD0001,2,0.1,8215.98,7394.38,496.44
ITEM0001238,ORD002309,PROD0031,1,0.25,1480.59,1110.44,245.95
ITEM0001239,ORD001912,PROD0116,4,0,37854.96,37854.96,10391.28
ITEM0001240,ORD001202,PROD0025,2,0,3267.32,3267.32,638.78
ITEM0001241,ORD002209,PROD0113,1,0.15,19139.62,16268.68,373.41
ITEM0001242,ORD002794,PROD0181,2,0.1,18281.5,16453.35,4559.03
ITEM0001243,ORD004521,PROD0175,3,0.05,41364.09,39295.89,7308.69
ITEM0001244,ORD001739,PROD0161,3,0.15,15432.21,13117.38,1771.77
ITEM0001245,ORD000759,PROD0115,2,0.15,5065.34,4305.54,1088.16
ITEM0001246,ORD003065,PROD0098,2,0.1,35292.26,31763.03,6084.27
ITEM0001247,ORD004958,PROD0114,1,0.05,15856.44,15063.62,2110.35
ITEM0001248,ORD000774,PROD0127,4,0.05,111306.52,105741.19,36157.27
ITEM0001249,ORD004611,PROD0062,1,0.15,2328.45,1979.18,374.56
ITEM0001250,ORD000469,PROD0176,1,0.05,9424.1,8952.9,1994.91
ITEM0001251,ORD004831,PROD0022,2,0.1,15996.88,14397.19,1400.47
ITEM0001252,ORD004491,PROD0049,1,0.1,24110.14,21699.13,5148.64
ITEM0001253,ORD003999,PROD0151,1,0.2,3389.73,2711.78,620.6
ITEM0001254,ORD002356,PROD0165,1,0.1,14878.45,13390.61,2266.24
ITEM0001255,ORD002112,PROD0186,1,0.05,15961.48,15163.41,4640.94
ITEM0001256,ORD002425,PROD0091,3,0.25,39605.01,29703.76,6343.51
ITEM0001257,ORD002737,PROD0147,1,0.15,23011.13,19559.46,2103.99
ITEM0001258,ORD003827,PROD0006,2,0.15,41037.32,34881.72,6561.32
ITEM0001259,ORD003131,PROD0095,1,0.05,3539.61,3362.63,559.56
ITEM0001260,ORD001474,PROD0004,1,0.2,6291.1,5032.88,-102.61
ITEM0001261,ORD002625,PROD0109,1,0.2,11612.58,9290.06,1639.54
ITEM0001262,ORD001494,PROD0116,1,0.1,9463.74,8517.37,1651.45
ITEM0001263,ORD001312,PROD0106,1,0,13006.77,13006.77,3631.62
ITEM0001264,ORD003138,PROD0202,2,0.2,37449.54,29959.63,7828.31
ITEM0001265,ORD000994,PROD0144,1,0.15,23651.6,20103.86,4038.17
ITEM0001266,ORD000164,PROD0190,1,0.25,17149.88,12862.41,910.63
ITEM0001267,ORD001805,PROD0112,3,0.1,28724.64,25852.18,4480.9
ITEM0001268,ORD000558,PROD0151,1,0.1,3389.73,3050.76,959.58
ITEM0001269,ORD004553,PROD0018,2,0,28228.6,28228.6,10151.5
ITEM0001270,ORD001609,PROD0035,1,0.1,27570.44,24813.4,8096.41
ITEM0001271,ORD001377,PROD0136,1,0.2,20289.27,16231.42,-1396.88
ITEM0001272,ORD004292,PROD0119,1,0.1,2687.17,2418.45,231.88
ITEM0001273,ORD004062,PROD0201,1,0.05,13631.5,12949.92,4403.59
ITEM0001274,ORD004823,PROD0119,1,0.05,2687.17,2552.81,366.24
ITEM0001275,ORD001061,PROD0026,1,0.05,13275.14,12611.38,4394.28
ITEM0001276,ORD004915,PROD0103,1,0,21191.12,21191.12,7201.35
ITEM0001277,ORD004022,PROD0116,1,0.05,9463.74,8990.55,2124.63
ITEM0001278,ORD004872,PROD0093,1,0.15,9683.07,8230.61,2459.26
ITEM0001279,ORD000919,PROD0152,3,0,44714.82,44714.82,17272.56
ITEM0001280,ORD002901,PROD0209,3,0,19609.11,19609.11,4573.44
ITEM0001281,ORD001677,PROD0095,1,0.15,3539.61,3008.67,205.6
ITEM0001282,ORD004661,PROD0190,2,0.15,34299.76,29154.8,5251.24
ITEM0001283,ORD004348,PROD0201,2,0,27263,27263,10170.34
ITEM0001284,ORD000368,PROD0013,1,0,19866.3,19866.3,6440.84
ITEM0001285,ORD003826,PROD0192,1,0.15,2966.21,2521.28,35.03
ITEM0001286,ORD004301,PROD0107,2,0.05,28516.66,27090.83,8432.85
ITEM0001287,ORD004435,PROD0031,2,0.15,2961.18,2517,788.02
ITEM0001288,ORD004015,PROD0187,1,0.1,2026.07,1823.46,625.06
ITEM0001289,ORD002312,PROD0128,1,0.05,18612.47,17681.85,3830.12
ITEM0001290,ORD002729,PROD0168,2,0.05,38917.32,36971.45,12279.75
ITEM0001291,ORD001927,PROD0096,1,0.1,16589.06,14930.15,3997.72
ITEM0001292,ORD003848,PROD0193,1,0.05,20594.36,19564.64,7694.59
ITEM0001293,ORD000296,PROD0216,1,0.05,9615.86,9135.07,1909.56
ITEM0001294,ORD003113,PROD0066,1,0.1,2931.28,2638.15,541.61
ITEM0001295,ORD001219,PROD0098,3,0,52938.39,52938.39,14420.25
ITEM0001296,ORD000730,PROD0146,1,0.1,5951.75,5356.57,1544.51
ITEM0001297,ORD001550,PROD0054,1,0.1,14295.43,12865.89,2119.35
ITEM0001298,ORD001744,PROD0161,1,0.15,5144.07,4372.46,590.59
ITEM0001299,ORD003919,PROD0143,1,0.05,22087.39,20983.02,6616.22
ITEM0001300,ORD003223,PROD0136,1,0.15,20289.27,17245.88,-382.42
ITEM0001301,ORD003912,PROD0096,1,0.05,16589.06,15759.61,4827.18
ITEM0001302,ORD002716,PROD0046,1,0,9283.94,9283.94,2752.59
ITEM0001303,ORD001113,PROD0154,2,0.15,8860.12,7531.1,2235.4
ITEM0001304,ORD004022,PROD0065,1,0,6830.86,6830.86,1979.53
ITEM0001305,ORD001527,PROD0143,1,0.1,22087.39,19878.65,5511.85
ITEM0001306,ORD004828,PROD0051,1,0.05,20827.34,19785.97,3763.88
ITEM0001307,ORD003704,PROD0060,2,0,10749.22,10749.22,2629.68
ITEM0001308,ORD001045,PROD0036,2,0,20901.68,20901.68,7806.1
ITEM0001309,ORD003770,PROD0131,1,0.2,3237.12,2589.7,551
ITEM0001310,ORD000067,PROD0204,1,0.1,11121.95,10009.76,3605.53
ITEM0001311,ORD003600,PROD0096,3,0.1,49767.18,44790.46,11993.17
ITEM0001312,ORD000455,PROD0081,1,0.1,6304.12,5673.71,2029.87
ITEM0001313,ORD004055,PROD0186,1,0.15,15961.48,13567.26,3044.79
ITEM0001314,ORD000647,PROD0118,1,0,8894.09,8894.09,3293.62
ITEM0001315,ORD001029,PROD0172,1,0.05,20101.86,19096.77,3860.64
ITEM0001316,ORD002616,PROD0053,1,0.1,17914.51,16123.06,1834.22
ITEM0001317,ORD000627,PROD0018,2,0.1,28228.6,25405.74,7328.64
ITEM0001318,ORD000260,PROD0220,2,0.2,48513.8,38811.04,4381.42
ITEM0001319,ORD003764,PROD0041,1,0.05,19120.67,18164.64,5997.73
ITEM0001320,ORD000284,PROD0188,2,0.05,5398.12,5128.21,1036.63
ITEM0001321,ORD003057,PROD0116,2,0.25,18927.48,14195.61,463.77
ITEM0001322,ORD001528,PROD0157,1,0.05,10189.54,9680.06,3627.51
ITEM0001323,ORD000823,PROD0105,2,0.2,26742.66,21394.13,2574.07
ITEM0001324,ORD003774,PROD0002,3,0.1,43928.1,39535.29,6086.16
ITEM0001325,ORD002659,PROD0005,1,0.15,1965.77,1670.9,-25.43
ITEM0001326,ORD001867,PROD0199,4,0.1,72386.72,65148.05,23234.37
ITEM0001327,ORD002234,PROD0069,3,0,4352.7,4352.7,1700.07
ITEM0001328,ORD000553,PROD0005,1,0.15,1965.77,1670.9,-25.43
ITEM0001329,ORD004858,PROD0122,1,0.05,2269.53,2156.05,653.11
ITEM0001330,ORD002281,PROD0216,2,0,19231.72,19231.72,4780.7
ITEM0001331,ORD000012,PROD0028,3,0.15,20766.96,17651.92,171.4
ITEM0001332,ORD004137,PROD0140,3,0.1,24247.17,21822.45,5439.18
ITEM0001333,ORD000931,PROD0055,4,0.15,7036.52,5981.04,35.8
ITEM0001334,ORD004803,PROD0063,1,0.25,11036.75,8277.56,-420.57
ITEM0001335,ORD002630,PROD0054,2,0.15,28590.86,24302.23,2809.15
ITEM0001336,ORD000636,PROD0026,1,0.15,13275.14,11283.87,3066.77
ITEM0001337,ORD000308,PROD0219,1,0.1,27006.32,24305.69,6990.9
ITEM0001338,ORD003241,PROD0014,2,0.15,12252.48,10414.61,3132.35
ITEM0001339,ORD003376,PROD0074,3,0.15,45323.88,38525.3,8781.8
ITEM0001340,ORD001322,PROD0099,1,0.15,3220.88,2737.75,193.52
ITEM0001341,ORD002739,PROD0083,1,0.25,15580.33,11685.25,-1734.23
ITEM0001342,ORD000027,PROD0046,4,0.15,37135.76,31565.4,5440
ITEM0001343,ORD002800,PROD0182,1,0.05,27036.96,25685.11,9705.38
ITEM0001344,ORD001390,PROD0037,2,0.1,38864.8,34978.32,5298.96
ITEM0001345,ORD000033,PROD0126,3,0,55163.1,55163.1,18791.52
ITEM0001346,ORD003644,PROD0064,2,0.05,35440.88,33668.84,13396.6
ITEM0001347,ORD003154,PROD0099,3,0.2,9662.64,7730.11,97.42
ITEM0001348,ORD002790,PROD0214,4,0.1,65468.88,58921.99,6562.39
ITEM0001349,ORD000407,PROD0185,2,0.1,56631.62,50968.46,17889.36
ITEM0001350,ORD002047,PROD0147,2,0.25,46022.26,34516.69,-394.25
ITEM0001351,ORD000422,PROD0114,2,0.15,31712.88,26955.95,1049.41
ITEM0001352,ORD000888,PROD0101,1,0,2158.69,2158.69,893.53
ITEM0001353,ORD002128,PROD0162,2,0,25976.26,25976.26,5241.12
ITEM0001354,ORD001453,PROD0001,3,0,12323.97,12323.97,1977.06
ITEM0001355,ORD000875,PROD0125,1,0,7231.98,7231.98,1218.47
ITEM0001356,ORD004216,PROD0011,3,0.05,40338.3,38321.39,13306.91
ITEM0001357,ORD002074,PROD0171,3,0.1,31452.9,28307.61,1859.25
ITEM0001358,ORD002751,PROD0070,1,0.05,22695.91,21561.11,7902.52
ITEM0001359,ORD001615,PROD0112,1,0.15,9574.88,8138.65,1014.89
ITEM0001360,ORD000102,PROD0036,1,0.25,10450.84,7838.13,1290.34
ITEM0001361,ORD004893,PROD0205,4,0.05,75642.24,71860.13,21718.85
ITEM0001362,ORD003532,PROD0179,2,0.05,6418.56,6097.63,1840.29
ITEM0001363,ORD000955,PROD0113,2,0,38279.24,38279.24,6488.7
ITEM0001364,ORD003058,PROD0187,1,0,2026.07,2026.07,827.67
ITEM0001365,ORD000488,PROD0181,1,0.15,9140.75,7769.64,1822.48
ITEM0001366,ORD002491,PROD0152,1,0,14904.94,14904.94,5757.52
ITEM0001367,ORD004792,PROD0030,2,0,17987.88,17987.88,6265.9
ITEM0001368,ORD002320,PROD0041,2,0.2,38241.34,30593.07,6259.25
ITEM0001369,ORD002215,PROD0129,1,0,18062.74,18062.74,2870.63
ITEM0001370,ORD000057,PROD0193,1,0.15,20594.36,17505.21,5635.16
ITEM0001371,ORD002965,PROD0178,2,0.2,9874.46,7899.57,1536.19
ITEM0001372,ORD004761,PROD0049,2,0.05,48220.28,45809.27,12708.29
ITEM0001373,ORD001380,PROD0106,1,0,13006.77,13006.77,3631.62
ITEM0001374,ORD000989,PROD0213,1,0.15,18966.99,16121.94,2552.46
ITEM0001375,ORD000886,PROD0116,1,0,9463.74,9463.74,2597.82
ITEM0001376,ORD000424,PROD0159,3,0.1,14570.22,13113.2,2091.35
ITEM0001377,ORD002517,PROD0112,2,0.1,19149.76,17234.78,2987.26
ITEM0001378,ORD004265,PROD0101,1,0.1,2158.69,1942.82,677.66
ITEM0001379,ORD004455,PROD0019,2,0,3538.1,3538.1,1235.76
ITEM0001380,ORD001529,PROD0205,2,0.05,37821.12,35930.06,10859.42
ITEM0001381,ORD003159,PROD0118,3,0.05,26682.27,25348.16,8546.75
ITEM0001382,ORD004970,PROD0027,3,0.05,72601.62,68971.54,21265.09
ITEM0001383,ORD002238,PROD0178,2,0,9874.46,9874.46,3511.08
ITEM0001384,ORD002568,PROD0049,2,0.15,48220.28,40987.24,7886.26
ITEM0001385,ORD004586,PROD0168,1,0,19458.66,19458.66,7112.81
ITEM0001386,ORD001563,PROD0016,1,0.2,9295,7436,263.12
ITEM0001387,ORD001784,PROD0027,1,0.15,24200.54,20570.46,4668.31
ITEM0001388,ORD004372,PROD0197,1,0.2,16842.1,13473.68,632.31
ITEM0001389,ORD002375,PROD0047,2,0.2,53347.66,42678.13,7288.97
ITEM0001390,ORD000102,PROD0187,1,0.2,2026.07,1620.86,422.46
ITEM0001391,ORD002063,PROD0102,1,0.05,20719.66,19683.68,7277.18
ITEM0001392,ORD000670,PROD0162,1,0.15,12988.13,11039.91,672.34
ITEM0001393,ORD000083,PROD0036,1,0.2,10450.84,8360.67,1812.88
ITEM0001394,ORD002074,PROD0041,1,0.1,19120.67,17208.6,5041.69
ITEM0001395,ORD000323,PROD0209,1,0.05,6536.37,6209.55,1197.66
ITEM0001396,ORD002548,PROD0198,1,0.2,797.03,637.62,-42.02
ITEM0001397,ORD001622,PROD0167,5,0.2,124626.25,99701,26469.55
ITEM0001398,ORD004834,PROD0193,2,0.1,41188.72,37069.85,13329.75
ITEM0001399,ORD003495,PROD0182,1,0.1,27036.96,24333.26,8353.53
ITEM0001400,ORD000425,PROD0139,2,0.2,36159.54,28927.63,5807.87
ITEM0001401,ORD004090,PROD0125,3,0,21695.94,21695.94,3655.41
ITEM0001402,ORD003677,PROD0167,1,0.15,24925.25,21186.46,6540.17
ITEM0001403,ORD000425,PROD0006,1,0.05,20518.66,19492.73,5332.53
ITEM0001404,ORD000294,PROD0203,1,0,13915.4,13915.4,5699.1
ITEM0001405,ORD004902,PROD0183,3,0.2,50855.76,40684.61,4915.64
ITEM0001406,ORD001185,PROD0073,2,0.15,19214.9,16332.67,4278.21
ITEM0001407,ORD001127,PROD0089,1,0.1,9991.19,8992.07,862.96
ITEM0001408,ORD002371,PROD0017,1,0.15,15433.34,13118.34,702.09
ITEM0001409,ORD004357,PROD0152,2,0.1,29809.88,26828.89,8534.05
ITEM0001410,ORD003977,PROD0217,1,0.15,10834.24,9209.1,2323.07
ITEM0001411,ORD001917,PROD0149,2,0.1,33611.06,30249.95,4649.29
ITEM0001412,ORD001799,PROD0143,2,0.15,44174.78,37548.56,8814.96
ITEM0001413,ORD001387,PROD0204,4,0.1,44487.8,40039.02,14422.1
ITEM0001414,ORD003124,PROD0166,1,0.1,28105.81,25295.23,7766.85
ITEM0001415,ORD001364,PROD0199,3,0.1,54290.04,48861.04,17425.78
ITEM0001416,ORD003494,PROD0133,1,0.2,12826.23,10260.98,2528.18
ITEM0001417,ORD000326,PROD0071,1,0.15,29147.69,24775.54,7690.52
ITEM0001418,ORD002886,PROD0117,2,0.05,7384.12,7014.91,1044.39
ITEM0001419,ORD004269,PROD0158,2,0.1,1550.04,1395.04,429.34
ITEM0001420,ORD000580,PROD0211,1,0.1,7478,6730.2,1968.55
ITEM0001421,ORD004740,PROD0152,1,0,14904.94,14904.94,5757.52
ITEM0001422,ORD001567,PROD0082,1,0.15,1349.68,1147.23,354.87
ITEM0001423,ORD000468,PROD0089,1,0.1,9991.19,8992.07,862.96
ITEM0001424,ORD000028,PROD0127,1,0,27826.63,27826.63,10430.65
ITEM0001425,ORD004576,PROD0142,3,0.2,17609.1,14087.28,3417
ITEM0001426,ORD004640,PROD0073,2,0.1,19214.9,17293.41,5238.95
ITEM0001427,ORD003273,PROD0051,2,0.1,41654.68,37489.21,5445.03
ITEM0001428,ORD004134,PROD0107,2,0.1,28516.66,25664.99,7007.01
ITEM0001429,ORD000580,PROD0061,2,0,4655.38,4655.38,1536.96
ITEM0001430,ORD002666,PROD0149,1,0.1,16805.53,15124.98,2324.65
ITEM0001431,ORD002108,PROD0142,1,0.05,5869.7,5576.21,2019.45
ITEM0001432,ORD001404,PROD0042,3,0.1,63406.35,57065.72,14222.99
ITEM0001433,ORD002758,PROD0026,1,0.15,13275.14,11283.87,3066.77
ITEM0001434,ORD001548,PROD0182,1,0.05,27036.96,25685.11,9705.38
ITEM0001435,ORD000552,PROD0090,1,0.1,20748.86,18673.97,3136.4
ITEM0001436,ORD001706,PROD0169,2,0,8961.86,8961.86,3650.88
ITEM0001437,ORD000816,PROD0007,2,0.1,19867.1,17880.39,5884.27
ITEM0001438,ORD002807,PROD0028,2,0.25,13844.64,10383.48,-1270.2
ITEM0001439,ORD003514,PROD0059,1,0.05,4391.03,4171.48,1346.18
ITEM0001440,ORD004960,PROD0003,4,0.05,2017.76,1916.87,206.59
ITEM0001441,ORD000250,PROD0065,1,0.05,6830.86,6489.32,1637.99
ITEM0001442,ORD001167,PROD0037,1,0,19432.4,19432.4,4592.72
ITEM0001443,ORD003989,PROD0216,1,0.15,9615.86,8173.48,947.97
ITEM0001444,ORD000324,PROD0182,1,0.2,27036.96,21629.57,5649.84
ITEM0001445,ORD001414,PROD0056,2,0.1,25207.74,22686.97,7598.83
ITEM0001446,ORD001147,PROD0133,1,0,12826.23,12826.23,5093.43
ITEM0001447,ORD004312,PROD0209,2,0.15,13072.74,11111.83,1088.05
ITEM0001448,ORD001885,PROD0091,4,0.05,52806.68,50166.35,19019.35
ITEM0001449,ORD003631,PROD0190,2,0.15,34299.76,29154.8,5251.24
ITEM0001450,ORD001139,PROD0211,1,0.2,7478,5982.4,1220.75
ITEM0001451,ORD003615,PROD0192,1,0.1,2966.21,2669.59,183.34
ITEM0001452,ORD002001,PROD0194,3,0.2,78375.3,62700.24,16218.42
ITEM0001453,ORD001782,PROD0019,1,0.1,1769.05,1592.14,440.97
ITEM0001454,ORD001687,PROD0062,5,0,11642.25,11642.25,3619.15
ITEM0001455,ORD000133,PROD0137,1,0,16943.68,16943.68,3648.25
ITEM0001456,ORD001973,PROD0014,3,0.15,18378.72,15621.91,4698.52
ITEM0001457,ORD002739,PROD0201,4,0.2,54526,43620.8,9435.48
ITEM0001458,ORD000216,PROD0007,1,0.2,9933.55,7946.84,1948.78
ITEM0001459,ORD000783,PROD0131,3,0.05,9711.36,9225.79,3109.69
ITEM0001460,ORD003421,PROD0077,2,0.05,28888.94,27444.49,10620.29
ITEM0001461,ORD000760,PROD0174,1,0,11980.65,11980.65,1934.44
ITEM0001462,ORD000555,PROD0129,1,0,18062.74,18062.74,2870.63
ITEM0001463,ORD002072,PROD0007,2,0.1,19867.1,17880.39,5884.27
ITEM0001464,ORD001104,PROD0133,1,0.1,12826.23,11543.61,3810.81
ITEM0001465,ORD003479,PROD0163,2,0.1,2309.14,2078.23,100.21
ITEM0001466,ORD001570,PROD0048,2,0.05,14016.88,13316.04,2392.08
ITEM0001467,ORD004970,PROD0147,1,0.2,23011.13,18408.9,953.43
ITEM0001468,ORD000089,PROD0054,2,0.2,28590.86,22872.69,1379.61
ITEM0001469,ORD002295,PROD0049,2,0.1,48220.28,43398.25,10297.27
ITEM0001470,ORD002096,PROD0055,2,0.05,3518.26,3342.35,369.73
ITEM0001471,ORD001063,PROD0027,1,0.05,24200.54,22990.51,7088.36
ITEM0001472,ORD000369,PROD0207,1,0.15,22221.53,18888.3,4312.89
ITEM0001473,ORD000016,PROD0017,1,0.05,15433.34,14661.67,2245.42
ITEM0001474,ORD001633,PROD0032,1,0.05,2527.95,2401.55,403.12
ITEM0001475,ORD003730,PROD0147,1,0,23011.13,23011.13,5555.66
ITEM0001476,ORD003870,PROD0195,4,0,46194.6,46194.6,13303.6
ITEM0001477,ORD001048,PROD0174,1,0.2,11980.65,9584.52,-461.69
ITEM0001478,ORD003468,PROD0194,3,0.1,78375.3,70537.77,24055.95
ITEM0001479,ORD001069,PROD0169,1,0.05,4480.93,4256.88,1601.39
ITEM0001480,ORD000629,PROD0182,2,0.15,54073.92,45962.83,14003.37
ITEM0001481,ORD004582,PROD0150,2,0.15,28140,23919,7562.68
ITEM0001482,ORD003719,PROD0126,1,0.15,18387.7,15629.55,3505.69
ITEM0001483,ORD003040,PROD0017,1,0.1,15433.34,13890.01,1473.76
ITEM0001484,ORD000627,PROD0033,2,0.1,34790.66,31311.59,7571.69
ITEM0001485,ORD000689,PROD0137,4,0.05,67774.72,64385.98,11204.26
ITEM0001486,ORD003740,PROD0165,2,0,29756.9,29756.9,7508.16
ITEM0001487,ORD002276,PROD0130,1,0,8360.75,8360.75,2381.33
ITEM0001488,ORD002960,PROD0030,2,0.05,17987.88,17088.49,5366.51
ITEM0001489,ORD004107,PROD0105,4,0.15,53485.32,45462.52,7822.4
ITEM0001490,ORD000693,PROD0166,2,0.1,56211.62,50590.46,15533.7
ITEM0001491,ORD001830,PROD0072,1,0.1,10173.22,9155.9,2924.48
ITEM0001492,ORD000251,PROD0128,4,0.1,74449.88,67004.89,11597.97
ITEM0001493,ORD003300,PROD0200,1,0.1,10068.26,9061.43,649.77
ITEM0001494,ORD002032,PROD0161,2,0,10288.14,10288.14,2724.4
ITEM0001495,ORD003969,PROD0207,1,0.05,22221.53,21110.45,6535.04
ITEM0001496,ORD001579,PROD0146,1,0.25,5951.75,4463.81,651.75
ITEM0001497,ORD002665,PROD0062,2,0.15,4656.9,3958.36,749.12
ITEM0001498,ORD000271,PROD0093,3,0.15,29049.21,24691.83,7377.78
ITEM0001499,ORD004923,PROD0049,2,0.1,48220.28,43398.25,10297.27
ITEM0001500,ORD003671,PROD0021,2,0.05,41026.14,38974.83,9944.81
ITEM0001501,ORD000255,PROD0106,1,0.05,13006.77,12356.43,2981.28
ITEM0001502,ORD003445,PROD0117,1,0.25,3692.06,2769.05,-216.21
ITEM0001503,ORD003836,PROD0163,1,0.05,1154.57,1096.84,107.83
ITEM0001504,ORD003758,PROD0144,2,0.05,47303.2,44938.04,12806.66
ITEM0001505,ORD002838,PROD0092,2,0.05,17128.62,16272.19,4733.13
ITEM0001506,ORD002758,PROD0194,1,0.05,26125.1,24818.84,9324.9
ITEM0001507,ORD002314,PROD0195,3,0.1,34645.95,31181.35,6513.1
ITEM0001508,ORD004229,PROD0182,2,0.1,54073.92,48666.53,16707.07
ITEM0001509,ORD003834,PROD0179,4,0.15,12837.12,10911.55,2396.87
ITEM0001510,ORD004408,PROD0206,2,0.15,3385.74,2877.88,516.66
ITEM0001511,ORD001110,PROD0205,1,0.2,18910.56,15128.45,2593.13
ITEM0001512,ORD000318,PROD0117,2,0.1,7384.12,6645.71,675.19
ITEM0001513,ORD000075,PROD0071,1,0.15,29147.69,24775.54,7690.52
ITEM0001514,ORD002543,PROD0127,2,0,55653.26,55653.26,20861.3
ITEM0001515,ORD001023,PROD0201,1,0.1,13631.5,12268.35,3722.02
ITEM0001516,ORD003634,PROD0094,2,0.1,46099.86,41489.87,6880.59
ITEM0001517,ORD000128,PROD0072,1,0.2,10173.22,8138.58,1907.16
ITEM0001518,ORD002545,PROD0142,1,0.1,5869.7,5282.73,1725.97
ITEM0001519,ORD004275,PROD0108,1,0.05,9612.83,9132.19,1919.32
ITEM0001520,ORD003551,PROD0033,2,0.05,34790.66,33051.13,9311.23
ITEM0001521,ORD004077,PROD0016,2,0.1,18590,16731,2385.24
ITEM0001522,ORD003395,PROD0121,1,0.15,6528.58,5549.29,1206.51
ITEM0001523,ORD000963,PROD0129,1,0.15,18062.74,15353.33,161.22
ITEM0001524,ORD001892,PROD0063,1,0.1,11036.75,9933.08,1234.95
ITEM0001525,ORD000386,PROD0178,1,0.05,4937.23,4690.37,1508.68
ITEM0001526,ORD000239,PROD0119,1,0.05,2687.17,2552.81,366.24
ITEM0001527,ORD003082,PROD0169,1,0.1,4480.93,4032.84,1377.35
ITEM0001528,ORD003956,PROD0169,3,0.1,13442.79,12098.51,4132.04
ITEM0001529,ORD000491,PROD0194,1,0.15,26125.1,22206.33,6712.39
ITEM0001530,ORD002137,PROD0205,4,0.1,75642.24,68078.02,17936.74
ITEM0001531,ORD000829,PROD0206,1,0.1,1692.87,1523.58,342.97
ITEM0001532,ORD004098,PROD0152,2,0.05,29809.88,28319.39,10024.55
ITEM0001533,ORD004700,PROD0042,1,0,21135.45,21135.45,6854.54
ITEM0001534,ORD004321,PROD0032,1,0.2,2527.95,2022.36,23.93
ITEM0001535,ORD001570,PROD0016,1,0.1,9295,8365.5,1192.62
ITEM0001536,ORD002363,PROD0063,1,0,11036.75,11036.75,2338.62
ITEM0001537,ORD002166,PROD0092,2,0.15,17128.62,14559.33,3020.27
ITEM0001538,ORD000794,PROD0131,2,0,6474.24,6474.24,2396.84
ITEM0001539,ORD003009,PROD0153,1,0.15,8892.34,7558.49,1383.61
ITEM0001540,ORD000466,PROD0006,1,0.05,20518.66,19492.73,5332.53
ITEM0001541,ORD003771,PROD0070,1,0.15,22695.91,19291.52,5632.93
ITEM0001542,ORD002901,PROD0098,3,0.1,52938.39,47644.55,9126.41
ITEM0001543,ORD000233,PROD0209,2,0.15,13072.74,11111.83,1088.05
ITEM0001544,ORD002709,PROD0054,1,0.05,14295.43,13580.66,2834.12
ITEM0001545,ORD001269,PROD0053,1,0.15,17914.51,15227.33,938.49
ITEM0001546,ORD002113,PROD0028,2,0,13844.64,13844.64,2190.96
ITEM0001547,ORD000222,PROD0164,1,0.05,8356.56,7938.73,984.62
ITEM0001548,ORD004005,PROD0027,1,0.1,24200.54,21780.49,5878.34
ITEM0001549,ORD004777,PROD0053,1,0,17914.51,17914.51,3625.67
ITEM0001550,ORD001054,PROD0046,1,0.1,9283.94,8355.55,1824.2
ITEM0001551,ORD002170,PROD0042,2,0.1,42270.9,38043.81,9481.99
ITEM0001552,ORD003586,PROD0168,5,0.05,97293.3,92428.63,30699.38
ITEM0001553,ORD002995,PROD0209,1,0.05,6536.37,6209.55,1197.66
ITEM0001554,ORD001115,PROD0081,2,0,12608.24,12608.24,5320.56
ITEM0001555,ORD003354,PROD0028,4,0.05,27689.28,26304.82,2997.46
ITEM0001556,ORD004677,PROD0184,2,0.05,11181.6,10622.52,3449.82
ITEM0001557,ORD001161,PROD0106,2,0,26013.54,26013.54,7263.24
ITEM0001558,ORD002255,PROD0218,3,0.05,1497.78,1422.89,545.12
ITEM0001559,ORD003593,PROD0196,2,0.15,11590.9,9852.26,1601.7
ITEM0001560,ORD004386,PROD0040,1,0,14977.96,14977.96,4891.01
ITEM0001561,ORD003021,PROD0016,2,0.05,18590,17660.5,3314.74
ITEM0001562,ORD004756,PROD0210,3,0.05,78344.4,74427.18,25258.5
ITEM0001563,ORD000258,PROD0047,2,0,53347.66,53347.66,17958.5
ITEM0001564,ORD002846,PROD0143,1,0.05,22087.39,20983.02,6616.22
ITEM0001565,ORD002850,PROD0131,1,0.05,3237.12,3075.26,1036.56
ITEM0001566,ORD002731,PROD0166,1,0.1,28105.81,25295.23,7766.85
ITEM0001567,ORD002754,PROD0008,4,0.1,66701.68,60031.51,4112.71
ITEM0001568,ORD000374,PROD0128,2,0.1,37224.94,33502.45,5798.99
ITEM0001569,ORD004800,PROD0176,3,0.1,28272.3,25445.07,4571.1
ITEM0001570,ORD003696,PROD0207,1,0.05,22221.53,21110.45,6535.04
ITEM0001571,ORD002415,PROD0034,1,0.05,10057.78,9554.89,2909.83
ITEM0001572,ORD003878,PROD0127,1,0.05,27826.63,26435.3,9039.32
ITEM0001573,ORD002241,PROD0145,1,0.15,20004.05,17003.44,1958.35
ITEM0001574,ORD002010,PROD0009,1,0.05,24251.57,23038.99,8313.86
ITEM0001575,ORD000434,PROD0013,1,0.05,19866.3,18872.98,5447.52
ITEM0001576,ORD004359,PROD0131,4,0.05,12948.48,12301.06,4146.26
ITEM0001577,ORD004476,PROD0112,1,0.15,9574.88,8138.65,1014.89
ITEM0001578,ORD003748,PROD0094,3,0.15,69149.79,58777.32,6863.4
ITEM0001579,ORD004071,PROD0119,2,0.15,5374.34,4568.19,195.05
ITEM0001580,ORD004608,PROD0091,3,0.15,39605.01,33664.26,10304.01
ITEM0001581,ORD003112,PROD0006,2,0,41037.32,41037.32,12716.92
ITEM0001582,ORD000182,PROD0217,1,0.1,10834.24,9750.82,2864.79
ITEM0001583,ORD002953,PROD0065,3,0.05,20492.58,19467.95,4913.96
ITEM0001584,ORD001623,PROD0155,1,0,4402.89,4402.89,645.94
ITEM0001585,ORD003557,PROD0016,2,0.25,18590,13942.5,-403.26
ITEM0001586,ORD001824,PROD0037,3,0.15,58297.2,49552.62,5033.58
ITEM0001587,ORD003840,PROD0008,1,0,16675.42,16675.42,2695.72
ITEM0001588,ORD001115,PROD0093,2,0.2,19366.14,15492.91,3950.21
ITEM0001589,ORD000854,PROD0181,1,0.05,9140.75,8683.71,2736.55
ITEM0001590,ORD003230,PROD0199,1,0,18096.68,18096.68,7618.26
ITEM0001591,ORD000482,PROD0167,3,0.15,74775.75,63559.39,19620.52
ITEM0001592,ORD004789,PROD0077,1,0.1,14444.47,13000.02,4587.92
ITEM0001593,ORD004166,PROD0136,1,0.05,20289.27,19274.81,1646.51
ITEM0001594,ORD001267,PROD0118,2,0.05,17788.18,16898.77,5697.83
ITEM0001595,ORD001989,PROD0110,1,0.15,12896.87,10962.34,2575.01
ITEM0001596,ORD004846,PROD0068,2,0.15,38798.04,32978.33,10732.97
ITEM0001597,ORD002754,PROD0205,1,0.1,18910.56,17019.5,4484.18
ITEM0001598,ORD002903,PROD0183,2,0.15,33903.84,28818.26,4972.28
ITEM0001599,ORD004154,PROD0030,1,0.15,8993.94,7644.85,1783.86
ITEM0001600,ORD000895,PROD0127,2,0.05,55653.26,52870.6,18078.64
ITEM0001601,ORD001178,PROD0113,2,0.1,38279.24,34451.32,2660.78
ITEM0001602,ORD001088,PROD0218,1,0.1,499.26,449.33,156.74
ITEM0001603,ORD000194,PROD0042,1,0.2,21135.45,16908.36,2627.45
ITEM0001604,ORD003229,PROD0171,3,0.1,31452.9,28307.61,1859.25
ITEM0001605,ORD000839,PROD0119,1,0.15,2687.17,2284.09,97.52
ITEM0001606,ORD000250,PROD0197,2,0.25,33684.2,25263.15,-419.59
ITEM0001607,ORD002279,PROD0187,4,0.05,8104.28,7699.07,2905.47
ITEM0001608,ORD003004,PROD0026,1,0.1,13275.14,11947.63,3730.53
ITEM0001609,ORD001896,PROD0130,1,0,8360.75,8360.75,2381.33
ITEM0001610,ORD000131,PROD0090,1,0,20748.86,20748.86,5211.29
ITEM0001611,ORD001076,PROD0137,2,0,33887.36,33887.36,7296.5
ITEM0001612,ORD003907,PROD0199,2,0.1,36193.36,32574.02,11617.18
ITEM0001613,ORD002774,PROD0151,1,0.15,3389.73,2881.27,790.09
ITEM0001614,ORD004309,PROD0184,4,0.1,22363.2,20126.88,5781.48
ITEM0001615,ORD003441,PROD0126,1,0.05,18387.7,17468.31,5344.45
ITEM0001616,ORD001690,PROD0160,1,0.1,6180.13,5562.12,596.16
ITEM0001617,ORD001778,PROD0193,1,0.1,20594.36,18534.92,6664.87
ITEM0001618,ORD003743,PROD0050,2,0,5047.78,5047.78,1508.52
ITEM0001619,ORD003609,PROD0134,4,0.1,101402.64,91262.38,24487.46
ITEM0001620,ORD004739,PROD0048,1,0.2,7008.44,5606.75,144.77
ITEM0001621,ORD000981,PROD0011,1,0.05,13446.1,12773.8,4435.64
ITEM0001622,ORD004012,PROD0113,2,0,38279.24,38279.24,6488.7
ITEM0001623,ORD001587,PROD0161,2,0.2,10288.14,8230.51,666.77
ITEM0001624,ORD004276,PROD0099,4,0.1,12883.52,11595.17,1418.25
ITEM0001625,ORD003135,PROD0203,4,0.05,55661.6,52878.52,20013.32
ITEM0001626,ORD004070,PROD0018,1,0.05,14114.3,13408.58,4370.03
ITEM0001627,ORD002037,PROD0029,4,0.05,54878,52134.1,14248.78
ITEM0001628,ORD000036,PROD0144,2,0.05,47303.2,44938.04,12806.66
ITEM0001629,ORD004556,PROD0117,1,0.1,3692.06,3322.85,337.59
ITEM0001630,ORD004656,PROD0093,1,0.1,9683.07,8714.76,2943.41
ITEM0001631,ORD001909,PROD0120,1,0.15,432.78,367.86,69.1
ITEM0001632,ORD001866,PROD0027,5,0.1,121002.7,108902.43,29391.68
ITEM0001633,ORD001580,PROD0071,4,0.15,116590.76,99102.15,30762.07
ITEM0001634,ORD004237,PROD0088,1,0.25,11290.59,8467.94,909.33
ITEM0001635,ORD001310,PROD0176,2,0.1,18848.2,16963.38,3047.4
ITEM0001636,ORD003057,PROD0156,2,0.2,525.3,420.24,112.94
ITEM0001637,ORD000220,PROD0135,1,0.1,11202.85,10082.57,1176.89
ITEM0001638,ORD000152,PROD0001,2,0.1,8215.98,7394.38,496.44
ITEM0001639,ORD001416,PROD0008,2,0.1,33350.84,30015.76,2056.36
ITEM0001640,ORD000700,PROD0041,4,0,76482.68,76482.68,27815.04
ITEM0001641,ORD004787,PROD0217,2,0.05,21668.48,20585.06,6813
ITEM0001642,ORD001475,PROD0063,2,0.1,22073.5,19866.15,2469.89
ITEM0001643,ORD002649,PROD0146,1,0,5951.75,5951.75,2139.69
ITEM0001644,ORD001922,PROD0054,1,0.05,14295.43,13580.66,2834.12
ITEM0001645,ORD004228,PROD0185,1,0.05,28315.81,26900.02,10360.47
ITEM0001646,ORD003771,PROD0093,1,0.1,9683.07,8714.76,2943.41
ITEM0001647,ORD001620,PROD0043,1,0.15,14567.24,12382.15,2734.65
ITEM0001648,ORD004513,PROD0135,2,0.15,22405.7,19044.85,1233.49
ITEM0001649,ORD000025,PROD0155,1,0,4402.89,4402.89,645.94
ITEM0001650,ORD002755,PROD0004,1,0.15,6291.1,5347.44,211.95
ITEM0001651,ORD002292,PROD0032,4,0.2,10111.8,8089.44,95.72
ITEM0001652,ORD000386,PROD0114,1,0.1,15856.44,14270.8,1317.53
ITEM0001653,ORD004044,PROD0167,1,0.15,24925.25,21186.46,6540.17
ITEM0001654,ORD003970,PROD0084,1,0.1,7491.09,6741.98,2429.19
ITEM0001655,ORD000041,PROD0151,1,0.15,3389.73,2881.27,790.09
ITEM0001656,ORD002488,PROD0086,1,0.1,5586.2,5027.58,905.14
ITEM0001657,ORD003586,PROD0046,3,0.05,27851.82,26459.23,6865.18
ITEM0001658,ORD002387,PROD0174,1,0.1,11980.65,10782.58,736.37
ITEM0001659,ORD004110,PROD0110,4,0,51587.48,51587.48,18038.16
ITEM0001660,ORD001023,PROD0074,2,0,30215.92,30215.92,10386.92
ITEM0001661,ORD002527,PROD0204,4,0.05,44487.8,42263.41,16646.49
ITEM0001662,ORD004534,PROD0070,2,0.05,45391.82,43122.23,15805.05
ITEM0001663,ORD000377,PROD0175,4,0.05,55152.12,52394.51,9744.91
ITEM0001664,ORD003288,PROD0038,1,0.15,1889.37,1605.96,129.36
ITEM0001665,ORD002137,PROD0170,1,0.05,5722.88,5436.74,2071.05
ITEM0001666,ORD001649,PROD0220,2,0.05,48513.8,46088.11,11658.49
ITEM0001667,ORD003488,PROD0201,3,0.2,40894.5,32715.6,7076.61
ITEM0001668,ORD003094,PROD0115,1,0,2532.67,2532.67,923.98
ITEM0001669,ORD004555,PROD0174,2,0.15,23961.3,20367.1,274.68
ITEM0001670,ORD003437,PROD0145,1,0.15,20004.05,17003.44,1958.35
ITEM0001671,ORD002949,PROD0137,1,0.05,16943.68,16096.5,2801.07
ITEM0001672,ORD000618,PROD0193,1,0.05,20594.36,19564.64,7694.59
ITEM0001673,ORD003578,PROD0118,2,0.25,17788.18,13341.14,2140.2
ITEM0001674,ORD002374,PROD0024,1,0.1,13202.39,11882.15,2060.47
ITEM0001675,ORD004744,PROD0116,2,0.2,18927.48,15141.98,1410.14
ITEM0001676,ORD001775,PROD0117,1,0,3692.06,3692.06,706.8
ITEM0001677,ORD001312,PROD0072,2,0.15,20346.44,17294.47,4831.63
ITEM0001678,ORD000898,PROD0111,2,0.05,9912.88,9417.24,2814.24
ITEM0001679,ORD004896,PROD0134,5,0.2,126753.3,101402.64,17933.99
ITEM0001680,ORD002120,PROD0064,5,0.1,88602.2,79741.98,29061.38
ITEM0001681,ORD000120,PROD0070,1,0.05,22695.91,21561.11,7902.52
ITEM0001682,ORD003953,PROD0161,2,0.05,10288.14,9773.73,2209.99
ITEM0001683,ORD000560,PROD0206,1,0.1,1692.87,1523.58,342.97
ITEM0001684,ORD003227,PROD0202,2,0.25,37449.54,28087.15,5955.83
ITEM0001685,ORD004830,PROD0036,2,0.15,20901.68,17766.43,4670.85
ITEM0001686,ORD001807,PROD0172,4,0.15,80407.44,68346.32,7401.8
ITEM0001687,ORD003848,PROD0054,4,0.15,57181.72,48604.46,5618.3
ITEM0001688,ORD000966,PROD0037,1,0.2,19432.4,15545.92,706.24
ITEM0001689,ORD001513,PROD0019,1,0.05,1769.05,1680.6,529.43
ITEM0001690,ORD000221,PROD0142,2,0.1,11739.4,10565.46,3451.94
ITEM0001691,ORD004145,PROD0148,1,0.1,14269.11,12842.2,2530.21
ITEM0001692,ORD003010,PROD0060,1,0.05,5374.61,5105.88,1046.11
ITEM0001693,ORD002789,PROD0199,1,0,18096.68,18096.68,7618.26
ITEM0001694,ORD004755,PROD0139,2,0.15,36159.54,30735.61,7615.85
ITEM0001695,ORD002734,PROD0126,3,0.05,55163.1,52404.94,16033.36
ITEM0001696,ORD004963,PROD0012,2,0.05,24357.5,23139.62,9033.46
ITEM0001697,ORD001657,PROD0069,1,0.2,1450.9,1160.72,276.51
ITEM0001698,ORD002015,PROD0211,2,0.05,14956,14208.2,4684.9
ITEM0001699,ORD001549,PROD0033,2,0.05,34790.66,33051.13,9311.23
ITEM0001700,ORD004392,PROD0069,2,0.1,2901.8,2611.62,843.2
ITEM0001701,ORD003636,PROD0185,3,0.15,84947.43,72205.32,22586.67
ITEM0001702,ORD000227,PROD0189,1,0,17795.34,17795.34,6511.5
ITEM0001703,ORD000361,PROD0007,1,0.2,9933.55,7946.84,1948.78
ITEM0001704,ORD000814,PROD0213,1,0.05,18966.99,18018.64,4449.16
ITEM0001705,ORD003647,PROD0009,5,0.15,121257.85,103069.17,29443.52
ITEM0001706,ORD004844,PROD0021,2,0.1,41026.14,36923.53,7893.51
ITEM0001707,ORD002531,PROD0073,1,0.1,9607.45,8646.71,2619.48
ITEM0001708,ORD000676,PROD0170,2,0.15,11445.76,9728.9,2997.52
ITEM0001709,ORD003126,PROD0062,1,0.15,2328.45,1979.18,374.56
ITEM0001710,ORD003578,PROD0048,3,0.2,21025.32,16820.26,434.32
ITEM0001711,ORD003916,PROD0182,1,0.05,27036.96,25685.11,9705.38
ITEM0001712,ORD000051,PROD0190,1,0.25,17149.88,12862.41,910.63
ITEM0001713,ORD004110,PROD0112,1,0.1,9574.88,8617.39,1493.63
ITEM0001714,ORD002380,PROD0195,2,0.1,23097.3,20787.57,4342.07
ITEM0001715,ORD000550,PROD0071,1,0.1,29147.69,26232.92,9147.9
ITEM0001716,ORD001916,PROD0161,1,0,5144.07,5144.07,1362.2
ITEM0001717,ORD004951,PROD0129,1,0,18062.74,18062.74,2870.63
ITEM0001718,ORD001698,PROD0182,1,0.1,27036.96,24333.26,8353.53
ITEM0001719,ORD000674,PROD0163,1,0.05,1154.57,1096.84,107.83
ITEM0001720,ORD001793,PROD0148,3,0.15,42807.33,36386.23,5450.26
ITEM0001721,ORD004294,PROD0216,3,0,28847.58,28847.58,7171.05
ITEM0001722,ORD002573,PROD0145,2,0,40008.1,40008.1,9917.92
ITEM0001723,ORD001007,PROD0055,3,0,5277.39,5277.39,818.46
ITEM0001724,ORD000056,PROD0075,2,0.2,23130.8,18504.64,4847.06
ITEM0001725,ORD002119,PROD0200,1,0.1,10068.26,9061.43,649.77
ITEM0001726,ORD003957,PROD0019,1,0.15,1769.05,1503.69,352.52
ITEM0001727,ORD002179,PROD0029,2,0.1,27439,24695.1,5752.44
ITEM0001728,ORD003112,PROD0100,1,0.05,21958.1,20860.19,3752.64
ITEM0001729,ORD004490,PROD0151,3,0.1,10169.19,9152.27,2878.73
ITEM0001730,ORD000809,PROD0103,2,0.15,42382.24,36024.9,8045.36
ITEM0001731,ORD003036,PROD0113,2,0.1,38279.24,34451.32,2660.78
ITEM0001732,ORD003688,PROD0193,3,0.2,61783.08,49426.46,13816.31
ITEM0001733,ORD003882,PROD0185,1,0.1,28315.81,25484.23,8944.68
ITEM0001734,ORD002062,PROD0124,4,0,16879.92,16879.92,5932.92
ITEM0001735,ORD002891,PROD0033,1,0.1,17395.33,15655.8,3785.85
ITEM0001736,ORD002802,PROD0218,2,0.1,998.52,898.67,313.49
ITEM0001737,ORD002547,PROD0085,3,0.2,79963.89,63971.11,16493.41
ITEM0001738,ORD000579,PROD0126,1,0.05,18387.7,17468.31,5344.45
ITEM0001739,ORD004402,PROD0133,1,0,12826.23,12826.23,5093.43
ITEM0001740,ORD004574,PROD0129,1,0,18062.74,18062.74,2870.63
ITEM0001741,ORD002954,PROD0077,2,0,28888.94,28888.94,12064.74
ITEM0001742,ORD000041,PROD0111,1,0.1,4956.44,4460.8,1159.3
ITEM0001743,ORD002964,PROD0178,1,0.2,4937.23,3949.78,768.09
ITEM0001744,ORD001395,PROD0153,3,0.1,26677.02,24009.32,5484.68
ITEM0001745,ORD001902,PROD0166,2,0.15,56211.62,47779.88,12723.12
ITEM0001746,ORD002258,PROD0009,1,0.15,24251.57,20613.83,5888.7
ITEM0001747,ORD001145,PROD0079,1,0.2,8940.37,7152.3,1830.78
ITEM0001748,ORD001657,PROD0150,1,0,14070,14070,5891.84
ITEM0001749,ORD000719,PROD0066,1,0.05,2931.28,2784.72,688.18
ITEM0001750,ORD004457,PROD0179,1,0.1,3209.28,2888.35,759.68
ITEM0001751,ORD001959,PROD0062,3,0.2,6985.35,5588.28,774.42
ITEM0001752,ORD000889,PROD0029,3,0.1,41158.5,37042.65,8628.66
ITEM0001753,ORD000176,PROD0103,1,0.1,21191.12,19072.01,5082.24
ITEM0001754,ORD002650,PROD0088,2,0.05,22581.18,21452.12,6334.9
ITEM0001755,ORD001094,PROD0179,1,0,3209.28,3209.28,1080.61
ITEM0001756,ORD003217,PROD0027,1,0.05,24200.54,22990.51,7088.36
ITEM0001757,ORD003376,PROD0156,1,0.05,262.65,249.52,95.87
ITEM0001758,ORD003726,PROD0182,4,0.05,108147.84,102740.45,38821.53
ITEM0001759,ORD000597,PROD0116,4,0.15,37854.96,32176.72,4713.04
ITEM0001760,ORD001637,PROD0167,1,0.15,24925.25,21186.46,6540.17
ITEM0001761,ORD000730,PROD0169,1,0.05,4480.93,4256.88,1601.39
ITEM0001762,ORD003256,PROD0109,3,0.1,34837.74,31353.97,8402.41
ITEM0001763,ORD002028,PROD0169,5,0.15,22404.65,19043.95,5766.5
ITEM0001764,ORD004446,PROD0183,3,0.05,50855.76,48312.97,12544
ITEM0001765,ORD004401,PROD0112,2,0,19149.76,19149.76,4902.24
ITEM0001766,ORD004374,PROD0037,1,0.1,19432.4,17489.16,2649.48
ITEM0001767,ORD000377,PROD0178,1,0.1,4937.23,4443.51,1261.82
ITEM0001768,ORD004778,PROD0029,2,0.2,27439,21951.2,3008.54
ITEM0001769,ORD003541,PROD0034,1,0.1,10057.78,9052,2406.94
ITEM0001770,ORD004938,PROD0079,2,0.1,17880.74,16092.67,5449.63
ITEM0001771,ORD001378,PROD0152,1,0.15,14904.94,12669.2,3521.78
ITEM0001772,ORD004397,PROD0073,1,0.1,9607.45,8646.71,2619.48
ITEM0001773,ORD002965,PROD0215,1,0.2,18581.05,14864.84,3275.52
ITEM0001774,ORD003749,PROD0049,1,0.1,24110.14,21699.13,5148.64
ITEM0001775,ORD004967,PROD0013,1,0.15,19866.3,16886.35,3460.89
ITEM0001776,ORD001075,PROD0168,5,0.15,97293.3,82699.31,20970.06
ITEM0001777,ORD004051,PROD0209,1,0.15,6536.37,5555.91,544.02
ITEM0001778,ORD002563,PROD0220,2,0.1,48513.8,43662.42,9232.8
ITEM0001779,ORD001043,PROD0215,1,0.1,18581.05,16722.94,5133.62
ITEM0001780,ORD003721,PROD0041,1,0,19120.67,19120.67,6953.76
ITEM0001781,ORD002993,PROD0164,1,0,8356.56,8356.56,1402.45
ITEM0001782,ORD002245,PROD0091,2,0.05,26403.34,25083.17,9509.67
ITEM0001783,ORD002497,PROD0209,5,0.05,32681.85,31047.76,5988.31
ITEM0001784,ORD001499,PROD0039,1,0.05,12140.61,11533.58,1926.21
ITEM0001785,ORD003482,PROD0105,1,0.15,13371.33,11365.63,1955.6
ITEM0001786,ORD004929,PROD0055,5,0.05,8795.65,8355.87,924.32
ITEM0001787,ORD004276,PROD0040,1,0.15,14977.96,12731.27,2644.32
ITEM0001788,ORD003140,PROD0033,1,0.1,17395.33,15655.8,3785.85
ITEM0001789,ORD000749,PROD0071,1,0,29147.69,29147.69,12062.67
ITEM0001790,ORD004052,PROD0081,1,0.15,6304.12,5358.5,1714.66
ITEM0001791,ORD004318,PROD0215,1,0.1,18581.05,16722.94,5133.62
ITEM0001792,ORD001308,PROD0016,1,0.05,9295,8830.25,1657.37
ITEM0001793,ORD002438,PROD0049,2,0.05,48220.28,45809.27,12708.29
ITEM0001794,ORD003997,PROD0072,1,0.15,10173.22,8647.24,2415.82
ITEM0001795,ORD004918,PROD0055,2,0.05,3518.26,3342.35,369.73
ITEM0001796,ORD001509,PROD0132,1,0.1,19751.1,17775.99,4720.58
ITEM0001797,ORD004629,PROD0156,2,0,525.3,525.3,218
ITEM0001798,ORD002171,PROD0070,1,0.2,22695.91,18156.73,4498.14
ITEM0001799,ORD001657,PROD0023,1,0.1,14900.6,13410.54,3312.82
ITEM0001800,ORD003835,PROD0124,1,0.1,4219.98,3797.98,1061.23
ITEM0001801,ORD001931,PROD0174,1,0.1,11980.65,10782.58,736.37
ITEM0001802,ORD001059,PROD0194,3,0.1,78375.3,70537.77,24055.95
ITEM0001803,ORD001808,PROD0126,1,0.05,18387.7,17468.31,5344.45
ITEM0001804,ORD003612,PROD0102,1,0,20719.66,20719.66,8313.16
ITEM0001805,ORD002925,PROD0122,4,0.05,9078.12,8624.21,2612.45
ITEM0001806,ORD002540,PROD0143,4,0.05,88349.56,83932.08,26464.88
ITEM0001807,ORD000798,PROD0047,3,0.1,80021.49,72019.34,18935.6
ITEM0001808,ORD000867,PROD0087,3,0.05,57735.09,54848.34,15369.48
ITEM0001809,ORD001779,PROD0205,2,0.15,37821.12,32147.95,7077.31
ITEM0001810,ORD001045,PROD0156,1,0.1,262.65,236.38,82.73
ITEM0001811,ORD000418,PROD0214,1,0,16367.22,16367.22,3277.32
ITEM0001812,ORD000483,PROD0165,1,0.2,14878.45,11902.76,778.39
ITEM0001813,ORD001824,PROD0163,1,0,1154.57,1154.57,165.56
ITEM0001814,ORD001292,PROD0121,2,0.15,13057.16,11098.59,2413.03
ITEM0001815,ORD002708,PROD0130,1,0.05,8360.75,7942.71,1963.29
ITEM0001816,ORD003658,PROD0122,1,0.15,2269.53,1929.1,426.16
ITEM0001817,ORD004629,PROD0018,3,0.1,42342.9,38108.61,10992.96
ITEM0001818,ORD004946,PROD0012,1,0.2,12178.75,9743,2689.92
ITEM0001819,ORD004920,PROD0029,1,0.1,13719.5,12347.55,2876.22
ITEM0001820,ORD004911,PROD0063,2,0.15,22073.5,18762.47,1366.21
ITEM0001821,ORD002581,PROD0119,2,0,5374.34,5374.34,1001.2
ITEM0001822,ORD002358,PROD0206,1,0.15,1692.87,1438.94,258.33
ITEM0001823,ORD000734,PROD0108,4,0.05,38451.32,36528.75,7677.27
ITEM0001824,ORD001453,PROD0009,3,0.15,72754.71,61841.5,17666.11
ITEM0001825,ORD002665,PROD0154,1,0,4430.06,4430.06,1782.21
ITEM0001826,ORD002262,PROD0214,1,0.05,16367.22,15548.86,2458.96
ITEM0001827,ORD001767,PROD0101,1,0.05,2158.69,2050.76,785.6
ITEM0001828,ORD001314,PROD0192,2,0.15,5932.42,5042.56,70.06
ITEM0001829,ORD003428,PROD0151,1,0,3389.73,3389.73,1298.55
ITEM0001830,ORD000062,PROD0162,1,0.1,12988.13,11689.32,1321.75
ITEM0001831,ORD001353,PROD0114,1,0.1,15856.44,14270.8,1317.53
ITEM0001832,ORD002615,PROD0041,1,0,19120.67,19120.67,6953.76
ITEM0001833,ORD004156,PROD0115,4,0.05,10130.68,9624.15,3189.39
ITEM0001834,ORD003952,PROD0028,1,0.2,6922.32,5537.86,-288.98
ITEM0001835,ORD001544,PROD0139,2,0.05,36159.54,34351.56,11231.8
ITEM0001836,ORD000117,PROD0012,2,0.2,24357.5,19486,5379.84
ITEM0001837,ORD003466,PROD0055,2,0,3518.26,3518.26,545.64
ITEM0001838,ORD004215,PROD0188,3,0.1,8097.18,7287.46,1150.09
ITEM0001839,ORD003899,PROD0115,3,0.05,7598.01,7218.11,2392.04
ITEM0001840,ORD003029,PROD0142,1,0.1,5869.7,5282.73,1725.97
ITEM0001841,ORD004529,PROD0169,1,0.1,4480.93,4032.84,1377.35
ITEM0001842,ORD000228,PROD0062,1,0.15,2328.45,1979.18,374.56
ITEM0001843,ORD001775,PROD0057,1,0.05,17494.25,16619.54,5180.28
ITEM0001844,ORD003102,PROD0091,2,0.25,26403.34,19802.51,4229.01
ITEM0001845,ORD003385,PROD0220,3,0.05,72770.7,69132.17,17487.74
ITEM0001846,ORD000533,PROD0086,1,0.1,5586.2,5027.58,905.14
ITEM0001847,ORD001645,PROD0086,1,0.05,5586.2,5306.89,1184.45
ITEM0001848,ORD001672,PROD0081,4,0.15,25216.48,21434.01,6858.65
ITEM0001849,ORD004217,PROD0094,1,0.15,23049.93,19592.44,2287.8
ITEM0001850,ORD004094,PROD0102,2,0.05,41439.32,39367.35,14554.35
ITEM0001851,ORD004640,PROD0093,3,0.1,29049.21,26144.29,8830.24
ITEM0001852,ORD003374,PROD0004,1,0.2,6291.1,5032.88,-102.61
ITEM0001853,ORD001874,PROD0181,1,0.15,9140.75,7769.64,1822.48
ITEM0001854,ORD001258,PROD0047,2,0.05,53347.66,50680.28,15291.12
ITEM0001855,ORD002229,PROD0133,1,0,12826.23,12826.23,5093.43
ITEM0001856,ORD000072,PROD0145,1,0.25,20004.05,15003.04,-42.05
ITEM0001857,ORD001048,PROD0084,1,0.05,7491.09,7116.54,2803.75
ITEM0001858,ORD002893,PROD0123,3,0.1,49818.78,44836.9,11278.27
ITEM0001859,ORD001622,PROD0117,2,0.05,7384.12,7014.91,1044.39
ITEM0001860,ORD003249,PROD0106,1,0,13006.77,13006.77,3631.62
ITEM0001861,ORD001180,PROD0110,1,0,12896.87,12896.87,4509.54
ITEM0001862,ORD003866,PROD0012,2,0.05,24357.5,23139.62,9033.46
ITEM0001863,ORD003987,PROD0040,1,0.1,14977.96,13480.16,3393.21
ITEM0001864,ORD000999,PROD0005,2,0.05,3931.54,3734.96,342.3
ITEM0001865,ORD001218,PROD0080,3,0.1,70357.26,63321.53,14489.36
ITEM0001866,ORD004966,PROD0040,1,0.1,14977.96,13480.16,3393.21
ITEM0001867,ORD000270,PROD0023,2,0.1,29801.2,26821.08,6625.64
ITEM0001868,ORD002504,PROD0146,1,0,5951.75,5951.75,2139.69
ITEM0001869,ORD002133,PROD0007,1,0.1,9933.55,8940.19,2942.13
ITEM0001870,ORD004847,PROD0208,1,0.1,15180.79,13662.71,4522.43
ITEM0001871,ORD004471,PROD0120,2,0.05,865.56,822.28,224.76
ITEM0001872,ORD002409,PROD0193,1,0.1,20594.36,18534.92,6664.87
ITEM0001873,ORD000197,PROD0013,4,0.1,79465.2,71518.68,17816.84
ITEM0001874,ORD001277,PROD0080,1,0.1,23452.42,21107.18,4829.79
ITEM0001875,ORD003213,PROD0097,2,0.1,20373.64,18336.28,5300.36
ITEM0001876,ORD001819,PROD0111,4,0.15,19825.76,16851.9,3645.9
ITEM0001877,ORD004630,PROD0163,1,0.1,1154.57,1039.11,50.1
ITEM0001878,ORD004142,PROD0041,3,0.15,57362.01,48757.71,12256.98
ITEM0001879,ORD000135,PROD0136,1,0.1,20289.27,18260.34,632.04
ITEM0001880,ORD002738,PROD0202,2,0,37449.54,37449.54,15318.22
ITEM0001881,ORD003906,PROD0203,1,0.05,13915.4,13219.63,5003.33
ITEM0001882,ORD001199,PROD0054,3,0.15,42886.29,36453.35,4213.73
ITEM0001883,ORD002683,PROD0115,2,0,5065.34,5065.34,1847.96
ITEM0001884,ORD002008,PROD0162,4,0.15,51952.52,44159.64,2689.36
ITEM0001885,ORD003383,PROD0139,3,0.1,54239.31,48815.38,14135.74
ITEM0001886,ORD001357,PROD0122,4,0.15,9078.12,7716.4,1704.64
ITEM0001887,ORD002216,PROD0120,1,0.15,432.78,367.86,69.1
ITEM0001888,ORD001974,PROD0065,2,0.15,13661.72,11612.46,1909.8
ITEM0001889,ORD003527,PROD0107,1,0,14258.33,14258.33,4929.34
ITEM0001890,ORD000821,PROD0077,2,0.15,28888.94,24555.6,7731.4
ITEM0001891,ORD000713,PROD0140,1,0.05,8082.39,7678.27,2217.18
ITEM0001892,ORD004205,PROD0102,1,0.15,20719.66,17611.71,5205.21
ITEM0001893,ORD003164,PROD0194,2,0.1,52250.2,47025.18,16037.3
ITEM0001894,ORD004275,PROD0121,4,0.1,26114.32,23502.89,6131.77
ITEM0001895,ORD001388,PROD0070,4,0.1,90783.64,81705.28,27070.92
ITEM0001896,ORD002088,PROD0005,2,0.1,3931.54,3538.39,145.73
ITEM0001897,ORD002951,PROD0022,2,0.1,15996.88,14397.19,1400.47
ITEM0001898,ORD002655,PROD0107,3,0.05,42774.99,40636.24,12649.27
ITEM0001899,ORD002456,PROD0070,1,0.1,22695.91,20426.32,6767.73
ITEM0001900,ORD004426,PROD0059,2,0.05,8782.06,8342.96,2692.36
ITEM0001901,ORD000832,PROD0140,1,0,8082.39,8082.39,2621.3
ITEM0001902,ORD003237,PROD0149,2,0.05,33611.06,31930.51,6329.85
ITEM0001903,ORD003448,PROD0150,1,0,14070,14070,5891.84
ITEM0001904,ORD001667,PROD0127,4,0.1,111306.52,100175.87,30591.95
ITEM0001905,ORD002030,PROD0162,4,0.1,51952.52,46757.27,5286.99
ITEM0001906,ORD000020,PROD0024,2,0.15,26404.78,22444.06,2800.7
ITEM0001907,ORD001311,PROD0205,1,0.05,18910.56,17965.03,5429.71
ITEM0001908,ORD000785,PROD0129,2,0.05,36125.48,34319.21,3934.99
ITEM0001909,ORD000049,PROD0161,1,0.1,5144.07,4629.66,847.79
ITEM0001910,ORD002981,PROD0039,1,0.2,12140.61,9712.49,105.12
ITEM0001911,ORD001986,PROD0209,3,0.1,19609.11,17648.2,2612.53
ITEM0001912,ORD001777,PROD0174,1,0.15,11980.65,10183.55,137.34
ITEM0001913,ORD004864,PROD0142,1,0,5869.7,5869.7,2312.94
ITEM0001914,ORD000373,PROD0047,1,0.1,26673.83,24006.45,6311.87
ITEM0001915,ORD003494,PROD0124,1,0.15,4219.98,3586.98,850.23
ITEM0001916,ORD001499,PROD0160,1,0,6180.13,6180.13,1214.17
ITEM0001917,ORD002007,PROD0026,2,0.1,26550.28,23895.25,7461.05
ITEM0001918,ORD002624,PROD0103,3,0.1,63573.36,57216.02,15246.71
ITEM0001919,ORD000113,PROD0002,2,0.1,29285.4,26356.86,4057.44
ITEM0001920,ORD004767,PROD0164,5,0.15,41782.8,35515.38,744.83
ITEM0001921,ORD003793,PROD0097,3,0.15,30560.46,25976.39,6422.51
ITEM0001922,ORD001742,PROD0211,2,0.2,14956,11964.8,2441.5
ITEM0001923,ORD002531,PROD0136,1,0.25,20289.27,15216.95,-2411.35
ITEM0001924,ORD004181,PROD0200,1,0.05,10068.26,9564.85,1153.19
ITEM0001925,ORD000596,PROD0081,1,0.1,6304.12,5673.71,2029.87
ITEM0001926,ORD003567,PROD0159,1,0.1,4856.74,4371.07,697.12
ITEM0001927,ORD000480,PROD0184,2,0.1,11181.6,10063.44,2890.74
ITEM0001928,ORD001093,PROD0124,1,0.2,4219.98,3375.98,639.23
ITEM0001929,ORD000272,PROD0217,1,0,10834.24,10834.24,3948.21
ITEM0001930,ORD001945,PROD0169,5,0.15,22404.65,19043.95,5766.5
ITEM0001931,ORD000080,PROD0140,4,0.05,32329.56,30713.08,8868.72
ITEM0001932,ORD004653,PROD0165,1,0.15,14878.45,12646.68,1522.31
ITEM0001933,ORD001375,PROD0029,1,0.1,13719.5,12347.55,2876.22
ITEM0001934,ORD000205,PROD0096,3,0.15,49767.18,42302.1,9504.81
ITEM0001935,ORD001759,PROD0046,1,0,9283.94,9283.94,2752.59
ITEM0001936,ORD001913,PROD0036,2,0.15,20901.68,17766.43,4670.85
ITEM0001937,ORD001532,PROD0183,1,0,16951.92,16951.92,5028.93
ITEM0001938,ORD001209,PROD0168,3,0.2,58375.98,46700.78,9663.23
ITEM0001939,ORD000724,PROD0057,1,0.1,17494.25,15744.83,4305.57
ITEM0001940,ORD004621,PROD0089,2,0,19982.38,19982.38,3724.16
ITEM0001941,ORD001763,PROD0043,3,0.1,43701.72,39331.55,10389.05
ITEM0001942,ORD000218,PROD0026,2,0,26550.28,26550.28,10116.08
ITEM0001943,ORD003654,PROD0130,1,0.15,8360.75,7106.64,1127.22
ITEM0001944,ORD003837,PROD0204,3,0.1,33365.85,30029.27,10816.58
ITEM0001945,ORD001112,PROD0154,1,0.05,4430.06,4208.56,1560.71
ITEM0001946,ORD002729,PROD0049,1,0.15,24110.14,20493.62,3943.13
ITEM0001947,ORD001387,PROD0111,1,0.15,4956.44,4212.97,911.47
ITEM0001948,ORD001398,PROD0044,1,0.1,21268.21,19141.39,3921.61
ITEM0001949,ORD000686,PROD0124,2,0.2,8439.96,6751.97,1278.47
ITEM0001950,ORD002769,PROD0054,2,0,28590.86,28590.86,7097.78
ITEM0001951,ORD000098,PROD0093,2,0,19366.14,19366.14,7823.44
ITEM0001952,ORD004276,PROD0072,2,0,20346.44,20346.44,7883.6
ITEM0001953,ORD002808,PROD0008,1,0.15,16675.42,14174.11,194.41
ITEM0001954,ORD000022,PROD0136,1,0.05,20289.27,19274.81,1646.51
ITEM0001955,ORD004488,PROD0075,1,0.1,11565.4,10408.86,3580.07
ITEM0001956,ORD000511,PROD0060,2,0.1,10749.22,9674.3,1554.76
ITEM0001957,ORD003574,PROD0116,2,0,18927.48,18927.48,5195.64
ITEM0001958,ORD000057,PROD0144,2,0.05,47303.2,44938.04,12806.66
ITEM0001959,ORD000195,PROD0167,1,0.05,24925.25,23678.99,9032.7
ITEM0001960,ORD002410,PROD0213,1,0.2,18966.99,15173.59,1604.11
ITEM0001961,ORD001903,PROD0083,1,0.2,15580.33,12464.26,-955.22
ITEM0001962,ORD000690,PROD0128,3,0.1,55837.41,50253.67,8698.48
ITEM0001963,ORD003724,PROD0165,2,0.1,29756.9,26781.21,4532.47
ITEM0001964,ORD001127,PROD0141,1,0,9820.32,9820.32,3623.12
ITEM0001965,ORD004483,PROD0061,1,0.05,2327.69,2211.31,652.1
ITEM0001966,ORD000738,PROD0193,1,0.15,20594.36,17505.21,5635.16
ITEM0001967,ORD002095,PROD0008,1,0.05,16675.42,15841.65,1861.95
ITEM0001968,ORD003141,PROD0137,1,0.2,16943.68,13554.94,259.51
ITEM0001969,ORD004887,PROD0011,1,0,13446.1,13446.1,5107.94
ITEM0001970,ORD000340,PROD0103,1,0,21191.12,21191.12,7201.35
ITEM0001971,ORD003843,PROD0164,2,0.05,16713.12,15877.46,1969.24
ITEM0001972,ORD003889,PROD0206,1,0,1692.87,1692.87,512.26
ITEM0001973,ORD000402,PROD0172,1,0.1,20101.86,18091.67,2855.54
ITEM0001974,ORD003604,PROD0146,1,0.1,5951.75,5356.57,1544.51
ITEM0001975,ORD003323,PROD0050,2,0,5047.78,5047.78,1508.52
ITEM0001976,ORD002086,PROD0213,1,0.15,18966.99,16121.94,2552.46
ITEM0001977,ORD004950,PROD0007,1,0.05,9933.55,9436.87,3438.81
ITEM0001978,ORD000658,PROD0064,2,0.1,35440.88,31896.79,11624.55
ITEM0001979,ORD000987,PROD0148,1,0,14269.11,14269.11,3957.12
ITEM0001980,ORD002248,PROD0211,3,0.1,22434,20190.6,5905.65
ITEM0001981,ORD004095,PROD0204,2,0.1,22243.9,20019.51,7211.05
ITEM0001982,ORD003409,PROD0019,2,0.05,3538.1,3361.19,1058.85
ITEM0001983,ORD002196,PROD0145,1,0,20004.05,20004.05,4958.96
ITEM0001984,ORD003965,PROD0010,2,0.15,24205.04,20574.28,6623.12
ITEM0001985,ORD003686,PROD0109,1,0,11612.58,11612.58,3962.06
ITEM0001986,ORD003959,PROD0120,2,0,865.56,865.56,268.04
ITEM0001987,ORD001250,PROD0171,1,0,10484.3,10484.3,1668.18
ITEM0001988,ORD002868,PROD0059,1,0.1,4391.03,3951.93,1126.63
ITEM0001989,ORD001329,PROD0113,1,0,19139.62,19139.62,3244.35
ITEM0001990,ORD001554,PROD0187,1,0.1,2026.07,1823.46,625.06
ITEM0001991,ORD002895,PROD0163,2,0.1,2309.14,2078.23,100.21
ITEM0001992,ORD004360,PROD0069,2,0.1,2901.8,2611.62,843.2
ITEM0001993,ORD001932,PROD0093,2,0.1,19366.14,17429.53,5886.83
ITEM0001994,ORD003757,PROD0044,2,0.15,42536.42,36155.96,5716.4
ITEM0001995,ORD001558,PROD0056,2,0.05,25207.74,23947.35,8859.21
ITEM0001996,ORD003872,PROD0176,2,0,18848.2,18848.2,4932.22
ITEM0001997,ORD002089,PROD0008,3,0.1,50026.26,45023.63,3084.53
ITEM0001998,ORD004714,PROD0129,1,0.1,18062.74,16256.47,1064.36
ITEM0001999,ORD004968,PROD0205,2,0.15,37821.12,32147.95,7077.31
ITEM0002000,ORD002345,PROD0137,1,0,16943.68,16943.68,3648.25
ITEM0002001,ORD003727,PROD0064,2,0.05,35440.88,33668.84,13396.6
ITEM0002002,ORD003219,PROD0204,2,0,22243.9,22243.9,9435.44
ITEM0002003,ORD001965,PROD0155,1,0.15,4402.89,3742.46,-14.49
ITEM0002004,ORD003411,PROD0170,1,0,5722.88,5722.88,2357.19
ITEM0002005,ORD001275,PROD0122,1,0.25,2269.53,1702.15,199.21
ITEM0002006,ORD001850,PROD0213,1,0.05,18966.99,18018.64,4449.16
ITEM0002007,ORD000025,PROD0100,2,0,43916.2,43916.2,9701.1
ITEM0002008,ORD000855,PROD0106,1,0.05,13006.77,12356.43,2981.28
ITEM0002009,ORD000485,PROD0030,1,0.15,8993.94,7644.85,1783.86
ITEM0002010,ORD000753,PROD0096,1,0.05,16589.06,15759.61,4827.18
ITEM0002011,ORD002813,PROD0046,4,0.1,37135.76,33422.18,7296.78
ITEM0002012,ORD003287,PROD0044,2,0.1,42536.42,38282.78,7843.22
ITEM0002013,ORD003438,PROD0047,3,0.05,80021.49,76020.42,22936.68
ITEM0002014,ORD003764,PROD0009,1,0.05,24251.57,23038.99,8313.86
ITEM0002015,ORD002975,PROD0205,2,0.15,37821.12,32147.95,7077.31
ITEM0002016,ORD002511,PROD0053,1,0.05,17914.51,17018.78,2729.94
ITEM0002017,ORD001207,PROD0022,1,0.1,7998.44,7198.6,700.24
ITEM0002018,ORD002173,PROD0148,1,0.25,14269.11,10701.83,389.84
ITEM0002019,ORD002724,PROD0123,2,0,33212.52,33212.52,10840.1
ITEM0002020,ORD000664,PROD0162,2,0.15,25976.26,22079.82,1344.68
ITEM0002021,ORD001472,PROD0220,2,0.05,48513.8,46088.11,11658.49
ITEM0002022,ORD001947,PROD0130,1,0.05,8360.75,7942.71,1963.29
ITEM0002023,ORD001323,PROD0160,1,0.25,6180.13,4635.1,-330.86
ITEM0002024,ORD003342,PROD0070,2,0.1,45391.82,40852.64,13535.46
ITEM0002025,ORD001423,PROD0065,2,0.05,13661.72,12978.63,3275.97
ITEM0002026,ORD004806,PROD0153,3,0.25,26677.02,20007.76,1483.12
ITEM0002027,ORD001422,PROD0065,1,0.05,6830.86,6489.32,1637.99
ITEM0002028,ORD001757,PROD0167,3,0.1,74775.75,67298.18,23359.31
ITEM0002029,ORD004062,PROD0096,2,0.1,33178.12,29860.31,7995.45
ITEM0002030,ORD000969,PROD0093,1,0,9683.07,9683.07,3911.72
ITEM0002031,ORD003807,PROD0081,3,0.05,18912.36,17966.74,7035.22
ITEM0002032,ORD000617,PROD0205,2,0.15,37821.12,32147.95,7077.31
ITEM0002033,ORD003934,PROD0146,1,0.1,5951.75,5356.57,1544.51
ITEM0002034,ORD001922,PROD0013,1,0.1,19866.3,17879.67,4454.21
ITEM0002035,ORD004569,PROD0044,1,0.15,21268.21,18077.98,2858.2
ITEM0002036,ORD000625,PROD0007,2,0,19867.1,19867.1,7870.98
ITEM0002037,ORD002057,PROD0104,4,0.2,48958.88,39167.1,10594.38
ITEM0002038,ORD001955,PROD0191,1,0.1,18802.59,16922.33,1790.2
ITEM0002039,ORD003146,PROD0044,1,0.15,21268.21,18077.98,2858.2
ITEM0002040,ORD000582,PROD0069,2,0,2901.8,2901.8,1133.38
ITEM0002041,ORD003447,PROD0189,2,0.05,35590.68,33811.15,11243.47
ITEM0002042,ORD000217,PROD0097,3,0.1,30560.46,27504.41,7950.53
ITEM0002043,ORD003386,PROD0063,2,0.2,22073.5,17658.8,262.54
ITEM0002044,ORD004974,PROD0027,3,0,72601.62,72601.62,24895.17
ITEM0002045,ORD000524,PROD0133,3,0.1,38478.69,34630.82,11432.42
ITEM0002046,ORD000303,PROD0099,1,0.1,3220.88,2898.79,354.56
ITEM0002047,ORD002182,PROD0113,1,0.1,19139.62,17225.66,1330.39
ITEM0002048,ORD000839,PROD0028,3,0.05,20766.96,19728.61,2248.09
ITEM0002049,ORD001137,PROD0187,5,0,10130.35,10130.35,4138.35
ITEM0002050,ORD000362,PROD0001,3,0.15,12323.97,10475.37,128.46
ITEM0002051,ORD001534,PROD0124,1,0.2,4219.98,3375.98,639.23
ITEM0002052,ORD004433,PROD0107,2,0.2,28516.66,22813.33,4155.35
ITEM0002053,ORD004190,PROD0059,2,0,8782.06,8782.06,3131.46
ITEM0002054,ORD001415,PROD0016,2,0.2,18590,14872,526.24
ITEM0002055,ORD002165,PROD0192,2,0.1,5932.42,5339.18,366.68
ITEM0002056,ORD001156,PROD0096,1,0.1,16589.06,14930.15,3997.72
ITEM0002057,ORD003237,PROD0196,1,0.1,5795.45,5215.9,1090.62
ITEM0002058,ORD003709,PROD0130,3,0,25082.25,25082.25,7143.99
ITEM0002059,ORD000506,PROD0166,1,0,28105.81,28105.81,10577.43
ITEM0002060,ORD002210,PROD0035,1,0,27570.44,27570.44,10853.45
ITEM0002061,ORD003897,PROD0058,3,0,25917.3,25917.3,8510.85
ITEM0002062,ORD004369,PROD0109,1,0.25,11612.58,8709.43,1058.91
ITEM0002063,ORD004742,PROD0095,1,0.15,3539.61,3008.67,205.6
ITEM0002064,ORD002639,PROD0190,2,0.15,34299.76,29154.8,5251.24
ITEM0002065,ORD002239,PROD0117,4,0.1,14768.24,13291.42,1350.38
ITEM0002066,ORD003579,PROD0055,3,0.2,5277.39,4221.91,-237.02
ITEM0002067,ORD004988,PROD0129,1,0.05,18062.74,17159.6,1967.49
ITEM0002068,ORD002786,PROD0081,1,0.1,6304.12,5673.71,2029.87
ITEM0002069,ORD004922,PROD0165,2,0.15,29756.9,25293.37,3044.63
ITEM0002070,ORD003195,PROD0114,1,0.1,15856.44,14270.8,1317.53
ITEM0002071,ORD000817,PROD0011,1,0.05,13446.1,12773.8,4435.64
ITEM0002072,ORD002234,PROD0187,2,0,4052.14,4052.14,1655.34
ITEM0002073,ORD000037,PROD0198,1,0.15,797.03,677.48,-2.16
ITEM0002074,ORD004668,PROD0015,4,0.05,24308.56,23093.13,5859.09
ITEM0002075,ORD003553,PROD0190,1,0,17149.88,17149.88,5198.1
ITEM0002076,ORD002913,PROD0197,2,0.1,33684.2,30315.78,4633.04
ITEM0002077,ORD003139,PROD0109,2,0.15,23225.16,19741.39,4440.35
ITEM0002078,ORD003434,PROD0055,1,0.1,1759.13,1583.22,96.91
ITEM0002079,ORD003218,PROD0005,3,0.05,5897.31,5602.44,513.45
ITEM0002080,ORD000671,PROD0205,1,0,18910.56,18910.56,6375.24
ITEM0002081,ORD004100,PROD0075,1,0,11565.4,11565.4,4736.61
ITEM0002082,ORD001121,PROD0098,1,0.1,17646.13,15881.52,3042.14
ITEM0002083,ORD000851,PROD0135,1,0.15,11202.85,9522.42,616.74
ITEM0002084,ORD002273,PROD0089,2,0,19982.38,19982.38,3724.16
ITEM0002085,ORD002860,PROD0202,2,0.05,37449.54,35577.06,13445.74
ITEM0002086,ORD003321,PROD0096,1,0,16589.06,16589.06,5656.63
ITEM0002087,ORD002265,PROD0165,1,0.15,14878.45,12646.68,1522.31
ITEM0002088,ORD004840,PROD0085,1,0.1,26654.63,23989.17,8163.27
ITEM0002089,ORD003419,PROD0175,4,0.15,55152.12,46879.3,4229.7
ITEM0002090,ORD002644,PROD0118,3,0.1,26682.27,24014.04,7212.63
ITEM0002091,ORD002065,PROD0144,3,0.15,70954.8,60311.58,12114.51
ITEM0002092,ORD002889,PROD0187,4,0,8104.28,8104.28,3310.68
ITEM0002093,ORD000623,PROD0044,1,0.05,21268.21,20204.8,4985.02
ITEM0002094,ORD004513,PROD0213,1,0.1,18966.99,17070.29,3500.81
ITEM0002095,ORD004855,PROD0217,2,0,21668.48,21668.48,7896.42
ITEM0002096,ORD004029,PROD0207,1,0,22221.53,22221.53,7646.12
ITEM0002097,ORD001293,PROD0219,1,0.15,27006.32,22955.37,5640.58
ITEM0002098,ORD001435,PROD0160,1,0.1,6180.13,5562.12,596.16
ITEM0002099,ORD003508,PROD0084,3,0.05,22473.27,21349.61,8411.24
ITEM0002100,ORD003256,PROD0128,1,0.15,18612.47,15820.6,1968.87
ITEM0002101,ORD004619,PROD0158,1,0,775.02,775.02,292.17
ITEM0002102,ORD001836,PROD0171,1,0.05,10484.3,9960.08,1143.96
ITEM0002103,ORD003586,PROD0001,1,0.05,4107.99,3902.59,453.62
ITEM0002104,ORD000735,PROD0088,2,0,22581.18,22581.18,7463.96
ITEM0002105,ORD001056,PROD0073,1,0.1,9607.45,8646.71,2619.48
ITEM0002106,ORD002621,PROD0121,3,0.05,19585.74,18606.45,5578.11
ITEM0002107,ORD004452,PROD0088,1,0.25,11290.59,8467.94,909.33
ITEM0002108,ORD004983,PROD0124,1,0.05,4219.98,4008.98,1272.23
ITEM0002109,ORD001320,PROD0158,1,0,775.02,775.02,292.17
ITEM0002110,ORD001072,PROD0186,1,0,15961.48,15961.48,5439.01
ITEM0002111,ORD002222,PROD0016,1,0,9295,9295,2122.12
ITEM0002112,ORD003260,PROD0203,1,0.05,13915.4,13219.63,5003.33
ITEM0002113,ORD003340,PROD0020,1,0.1,11822.05,10639.84,1817.7
ITEM0002114,ORD004306,PROD0127,1,0,27826.63,27826.63,10430.65
ITEM0002115,ORD001471,PROD0167,1,0.05,24925.25,23678.99,9032.7
ITEM0002116,ORD004942,PROD0213,1,0.05,18966.99,18018.64,4449.16
ITEM0002117,ORD004159,PROD0011,1,0.15,13446.1,11429.18,3091.02
ITEM0002118,ORD000541,PROD0124,1,0.2,4219.98,3375.98,639.23
ITEM0002119,ORD003151,PROD0013,5,0.05,99331.5,94364.92,27237.62
ITEM0002120,ORD001896,PROD0016,1,0.05,9295,8830.25,1657.37
ITEM0002121,ORD002305,PROD0023,2,0.05,29801.2,28311.14,8115.7
ITEM0002122,ORD003438,PROD0168,3,0.1,58375.98,52538.38,15500.83
ITEM0002123,ORD001481,PROD0174,1,0.1,11980.65,10782.58,736.37
ITEM0002124,ORD001632,PROD0023,1,0.2,14900.6,11920.48,1822.76
ITEM0002125,ORD004427,PROD0013,2,0.1,39732.6,35759.34,8908.42
ITEM0002126,ORD000548,PROD0009,2,0.2,48503.14,38802.51,9352.25
ITEM0002127,ORD003978,PROD0186,4,0.2,63845.92,51076.74,8986.86
ITEM0002128,ORD004086,PROD0118,2,0.1,17788.18,16009.36,4808.42
ITEM0002129,ORD003409,PROD0088,2,0.1,22581.18,20323.06,5205.84
ITEM0002130,ORD002549,PROD0092,1,0.05,8564.31,8136.09,2366.56
ITEM0002131,ORD000477,PROD0054,1,0.2,14295.43,11436.34,689.8
ITEM0002132,ORD000908,PROD0158,1,0.15,775.02,658.77,175.92
ITEM0002133,ORD002049,PROD0052,1,0.15,15366.49,13061.52,2758.39
ITEM0002134,ORD000910,PROD0028,3,0,20766.96,20766.96,3286.44
ITEM0002135,ORD001674,PROD0147,1,0.05,23011.13,21860.57,4405.1
ITEM0002136,ORD000404,PROD0138,2,0.15,2434.62,2069.43,278.99
ITEM0002137,ORD001575,PROD0177,1,0.1,19947.36,17952.62,3817.71
ITEM0002138,ORD000674,PROD0053,1,0.15,17914.51,15227.33,938.49
ITEM0002139,ORD000573,PROD0080,4,0.1,93809.68,84428.71,19319.15
ITEM0002140,ORD002756,PROD0192,2,0.1,5932.42,5339.18,366.68
ITEM0002141,ORD001174,PROD0097,1,0.1,10186.82,9168.14,2650.18
ITEM0002142,ORD003462,PROD0004,1,0.05,6291.1,5976.55,841.06
ITEM0002143,ORD000870,PROD0082,2,0,2699.36,2699.36,1114.64
ITEM0002144,ORD002433,PROD0079,3,0.1,26821.11,24139,8174.44
ITEM0002145,ORD001288,PROD0028,4,0.2,27689.28,22151.42,-1155.94
ITEM0002146,ORD003442,PROD0074,2,0.05,30215.92,28705.12,8876.12
ITEM0002147,ORD002089,PROD0170,1,0.1,5722.88,5150.59,1784.9
ITEM0002148,ORD004743,PROD0117,1,0,3692.06,3692.06,706.8
ITEM0002149,ORD002310,PROD0014,1,0.05,6126.24,5819.93,2178.8
ITEM0002150,ORD003916,PROD0044,1,0.1,21268.21,19141.39,3921.61
ITEM0002151,ORD001292,PROD0059,2,0.15,8782.06,7464.75,1814.15
ITEM0002152,ORD002960,PROD0130,2,0.1,16721.5,15049.35,3090.51
ITEM0002153,ORD000915,PROD0042,1,0.05,21135.45,20078.68,5797.77
ITEM0002154,ORD002167,PROD0136,5,0.1,101446.35,91301.72,3160.22
ITEM0002155,ORD000694,PROD0152,2,0.15,29809.88,25338.4,7043.56
ITEM0002156,ORD004829,PROD0077,3,0.05,43333.41,41166.74,15930.44
ITEM0002157,ORD000677,PROD0099,2,0.05,6441.76,6119.67,1031.21
ITEM0002158,ORD004771,PROD0018,2,0.15,28228.6,23994.31,5917.21
ITEM0002159,ORD002264,PROD0081,3,0.05,18912.36,17966.74,7035.22
ITEM0002160,ORD002402,PROD0077,1,0.15,14444.47,12277.8,3865.7
ITEM0002161,ORD001183,PROD0061,3,0,6983.07,6983.07,2305.44
ITEM0002162,ORD002113,PROD0019,4,0,7076.2,7076.2,2471.52
ITEM0002163,ORD001280,PROD0219,2,0.05,54012.64,51312.01,16682.43
ITEM0002164,ORD004411,PROD0094,1,0.1,23049.93,20744.94,3440.3
ITEM0002165,ORD000077,PROD0202,1,0.1,18724.77,16852.29,5786.63
ITEM0002166,ORD003999,PROD0154,2,0.15,8860.12,7531.1,2235.4
ITEM0002167,ORD001024,PROD0176,1,0.1,9424.1,8481.69,1523.7
ITEM0002168,ORD000357,PROD0192,4,0.1,11864.84,10678.36,733.36
ITEM0002169,ORD001872,PROD0109,1,0.15,11612.58,9870.69,2220.17
ITEM0002170,ORD002816,PROD0012,2,0.2,24357.5,19486,5379.84
ITEM0002171,ORD000229,PROD0015,2,0.05,12154.28,11546.57,2929.55
ITEM0002172,ORD000629,PROD0119,1,0.15,2687.17,2284.09,97.52
ITEM0002173,ORD004058,PROD0062,1,0.15,2328.45,1979.18,374.56
ITEM0002174,ORD000352,PROD0173,1,0.1,12794.95,11515.46,2333
ITEM0002175,ORD001816,PROD0170,1,0.15,5722.88,4864.45,1498.76
ITEM0002176,ORD004813,PROD0159,1,0.1,4856.74,4371.07,697.12
ITEM0002177,ORD000720,PROD0099,3,0.05,9662.64,9179.51,1546.82
ITEM0002178,ORD002652,PROD0216,1,0.05,9615.86,9135.07,1909.56
ITEM0002179,ORD001468,PROD0184,1,0.2,5590.8,4472.64,886.29
ITEM0002180,ORD001649,PROD0033,2,0.15,34790.66,29572.06,5832.16
ITEM0002181,ORD004014,PROD0176,3,0.05,28272.3,26858.69,5984.72
ITEM0002182,ORD000740,PROD0091,2,0.1,26403.34,23763.01,8189.51
ITEM0002183,ORD003206,PROD0134,4,0,101402.64,101402.64,34627.72
ITEM0002184,ORD002938,PROD0191,1,0.1,18802.59,16922.33,1790.2
ITEM0002185,ORD002989,PROD0214,1,0.1,16367.22,14730.5,1640.6
ITEM0002186,ORD003452,PROD0107,2,0.1,28516.66,25664.99,7007.01
ITEM0002187,ORD002471,PROD0012,2,0.1,24357.5,21921.75,7815.59
ITEM0002188,ORD001958,PROD0100,1,0.1,21958.1,19762.29,2654.74
ITEM0002189,ORD002799,PROD0146,3,0.05,17855.25,16962.49,5526.31
ITEM0002190,ORD003386,PROD0030,3,0,26981.82,26981.82,9398.85
ITEM0002191,ORD001697,PROD0151,1,0.25,3389.73,2542.3,451.12
ITEM0002192,ORD001535,PROD0034,1,0.05,10057.78,9554.89,2909.83
ITEM0002193,ORD000612,PROD0131,1,0.05,3237.12,3075.26,1036.56
ITEM0002194,ORD003311,PROD0018,2,0,28228.6,28228.6,10151.5
ITEM0002195,ORD001191,PROD0165,2,0.2,29756.9,23805.52,1556.78
ITEM0002196,ORD003695,PROD0217,2,0.05,21668.48,20585.06,6813
ITEM0002197,ORD003178,PROD0149,1,0.05,16805.53,15965.25,3164.92
ITEM0002198,ORD003947,PROD0147,2,0.1,46022.26,41420.03,6509.09
ITEM0002199,ORD004969,PROD0105,2,0,26742.66,26742.66,7922.6
ITEM0002200,ORD003481,PROD0058,1,0,8639.1,8639.1,2836.95
ITEM0002201,ORD000418,PROD0067,2,0.05,19302.58,18337.45,5829.67
ITEM0002202,ORD001501,PROD0047,2,0.15,53347.66,45345.51,9956.35
ITEM0002203,ORD000644,PROD0109,1,0.05,11612.58,11031.95,3381.43
ITEM0002204,ORD000988,PROD0035,1,0.1,27570.44,24813.4,8096.41
ITEM0002205,ORD000082,PROD0029,1,0.05,13719.5,13033.52,3562.19
ITEM0002206,ORD000885,PROD0193,2,0.1,41188.72,37069.85,13329.75
ITEM0002207,ORD004116,PROD0109,1,0.25,11612.58,8709.43,1058.91
ITEM0002208,ORD000140,PROD0215,2,0.1,37162.1,33445.89,10267.25
ITEM0002209,ORD001854,PROD0208,1,0.1,15180.79,13662.71,4522.43
ITEM0002210,ORD001229,PROD0045,1,0.1,16341.12,14707.01,3724.24
ITEM0002211,ORD002854,PROD0107,1,0.1,14258.33,12832.5,3503.51
ITEM0002212,ORD002891,PROD0126,1,0.05,18387.7,17468.31,5344.45
ITEM0002213,ORD002371,PROD0043,2,0.1,29134.48,26221.03,6926.03
ITEM0002214,ORD000532,PROD0001,2,0.15,8215.98,6983.58,85.64
ITEM0002215,ORD000290,PROD0056,3,0,37811.61,37811.61,15179.4
ITEM0002216,ORD001665,PROD0005,1,0,1965.77,1965.77,269.44
ITEM0002217,ORD004291,PROD0045,2,0.05,32682.24,31048.13,9082.59
ITEM0002218,ORD003121,PROD0053,2,0.05,35829.02,34037.57,5459.89
ITEM0002219,ORD001879,PROD0202,1,0.1,18724.77,16852.29,5786.63
ITEM0002220,ORD000950,PROD0143,1,0.15,22087.39,18774.28,4407.48
ITEM0002221,ORD000106,PROD0063,3,0.1,33110.25,29799.23,3704.84
ITEM0002222,ORD003517,PROD0220,3,0.15,72770.7,61855.1,10210.67
ITEM0002223,ORD004774,PROD0085,1,0.25,26654.63,19990.97,4165.07
ITEM0002224,ORD001137,PROD0170,1,0.05,5722.88,5436.74,2071.05
ITEM0002225,ORD000525,PROD0182,1,0.1,27036.96,24333.26,8353.53
ITEM0002226,ORD001341,PROD0129,2,0.1,36125.48,32512.93,2128.71
ITEM0002227,ORD004939,PROD0008,3,0.05,50026.26,47524.95,5585.85
ITEM0002228,ORD003206,PROD0109,1,0.05,11612.58,11031.95,3381.43
ITEM0002229,ORD002489,PROD0123,1,0,16606.26,16606.26,5420.05
ITEM0002230,ORD002018,PROD0041,1,0.15,19120.67,16252.57,4085.66
ITEM0002231,ORD004764,PROD0132,1,0,19751.1,19751.1,6695.69
ITEM0002232,ORD001648,PROD0176,1,0,9424.1,9424.1,2466.11
ITEM0002233,ORD001418,PROD0171,2,0.05,20968.6,19920.17,2287.93
ITEM0002234,ORD000253,PROD0214,1,0.05,16367.22,15548.86,2458.96
ITEM0002235,ORD002827,PROD0163,2,0.1,2309.14,2078.23,100.21
ITEM0002236,ORD000882,PROD0169,1,0.15,4480.93,3808.79,1153.3
ITEM0002237,ORD002810,PROD0033,3,0.1,52185.99,46967.39,11357.54
ITEM0002238,ORD002704,PROD0107,1,0,14258.33,14258.33,4929.34
ITEM0002239,ORD002805,PROD0013,3,0.15,59598.9,50659.06,10382.68
ITEM0002240,ORD002045,PROD0014,1,0.1,6126.24,5513.62,1872.49
ITEM0002241,ORD004551,PROD0016,1,0,9295,9295,2122.12
ITEM0002242,ORD003261,PROD0085,1,0.15,26654.63,22656.44,6830.54
ITEM0002243,ORD002393,PROD0204,2,0,22243.9,22243.9,9435.44
ITEM0002244,ORD002913,PROD0041,2,0.1,38241.34,34417.21,10083.39
ITEM0002245,ORD004140,PROD0061,1,0.2,2327.69,1862.15,302.94
ITEM0002246,ORD000033,PROD0183,1,0,16951.92,16951.92,5028.93
ITEM0002247,ORD004810,PROD0120,1,0.1,432.78,389.5,90.74
ITEM0002248,ORD004706,PROD0023,1,0.15,14900.6,12665.51,2567.79
ITEM0002249,ORD003345,PROD0220,1,0.1,24256.9,21831.21,4616.4
ITEM0002250,ORD002838,PROD0036,1,0.25,10450.84,7838.13,1290.34
ITEM0002251,ORD001097,PROD0181,4,0.15,36563,31078.55,7289.91
ITEM0002252,ORD000890,PROD0215,2,0.05,37162.1,35303.99,12125.35
ITEM0002253,ORD002203,PROD0182,4,0.1,108147.84,97333.06,33414.14
ITEM0002254,ORD000195,PROD0220,4,0.1,97027.6,87324.84,18465.6
ITEM0002255,ORD004604,PROD0220,1,0.15,24256.9,20618.37,3403.56
ITEM0002256,ORD001555,PROD0172,3,0.15,60305.58,51259.74,5551.35
ITEM0002257,ORD002621,PROD0118,1,0.15,8894.09,7559.98,1959.51
ITEM0002258,ORD003353,PROD0102,1,0.2,20719.66,16575.73,4169.23
ITEM0002259,ORD004443,PROD0138,3,0.05,3651.93,3469.33,783.67
ITEM0002260,ORD002785,PROD0005,2,0.2,3931.54,3145.23,-247.43
ITEM0002261,ORD000279,PROD0182,3,0.15,81110.88,68944.25,21005.06
ITEM0002262,ORD003011,PROD0153,1,0.1,8892.34,8003.11,1828.23
ITEM0002263,ORD003634,PROD0132,1,0.2,19751.1,15800.88,2745.47
ITEM0002264,ORD004623,PROD0179,2,0.15,6418.56,5455.78,1198.44
ITEM0002265,ORD002987,PROD0194,2,0.05,52250.2,49637.69,18649.81
ITEM0002266,ORD000126,PROD0030,2,0.05,17987.88,17088.49,5366.51
ITEM0002267,ORD001264,PROD0164,1,0.1,8356.56,7520.9,566.79
ITEM0002268,ORD000869,PROD0144,2,0.1,47303.2,42572.88,10441.5
ITEM0002269,ORD003357,PROD0009,2,0.1,48503.14,43652.83,14202.57
ITEM0002270,ORD000341,PROD0113,1,0.1,19139.62,17225.66,1330.39
ITEM0002271,ORD000239,PROD0220,3,0.2,72770.7,58216.56,6572.13
ITEM0002272,ORD001759,PROD0141,4,0,39281.28,39281.28,14492.48
ITEM0002273,ORD000547,PROD0041,1,0.2,19120.67,15296.54,3129.63
ITEM0002274,ORD003498,PROD0102,3,0.1,62158.98,55943.08,18723.58
ITEM0002275,ORD001801,PROD0114,1,0,15856.44,15856.44,2903.17
ITEM0002276,ORD003636,PROD0058,1,0.05,8639.1,8207.15,2405
ITEM0002277,ORD001834,PROD0097,1,0.1,10186.82,9168.14,2650.18
ITEM0002278,ORD003769,PROD0164,1,0.1,8356.56,7520.9,566.79
ITEM0002279,ORD000021,PROD0089,1,0.15,9991.19,8492.51,363.4
ITEM0002280,ORD004018,PROD0207,1,0.15,22221.53,18888.3,4312.89
ITEM0002281,ORD001588,PROD0151,1,0.1,3389.73,3050.76,959.58
ITEM0002282,ORD002603,PROD0067,1,0.1,9651.29,8686.16,2432.27
ITEM0002283,ORD004924,PROD0063,1,0.05,11036.75,10484.91,1786.78
ITEM0002284,ORD004891,PROD0002,2,0.15,29285.4,24892.59,2593.17
ITEM0002285,ORD002800,PROD0070,5,0.2,113479.55,90783.64,22490.69
ITEM0002286,ORD004364,PROD0127,2,0.05,55653.26,52870.6,18078.64
ITEM0002287,ORD000411,PROD0194,1,0.2,26125.1,20900.08,5406.14
ITEM0002288,ORD003513,PROD0137,1,0.15,16943.68,14402.13,1106.7
ITEM0002289,ORD002708,PROD0055,5,0,8795.65,8795.65,1364.1
ITEM0002290,ORD004832,PROD0206,1,0.15,1692.87,1438.94,258.33
ITEM0002291,ORD003438,PROD0033,1,0.25,17395.33,13046.5,1176.55
ITEM0002292,ORD004165,PROD0013,2,0.1,39732.6,35759.34,8908.42
ITEM0002293,ORD004225,PROD0014,1,0.15,6126.24,5207.3,1566.17
ITEM0002294,ORD002408,PROD0099,1,0.05,3220.88,3059.84,515.61
ITEM0002295,ORD003825,PROD0197,2,0,33684.2,33684.2,8001.46
ITEM0002296,ORD000577,PROD0149,2,0.2,33611.06,26888.85,1288.19
ITEM0002297,ORD000287,PROD0116,1,0.1,9463.74,8517.37,1651.45
ITEM0002298,ORD002624,PROD0066,1,0.2,2931.28,2345.02,248.48
ITEM0002299,ORD001899,PROD0162,1,0.1,12988.13,11689.32,1321.75
ITEM0002300,ORD001999,PROD0217,1,0.1,10834.24,9750.82,2864.79
ITEM0002301,ORD004701,PROD0163,4,0.1,4618.28,4156.45,200.41
ITEM0002302,ORD002264,PROD0027,1,0.1,24200.54,21780.49,5878.34
ITEM0002303,ORD002605,PROD0148,1,0,14269.11,14269.11,3957.12
ITEM0002304,ORD001795,PROD0037,1,0.2,19432.4,15545.92,706.24
ITEM0002305,ORD002869,PROD0076,1,0.1,1470.09,1323.08,165.91
ITEM0002306,ORD002074,PROD0168,2,0,38917.32,38917.32,14225.62
ITEM0002307,ORD000556,PROD0027,1,0.2,24200.54,19360.43,3458.28
ITEM0002308,ORD000343,PROD0051,2,0.1,41654.68,37489.21,5445.03
ITEM0002309,ORD000118,PROD0148,1,0.1,14269.11,12842.2,2530.21
ITEM0002310,ORD002316,PROD0017,3,0.05,46300.02,43985.02,6736.27
ITEM0002311,ORD003674,PROD0160,2,0.15,12360.26,10506.22,574.3
ITEM0002312,ORD000298,PROD0187,2,0.15,4052.14,3444.32,1047.52
ITEM0002313,ORD001143,PROD0064,2,0.15,35440.88,30124.75,9852.51
ITEM0002314,ORD003431,PROD0120,1,0.1,432.78,389.5,90.74
ITEM0002315,ORD003173,PROD0213,1,0.15,18966.99,16121.94,2552.46
ITEM0002316,ORD004729,PROD0082,3,0.15,4049.04,3441.68,1064.6
ITEM0002317,ORD001655,PROD0200,4,0.05,40273.04,38259.39,4612.75
ITEM0002318,ORD001741,PROD0145,2,0.25,40008.1,30006.07,-84.11
ITEM0002319,ORD004507,PROD0056,2,0.05,25207.74,23947.35,8859.21
ITEM0002320,ORD001593,PROD0006,2,0.1,41037.32,36933.59,8613.19
ITEM0002321,ORD003338,PROD0062,1,0.15,2328.45,1979.18,374.56
ITEM0002322,ORD001676,PROD0163,2,0.1,2309.14,2078.23,100.21
ITEM0002323,ORD003668,PROD0181,1,0.05,9140.75,8683.71,2736.55
ITEM0002324,ORD003129,PROD0063,1,0.15,11036.75,9381.24,683.11
ITEM0002325,ORD003866,PROD0032,1,0.05,2527.95,2401.55,403.12
ITEM0002326,ORD000655,PROD0142,1,0.05,5869.7,5576.21,2019.45
ITEM0002327,ORD000864,PROD0020,3,0.1,35466.15,31919.53,5453.11
ITEM0002328,ORD000463,PROD0088,1,0.1,11290.59,10161.53,2602.92
ITEM0002329,ORD003706,PROD0127,1,0,27826.63,27826.63,10430.65
ITEM0002330,ORD004577,PROD0142,2,0.15,11739.4,9978.49,2864.97
ITEM0002331,ORD001866,PROD0016,4,0.1,37180,33462,4770.48
ITEM0002332,ORD003637,PROD0082,3,0.05,4049.04,3846.59,1469.51
ITEM0002333,ORD002929,PROD0129,2,0.2,36125.48,28900.38,-1483.84
ITEM0002334,ORD001952,PROD0174,3,0.05,35941.95,34144.85,4006.22
ITEM0002335,ORD000107,PROD0097,1,0.1,10186.82,9168.14,2650.18
ITEM0002336,ORD000908,PROD0153,3,0,26677.02,26677.02,8152.38
ITEM0002337,ORD004892,PROD0121,2,0,13057.16,13057.16,4371.6
ITEM0002338,ORD002652,PROD0088,2,0.1,22581.18,20323.06,5205.84
ITEM0002339,ORD001552,PROD0104,1,0.15,12239.72,10403.76,3260.58
ITEM0002340,ORD003905,PROD0067,2,0,19302.58,19302.58,6794.8
ITEM0002341,ORD002533,PROD0081,1,0.05,6304.12,5988.91,2345.07
ITEM0002342,ORD001456,PROD0091,1,0.05,13201.67,12541.59,4754.84
ITEM0002343,ORD002435,PROD0174,3,0.15,35941.95,30550.66,412.03
ITEM0002344,ORD004357,PROD0038,5,0.05,9446.85,8974.51,1591.51
ITEM0002345,ORD003435,PROD0168,3,0.1,58375.98,52538.38,15500.83
ITEM0002346,ORD000398,PROD0182,1,0.1,27036.96,24333.26,8353.53
ITEM0002347,ORD000854,PROD0196,4,0.15,23181.8,19704.53,3203.41
ITEM0002348,ORD002578,PROD0189,1,0.2,17795.34,14236.27,2952.43
ITEM0002349,ORD001903,PROD0140,3,0,24247.17,24247.17,7863.9
ITEM0002350,ORD003768,PROD0110,1,0.1,12896.87,11607.18,3219.85
ITEM0002351,ORD000304,PROD0167,1,0.1,24925.25,22432.73,7786.44
ITEM0002352,ORD004359,PROD0003,4,0.1,2017.76,1815.98,105.7
ITEM0002353,ORD004129,PROD0189,1,0,17795.34,17795.34,6511.5
ITEM0002354,ORD004776,PROD0058,1,0.05,8639.1,8207.15,2405
ITEM0002355,ORD000496,PROD0046,2,0.05,18567.88,17639.49,4576.79
ITEM0002356,ORD003509,PROD0014,1,0.1,6126.24,5513.62,1872.49
ITEM0002357,ORD002819,PROD0097,1,0.05,10186.82,9677.48,3159.52
ITEM0002358,ORD001693,PROD0200,2,0,20136.52,20136.52,3313.2
ITEM0002359,ORD002463,PROD0160,4,0.05,24720.52,23484.49,3620.65
ITEM0002360,ORD002285,PROD0197,1,0,16842.1,16842.1,4000.73
ITEM0002361,ORD000632,PROD0082,3,0.15,4049.04,3441.68,1064.6
ITEM0002362,ORD003855,PROD0219,2,0.2,54012.64,43210.11,8580.53
ITEM0002363,ORD001094,PROD0104,1,0.1,12239.72,11015.75,3872.57
ITEM0002364,ORD001660,PROD0206,1,0.05,1692.87,1608.23,427.62
ITEM0002365,ORD001191,PROD0119,1,0,2687.17,2687.17,500.6
ITEM0002366,ORD004304,PROD0192,2,0.15,5932.42,5042.56,70.06
ITEM0002367,ORD004189,PROD0162,1,0.2,12988.13,10390.5,22.93
ITEM0002368,ORD002056,PROD0124,1,0.15,4219.98,3586.98,850.23
ITEM0002369,ORD001767,PROD0162,1,0.05,12988.13,12338.72,1971.15
ITEM0002370,ORD004559,PROD0089,2,0.05,19982.38,18983.26,2725.04
ITEM0002371,ORD004590,PROD0194,1,0.15,26125.1,22206.33,6712.39
ITEM0002372,ORD001519,PROD0106,2,0.1,26013.54,23412.19,4661.89
ITEM0002373,ORD001551,PROD0032,2,0,5055.9,5055.9,1059.04
ITEM0002374,ORD004686,PROD0072,1,0.15,10173.22,8647.24,2415.82
ITEM0002375,ORD001440,PROD0180,1,0.1,5579.14,5021.23,1784.19
ITEM0002376,ORD000008,PROD0196,5,0.05,28977.25,27528.39,6901.99
ITEM0002377,ORD002856,PROD0062,2,0.05,4656.9,4424.05,1214.81
ITEM0002378,ORD000777,PROD0129,1,0.05,18062.74,17159.6,1967.49
ITEM0002379,ORD002280,PROD0017,3,0.1,46300.02,41670.02,4421.27
ITEM0002380,ORD002608,PROD0138,3,0.2,3651.93,2921.54,235.88
ITEM0002381,ORD001959,PROD0022,1,0,7998.44,7998.44,1500.08
ITEM0002382,ORD001903,PROD0089,1,0,9991.19,9991.19,1862.08
ITEM0002383,ORD001299,PROD0130,1,0.1,8360.75,7524.68,1545.26
ITEM0002384,ORD002674,PROD0171,1,0.1,10484.3,9435.87,619.75
ITEM0002385,ORD002527,PROD0115,2,0.15,5065.34,4305.54,1088.16
ITEM0002386,ORD003116,PROD0093,1,0.1,9683.07,8714.76,2943.41
ITEM0002387,ORD004127,PROD0150,2,0.1,28140,25326,8969.68
ITEM0002388,ORD000757,PROD0050,1,0.15,2523.89,2145.31,375.68
ITEM0002389,ORD003004,PROD0016,2,0,18590,18590,4244.24
ITEM0002390,ORD004423,PROD0105,3,0.05,40113.99,38108.29,9878.2
ITEM0002391,ORD002394,PROD0161,1,0.1,5144.07,4629.66,847.79
ITEM0002392,ORD000415,PROD0176,2,0.15,18848.2,16020.97,2104.99
ITEM0002393,ORD004410,PROD0045,1,0.1,16341.12,14707.01,3724.24
ITEM0002394,ORD002962,PROD0140,1,0.1,8082.39,7274.15,1813.06
ITEM0002395,ORD002372,PROD0102,1,0.15,20719.66,17611.71,5205.21
ITEM0002396,ORD001749,PROD0101,1,0.05,2158.69,2050.76,785.6
ITEM0002397,ORD002000,PROD0005,3,0.05,5897.31,5602.44,513.45
ITEM0002398,ORD000344,PROD0027,1,0.15,24200.54,20570.46,4668.31
ITEM0002399,ORD001248,PROD0132,2,0.05,39502.2,37527.09,11416.27
ITEM0002400,ORD001700,PROD0180,3,0.05,16737.42,15900.55,6189.43
ITEM0002401,ORD000403,PROD0132,3,0.05,59253.3,56290.63,17124.4
ITEM0002402,ORD004093,PROD0073,2,0.1,19214.9,17293.41,5238.95
ITEM0002403,ORD003549,PROD0207,5,0.05,111107.65,105552.27,32675.22
ITEM0002404,ORD001824,PROD0220,5,0,121284.5,121284.5,35210.45
ITEM0002405,ORD000779,PROD0016,2,0.1,18590,16731,2385.24
ITEM0002406,ORD003181,PROD0106,1,0.05,13006.77,12356.43,2981.28
ITEM0002407,ORD001466,PROD0193,4,0.1,82377.44,74139.7,26659.5
ITEM0002408,ORD002973,PROD0215,1,0,18581.05,18581.05,6991.73
ITEM0002409,ORD000022,PROD0137,2,0.1,33887.36,30498.62,3907.76
ITEM0002410,ORD003100,PROD0039,1,0.1,12140.61,10926.55,1319.18
ITEM0002411,ORD000623,PROD0196,3,0.1,17386.35,15647.71,3271.87
ITEM0002412,ORD004190,PROD0080,2,0,46904.84,46904.84,14350.06
ITEM0002413,ORD003135,PROD0188,5,0.1,13495.3,12145.77,1916.82
ITEM0002414,ORD000359,PROD0190,2,0,34299.76,34299.76,10396.2
ITEM0002415,ORD003191,PROD0002,1,0.1,14642.7,13178.43,2028.72
ITEM0002416,ORD000852,PROD0114,1,0.1,15856.44,14270.8,1317.53
ITEM0002417,ORD001633,PROD0131,3,0.1,9711.36,8740.22,2624.12
ITEM0002418,ORD003111,PROD0211,1,0.05,7478,7104.1,2342.45
ITEM0002419,ORD000595,PROD0007,1,0.1,9933.55,8940.19,2942.13
ITEM0002420,ORD004471,PROD0140,1,0.25,8082.39,6061.79,600.7
ITEM0002421,ORD001810,PROD0218,3,0.2,1497.78,1198.22,320.45
ITEM0002422,ORD003528,PROD0090,1,0,20748.86,20748.86,5211.29
ITEM0002423,ORD002244,PROD0040,3,0.15,44933.88,38193.8,7932.95
ITEM0002424,ORD004688,PROD0050,1,0.15,2523.89,2145.31,375.68
ITEM0002425,ORD000115,PROD0118,1,0,8894.09,8894.09,3293.62
ITEM0002426,ORD000126,PROD0176,1,0,9424.1,9424.1,2466.11
ITEM0002427,ORD004226,PROD0096,1,0.05,16589.06,15759.61,4827.18
ITEM0002428,ORD000210,PROD0089,2,0.15,19982.38,16985.02,726.8
ITEM0002429,ORD003487,PROD0112,1,0.05,9574.88,9096.14,1972.38
ITEM0002430,ORD002784,PROD0060,4,0.1,21498.44,19348.6,3109.52
ITEM0002431,ORD001000,PROD0128,2,0.05,37224.94,35363.69,7660.23
ITEM0002432,ORD004710,PROD0195,1,0.05,11548.65,10971.22,2748.47
ITEM0002433,ORD000541,PROD0044,2,0.15,42536.42,36155.96,5716.4
ITEM0002434,ORD004526,PROD0178,1,0.15,4937.23,4196.65,1014.96
ITEM0002435,ORD004744,PROD0046,1,0.15,9283.94,7891.35,1360
ITEM0002436,ORD001474,PROD0130,4,0.2,33443,26754.4,2836.72
ITEM0002437,ORD000592,PROD0092,2,0.05,17128.62,16272.19,4733.13
ITEM0002438,ORD004170,PROD0151,3,0.1,10169.19,9152.27,2878.73
ITEM0002439,ORD001137,PROD0029,3,0.15,41158.5,34984.72,6570.73
ITEM0002440,ORD004486,PROD0001,1,0.15,4107.99,3491.79,42.82
ITEM0002441,ORD003417,PROD0156,1,0.05,262.65,249.52,95.87
ITEM0002442,ORD000373,PROD0218,1,0,499.26,499.26,206.67
ITEM0002443,ORD001868,PROD0183,1,0.15,16951.92,14409.13,2486.14
ITEM0002444,ORD004917,PROD0017,1,0.1,15433.34,13890.01,1473.76
ITEM0002445,ORD001955,PROD0014,1,0.2,6126.24,4900.99,1259.86
ITEM0002446,ORD001383,PROD0094,1,0.15,23049.93,19592.44,2287.8
ITEM0002447,ORD003985,PROD0065,2,0.15,13661.72,11612.46,1909.8
ITEM0002448,ORD001964,PROD0144,1,0.2,23651.6,18921.28,2855.59
ITEM0002449,ORD002423,PROD0013,2,0.2,39732.6,31786.08,4935.16
ITEM0002450,ORD001901,PROD0124,2,0.05,8439.96,8017.96,2544.46
ITEM0002451,ORD001725,PROD0153,2,0.05,17784.68,16895.45,4545.69
ITEM0002452,ORD004606,PROD0194,1,0.1,26125.1,23512.59,8018.65
ITEM0002453,ORD001566,PROD0058,5,0.1,43195.5,38875.95,9865.2
ITEM0002454,ORD002087,PROD0211,1,0.1,7478,6730.2,1968.55
ITEM0002455,ORD002014,PROD0213,1,0.1,18966.99,17070.29,3500.81
ITEM0002456,ORD004222,PROD0082,3,0.05,4049.04,3846.59,1469.51
ITEM0002457,ORD000469,PROD0194,3,0.2,78375.3,62700.24,16218.42
ITEM0002458,ORD004188,PROD0219,1,0,27006.32,27006.32,9691.53
ITEM0002459,ORD004789,PROD0008,3,0,50026.26,50026.26,8087.16
ITEM0002460,ORD001027,PROD0055,1,0,1759.13,1759.13,272.82
ITEM0002461,ORD000487,PROD0158,1,0.05,775.02,736.27,253.42
ITEM0002462,ORD002107,PROD0121,2,0.05,13057.16,12404.3,3718.74
ITEM0002463,ORD000879,PROD0178,1,0,4937.23,4937.23,1755.54
ITEM0002464,ORD002060,PROD0219,2,0,54012.64,54012.64,19383.06
ITEM0002465,ORD002099,PROD0092,1,0.1,8564.31,7707.88,1938.35
ITEM0002466,ORD004130,PROD0177,1,0.2,19947.36,15957.89,1822.98
ITEM0002467,ORD003246,PROD0085,2,0.1,53309.26,47978.33,16326.53
ITEM0002468,ORD001705,PROD0123,1,0.05,16606.26,15775.95,4589.74
ITEM0002469,ORD003100,PROD0104,1,0,12239.72,12239.72,5096.54
ITEM0002470,ORD001107,PROD0057,1,0.15,17494.25,14870.11,3430.85
ITEM0002471,ORD002394,PROD0218,3,0.1,1497.78,1348,470.23
ITEM0002472,ORD000849,PROD0038,1,0,1889.37,1889.37,412.77
ITEM0002473,ORD000013,PROD0050,1,0.1,2523.89,2271.5,501.87
ITEM0002474,ORD004105,PROD0164,1,0.15,8356.56,7103.08,148.97
ITEM0002475,ORD001088,PROD0203,2,0.2,27830.8,22264.64,5832.04
ITEM0002476,ORD002311,PROD0002,1,0.1,14642.7,13178.43,2028.72
ITEM0002477,ORD002991,PROD0030,1,0,8993.94,8993.94,3132.95
ITEM0002478,ORD004979,PROD0199,2,0.1,36193.36,32574.02,11617.18
ITEM0002479,ORD003614,PROD0096,1,0.2,16589.06,13271.25,2338.82
ITEM0002480,ORD003431,PROD0144,1,0.1,23651.6,21286.44,5220.75
ITEM0002481,ORD000421,PROD0056,2,0,25207.74,25207.74,10119.6
ITEM0002482,ORD001609,PROD0103,1,0,21191.12,21191.12,7201.35
ITEM0002483,ORD002582,PROD0039,1,0.1,12140.61,10926.55,1319.18
ITEM0002484,ORD000550,PROD0064,1,0.1,17720.44,15948.4,5812.28
ITEM0002485,ORD002193,PROD0041,2,0.15,38241.34,32505.14,8171.32
ITEM0002486,ORD004221,PROD0059,2,0.05,8782.06,8342.96,2692.36
ITEM0002487,ORD001714,PROD0160,2,0.05,12360.26,11742.25,1810.33
ITEM0002488,ORD004911,PROD0094,1,0.1,23049.93,20744.94,3440.3
ITEM0002489,ORD003254,PROD0011,2,0.1,26892.2,24202.98,7526.66
ITEM0002490,ORD002833,PROD0049,1,0.15,24110.14,20493.62,3943.13
ITEM0002491,ORD003834,PROD0061,1,0.15,2327.69,1978.54,419.33
ITEM0002492,ORD000762,PROD0022,1,0.15,7998.44,6798.67,300.31
ITEM0002493,ORD004005,PROD0214,2,0.1,32734.44,29461,3281.2
ITEM0002494,ORD002696,PROD0070,2,0.05,45391.82,43122.23,15805.05
ITEM0002495,ORD003683,PROD0220,1,0.05,24256.9,23044.06,5829.25
ITEM0002496,ORD004821,PROD0158,1,0.25,775.02,581.26,98.41
ITEM0002497,ORD003759,PROD0137,1,0.05,16943.68,16096.5,2801.07
ITEM0002498,ORD003190,PROD0087,2,0.2,38490.06,30792.05,4472.81
ITEM0002499,ORD001909,PROD0157,1,0.15,10189.54,8661.11,2608.56
ITEM0002500,ORD000257,PROD0170,1,0.1,5722.88,5150.59,1784.9
ITEM0002501,ORD000174,PROD0088,1,0.2,11290.59,9032.47,1473.86
ITEM0002502,ORD003289,PROD0139,3,0.15,54239.31,46103.41,11423.77
ITEM0002503,ORD000792,PROD0014,1,0.15,6126.24,5207.3,1566.17
ITEM0002504,ORD002404,PROD0208,1,0.1,15180.79,13662.71,4522.43
ITEM0002505,ORD002571,PROD0110,2,0.05,25793.74,24504.05,7729.39
ITEM0002506,ORD001758,PROD0009,1,0.15,24251.57,20613.83,5888.7
ITEM0002507,ORD001324,PROD0207,1,0.1,22221.53,19999.38,5423.97
ITEM0002508,ORD004148,PROD0117,2,0.15,7384.12,6276.5,305.98
ITEM0002509,ORD003477,PROD0148,2,0.05,28538.22,27111.31,6487.33
ITEM0002510,ORD004148,PROD0119,1,0.1,2687.17,2418.45,231.88
ITEM0002511,ORD002525,PROD0196,1,0,5795.45,5795.45,1670.17
ITEM0002512,ORD004408,PROD0220,1,0.25,24256.9,18192.68,977.87
ITEM0002513,ORD003438,PROD0116,4,0,37854.96,37854.96,10391.28
ITEM0002514,ORD001192,PROD0099,1,0.1,3220.88,2898.79,354.56
ITEM0002515,ORD001310,PROD0141,3,0.1,29460.96,26514.86,7923.26
ITEM0002516,ORD001177,PROD0216,2,0.15,19231.72,16346.96,1895.94
ITEM0002517,ORD001362,PROD0218,1,0.1,499.26,449.33,156.74
ITEM0002518,ORD004375,PROD0131,1,0.1,3237.12,2913.41,874.71
ITEM0002519,ORD002116,PROD0148,4,0.1,57076.44,51368.8,10120.84
ITEM0002520,ORD003313,PROD0007,2,0.05,19867.1,18873.74,6877.62
ITEM0002521,ORD002849,PROD0174,5,0.15,59903.25,50917.76,686.71
ITEM0002522,ORD003014,PROD0050,1,0.05,2523.89,2397.7,628.07
ITEM0002523,ORD002279,PROD0055,1,0.1,1759.13,1583.22,96.91
ITEM0002524,ORD001016,PROD0136,1,0.1,20289.27,18260.34,632.04
ITEM0002525,ORD004048,PROD0006,1,0,20518.66,20518.66,6358.46
ITEM0002526,ORD002093,PROD0066,2,0.2,5862.56,4690.05,496.97
ITEM0002527,ORD000783,PROD0070,2,0,45391.82,45391.82,18074.64
ITEM0002528,ORD000485,PROD0192,2,0,5932.42,5932.42,959.92
ITEM0002529,ORD003642,PROD0095,1,0,3539.61,3539.61,736.54
ITEM0002530,ORD001008,PROD0014,2,0.05,12252.48,11639.86,4357.6
ITEM0002531,ORD000331,PROD0114,2,0.1,31712.88,28541.59,2635.05
ITEM0002532,ORD001302,PROD0150,1,0.15,14070,11959.5,3781.34
ITEM0002533,ORD001446,PROD0188,2,0.1,5398.12,4858.31,766.73
ITEM0002534,ORD002705,PROD0192,2,0,5932.42,5932.42,959.92
ITEM0002535,ORD001689,PROD0191,1,0.25,18802.59,14101.94,-1030.19
ITEM0002536,ORD003977,PROD0148,3,0.1,42807.33,38526.6,7590.63
ITEM0002537,ORD003071,PROD0030,2,0.1,17987.88,16189.09,4467.11
ITEM0002538,ORD004888,PROD0123,2,0.15,33212.52,28230.64,5858.22
ITEM0002539,ORD003342,PROD0162,3,0.05,38964.39,37016.17,5913.46
ITEM0002540,ORD002260,PROD0115,2,0.05,5065.34,4812.07,1594.69
ITEM0002541,ORD003781,PROD0215,2,0.25,37162.1,27871.57,4692.93
ITEM0002542,ORD001994,PROD0171,1,0,10484.3,10484.3,1668.18
ITEM0002543,ORD000491,PROD0215,2,0.05,37162.1,35303.99,12125.35
ITEM0002544,ORD004809,PROD0191,2,0.05,37605.18,35724.92,5460.66
ITEM0002545,ORD004835,PROD0015,2,0.1,12154.28,10938.85,2321.83
ITEM0002546,ORD004060,PROD0118,1,0.05,8894.09,8449.39,2848.92
ITEM0002547,ORD003288,PROD0001,2,0,8215.98,8215.98,1318.04
ITEM0002548,ORD002372,PROD0058,2,0.05,17278.2,16414.29,4809.99
ITEM0002549,ORD001293,PROD0090,1,0.15,20748.86,17636.53,2098.96
ITEM0002550,ORD000383,PROD0076,1,0.2,1470.09,1176.07,18.9
ITEM0002551,ORD003351,PROD0175,1,0.1,13788.03,12409.23,1746.83
ITEM0002552,ORD002885,PROD0038,1,0.25,1889.37,1417.03,-59.57
ITEM0002553,ORD003587,PROD0029,5,0.2,68597.5,54878,7521.35
ITEM0002554,ORD004716,PROD0181,2,0.1,18281.5,16453.35,4559.03
ITEM0002555,ORD003597,PROD0111,1,0.2,4956.44,3965.15,663.65
ITEM0002556,ORD000076,PROD0106,3,0.15,39020.31,33167.26,5041.81
ITEM0002557,ORD001462,PROD0179,1,0.1,3209.28,2888.35,759.68
ITEM0002558,ORD004977,PROD0007,2,0.05,19867.1,18873.74,6877.62
ITEM0002559,ORD004488,PROD0162,1,0.2,12988.13,10390.5,22.93
ITEM0002560,ORD003336,PROD0119,1,0.2,2687.17,2149.74,-36.83
ITEM0002561,ORD001376,PROD0218,3,0,1497.78,1497.78,620.01
ITEM0002562,ORD002849,PROD0080,1,0,23452.42,23452.42,7175.03
ITEM0002563,ORD001902,PROD0148,1,0.1,14269.11,12842.2,2530.21
ITEM0002564,ORD003449,PROD0070,3,0,68087.73,68087.73,27111.96
ITEM0002565,ORD003429,PROD0014,3,0.05,18378.72,17459.78,6536.39
ITEM0002566,ORD003829,PROD0132,1,0.1,19751.1,17775.99,4720.58
ITEM0002567,ORD001673,PROD0112,2,0.05,19149.76,18192.27,3944.75
ITEM0002568,ORD000881,PROD0082,2,0.15,2699.36,2294.46,709.74
ITEM0002569,ORD000269,PROD0170,3,0.05,17168.64,16310.21,6213.14
ITEM0002570,ORD000530,PROD0061,1,0.15,2327.69,1978.54,419.33
ITEM0002571,ORD003861,PROD0058,1,0,8639.1,8639.1,2836.95
ITEM0002572,ORD000455,PROD0209,3,0.1,19609.11,17648.2,2612.53
ITEM0002573,ORD003597,PROD0112,1,0.05,9574.88,9096.14,1972.38
ITEM0002574,ORD000035,PROD0084,1,0.1,7491.09,6741.98,2429.19
ITEM0002575,ORD002276,PROD0041,2,0.1,38241.34,34417.21,10083.39
ITEM0002576,ORD003375,PROD0145,1,0.05,20004.05,19003.85,3958.76
ITEM0002577,ORD001366,PROD0129,2,0.2,36125.48,28900.38,-1483.84
ITEM0002578,ORD003821,PROD0141,2,0.05,19640.64,18658.61,6264.21
ITEM0002579,ORD000556,PROD0062,4,0.1,9313.8,8382.42,1963.94
ITEM0002580,ORD002728,PROD0116,1,0,9463.74,9463.74,2597.82
ITEM0002581,ORD003098,PROD0199,3,0.15,54290.04,46146.53,14711.27
ITEM0002582,ORD004589,PROD0099,1,0.05,3220.88,3059.84,515.61
ITEM0002583,ORD003050,PROD0035,1,0.05,27570.44,26191.92,9474.93
ITEM0002584,ORD000248,PROD0113,1,0.15,19139.62,16268.68,373.41
ITEM0002585,ORD002994,PROD0128,1,0.2,18612.47,14889.98,1038.25
ITEM0002586,ORD001282,PROD0160,4,0,24720.52,24720.52,4856.68
ITEM0002587,ORD003265,PROD0137,1,0.15,16943.68,14402.13,1106.7
ITEM0002588,ORD002370,PROD0024,1,0.05,13202.39,12542.27,2720.59
ITEM0002589,ORD004807,PROD0150,3,0.2,42210,33768,9233.52
ITEM0002590,ORD004475,PROD0151,1,0,3389.73,3389.73,1298.55
ITEM0002591,ORD002605,PROD0144,1,0,23651.6,23651.6,7585.91
ITEM0002592,ORD003270,PROD0064,1,0,17720.44,17720.44,7584.32
ITEM0002593,ORD003137,PROD0166,1,0.1,28105.81,25295.23,7766.85
ITEM0002594,ORD000516,PROD0094,1,0.15,23049.93,19592.44,2287.8
ITEM0002595,ORD004812,PROD0194,1,0.2,26125.1,20900.08,5406.14
ITEM0002596,ORD000619,PROD0150,1,0.15,14070,11959.5,3781.34
ITEM0002597,ORD002052,PROD0151,1,0,3389.73,3389.73,1298.55
ITEM0002598,ORD001415,PROD0117,3,0.05,11076.18,10522.37,1566.59
ITEM0002599,ORD002058,PROD0207,3,0.1,66664.59,59998.13,16271.9
ITEM0002600,ORD000163,PROD0172,1,0.25,20101.86,15076.4,-159.73
ITEM0002601,ORD003467,PROD0177,1,0.05,19947.36,18949.99,4815.08
ITEM0002602,ORD002203,PROD0107,2,0.05,28516.66,27090.83,8432.85
ITEM0002603,ORD003086,PROD0020,1,0.2,11822.05,9457.64,635.5
ITEM0002604,ORD003536,PROD0198,1,0,797.03,797.03,117.39
ITEM0002605,ORD001157,PROD0033,3,0.15,52185.99,44358.09,8748.24
ITEM0002606,ORD003684,PROD0011,2,0.1,26892.2,24202.98,7526.66
ITEM0002607,ORD000020,PROD0028,1,0.1,6922.32,6230.09,403.25
ITEM0002608,ORD001375,PROD0150,2,0,28140,28140,11783.68
ITEM0002609,ORD004575,PROD0138,1,0.15,1217.31,1034.71,139.49
ITEM0002610,ORD004552,PROD0154,3,0.1,13290.18,11961.16,4017.61
ITEM0002611,ORD002018,PROD0115,2,0.2,5065.34,4052.27,834.89
ITEM0002612,ORD004537,PROD0171,2,0.15,20968.6,17823.31,191.07
ITEM0002613,ORD000979,PROD0208,1,0.1,15180.79,13662.71,4522.43
ITEM0002614,ORD000901,PROD0125,2,0.1,14463.96,13017.56,990.54
ITEM0002615,ORD000068,PROD0187,1,0.15,2026.07,1722.16,523.76
ITEM0002616,ORD002652,PROD0132,2,0.1,39502.2,35551.98,9441.16
ITEM0002617,ORD000098,PROD0085,3,0.2,79963.89,63971.11,16493.41
ITEM0002618,ORD004161,PROD0011,2,0.05,26892.2,25547.59,8871.27
ITEM0002619,ORD001578,PROD0056,1,0.15,12603.87,10713.29,3169.22
ITEM0002620,ORD002785,PROD0009,2,0.15,48503.14,41227.67,11777.41
ITEM0002621,ORD000396,PROD0087,1,0.2,19245.03,15396.02,2236.4
ITEM0002622,ORD001814,PROD0088,4,0.1,45162.36,40646.12,10411.68
ITEM0002623,ORD003540,PROD0208,3,0.1,45542.37,40988.13,13567.29
ITEM0002624,ORD001511,PROD0028,2,0.25,13844.64,10383.48,-1270.2
ITEM0002625,ORD000797,PROD0106,2,0.1,26013.54,23412.19,4661.89
ITEM0002626,ORD003425,PROD0006,3,0.2,61555.98,49244.78,6764.18
ITEM0002627,ORD000616,PROD0042,3,0.2,63406.35,50725.08,7882.35
ITEM0002628,ORD003524,PROD0115,3,0.15,7598.01,6458.31,1632.24
ITEM0002629,ORD001182,PROD0130,1,0.15,8360.75,7106.64,1127.22
ITEM0002630,ORD002841,PROD0145,2,0.05,40008.1,38007.69,7917.51
ITEM0002631,ORD001301,PROD0014,1,0.15,6126.24,5207.3,1566.17
ITEM0002632,ORD004172,PROD0211,2,0.15,14956,12712.6,3189.3
ITEM0002633,ORD004791,PROD0177,2,0.1,39894.72,35905.25,7635.43
ITEM0002634,ORD001411,PROD0100,1,0.1,21958.1,19762.29,2654.74
ITEM0002635,ORD000004,PROD0063,1,0.15,11036.75,9381.24,683.11
ITEM0002636,ORD002128,PROD0191,1,0.1,18802.59,16922.33,1790.2
ITEM0002637,ORD002900,PROD0127,2,0.15,55653.26,47305.27,12513.31
ITEM0002638,ORD003438,PROD0101,1,0.15,2158.69,1834.89,569.73
ITEM0002639,ORD004197,PROD0162,1,0,12988.13,12988.13,2620.56
ITEM0002640,ORD004708,PROD0160,1,0,6180.13,6180.13,1214.17
ITEM0002641,ORD001927,PROD0129,2,0.15,36125.48,30706.66,322.44
ITEM0002642,ORD002382,PROD0167,1,0.05,24925.25,23678.99,9032.7
ITEM0002643,ORD000324,PROD0136,1,0.15,20289.27,17245.88,-382.42
ITEM0002644,ORD004617,PROD0083,1,0.2,15580.33,12464.26,-955.22
ITEM0002645,ORD001042,PROD0217,1,0.1,10834.24,9750.82,2864.79
ITEM0002646,ORD001211,PROD0070,3,0.25,68087.73,51065.8,10090.03
ITEM0002647,ORD004527,PROD0126,1,0,18387.7,18387.7,6263.84
ITEM0002648,ORD001527,PROD0106,1,0.05,13006.77,12356.43,2981.28
ITEM0002649,ORD004658,PROD0094,3,0.2,69149.79,55319.83,3405.91
ITEM0002650,ORD002975,PROD0126,1,0.1,18387.7,16548.93,4425.07
ITEM0002651,ORD000972,PROD0130,2,0.1,16721.5,15049.35,3090.51
ITEM0002652,ORD004129,PROD0052,2,0.05,30732.98,29196.33,8590.07
ITEM0002653,ORD000297,PROD0133,1,0.05,12826.23,12184.92,4452.12
ITEM0002654,ORD002288,PROD0216,1,0.1,9615.86,8654.27,1428.76
ITEM0002655,ORD004219,PROD0136,1,0.1,20289.27,18260.34,632.04
ITEM0002656,ORD004178,PROD0032,2,0,5055.9,5055.9,1059.04
ITEM0002657,ORD003139,PROD0096,1,0.05,16589.06,15759.61,4827.18
ITEM0002658,ORD003035,PROD0171,3,0.1,31452.9,28307.61,1859.25
ITEM0002659,ORD001164,PROD0118,1,0,8894.09,8894.09,3293.62
ITEM0002660,ORD001967,PROD0107,2,0,28516.66,28516.66,9858.68
ITEM0002661,ORD001426,PROD0121,1,0.2,6528.58,5222.86,880.08
ITEM0002662,ORD001006,PROD0137,1,0.15,16943.68,14402.13,1106.7
ITEM0002663,ORD002822,PROD0087,2,0.1,38490.06,34641.05,8321.81
ITEM0002664,ORD004596,PROD0211,2,0.2,14956,11964.8,2441.5
ITEM0002665,ORD001319,PROD0201,4,0.15,54526,46347.1,12161.78
ITEM0002666,ORD001100,PROD0132,1,0.15,19751.1,16788.43,3733.02
ITEM0002667,ORD004073,PROD0021,2,0,41026.14,41026.14,11996.12
ITEM0002668,ORD001065,PROD0145,1,0.15,20004.05,17003.44,1958.35
ITEM0002669,ORD000146,PROD0035,2,0.1,55140.88,49626.79,16192.81
ITEM0002670,ORD004681,PROD0074,1,0.05,15107.96,14352.56,4438.06
ITEM0002671,ORD002989,PROD0171,1,0,10484.3,10484.3,1668.18
ITEM0002672,ORD002310,PROD0179,1,0,3209.28,3209.28,1080.61
ITEM0002673,ORD001778,PROD0048,4,0.15,28033.76,23828.7,1980.78
ITEM0002674,ORD001014,PROD0212,2,0.15,14945.2,12703.42,255.74
ITEM0002675,ORD003498,PROD0120,3,0.1,1298.34,1168.51,272.23
ITEM0002676,ORD003478,PROD0109,2,0.2,23225.16,18580.13,3279.09
ITEM0002677,ORD002106,PROD0121,1,0.1,6528.58,5875.72,1532.94
ITEM0002678,ORD000424,PROD0183,4,0,67807.68,67807.68,20115.72
ITEM0002679,ORD000504,PROD0076,1,0.05,1470.09,1396.59,239.42
ITEM0002680,ORD002051,PROD0064,2,0.15,35440.88,30124.75,9852.51
ITEM0002681,ORD001421,PROD0101,1,0,2158.69,2158.69,893.53
ITEM0002682,ORD004475,PROD0115,1,0.1,2532.67,2279.4,670.71
ITEM0002683,ORD002833,PROD0165,1,0.15,14878.45,12646.68,1522.31
ITEM0002684,ORD002315,PROD0037,1,0.05,19432.4,18460.78,3621.1
ITEM0002685,ORD001852,PROD0158,1,0.05,775.02,736.27,253.42
ITEM0002686,ORD002950,PROD0196,1,0.1,5795.45,5215.9,1090.62
ITEM0002687,ORD001487,PROD0117,1,0.05,3692.06,3507.46,522.2
ITEM0002688,ORD002778,PROD0013,1,0,19866.3,19866.3,6440.84
ITEM0002689,ORD004270,PROD0135,3,0.05,33608.55,31928.12,5211.08
ITEM0002690,ORD000818,PROD0073,2,0.1,19214.9,17293.41,5238.95
ITEM0002691,ORD000286,PROD0059,2,0.05,8782.06,8342.96,2692.36
ITEM0002692,ORD001887,PROD0150,3,0.15,42210,35878.5,11344.02
ITEM0002693,ORD004377,PROD0126,2,0.1,36775.4,33097.86,8850.14
ITEM0002694,ORD002440,PROD0046,3,0,27851.82,27851.82,8257.77
ITEM0002695,ORD002338,PROD0119,1,0.1,2687.17,2418.45,231.88
ITEM0002696,ORD004816,PROD0198,2,0.05,1594.06,1514.36,155.08
ITEM0002697,ORD004121,PROD0203,2,0.1,27830.8,25047.72,8615.12
ITEM0002698,ORD003890,PROD0015,3,0.1,18231.42,16408.28,3482.75
ITEM0002699,ORD002003,PROD0175,2,0.1,27576.06,24818.45,3493.65
ITEM0002700,ORD001978,PROD0034,2,0,20115.56,20115.56,6825.44
ITEM0002701,ORD002599,PROD0080,1,0.15,23452.42,19934.56,3657.17
ITEM0002702,ORD003885,PROD0152,4,0.1,59619.76,53657.78,17068.1
ITEM0002703,ORD003647,PROD0166,1,0.1,28105.81,25295.23,7766.85
ITEM0002704,ORD000560,PROD0134,5,0.1,126753.3,114077.97,30609.32
ITEM0002705,ORD003560,PROD0056,2,0.15,25207.74,21426.58,6338.44
ITEM0002706,ORD000643,PROD0058,3,0.05,25917.3,24621.44,7214.99
ITEM0002707,ORD002381,PROD0200,2,0.25,20136.52,15102.39,-1720.93
ITEM0002708,ORD004799,PROD0035,2,0,55140.88,55140.88,21706.9
ITEM0002709,ORD004590,PROD0086,2,0,11172.4,11172.4,2927.52
ITEM0002710,ORD002722,PROD0162,1,0.1,12988.13,11689.32,1321.75
ITEM0002711,ORD003774,PROD0055,1,0.1,1759.13,1583.22,96.91
ITEM0002712,ORD001128,PROD0103,2,0.1,42382.24,38144.02,10164.48
ITEM0002713,ORD004780,PROD0098,3,0.05,52938.39,50291.47,11773.33
ITEM0002714,ORD004610,PROD0160,3,0.1,18540.39,16686.35,1788.47
ITEM0002715,ORD004672,PROD0022,2,0.1,15996.88,14397.19,1400.47
ITEM0002716,ORD001260,PROD0208,3,0,45542.37,45542.37,18121.53
ITEM0002717,ORD000361,PROD0141,2,0,19640.64,19640.64,7246.24
ITEM0002718,ORD000248,PROD0025,2,0,3267.32,3267.32,638.78
ITEM0002719,ORD003341,PROD0171,1,0,10484.3,10484.3,1668.18
ITEM0002720,ORD001493,PROD0082,1,0.1,1349.68,1214.71,422.35
ITEM0002721,ORD004802,PROD0088,1,0.15,11290.59,9597,2038.39
ITEM0002722,ORD000351,PROD0145,2,0.1,40008.1,36007.29,5917.11
ITEM0002723,ORD000115,PROD0170,1,0,5722.88,5722.88,2357.19
ITEM0002724,ORD002173,PROD0162,4,0.1,51952.52,46757.27,5286.99
ITEM0002725,ORD003963,PROD0047,1,0.1,26673.83,24006.45,6311.87
ITEM0002726,ORD003964,PROD0220,2,0.1,48513.8,43662.42,9232.8
ITEM0002727,ORD004827,PROD0101,1,0.15,2158.69,1834.89,569.73
ITEM0002728,ORD001053,PROD0159,1,0.1,4856.74,4371.07,697.12
ITEM0002729,ORD000368,PROD0089,1,0,9991.19,9991.19,1862.08
ITEM0002730,ORD003808,PROD0040,2,0,29955.92,29955.92,9782.02
ITEM0002731,ORD001779,PROD0066,1,0.2,2931.28,2345.02,248.48
ITEM0002732,ORD002684,PROD0060,4,0.1,21498.44,19348.6,3109.52
ITEM0002733,ORD003666,PROD0175,1,0.1,13788.03,12409.23,1746.83
ITEM0002734,ORD002054,PROD0185,2,0,56631.62,56631.62,23552.52
ITEM0002735,ORD002743,PROD0137,3,0.05,50831.04,48289.49,8403.2
ITEM0002736,ORD001695,PROD0171,1,0.05,10484.3,9960.08,1143.96
ITEM0002737,ORD004836,PROD0113,2,0.05,38279.24,36365.28,4574.74
ITEM0002738,ORD003853,PROD0123,1,0.2,16606.26,13285.01,2098.8
ITEM0002739,ORD001494,PROD0131,1,0.15,3237.12,2751.55,712.85
ITEM0002740,ORD000700,PROD0170,5,0.1,28614.4,25752.96,8924.51
ITEM0002741,ORD003944,PROD0216,1,0.05,9615.86,9135.07,1909.56
ITEM0002742,ORD003378,PROD0155,2,0.15,8805.78,7484.91,-28.99
ITEM0002743,ORD002237,PROD0122,1,0.15,2269.53,1929.1,426.16
ITEM0002744,ORD000739,PROD0118,1,0.2,8894.09,7115.27,1514.8
ITEM0002745,ORD002375,PROD0197,1,0.05,16842.1,15999.99,3158.62
ITEM0002746,ORD004100,PROD0169,3,0.15,13442.79,11426.37,3459.9
ITEM0002747,ORD000414,PROD0056,1,0.15,12603.87,10713.29,3169.22
ITEM0002748,ORD003170,PROD0217,3,0.05,32502.72,30877.58,10219.49
ITEM0002749,ORD001183,PROD0093,1,0.1,9683.07,8714.76,2943.41
ITEM0002750,ORD003111,PROD0126,1,0.15,18387.7,15629.55,3505.69
ITEM0002751,ORD003888,PROD0144,2,0.15,47303.2,40207.72,8076.34
ITEM0002752,ORD004090,PROD0046,2,0.05,18567.88,17639.49,4576.79
ITEM0002753,ORD004878,PROD0077,3,0.15,43333.41,36833.4,11597.1
ITEM0002754,ORD002196,PROD0186,1,0.1,15961.48,14365.33,3842.86
ITEM0002755,ORD000590,PROD0047,2,0,53347.66,53347.66,17958.5
ITEM0002756,ORD004993,PROD0179,2,0.1,6418.56,5776.7,1519.36
ITEM0002757,ORD003317,PROD0172,4,0,80407.44,80407.44,19462.92
ITEM0002758,ORD004695,PROD0102,1,0.2,20719.66,16575.73,4169.23
ITEM0002759,ORD003616,PROD0086,1,0.05,5586.2,5306.89,1184.45
ITEM0002760,ORD001827,PROD0149,3,0,50416.59,50416.59,12015.6
ITEM0002761,ORD002609,PROD0017,2,0.15,30866.68,26236.68,1404.18
ITEM0002762,ORD003222,PROD0103,1,0,21191.12,21191.12,7201.35
ITEM0002763,ORD003227,PROD0052,1,0.15,15366.49,13061.52,2758.39
ITEM0002764,ORD000968,PROD0203,5,0.05,69577,66098.15,25016.65
ITEM0002765,ORD000633,PROD0100,1,0.1,21958.1,19762.29,2654.74
ITEM0002766,ORD003788,PROD0190,4,0.15,68599.52,58309.59,10502.47
ITEM0002767,ORD000455,PROD0077,3,0.1,43333.41,39000.07,13763.77
ITEM0002768,ORD000741,PROD0053,2,0.05,35829.02,34037.57,5459.89
ITEM0002769,ORD001601,PROD0177,2,0.15,39894.72,33910.51,5640.69
ITEM0002770,ORD002019,PROD0155,1,0.2,4402.89,3522.31,-234.64
ITEM0002771,ORD003955,PROD0161,3,0.15,15432.21,13117.38,1771.77
ITEM0002772,ORD004880,PROD0082,2,0.1,2699.36,2429.42,844.7
ITEM0002773,ORD003610,PROD0118,1,0,8894.09,8894.09,3293.62
ITEM0002774,ORD002954,PROD0077,1,0.1,14444.47,13000.02,4587.92
ITEM0002775,ORD000303,PROD0122,1,0.05,2269.53,2156.05,653.11
ITEM0002776,ORD004816,PROD0155,1,0.15,4402.89,3742.46,-14.49
ITEM0002777,ORD000788,PROD0084,1,0.1,7491.09,6741.98,2429.19
ITEM0002778,ORD003918,PROD0003,1,0,504.44,504.44,76.87
ITEM0002779,ORD002026,PROD0056,2,0.15,25207.74,21426.58,6338.44
ITEM0002780,ORD001738,PROD0033,1,0.1,17395.33,15655.8,3785.85
ITEM0002781,ORD003859,PROD0209,1,0,6536.37,6536.37,1524.48
ITEM0002782,ORD000528,PROD0064,1,0.1,17720.44,15948.4,5812.28
ITEM0002783,ORD004389,PROD0074,1,0.1,15107.96,13597.16,3682.66
ITEM0002784,ORD000685,PROD0178,1,0.1,4937.23,4443.51,1261.82
ITEM0002785,ORD000553,PROD0135,1,0.15,11202.85,9522.42,616.74
ITEM0002786,ORD003068,PROD0017,2,0.05,30866.68,29323.35,4490.85
ITEM0002787,ORD003389,PROD0193,1,0.1,20594.36,18534.92,6664.87
ITEM0002788,ORD002987,PROD0087,2,0,38490.06,38490.06,12170.82
ITEM0002789,ORD001804,PROD0178,1,0.2,4937.23,3949.78,768.09
ITEM0002790,ORD004480,PROD0083,2,0.1,31160.66,28044.59,1205.63
ITEM0002791,ORD003582,PROD0050,1,0.1,2523.89,2271.5,501.87
ITEM0002792,ORD001212,PROD0141,2,0.15,19640.64,16694.54,4300.14
ITEM0002793,ORD004984,PROD0058,2,0.05,17278.2,16414.29,4809.99
ITEM0002794,ORD001178,PROD0140,3,0.1,24247.17,21822.45,5439.18
ITEM0002795,ORD004079,PROD0027,1,0.2,24200.54,19360.43,3458.28
ITEM0002796,ORD002874,PROD0206,3,0.1,5078.61,4570.75,1028.92
ITEM0002797,ORD002461,PROD0125,4,0.1,28927.92,26035.13,1981.09
ITEM0002798,ORD002538,PROD0218,2,0.05,998.52,948.59,363.41
ITEM0002799,ORD002270,PROD0174,1,0,11980.65,11980.65,1934.44
ITEM0002800,ORD001237,PROD0134,1,0.15,25350.66,21548.06,4854.33
ITEM0002801,ORD001007,PROD0141,4,0.15,39281.28,33389.09,8600.29
ITEM0002802,ORD000404,PROD0135,2,0.2,22405.7,17924.56,113.2
ITEM0002803,ORD003934,PROD0081,1,0.05,6304.12,5988.91,2345.07
ITEM0002804,ORD002873,PROD0193,1,0.1,20594.36,18534.92,6664.87
ITEM0002805,ORD004448,PROD0029,2,0.05,27439,26067.05,7124.39
ITEM0002806,ORD000087,PROD0028,1,0.2,6922.32,5537.86,-288.98
ITEM0002807,ORD004556,PROD0175,3,0.1,41364.09,37227.68,5240.48
ITEM0002808,ORD004030,PROD0206,4,0.05,6771.48,6432.91,1710.47
ITEM0002809,ORD003566,PROD0021,2,0.1,41026.14,36923.53,7893.51
ITEM0002810,ORD004490,PROD0110,1,0.15,12896.87,10962.34,2575.01
ITEM0002811,ORD002423,PROD0100,2,0.05,43916.2,41720.39,7505.29
ITEM0002812,ORD001797,PROD0060,1,0.1,5374.61,4837.15,777.38
ITEM0002813,ORD002266,PROD0191,2,0.25,37605.18,28203.89,-2060.37
ITEM0002814,ORD001628,PROD0123,2,0.15,33212.52,28230.64,5858.22
ITEM0002815,ORD001280,PROD0204,3,0.1,33365.85,30029.27,10816.58
ITEM0002816,ORD001395,PROD0129,1,0.2,18062.74,14450.19,-741.92
ITEM0002817,ORD002826,PROD0001,1,0.1,4107.99,3697.19,248.22
ITEM0002818,ORD001694,PROD0141,3,0.1,29460.96,26514.86,7923.26
ITEM0002819,ORD002362,PROD0081,1,0.2,6304.12,5043.3,1399.46
ITEM0002820,ORD000945,PROD0154,1,0.05,4430.06,4208.56,1560.71
ITEM0002821,ORD000032,PROD0065,1,0.15,6830.86,5806.23,954.9
ITEM0002822,ORD000217,PROD0160,1,0.2,6180.13,4944.1,-21.86
ITEM0002823,ORD004618,PROD0110,1,0,12896.87,12896.87,4509.54
ITEM0002824,ORD002912,PROD0151,1,0.05,3389.73,3220.24,1129.06
ITEM0002825,ORD003357,PROD0097,1,0.1,10186.82,9168.14,2650.18
ITEM0002826,ORD002598,PROD0149,1,0.1,16805.53,15124.98,2324.65
ITEM0002827,ORD003597,PROD0193,1,0.25,20594.36,15445.77,3575.72
ITEM0002828,ORD001900,PROD0100,1,0.05,21958.1,20860.19,3752.64
ITEM0002829,ORD003615,PROD0166,2,0.05,56211.62,53401.04,18344.28
ITEM0002830,ORD003690,PROD0207,1,0.15,22221.53,18888.3,4312.89
ITEM0002831,ORD002838,PROD0168,3,0.1,58375.98,52538.38,15500.83
ITEM0002832,ORD002005,PROD0029,2,0.1,27439,24695.1,5752.44
ITEM0002833,ORD002074,PROD0068,1,0.15,19399.02,16489.17,5366.49
ITEM0002834,ORD004923,PROD0100,1,0.1,21958.1,19762.29,2654.74
ITEM0002835,ORD004625,PROD0082,1,0.1,1349.68,1214.71,422.35
ITEM0002836,ORD003912,PROD0123,1,0.05,16606.26,15775.95,4589.74
ITEM0002837,ORD001293,PROD0021,1,0.1,20513.07,18461.76,3946.75
ITEM0002838,ORD004221,PROD0117,1,0.05,3692.06,3507.46,522.2
ITEM0002839,ORD000596,PROD0202,3,0.1,56174.31,50556.88,17359.9
ITEM0002840,ORD004492,PROD0194,2,0.1,52250.2,47025.18,16037.3
ITEM0002841,ORD002721,PROD0096,1,0.15,16589.06,14100.7,3168.27
ITEM0002842,ORD004407,PROD0218,4,0,1997.04,1997.04,826.68
ITEM0002843,ORD001536,PROD0209,2,0.1,13072.74,11765.47,1741.69
ITEM0002844,ORD000234,PROD0016,1,0,9295,9295,2122.12
ITEM0002845,ORD002349,PROD0090,2,0.1,41497.72,37347.95,6272.81
ITEM0002846,ORD003112,PROD0083,2,0.05,31160.66,29602.63,2763.67
ITEM0002847,ORD002643,PROD0187,2,0.1,4052.14,3646.93,1250.13
ITEM0002848,ORD002272,PROD0078,4,0.05,81223.28,77162.12,29319.6
ITEM0002849,ORD001030,PROD0169,2,0.1,8961.86,8065.67,2754.69
ITEM0002850,ORD001104,PROD0049,2,0.05,48220.28,45809.27,12708.29
ITEM0002851,ORD000454,PROD0199,4,0.1,72386.72,65148.05,23234.37
ITEM0002852,ORD001940,PROD0052,1,0.15,15366.49,13061.52,2758.39
ITEM0002853,ORD003019,PROD0157,4,0.05,40758.16,38720.25,14510.05
ITEM0002854,ORD004795,PROD0172,2,0.1,40203.72,36183.35,5711.09
ITEM0002855,ORD001282,PROD0129,1,0.15,18062.74,15353.33,161.22
ITEM0002856,ORD004870,PROD0104,3,0.1,36719.16,33047.24,11617.7
ITEM0002857,ORD004589,PROD0126,2,0.05,36775.4,34936.63,10688.91
ITEM0002858,ORD003856,PROD0130,2,0.1,16721.5,15049.35,3090.51
ITEM0002859,ORD003901,PROD0049,1,0.2,24110.14,19288.11,2737.62
ITEM0002860,ORD002028,PROD0013,2,0.1,39732.6,35759.34,8908.42
ITEM0002861,ORD001799,PROD0149,2,0.1,33611.06,30249.95,4649.29
ITEM0002862,ORD002026,PROD0112,3,0.1,28724.64,25852.18,4480.9
ITEM0002863,ORD004664,PROD0128,2,0.25,37224.94,27918.71,215.25
ITEM0002864,ORD004123,PROD0208,1,0.05,15180.79,14421.75,5281.47
ITEM0002865,ORD000092,PROD0203,3,0,41746.2,41746.2,17097.3
ITEM0002866,ORD002395,PROD0072,5,0.1,50866.1,45779.49,14622.39
ITEM0002867,ORD003635,PROD0181,1,0.05,9140.75,8683.71,2736.55
ITEM0002868,ORD004996,PROD0187,5,0.15,10130.35,8610.8,2618.8
ITEM0002869,ORD000223,PROD0176,1,0.2,9424.1,7539.28,581.29
ITEM0002870,ORD001895,PROD0182,1,0.2,27036.96,21629.57,5649.84
ITEM0002871,ORD003316,PROD0092,1,0.1,8564.31,7707.88,1938.35
ITEM0002872,ORD002832,PROD0075,1,0,11565.4,11565.4,4736.61
ITEM0002873,ORD002493,PROD0172,1,0.05,20101.86,19096.77,3860.64
ITEM0002874,ORD004095,PROD0031,1,0.1,1480.59,1332.53,468.04
ITEM0002875,ORD001666,PROD0150,2,0.15,28140,23919,7562.68
ITEM0002876,ORD003624,PROD0043,1,0.1,14567.24,13110.52,3463.02
ITEM0002877,ORD004536,PROD0024,2,0.1,26404.78,23764.3,4120.94
ITEM0002878,ORD004531,PROD0118,2,0.25,17788.18,13341.14,2140.2
ITEM0002879,ORD004103,PROD0078,1,0.05,20305.82,19290.53,7329.9
ITEM0002880,ORD002584,PROD0196,1,0.1,5795.45,5215.9,1090.62
ITEM0002881,ORD000019,PROD0094,1,0.05,23049.93,21897.43,4592.79
ITEM0002882,ORD003910,PROD0037,1,0.05,19432.4,18460.78,3621.1
ITEM0002883,ORD003039,PROD0009,2,0.15,48503.14,41227.67,11777.41
ITEM0002884,ORD000197,PROD0090,1,0.05,20748.86,19711.42,4173.85
ITEM0002885,ORD000373,PROD0105,2,0.1,26742.66,24068.39,5248.33
ITEM0002886,ORD000532,PROD0200,1,0,10068.26,10068.26,1656.6
ITEM0002887,ORD003180,PROD0141,1,0.1,9820.32,8838.29,2641.09
ITEM0002888,ORD000231,PROD0212,4,0.1,29890.4,26901.36,2006
ITEM0002889,ORD004266,PROD0086,1,0.1,5586.2,5027.58,905.14
ITEM0002890,ORD004561,PROD0198,1,0.05,797.03,757.18,77.54
ITEM0002891,ORD004699,PROD0044,1,0.05,21268.21,20204.8,4985.02
ITEM0002892,ORD000848,PROD0123,1,0.15,16606.26,14115.32,2929.11
ITEM0002893,ORD003491,PROD0177,1,0,19947.36,19947.36,5812.45
ITEM0002894,ORD004336,PROD0096,2,0,33178.12,33178.12,11313.26
ITEM0002895,ORD004582,PROD0067,2,0.1,19302.58,17372.32,4864.54
ITEM0002896,ORD003483,PROD0200,4,0.1,40273.04,36245.74,2599.1
ITEM0002897,ORD001013,PROD0109,1,0.05,11612.58,11031.95,3381.43
ITEM0002898,ORD003234,PROD0109,1,0.1,11612.58,10451.32,2800.8
ITEM0002899,ORD003270,PROD0122,1,0.25,2269.53,1702.15,199.21
ITEM0002900,ORD002867,PROD0145,1,0.15,20004.05,17003.44,1958.35
ITEM0002901,ORD002680,PROD0075,1,0,11565.4,11565.4,4736.61
ITEM0002902,ORD003621,PROD0124,3,0,12659.94,12659.94,4449.69
ITEM0002903,ORD000098,PROD0076,1,0.05,1470.09,1396.59,239.42
ITEM0002904,ORD004368,PROD0167,2,0.1,49850.5,44865.45,15572.87
ITEM0002905,ORD000530,PROD0007,2,0.2,19867.1,15893.68,3897.56
ITEM0002906,ORD002666,PROD0136,1,0.05,20289.27,19274.81,1646.51
ITEM0002907,ORD003969,PROD0129,1,0.05,18062.74,17159.6,1967.49
ITEM0002908,ORD003872,PROD0162,1,0.1,12988.13,11689.32,1321.75
ITEM0002909,ORD001253,PROD0074,4,0,60431.84,60431.84,20773.84
ITEM0002910,ORD002346,PROD0022,1,0.15,7998.44,6798.67,300.31
ITEM0002911,ORD002482,PROD0149,1,0.1,16805.53,15124.98,2324.65
ITEM0002912,ORD000113,PROD0134,2,0.1,50701.32,45631.19,12243.73
ITEM0002913,ORD000939,PROD0023,1,0.05,14900.6,14155.57,4057.85
ITEM0002914,ORD003133,PROD0112,1,0.1,9574.88,8617.39,1493.63
ITEM0002915,ORD000137,PROD0181,1,0.1,9140.75,8226.68,2279.52
ITEM0002916,ORD002919,PROD0012,1,0.15,12178.75,10351.94,3298.86
ITEM0002917,ORD002555,PROD0086,2,0,11172.4,11172.4,2927.52
ITEM0002918,ORD004537,PROD0151,1,0.1,3389.73,3050.76,959.58
ITEM0002919,ORD000190,PROD0104,3,0.1,36719.16,33047.24,11617.7
ITEM0002920,ORD000305,PROD0167,1,0.1,24925.25,22432.73,7786.44
ITEM0002921,ORD002522,PROD0160,1,0.1,6180.13,5562.12,596.16
ITEM0002922,ORD002854,PROD0190,2,0.2,34299.76,27439.81,3536.25
ITEM0002923,ORD004147,PROD0011,4,0.05,53784.4,51095.18,17742.54
ITEM0002924,ORD003226,PROD0055,2,0.1,3518.26,3166.43,193.81
ITEM0002925,ORD003992,PROD0036,3,0.05,31352.52,29784.89,10141.52
ITEM0002926,ORD002665,PROD0198,1,0.15,797.03,677.48,-2.16
ITEM0002927,ORD003970,PROD0010,2,0.05,24205.04,22994.79,9043.63
ITEM0002928,ORD002863,PROD0017,2,0.15,30866.68,26236.68,1404.18
ITEM0002929,ORD001508,PROD0067,1,0.1,9651.29,8686.16,2432.27
ITEM0002930,ORD003334,PROD0103,2,0.1,42382.24,38144.02,10164.48
ITEM0002931,ORD000289,PROD0198,1,0,797.03,797.03,117.39
ITEM0002932,ORD002925,PROD0055,2,0.2,3518.26,2814.61,-158.01
ITEM0002933,ORD004496,PROD0005,1,0.25,1965.77,1474.33,-222
ITEM0002934,ORD004507,PROD0195,2,0.15,23097.3,19632.7,3187.2
ITEM0002935,ORD004062,PROD0162,1,0.05,12988.13,12338.72,1971.15
ITEM0002936,ORD002471,PROD0003,2,0.05,1008.88,958.44,103.3
ITEM0002937,ORD003585,PROD0014,2,0.1,12252.48,11027.23,3744.97
ITEM0002938,ORD003669,PROD0054,1,0.15,14295.43,12151.12,1404.58
ITEM0002939,ORD004834,PROD0129,4,0.2,72250.96,57800.77,-2967.67
ITEM0002940,ORD003329,PROD0137,3,0,50831.04,50831.04,10944.75
ITEM0002941,ORD000146,PROD0059,3,0.1,13173.09,11855.78,3379.88
ITEM0002942,ORD003111,PROD0155,1,0.05,4402.89,4182.75,425.8
ITEM0002943,ORD000786,PROD0094,1,0.05,23049.93,21897.43,4592.79
ITEM0002944,ORD002667,PROD0067,4,0.05,38605.16,36674.9,11659.34
ITEM0002945,ORD001258,PROD0095,1,0,3539.61,3539.61,736.54
ITEM0002946,ORD002861,PROD0057,1,0,17494.25,17494.25,6054.99
ITEM0002947,ORD003297,PROD0152,1,0.05,14904.94,14159.69,5012.27
ITEM0002948,ORD001326,PROD0202,2,0.2,37449.54,29959.63,7828.31
ITEM0002949,ORD002906,PROD0128,2,0.1,37224.94,33502.45,5798.99
ITEM0002950,ORD002532,PROD0126,1,0,18387.7,18387.7,6263.84
ITEM0002951,ORD000491,PROD0162,2,0.1,25976.26,23378.63,2643.49
ITEM0002952,ORD003698,PROD0031,1,0.05,1480.59,1406.56,542.07
ITEM0002953,ORD001807,PROD0023,2,0.15,29801.2,25331.02,5135.58
ITEM0002954,ORD000771,PROD0109,1,0.05,11612.58,11031.95,3381.43
ITEM0002955,ORD003135,PROD0212,1,0.15,7472.6,6351.71,127.87
ITEM0002956,ORD002069,PROD0115,1,0.1,2532.67,2279.4,670.71
ITEM0002957,ORD000303,PROD0218,1,0.15,499.26,424.37,131.78
ITEM0002958,ORD003031,PROD0048,1,0.05,7008.44,6658.02,1196.04
ITEM0002959,ORD002827,PROD0175,2,0.15,27576.06,23439.65,2114.85
ITEM0002960,ORD001176,PROD0154,3,0.1,13290.18,11961.16,4017.61
ITEM0002961,ORD004883,PROD0074,2,0.05,30215.92,28705.12,8876.12
ITEM0002962,ORD000708,PROD0169,2,0.1,8961.86,8065.67,2754.69
ITEM0002963,ORD000939,PROD0214,1,0.15,16367.22,13912.14,822.24
ITEM0002964,ORD003793,PROD0143,1,0.1,22087.39,19878.65,5511.85
ITEM0002965,ORD003974,PROD0213,1,0,18966.99,18966.99,5397.51
ITEM0002966,ORD001552,PROD0208,2,0.05,30361.58,28843.5,10562.94
ITEM0002967,ORD002020,PROD0153,1,0.05,8892.34,8447.72,2272.84
ITEM0002968,ORD001350,PROD0080,3,0.15,70357.26,59803.67,10971.5
ITEM0002969,ORD003416,PROD0001,2,0.1,8215.98,7394.38,496.44
ITEM0002970,ORD000992,PROD0080,1,0.15,23452.42,19934.56,3657.17
ITEM0002971,ORD002214,PROD0001,2,0.1,8215.98,7394.38,496.44
ITEM0002972,ORD001016,PROD0049,1,0.05,24110.14,22904.63,6354.14
ITEM0002973,ORD002667,PROD0091,1,0,13201.67,13201.67,5414.92
ITEM0002974,ORD001618,PROD0037,3,0.1,58297.2,52467.48,7948.44
ITEM0002975,ORD001249,PROD0213,1,0.1,18966.99,17070.29,3500.81
ITEM0002976,ORD001007,PROD0177,1,0,19947.36,19947.36,5812.45
ITEM0002977,ORD000073,PROD0148,2,0.05,28538.22,27111.31,6487.33
ITEM0002978,ORD001086,PROD0161,1,0,5144.07,5144.07,1362.2
ITEM0002979,ORD003943,PROD0087,1,0.1,19245.03,17320.53,4160.91
ITEM0002980,ORD004434,PROD0129,2,0.1,36125.48,32512.93,2128.71
ITEM0002981,ORD002244,PROD0166,3,0.2,84317.43,67453.94,14868.8
ITEM0002982,ORD000109,PROD0113,1,0,19139.62,19139.62,3244.35
ITEM0002983,ORD003206,PROD0049,1,0,24110.14,24110.14,7559.65
ITEM0002984,ORD001511,PROD0169,2,0.1,8961.86,8065.67,2754.69
ITEM0002985,ORD000863,PROD0188,2,0,5398.12,5398.12,1306.54
ITEM0002986,ORD003850,PROD0041,1,0.05,19120.67,18164.64,5997.73
ITEM0002987,ORD003355,PROD0033,1,0.2,17395.33,13916.26,2046.31
ITEM0002988,ORD003519,PROD0113,1,0.2,19139.62,15311.7,-583.57
ITEM0002989,ORD002751,PROD0130,2,0.15,16721.5,14213.27,2254.43
ITEM0002990,ORD004757,PROD0163,3,0.15,3463.71,2944.15,-22.88
ITEM0002991,ORD004403,PROD0115,2,0.1,5065.34,4558.81,1341.43
ITEM0002992,ORD002411,PROD0150,2,0.25,28140,21105,4748.68
ITEM0002993,ORD002372,PROD0069,2,0.05,2901.8,2756.71,988.29
ITEM0002994,ORD000598,PROD0052,1,0.05,15366.49,14598.17,4295.04
ITEM0002995,ORD004055,PROD0041,5,0.15,95603.35,81262.85,20428.3
ITEM0002996,ORD003304,PROD0105,1,0.15,13371.33,11365.63,1955.6
ITEM0002997,ORD004945,PROD0002,3,0.05,43928.1,41731.7,8282.57
ITEM0002998,ORD003313,PROD0167,1,0.1,24925.25,22432.73,7786.44
ITEM0002999,ORD004108,PROD0054,2,0,28590.86,28590.86,7097.78
ITEM0003000,ORD000620,PROD0102,1,0.15,20719.66,17611.71,5205.21
ITEM0003001,ORD001691,PROD0028,1,0.1,6922.32,6230.09,403.25
ITEM0003002,ORD002798,PROD0063,1,0.2,11036.75,8829.4,131.27
ITEM0003003,ORD004544,PROD0175,2,0.05,27576.06,26197.26,4872.46
ITEM0003004,ORD000835,PROD0168,1,0.25,19458.66,14593.99,2248.14
ITEM0003005,ORD000786,PROD0132,1,0.05,19751.1,18763.54,5708.13
ITEM0003006,ORD002291,PROD0139,3,0,54239.31,54239.31,19559.67
ITEM0003007,ORD003469,PROD0035,2,0.15,55140.88,46869.75,13435.77
ITEM0003008,ORD004891,PROD0057,1,0.15,17494.25,14870.11,3430.85
ITEM0003009,ORD002994,PROD0050,1,0.05,2523.89,2397.7,628.07
ITEM0003010,ORD001975,PROD0145,1,0.2,20004.05,16003.24,958.15
ITEM0003011,ORD002945,PROD0125,1,0.15,7231.98,6147.18,133.67
ITEM0003012,ORD002602,PROD0149,3,0,50416.59,50416.59,12015.6
ITEM0003013,ORD003094,PROD0199,1,0.1,18096.68,16287.01,5808.59
ITEM0003014,ORD001503,PROD0061,2,0.05,4655.38,4422.61,1304.19
ITEM0003015,ORD002374,PROD0102,1,0,20719.66,20719.66,8313.16
ITEM0003016,ORD001431,PROD0208,1,0.15,15180.79,12903.67,3763.39
ITEM0003017,ORD004051,PROD0142,2,0,11739.4,11739.4,4625.88
ITEM0003018,ORD002760,PROD0027,2,0.1,48401.08,43560.97,11756.67
ITEM0003019,ORD001200,PROD0110,4,0,51587.48,51587.48,18038.16
ITEM0003020,ORD002005,PROD0087,1,0.1,19245.03,17320.53,4160.91
ITEM0003021,ORD000533,PROD0016,2,0,18590,18590,4244.24
ITEM0003022,ORD002647,PROD0123,3,0.2,49818.78,39855.02,6296.39
ITEM0003023,ORD004067,PROD0167,1,0,24925.25,24925.25,10278.96
ITEM0003024,ORD004289,PROD0017,1,0.25,15433.34,11575.01,-841.24
ITEM0003025,ORD003913,PROD0165,1,0.15,14878.45,12646.68,1522.31
ITEM0003026,ORD003463,PROD0136,1,0.2,20289.27,16231.42,-1396.88
ITEM0003027,ORD000407,PROD0137,1,0.1,16943.68,15249.31,1953.88
ITEM0003028,ORD003206,PROD0143,4,0.1,88349.56,79514.6,22047.4
ITEM0003029,ORD001344,PROD0030,1,0.1,8993.94,8094.55,2233.56
ITEM0003030,ORD001852,PROD0121,5,0,32642.9,32642.9,10929
ITEM0003031,ORD003715,PROD0022,4,0.15,31993.76,27194.7,1201.26
ITEM0003032,ORD004740,PROD0005,1,0,1965.77,1965.77,269.44
ITEM0003033,ORD001271,PROD0007,3,0.05,29800.65,28310.62,10316.44
ITEM0003034,ORD003205,PROD0046,1,0,9283.94,9283.94,2752.59
ITEM0003035,ORD000060,PROD0162,1,0.1,12988.13,11689.32,1321.75
ITEM0003036,ORD002331,PROD0127,1,0.15,27826.63,23652.64,6256.66
ITEM0003037,ORD003678,PROD0160,2,0.1,12360.26,11124.23,1192.31
ITEM0003038,ORD004339,PROD0158,1,0.05,775.02,736.27,253.42
ITEM0003039,ORD003784,PROD0059,2,0.2,8782.06,7025.65,1375.05
ITEM0003040,ORD001427,PROD0040,2,0.15,29955.92,25462.53,5288.63
ITEM0003041,ORD001417,PROD0035,2,0.1,55140.88,49626.79,16192.81
ITEM0003042,ORD001431,PROD0198,1,0,797.03,797.03,117.39
ITEM0003043,ORD002431,PROD0152,2,0.1,29809.88,26828.89,8534.05
ITEM0003044,ORD004512,PROD0176,4,0.2,37696.4,30157.12,2325.16
ITEM0003045,ORD004009,PROD0198,3,0.05,2391.09,2271.54,232.62
ITEM0003046,ORD000699,PROD0130,2,0.15,16721.5,14213.27,2254.43
ITEM0003047,ORD002958,PROD0154,1,0.1,4430.06,3987.05,1339.2
ITEM0003048,ORD000471,PROD0122,3,0.15,6808.59,5787.3,1278.48
ITEM0003049,ORD004703,PROD0045,2,0.05,32682.24,31048.13,9082.59
ITEM0003050,ORD003511,PROD0056,1,0.25,12603.87,9452.9,1908.83
ITEM0003051,ORD004287,PROD0062,1,0.05,2328.45,2212.03,607.41
ITEM0003052,ORD002995,PROD0166,1,0.15,28105.81,23889.94,6361.56
ITEM0003053,ORD002755,PROD0140,1,0.1,8082.39,7274.15,1813.06
ITEM0003054,ORD000317,PROD0004,3,0.1,18873.3,16985.97,1579.5
ITEM0003055,ORD003808,PROD0009,2,0,48503.14,48503.14,19052.88
ITEM0003056,ORD001543,PROD0030,1,0,8993.94,8993.94,3132.95
ITEM0003057,ORD000638,PROD0204,1,0.05,11121.95,10565.85,4161.62
ITEM0003058,ORD004814,PROD0181,1,0.05,9140.75,8683.71,2736.55
ITEM0003059,ORD001717,PROD0061,1,0.15,2327.69,1978.54,419.33
ITEM0003060,ORD003446,PROD0149,1,0,16805.53,16805.53,4005.2
ITEM0003061,ORD000400,PROD0022,1,0,7998.44,7998.44,1500.08
ITEM0003062,ORD001638,PROD0054,1,0,14295.43,14295.43,3548.89
ITEM0003063,ORD003562,PROD0043,5,0.15,72836.2,61910.77,13673.27
ITEM0003064,ORD003140,PROD0014,2,0.05,12252.48,11639.86,4357.6
ITEM0003065,ORD003177,PROD0191,1,0.15,18802.59,15982.2,850.07
ITEM0003066,ORD003266,PROD0215,4,0.05,74324.2,70607.99,24250.71
ITEM0003067,ORD003106,PROD0025,1,0.2,1633.66,1306.93,-7.34
ITEM0003068,ORD001280,PROD0049,1,0,24110.14,24110.14,7559.65
ITEM0003069,ORD000703,PROD0177,1,0.1,19947.36,17952.62,3817.71
ITEM0003070,ORD004769,PROD0076,1,0.2,1470.09,1176.07,18.9
ITEM0003071,ORD002049,PROD0012,1,0,12178.75,12178.75,5125.67
ITEM0003072,ORD004692,PROD0093,1,0,9683.07,9683.07,3911.72
ITEM0003073,ORD000096,PROD0002,3,0.15,43928.1,37338.89,3889.76
ITEM0003074,ORD002726,PROD0106,2,0.15,26013.54,22111.51,3361.21
ITEM0003075,ORD001907,PROD0164,1,0.15,8356.56,7103.08,148.97
ITEM0003076,ORD001851,PROD0094,2,0,46099.86,46099.86,11490.58
ITEM0003077,ORD003541,PROD0062,1,0.05,2328.45,2212.03,607.41
ITEM0003078,ORD001965,PROD0167,4,0,99701,99701,41115.84
ITEM0003079,ORD001522,PROD0207,4,0.1,88886.12,79997.51,21695.87
ITEM0003080,ORD003084,PROD0123,5,0,83031.3,83031.3,27100.25
ITEM0003081,ORD003394,PROD0084,2,0,14982.18,14982.18,6356.6
ITEM0003082,ORD002416,PROD0149,1,0.05,16805.53,15965.25,3164.92
ITEM0003083,ORD003652,PROD0113,1,0,19139.62,19139.62,3244.35
ITEM0003084,ORD002466,PROD0149,1,0.1,16805.53,15124.98,2324.65
ITEM0003085,ORD004083,PROD0087,1,0,19245.03,19245.03,6085.41
ITEM0003086,ORD004064,PROD0175,2,0.1,27576.06,24818.45,3493.65
ITEM0003087,ORD004041,PROD0178,2,0.15,9874.46,8393.29,2029.91
ITEM0003088,ORD001338,PROD0101,5,0.05,10793.45,10253.78,3927.98
ITEM0003089,ORD003806,PROD0134,2,0.2,50701.32,40561.06,7173.6
ITEM0003090,ORD004294,PROD0153,3,0,26677.02,26677.02,8152.38
ITEM0003091,ORD004538,PROD0064,1,0.25,17720.44,13290.33,3154.21
ITEM0003092,ORD002599,PROD0030,1,0.05,8993.94,8544.24,2683.25
ITEM0003093,ORD002156,PROD0030,1,0.15,8993.94,7644.85,1783.86
ITEM0003094,ORD004103,PROD0080,5,0.2,117262.1,93809.68,12422.73
ITEM0003095,ORD003412,PROD0113,1,0.2,19139.62,15311.7,-583.57
ITEM0003096,ORD001671,PROD0114,1,0.15,15856.44,13477.97,524.7
ITEM0003097,ORD002161,PROD0024,2,0.2,26404.78,21123.82,1480.46
ITEM0003098,ORD003358,PROD0103,2,0.05,42382.24,40263.13,12283.59
ITEM0003099,ORD002601,PROD0168,1,0.05,19458.66,18485.73,6139.88
ITEM0003100,ORD000041,PROD0050,1,0.2,2523.89,2019.11,249.48
ITEM0003101,ORD000744,PROD0127,1,0.2,27826.63,22261.3,4865.32
ITEM0003102,ORD003781,PROD0008,1,0.05,16675.42,15841.65,1861.95
ITEM0003103,ORD000302,PROD0030,1,0,8993.94,8993.94,3132.95
ITEM0003104,ORD001747,PROD0137,1,0,16943.68,16943.68,3648.25
ITEM0003105,ORD004280,PROD0162,3,0,38964.39,38964.39,7861.68
ITEM0003106,ORD001330,PROD0008,4,0.2,66701.68,53361.34,-2557.46
ITEM0003107,ORD003852,PROD0151,1,0.2,3389.73,2711.78,620.6
ITEM0003108,ORD003457,PROD0067,1,0,9651.29,9651.29,3397.4
ITEM0003109,ORD000523,PROD0171,2,0.1,20968.6,18871.74,1239.5
ITEM0003110,ORD002599,PROD0075,3,0.15,34696.2,29491.77,9005.4
ITEM0003111,ORD000469,PROD0182,3,0.1,81110.88,72999.79,25060.6
ITEM0003112,ORD001217,PROD0219,1,0,27006.32,27006.32,9691.53
ITEM0003113,ORD002296,PROD0053,1,0.1,17914.51,16123.06,1834.22
ITEM0003114,ORD002482,PROD0170,2,0.15,11445.76,9728.9,2997.52
ITEM0003115,ORD001001,PROD0065,3,0.1,20492.58,18443.32,3889.33
ITEM0003116,ORD002390,PROD0169,1,0.1,4480.93,4032.84,1377.35
ITEM0003117,ORD002251,PROD0193,2,0,41188.72,41188.72,17448.62
ITEM0003118,ORD000512,PROD0165,1,0.25,14878.45,11158.84,34.47
ITEM0003119,ORD002408,PROD0033,2,0.15,34790.66,29572.06,5832.16
ITEM0003120,ORD003463,PROD0131,1,0,3237.12,3237.12,1198.42
ITEM0003121,ORD004248,PROD0207,4,0.1,88886.12,79997.51,21695.87
ITEM0003122,ORD002849,PROD0026,2,0.05,26550.28,25222.77,8788.57
ITEM0003123,ORD001220,PROD0061,1,0.1,2327.69,2094.92,535.71
ITEM0003124,ORD003203,PROD0082,1,0.15,1349.68,1147.23,354.87
ITEM0003125,ORD004058,PROD0074,1,0.05,15107.96,14352.56,4438.06
ITEM0003126,ORD001914,PROD0026,4,0.15,53100.56,45135.48,12267.08
ITEM0003127,ORD002215,PROD0149,2,0,33611.06,33611.06,8010.4
ITEM0003128,ORD000277,PROD0200,1,0.15,10068.26,8558.02,146.36
ITEM0003129,ORD000848,PROD0025,2,0.05,3267.32,3103.95,475.41
ITEM0003130,ORD000854,PROD0058,2,0.05,17278.2,16414.29,4809.99
ITEM0003131,ORD003484,PROD0191,3,0.05,56407.77,53587.38,8190.99
ITEM0003132,ORD000862,PROD0194,2,0.2,52250.2,41800.16,10812.28
ITEM0003133,ORD004451,PROD0154,3,0,13290.18,13290.18,5346.63
ITEM0003134,ORD003962,PROD0138,1,0.15,1217.31,1034.71,139.49
ITEM0003135,ORD002632,PROD0116,2,0,18927.48,18927.48,5195.64
ITEM0003136,ORD004567,PROD0205,2,0.05,37821.12,35930.06,10859.42
ITEM0003137,ORD000113,PROD0071,1,0.1,29147.69,26232.92,9147.9
ITEM0003138,ORD002280,PROD0164,1,0.05,8356.56,7938.73,984.62
ITEM0003139,ORD004083,PROD0062,1,0.15,2328.45,1979.18,374.56
ITEM0003140,ORD003041,PROD0168,3,0.15,58375.98,49619.58,12582.03
ITEM0003141,ORD003841,PROD0064,1,0.1,17720.44,15948.4,5812.28
ITEM0003142,ORD000283,PROD0025,2,0.1,3267.32,2940.59,312.05
ITEM0003143,ORD002952,PROD0040,3,0.05,44933.88,42687.19,12426.34
ITEM0003144,ORD001978,PROD0020,2,0.15,23644.1,20097.48,2453.2
ITEM0003145,ORD003963,PROD0205,3,0,56731.68,56731.68,19125.72
ITEM0003146,ORD000034,PROD0204,2,0.1,22243.9,20019.51,7211.05
ITEM0003147,ORD000677,PROD0192,1,0.05,2966.21,2817.9,331.65
ITEM0003148,ORD003260,PROD0143,2,0.1,44174.78,39757.3,11023.7
ITEM0003149,ORD000147,PROD0189,2,0,35590.68,35590.68,13023
ITEM0003150,ORD000175,PROD0084,2,0.1,14982.18,13483.96,4858.38
ITEM0003151,ORD002903,PROD0009,2,0.1,48503.14,43652.83,14202.57
ITEM0003152,ORD004674,PROD0040,1,0.1,14977.96,13480.16,3393.21
ITEM0003153,ORD003662,PROD0187,1,0.05,2026.07,1924.77,726.37
ITEM0003154,ORD000407,PROD0102,4,0.15,82878.64,70446.84,20820.84
ITEM0003155,ORD004968,PROD0156,2,0,525.3,525.3,218
ITEM0003156,ORD000631,PROD0110,4,0,51587.48,51587.48,18038.16
ITEM0003157,ORD004890,PROD0089,3,0,29973.57,29973.57,5586.24
ITEM0003158,ORD003124,PROD0046,2,0.1,18567.88,16711.09,3648.39
ITEM0003159,ORD000213,PROD0131,4,0.25,12948.48,9711.36,1556.56
ITEM0003160,ORD000442,PROD0101,1,0.05,2158.69,2050.76,785.6
ITEM0003161,ORD001006,PROD0039,4,0.15,48562.44,41278.07,2848.59
ITEM0003162,ORD003772,PROD0150,1,0,14070,14070,5891.84
ITEM0003163,ORD004542,PROD0039,2,0.2,24281.22,19424.98,210.24
ITEM0003164,ORD001718,PROD0062,4,0.05,9313.8,8848.11,2429.63
ITEM0003165,ORD003197,PROD0125,1,0.05,7231.98,6870.38,856.87
ITEM0003166,ORD001755,PROD0133,3,0.2,38478.69,30782.95,7584.55
ITEM0003167,ORD003514,PROD0032,1,0.1,2527.95,2275.15,276.72
ITEM0003168,ORD000952,PROD0067,1,0.05,9651.29,9168.73,2914.84
ITEM0003169,ORD001430,PROD0128,2,0.1,37224.94,33502.45,5798.99
ITEM0003170,ORD001180,PROD0052,1,0.1,15366.49,13829.84,3526.71
ITEM0003171,ORD004015,PROD0066,1,0.15,2931.28,2491.59,395.05
ITEM0003172,ORD002536,PROD0185,1,0.1,28315.81,25484.23,8944.68
ITEM0003173,ORD001517,PROD0009,1,0.05,24251.57,23038.99,8313.86
ITEM0003174,ORD003942,PROD0067,1,0.1,9651.29,8686.16,2432.27
ITEM0003175,ORD003731,PROD0017,2,0.1,30866.68,27780.01,2947.51
ITEM0003176,ORD001176,PROD0088,1,0.15,11290.59,9597,2038.39
ITEM0003177,ORD002698,PROD0146,1,0.2,5951.75,4761.4,949.34
ITEM0003178,ORD002704,PROD0058,4,0.2,34556.4,27645.12,4436.52
ITEM0003179,ORD000018,PROD0197,2,0.05,33684.2,31999.99,6317.25
ITEM0003180,ORD004485,PROD0126,1,0.15,18387.7,15629.55,3505.69
ITEM0003181,ORD004972,PROD0058,1,0.1,8639.1,7775.19,1973.04
ITEM0003182,ORD001493,PROD0126,1,0.1,18387.7,16548.93,4425.07
ITEM0003183,ORD003718,PROD0039,1,0.15,12140.61,10319.52,712.15
ITEM0003184,ORD000816,PROD0109,4,0.15,46450.32,39482.77,8880.69
ITEM0003185,ORD000586,PROD0033,2,0,34790.66,34790.66,11050.76
ITEM0003186,ORD002627,PROD0027,1,0.2,24200.54,19360.43,3458.28
ITEM0003187,ORD000604,PROD0062,2,0,4656.9,4656.9,1447.66
ITEM0003188,ORD000241,PROD0122,1,0.05,2269.53,2156.05,653.11
ITEM0003189,ORD000364,PROD0046,3,0.1,27851.82,25066.64,5472.59
ITEM0003190,ORD004725,PROD0072,4,0.15,40692.88,34588.95,9663.27
ITEM0003191,ORD002363,PROD0183,2,0,33903.84,33903.84,10057.86
ITEM0003192,ORD001730,PROD0036,3,0,31352.52,31352.52,11709.15
ITEM0003193,ORD001869,PROD0220,1,0,24256.9,24256.9,7042.09
ITEM0003194,ORD003966,PROD0202,1,0.15,18724.77,15916.05,4850.39
ITEM0003195,ORD003888,PROD0016,4,0.15,37180,31603,2911.48
ITEM0003196,ORD004715,PROD0078,1,0.15,20305.82,17259.95,5299.32
ITEM0003197,ORD000859,PROD0064,1,0.25,17720.44,13290.33,3154.21
ITEM0003198,ORD002894,PROD0144,3,0.2,70954.8,56763.84,8566.77
ITEM0003199,ORD001681,PROD0123,2,0,33212.52,33212.52,10840.1
ITEM0003200,ORD000915,PROD0109,3,0.15,34837.74,29612.08,6660.52
ITEM0003201,ORD001523,PROD0036,1,0,10450.84,10450.84,3903.05
ITEM0003202,ORD000054,PROD0159,5,0.1,24283.7,21855.33,3485.58
ITEM0003203,ORD003657,PROD0018,1,0.1,14114.3,12702.87,3664.32
ITEM0003204,ORD000611,PROD0115,3,0.05,7598.01,7218.11,2392.04
ITEM0003205,ORD004904,PROD0140,2,0.15,16164.78,13740.06,2817.88
ITEM0003206,ORD002019,PROD0139,1,0.1,18079.77,16271.79,4711.91
ITEM0003207,ORD002280,PROD0167,1,0.15,24925.25,21186.46,6540.17
ITEM0003208,ORD001895,PROD0140,1,0.05,8082.39,7678.27,2217.18
ITEM0003209,ORD001712,PROD0115,1,0.05,2532.67,2406.04,797.35
ITEM0003210,ORD002184,PROD0102,1,0.15,20719.66,17611.71,5205.21
ITEM0003211,ORD002566,PROD0079,1,0.15,8940.37,7599.31,2277.79
ITEM0003212,ORD000125,PROD0004,1,0.05,6291.1,5976.55,841.06
ITEM0003213,ORD002917,PROD0083,2,0.1,31160.66,28044.59,1205.63
ITEM0003214,ORD001067,PROD0219,1,0.05,27006.32,25656,8341.21
ITEM0003215,ORD000829,PROD0171,1,0.1,10484.3,9435.87,619.75
ITEM0003216,ORD004550,PROD0208,1,0.1,15180.79,13662.71,4522.43
ITEM0003217,ORD001904,PROD0133,5,0,64131.15,64131.15,25467.15
ITEM0003218,ORD001117,PROD0187,3,0.05,6078.21,5774.3,2179.1
ITEM0003219,ORD003943,PROD0152,4,0.15,59619.76,50676.8,14087.12
ITEM0003220,ORD002791,PROD0132,1,0.05,19751.1,18763.54,5708.13
ITEM0003221,ORD003806,PROD0018,5,0.1,70571.5,63514.35,18321.6
ITEM0003222,ORD002415,PROD0026,1,0.15,13275.14,11283.87,3066.77
ITEM0003223,ORD001924,PROD0056,2,0.1,25207.74,22686.97,7598.83
ITEM0003224,ORD000133,PROD0098,1,0.1,17646.13,15881.52,3042.14
ITEM0003225,ORD004043,PROD0016,2,0.1,18590,16731,2385.24
ITEM0003226,ORD003290,PROD0055,2,0.05,3518.26,3342.35,369.73
ITEM0003227,ORD000819,PROD0147,2,0,46022.26,46022.26,11111.32
ITEM0003228,ORD003529,PROD0179,1,0,3209.28,3209.28,1080.61
ITEM0003229,ORD004836,PROD0086,1,0.05,5586.2,5306.89,1184.45
ITEM0003230,ORD004874,PROD0063,1,0.15,11036.75,9381.24,683.11
ITEM0003231,ORD001560,PROD0066,2,0.05,5862.56,5569.43,1376.35
ITEM0003232,ORD004038,PROD0160,1,0.1,6180.13,5562.12,596.16
ITEM0003233,ORD001761,PROD0125,2,0.1,14463.96,13017.56,990.54
ITEM0003234,ORD000226,PROD0107,1,0.1,14258.33,12832.5,3503.51
ITEM0003235,ORD001124,PROD0014,3,0.05,18378.72,17459.78,6536.39
ITEM0003236,ORD003040,PROD0133,1,0.1,12826.23,11543.61,3810.81
ITEM0003237,ORD000791,PROD0101,1,0.05,2158.69,2050.76,785.6
ITEM0003238,ORD002446,PROD0033,1,0.1,17395.33,15655.8,3785.85
ITEM0003239,ORD003918,PROD0063,1,0.15,11036.75,9381.24,683.11
ITEM0003240,ORD002632,PROD0016,2,0.2,18590,14872,526.24
ITEM0003241,ORD001102,PROD0148,2,0,28538.22,28538.22,7914.24
ITEM0003242,ORD001793,PROD0099,3,0.2,9662.64,7730.11,97.42
ITEM0003243,ORD000981,PROD0034,1,0.1,10057.78,9052,2406.94
ITEM0003244,ORD001302,PROD0192,2,0.1,5932.42,5339.18,366.68
ITEM0003245,ORD003906,PROD0141,3,0.2,29460.96,23568.77,4977.17
ITEM0003246,ORD000186,PROD0217,1,0.1,10834.24,9750.82,2864.79
ITEM0003247,ORD002629,PROD0003,4,0.1,2017.76,1815.98,105.7
ITEM0003248,ORD004657,PROD0155,2,0.15,8805.78,7484.91,-28.99
ITEM0003249,ORD003395,PROD0139,3,0.2,54239.31,43391.45,8711.81
ITEM0003250,ORD002155,PROD0072,1,0.05,10173.22,9664.56,3433.14
ITEM0003251,ORD003660,PROD0191,2,0.1,37605.18,33844.66,3580.4
ITEM0003252,ORD000651,PROD0212,2,0.05,14945.2,14197.94,1750.26
ITEM0003253,ORD001520,PROD0009,4,0.05,97006.28,92155.97,33255.45
ITEM0003254,ORD002962,PROD0022,4,0.2,31993.76,25595.01,-398.43
ITEM0003255,ORD002670,PROD0108,1,0.25,9612.83,7209.62,-3.25
ITEM0003256,ORD000079,PROD0145,2,0,40008.1,40008.1,9917.92
ITEM0003257,ORD003225,PROD0166,1,0.05,28105.81,26700.52,9172.14
ITEM0003258,ORD004889,PROD0174,1,0.2,11980.65,9584.52,-461.69
ITEM0003259,ORD000197,PROD0019,1,0.05,1769.05,1680.6,529.43
ITEM0003260,ORD000643,PROD0078,3,0.05,60917.46,57871.59,21989.7
ITEM0003261,ORD004415,PROD0014,1,0.1,6126.24,5513.62,1872.49
ITEM0003262,ORD004677,PROD0019,3,0.15,5307.15,4511.08,1057.57
ITEM0003263,ORD002227,PROD0111,1,0.1,4956.44,4460.8,1159.3
ITEM0003264,ORD000046,PROD0013,1,0.2,19866.3,15893.04,2467.58
ITEM0003265,ORD000307,PROD0006,1,0.1,20518.66,18466.79,4306.59
ITEM0003266,ORD002940,PROD0065,2,0.05,13661.72,12978.63,3275.97
ITEM0003267,ORD001729,PROD0076,2,0.1,2940.18,2646.16,331.82
ITEM0003268,ORD003611,PROD0090,1,0.1,20748.86,18673.97,3136.4
ITEM0003269,ORD002311,PROD0142,2,0,11739.4,11739.4,4625.88
ITEM0003270,ORD002311,PROD0102,1,0.05,20719.66,19683.68,7277.18
ITEM0003271,ORD003458,PROD0016,1,0.05,9295,8830.25,1657.37
ITEM0003272,ORD000324,PROD0179,1,0.05,3209.28,3048.82,920.15
ITEM0003273,ORD000649,PROD0023,5,0,74503,74503,24014.4
ITEM0003274,ORD000875,PROD0203,3,0.05,41746.2,39658.89,15009.99
ITEM0003275,ORD003055,PROD0016,2,0,18590,18590,4244.24
ITEM0003276,ORD004638,PROD0085,2,0.05,53309.26,50643.8,18992
ITEM0003277,ORD000892,PROD0087,4,0.1,76980.12,69282.11,16643.63
ITEM0003278,ORD000579,PROD0199,1,0,18096.68,18096.68,7618.26
ITEM0003279,ORD003546,PROD0176,1,0.2,9424.1,7539.28,581.29
ITEM0003280,ORD003967,PROD0220,2,0.15,48513.8,41236.73,6807.11
ITEM0003281,ORD003173,PROD0049,3,0.15,72330.42,61480.86,11829.39
ITEM0003282,ORD000832,PROD0161,1,0.2,5144.07,4115.26,333.39
ITEM0003283,ORD001874,PROD0199,3,0.15,54290.04,46146.53,14711.27
ITEM0003284,ORD000997,PROD0150,1,0.1,14070,12663,4484.84
ITEM0003285,ORD001329,PROD0093,1,0.05,9683.07,9198.92,3427.57
ITEM0003286,ORD003386,PROD0131,1,0.05,3237.12,3075.26,1036.56
ITEM0003287,ORD003111,PROD0152,1,0.05,14904.94,14159.69,5012.27
ITEM0003288,ORD004138,PROD0156,3,0.05,787.95,748.55,287.6
ITEM0003289,ORD002526,PROD0022,4,0.1,31993.76,28794.38,2800.94
ITEM0003290,ORD001518,PROD0131,3,0,9711.36,9711.36,3595.26
ITEM0003291,ORD000722,PROD0220,2,0.05,48513.8,46088.11,11658.49
ITEM0003292,ORD003637,PROD0162,1,0.2,12988.13,10390.5,22.93
ITEM0003293,ORD002286,PROD0197,1,0.15,16842.1,14315.78,1474.41
ITEM0003294,ORD001288,PROD0200,2,0.15,20136.52,17116.04,292.72
ITEM0003295,ORD002660,PROD0148,1,0.15,14269.11,12128.74,1816.75
ITEM0003296,ORD002453,PROD0136,3,0.1,60867.81,54781.03,1896.13
ITEM0003297,ORD002505,PROD0006,3,0.1,61555.98,55400.38,12919.78
ITEM0003298,ORD002536,PROD0099,1,0.15,3220.88,2737.75,193.52
ITEM0003299,ORD004460,PROD0066,3,0.05,8793.84,8354.15,2064.53
ITEM0003300,ORD004752,PROD0040,2,0.05,29955.92,28458.12,8284.22
ITEM0003301,ORD004122,PROD0127,2,0.1,55653.26,50087.93,15295.97
ITEM0003302,ORD003905,PROD0193,1,0.05,20594.36,19564.64,7694.59
ITEM0003303,ORD003911,PROD0108,3,0.15,28838.49,24512.72,2874.11
ITEM0003304,ORD003851,PROD0053,1,0,17914.51,17914.51,3625.67
ITEM0003305,ORD002034,PROD0071,3,0.05,87443.07,83070.92,31815.86
ITEM0003306,ORD004612,PROD0026,3,0.1,39825.42,35842.88,11191.58
ITEM0003307,ORD003469,PROD0033,3,0.1,52185.99,46967.39,11357.54
ITEM0003308,ORD002512,PROD0114,1,0.1,15856.44,14270.8,1317.53
ITEM0003309,ORD003483,PROD0178,4,0.15,19748.92,16786.58,4059.82
ITEM0003310,ORD000669,PROD0151,1,0.05,3389.73,3220.24,1129.06
ITEM0003311,ORD002989,PROD0042,1,0.05,21135.45,20078.68,5797.77
ITEM0003312,ORD002806,PROD0148,2,0.1,28538.22,25684.4,5060.42
ITEM0003313,ORD000928,PROD0115,1,0.1,2532.67,2279.4,670.71
ITEM0003314,ORD000127,PROD0136,2,0.1,40578.54,36520.69,1264.09
ITEM0003315,ORD003666,PROD0082,2,0,2699.36,2699.36,1114.64
ITEM0003316,ORD003071,PROD0217,2,0.15,21668.48,18418.21,4646.15
ITEM0003317,ORD001742,PROD0204,3,0.1,33365.85,30029.27,10816.58
ITEM0003318,ORD003406,PROD0125,1,0.05,7231.98,6870.38,856.87
ITEM0003319,ORD002274,PROD0201,1,0.2,13631.5,10905.2,2358.87
ITEM0003320,ORD000910,PROD0070,1,0.15,22695.91,19291.52,5632.93
ITEM0003321,ORD003835,PROD0015,1,0.05,6077.14,5773.28,1464.77
ITEM0003322,ORD000150,PROD0179,1,0.05,3209.28,3048.82,920.15
ITEM0003323,ORD002311,PROD0066,2,0,5862.56,5862.56,1669.48
ITEM0003324,ORD004410,PROD0083,1,0.05,15580.33,14801.31,1381.83
ITEM0003325,ORD003033,PROD0100,5,0.05,109790.5,104300.97,18763.22
ITEM0003326,ORD002117,PROD0069,4,0.1,5803.6,5223.24,1686.4
ITEM0003327,ORD002925,PROD0087,2,0.15,38490.06,32716.55,6397.31
ITEM0003328,ORD003879,PROD0100,4,0.2,87832.4,70265.92,1835.72
ITEM0003329,ORD003359,PROD0054,1,0.05,14295.43,13580.66,2834.12
ITEM0003330,ORD002225,PROD0048,1,0.2,7008.44,5606.75,144.77
ITEM0003331,ORD002736,PROD0007,5,0.2,49667.75,39734.2,9743.9
ITEM0003332,ORD001768,PROD0200,1,0.1,10068.26,9061.43,649.77
ITEM0003333,ORD003854,PROD0188,1,0.1,2699.06,2429.15,383.36
ITEM0003334,ORD001171,PROD0122,1,0.05,2269.53,2156.05,653.11
ITEM0003335,ORD004158,PROD0143,1,0.2,22087.39,17669.91,3303.11
ITEM0003336,ORD004550,PROD0149,5,0.15,84027.65,71423.5,7421.85
ITEM0003337,ORD001291,PROD0189,3,0.25,53386.02,40039.51,6187.99
ITEM0003338,ORD003303,PROD0006,1,0.2,20518.66,16414.93,2254.73
ITEM0003339,ORD004999,PROD0139,1,0.1,18079.77,16271.79,4711.91
ITEM0003340,ORD003807,PROD0112,2,0.05,19149.76,18192.27,3944.75
ITEM0003341,ORD004432,PROD0045,2,0.15,32682.24,27779.9,5814.36
ITEM0003342,ORD002339,PROD0051,2,0,41654.68,41654.68,9610.5
ITEM0003343,ORD003949,PROD0155,3,0.15,13208.67,11227.37,-43.48
ITEM0003344,ORD003542,PROD0091,1,0.1,13201.67,11881.5,4094.75
ITEM0003345,ORD003826,PROD0175,2,0,27576.06,27576.06,6251.26
ITEM0003346,ORD004023,PROD0028,1,0.05,6922.32,6576.2,749.36
ITEM0003347,ORD000530,PROD0151,1,0.05,3389.73,3220.24,1129.06
ITEM0003348,ORD003509,PROD0149,1,0.15,16805.53,14284.7,1484.37
ITEM0003349,ORD003857,PROD0206,1,0.1,1692.87,1523.58,342.97
ITEM0003350,ORD002821,PROD0010,1,0.1,12102.52,10892.27,3916.69
ITEM0003351,ORD002857,PROD0110,2,0.1,25793.74,23214.37,6439.71
ITEM0003352,ORD003936,PROD0160,1,0.05,6180.13,5871.12,905.16
ITEM0003353,ORD003918,PROD0172,1,0.1,20101.86,18091.67,2855.54
ITEM0003354,ORD001612,PROD0056,2,0.15,25207.74,21426.58,6338.44
ITEM0003355,ORD004748,PROD0005,1,0.2,1965.77,1572.62,-123.71
ITEM0003356,ORD003935,PROD0077,1,0.15,14444.47,12277.8,3865.7
ITEM0003357,ORD003541,PROD0147,3,0,69033.39,69033.39,16666.98
ITEM0003358,ORD002284,PROD0160,1,0.1,6180.13,5562.12,596.16
ITEM0003359,ORD000740,PROD0179,1,0.1,3209.28,2888.35,759.68
ITEM0003360,ORD002888,PROD0157,2,0,20379.08,20379.08,8273.98
ITEM0003361,ORD001430,PROD0147,3,0.1,69033.39,62130.05,9763.64
ITEM0003362,ORD002154,PROD0011,1,0.25,13446.1,10084.58,1746.42
ITEM0003363,ORD004444,PROD0040,2,0.25,29955.92,22466.94,2293.04
ITEM0003364,ORD000774,PROD0068,1,0.05,19399.02,18429.07,7306.39
ITEM0003365,ORD002859,PROD0025,4,0.1,6534.64,5881.18,624.1
ITEM0003366,ORD000226,PROD0208,1,0.05,15180.79,14421.75,5281.47
ITEM0003367,ORD000488,PROD0095,2,0.05,7079.22,6725.26,1119.12
ITEM0003368,ORD003541,PROD0175,1,0.1,13788.03,12409.23,1746.83
ITEM0003369,ORD001264,PROD0056,2,0.2,25207.74,20166.19,5078.05
ITEM0003370,ORD001548,PROD0143,2,0.15,44174.78,37548.56,8814.96
ITEM0003371,ORD002927,PROD0174,2,0.25,23961.3,17970.97,-2121.45
ITEM0003372,ORD001303,PROD0136,1,0.05,20289.27,19274.81,1646.51
ITEM0003373,ORD003884,PROD0185,1,0.05,28315.81,26900.02,10360.47
ITEM0003374,ORD004505,PROD0162,2,0,25976.26,25976.26,5241.12
ITEM0003375,ORD001996,PROD0003,3,0.15,1513.32,1286.32,3.61
ITEM0003376,ORD003675,PROD0122,2,0.1,4539.06,4085.15,1079.27
ITEM0003377,ORD000650,PROD0117,2,0.15,7384.12,6276.5,305.98
ITEM0003378,ORD003286,PROD0041,1,0.2,19120.67,15296.54,3129.63
ITEM0003379,ORD002704,PROD0091,1,0.1,13201.67,11881.5,4094.75
ITEM0003380,ORD004968,PROD0038,1,0.15,1889.37,1605.96,129.36
ITEM0003381,ORD002501,PROD0173,2,0.1,25589.9,23030.91,4665.99
ITEM0003382,ORD003817,PROD0037,1,0.1,19432.4,17489.16,2649.48
ITEM0003383,ORD003780,PROD0196,2,0.1,11590.9,10431.81,2181.25
ITEM0003384,ORD001971,PROD0188,1,0.1,2699.06,2429.15,383.36
ITEM0003385,ORD004665,PROD0214,1,0.1,16367.22,14730.5,1640.6
ITEM0003386,ORD001405,PROD0219,2,0.1,54012.64,48611.38,13981.8
ITEM0003387,ORD001358,PROD0130,1,0.05,8360.75,7942.71,1963.29
ITEM0003388,ORD004411,PROD0099,3,0,9662.64,9662.64,2029.95
ITEM0003389,ORD002414,PROD0005,1,0.15,1965.77,1670.9,-25.43
ITEM0003390,ORD001355,PROD0153,1,0.1,8892.34,8003.11,1828.23
ITEM0003391,ORD003121,PROD0081,1,0.15,6304.12,5358.5,1714.66
ITEM0003392,ORD000822,PROD0191,1,0.05,18802.59,17862.46,2730.33
ITEM0003393,ORD004209,PROD0013,1,0.05,19866.3,18872.98,5447.52
ITEM0003394,ORD002162,PROD0020,2,0,23644.1,23644.1,5999.82
ITEM0003395,ORD000838,PROD0146,1,0.1,5951.75,5356.57,1544.51
ITEM0003396,ORD002293,PROD0064,2,0.05,35440.88,33668.84,13396.6
ITEM0003397,ORD000461,PROD0047,1,0.1,26673.83,24006.45,6311.87
ITEM0003398,ORD000817,PROD0075,2,0.05,23130.8,21974.26,8316.68
ITEM0003399,ORD002930,PROD0082,1,0.1,1349.68,1214.71,422.35
ITEM0003400,ORD003032,PROD0054,3,0.1,42886.29,38597.66,6358.04
ITEM0003401,ORD000249,PROD0030,2,0.1,17987.88,16189.09,4467.11
ITEM0003402,ORD003026,PROD0102,1,0.05,20719.66,19683.68,7277.18
ITEM0003403,ORD000751,PROD0209,1,0,6536.37,6536.37,1524.48
ITEM0003404,ORD000380,PROD0186,2,0,31922.96,31922.96,10878.02
ITEM0003405,ORD003778,PROD0071,2,0,58295.38,58295.38,24125.34
ITEM0003406,ORD003695,PROD0093,1,0,9683.07,9683.07,3911.72
ITEM0003407,ORD004094,PROD0060,1,0.2,5374.61,4299.69,239.92
ITEM0003408,ORD003648,PROD0055,1,0.05,1759.13,1671.17,184.86
ITEM0003409,ORD004879,PROD0124,3,0.1,12659.94,11393.95,3183.7
ITEM0003410,ORD000684,PROD0216,3,0,28847.58,28847.58,7171.05
ITEM0003411,ORD002371,PROD0145,1,0,20004.05,20004.05,4958.96
ITEM0003412,ORD004519,PROD0158,3,0.2,2325.06,1860.05,411.5
ITEM0003413,ORD001305,PROD0186,2,0.05,31922.96,30326.81,9281.87
ITEM0003414,ORD000001,PROD0107,1,0.1,14258.33,12832.5,3503.51
ITEM0003415,ORD002742,PROD0070,3,0.1,68087.73,61278.96,20303.19
ITEM0003416,ORD003301,PROD0014,1,0.1,6126.24,5513.62,1872.49
ITEM0003417,ORD000697,PROD0070,1,0.1,22695.91,20426.32,6767.73
ITEM0003418,ORD000340,PROD0214,1,0.1,16367.22,14730.5,1640.6
ITEM0003419,ORD000526,PROD0213,2,0.15,37933.98,32243.88,5104.92
ITEM0003420,ORD000267,PROD0078,1,0,20305.82,20305.82,8345.19
ITEM0003421,ORD002588,PROD0192,1,0,2966.21,2966.21,479.96
ITEM0003422,ORD000922,PROD0147,4,0.1,92044.52,82840.07,13018.19
ITEM0003423,ORD003330,PROD0015,3,0,18231.42,18231.42,5305.89
ITEM0003424,ORD003328,PROD0154,2,0.15,8860.12,7531.1,2235.4
ITEM0003425,ORD002245,PROD0204,4,0.15,44487.8,37814.63,12197.71
ITEM0003426,ORD003971,PROD0156,1,0,262.65,262.65,109
ITEM0003427,ORD002682,PROD0066,3,0.15,8793.84,7474.76,1185.14
ITEM0003428,ORD002723,PROD0097,1,0.1,10186.82,9168.14,2650.18
ITEM0003429,ORD000068,PROD0215,1,0,18581.05,18581.05,6991.73
ITEM0003430,ORD003283,PROD0067,2,0.05,19302.58,18337.45,5829.67
ITEM0003431,ORD002159,PROD0170,2,0.1,11445.76,10301.18,3569.8
ITEM0003432,ORD000899,PROD0200,2,0.1,20136.52,18122.87,1299.55
ITEM0003433,ORD002113,PROD0028,2,0,13844.64,13844.64,2190.96
ITEM0003434,ORD004088,PROD0028,2,0.05,13844.64,13152.41,1498.73
ITEM0003435,ORD004572,PROD0212,2,0.05,14945.2,14197.94,1750.26
ITEM0003436,ORD003024,PROD0143,1,0,22087.39,22087.39,7720.59
ITEM0003437,ORD004090,PROD0172,2,0.05,40203.72,38193.53,7721.27
ITEM0003438,ORD004015,PROD0011,2,0.1,26892.2,24202.98,7526.66
ITEM0003439,ORD004493,PROD0098,3,0.05,52938.39,50291.47,11773.33
ITEM0003440,ORD000383,PROD0068,1,0.05,19399.02,18429.07,7306.39
ITEM0003441,ORD002450,PROD0072,2,0.1,20346.44,18311.8,5848.96
ITEM0003442,ORD002135,PROD0197,1,0.1,16842.1,15157.89,2316.52
ITEM0003443,ORD000154,PROD0136,2,0.1,40578.54,36520.69,1264.09
ITEM0003444,ORD000358,PROD0017,1,0,15433.34,15433.34,3017.09
ITEM0003445,ORD003591,PROD0172,1,0.1,20101.86,18091.67,2855.54
ITEM0003446,ORD001449,PROD0106,1,0.15,13006.77,11055.75,1680.6
ITEM0003447,ORD003640,PROD0012,1,0.05,12178.75,11569.81,4516.73
ITEM0003448,ORD003367,PROD0186,2,0.1,31922.96,28730.66,7685.72
ITEM0003449,ORD002416,PROD0039,3,0.2,36421.83,29137.46,315.35
ITEM0003450,ORD003648,PROD0098,2,0,35292.26,35292.26,9613.5
ITEM0003451,ORD000087,PROD0012,1,0,12178.75,12178.75,5125.67
ITEM0003452,ORD002169,PROD0057,1,0.1,17494.25,15744.83,4305.57
ITEM0003453,ORD001263,PROD0172,4,0.1,80407.44,72366.7,11422.18
ITEM0003454,ORD003830,PROD0101,1,0,2158.69,2158.69,893.53
ITEM0003455,ORD000389,PROD0081,1,0.15,6304.12,5358.5,1714.66
ITEM0003456,ORD000685,PROD0083,1,0.15,15580.33,13243.28,-176.2
ITEM0003457,ORD003543,PROD0004,1,0.15,6291.1,5347.44,211.95
ITEM0003458,ORD003746,PROD0090,2,0,41497.72,41497.72,10422.58
ITEM0003459,ORD004399,PROD0002,1,0.1,14642.7,13178.43,2028.72
ITEM0003460,ORD003877,PROD0142,1,0.1,5869.7,5282.73,1725.97
ITEM0003461,ORD003013,PROD0093,1,0,9683.07,9683.07,3911.72
ITEM0003462,ORD003506,PROD0124,1,0,4219.98,4219.98,1483.23
ITEM0003463,ORD003506,PROD0125,1,0,7231.98,7231.98,1218.47
ITEM0003464,ORD001306,PROD0205,3,0.1,56731.68,51058.51,13452.55
ITEM0003465,ORD001906,PROD0077,2,0,28888.94,28888.94,12064.74
ITEM0003466,ORD001682,PROD0003,4,0.1,2017.76,1815.98,105.7
ITEM0003467,ORD001238,PROD0029,1,0.1,13719.5,12347.55,2876.22
ITEM0003468,ORD001448,PROD0191,1,0.1,18802.59,16922.33,1790.2
ITEM0003469,ORD001820,PROD0051,1,0.15,20827.34,17703.24,1681.15
ITEM0003470,ORD002297,PROD0201,2,0.2,27263,21810.4,4717.74
ITEM0003471,ORD004721,PROD0027,1,0.15,24200.54,20570.46,4668.31
ITEM0003472,ORD002829,PROD0152,2,0.05,29809.88,28319.39,10024.55
ITEM0003473,ORD002348,PROD0177,1,0.15,19947.36,16955.26,2820.35
ITEM0003474,ORD003204,PROD0152,2,0.1,29809.88,26828.89,8534.05
ITEM0003475,ORD004420,PROD0008,1,0.1,16675.42,15007.88,1028.18
ITEM0003476,ORD001354,PROD0088,2,0.15,22581.18,19194,4076.78
ITEM0003477,ORD000499,PROD0137,1,0,16943.68,16943.68,3648.25
ITEM0003478,ORD000120,PROD0144,2,0,47303.2,47303.2,15171.82
ITEM0003479,ORD004022,PROD0211,2,0.15,14956,12712.6,3189.3
ITEM0003480,ORD003305,PROD0167,1,0,24925.25,24925.25,10278.96
ITEM0003481,ORD003263,PROD0184,1,0,5590.8,5590.8,2004.45
ITEM0003482,ORD003045,PROD0087,2,0.2,38490.06,30792.05,4472.81
ITEM0003483,ORD000866,PROD0082,1,0.1,1349.68,1214.71,422.35
ITEM0003484,ORD003104,PROD0193,1,0.15,20594.36,17505.21,5635.16
ITEM0003485,ORD001243,PROD0147,1,0.15,23011.13,19559.46,2103.99
ITEM0003486,ORD002845,PROD0139,3,0.2,54239.31,43391.45,8711.81
ITEM0003487,ORD001580,PROD0099,3,0,9662.64,9662.64,2029.95
ITEM0003488,ORD002948,PROD0063,5,0.05,55183.75,52424.56,8933.91
ITEM0003489,ORD004000,PROD0049,4,0.15,96440.56,81974.48,15772.52
ITEM0003490,ORD001214,PROD0046,1,0.05,9283.94,8819.74,2288.39
ITEM0003491,ORD000377,PROD0207,2,0.2,44443.06,35554.45,6403.63
ITEM0003492,ORD000161,PROD0100,2,0,43916.2,43916.2,9701.1
ITEM0003493,ORD003598,PROD0144,3,0.1,70954.8,63859.32,15662.25
ITEM0003494,ORD001674,PROD0211,4,0.1,29912,26920.8,7874.2
ITEM0003495,ORD004579,PROD0128,3,0.15,55837.41,47461.8,5906.61
ITEM0003496,ORD004390,PROD0052,2,0.05,30732.98,29196.33,8590.07
ITEM0003497,ORD000961,PROD0194,1,0,26125.1,26125.1,10631.16
ITEM0003498,ORD000037,PROD0112,1,0.1,9574.88,8617.39,1493.63
ITEM0003499,ORD004222,PROD0074,5,0.2,75539.8,60431.84,10859.34
ITEM0003500,ORD001974,PROD0219,2,0.15,54012.64,45910.74,11281.16
ITEM0003501,ORD004617,PROD0060,4,0.15,21498.44,18273.67,2034.59
ITEM0003502,ORD002267,PROD0111,1,0.15,4956.44,4212.97,911.47
ITEM0003503,ORD002566,PROD0215,2,0.1,37162.1,33445.89,10267.25
ITEM0003504,ORD004372,PROD0156,2,0.2,525.3,420.24,112.94
ITEM0003505,ORD004068,PROD0010,1,0.1,12102.52,10892.27,3916.69
ITEM0003506,ORD002007,PROD0121,1,0.15,6528.58,5549.29,1206.51
ITEM0003507,ORD002332,PROD0073,1,0.1,9607.45,8646.71,2619.48
ITEM0003508,ORD000418,PROD0163,3,0.05,3463.71,3290.52,323.49
ITEM0003509,ORD004543,PROD0211,1,0.05,7478,7104.1,2342.45
ITEM0003510,ORD000121,PROD0033,1,0.1,17395.33,15655.8,3785.85
ITEM0003511,ORD000194,PROD0041,3,0.1,57362.01,51625.81,15125.08
ITEM0003512,ORD003018,PROD0030,5,0,44969.7,44969.7,15664.75
ITEM0003513,ORD000392,PROD0083,4,0.15,62321.32,52973.12,-704.8
ITEM0003514,ORD000969,PROD0160,2,0.2,12360.26,9888.21,-43.71
ITEM0003515,ORD004022,PROD0085,1,0.05,26654.63,25321.9,9496
ITEM0003516,ORD004442,PROD0131,2,0.1,6474.24,5826.82,1749.42
ITEM0003517,ORD001475,PROD0125,1,0.05,7231.98,6870.38,856.87
ITEM0003518,ORD004183,PROD0043,1,0.15,14567.24,12382.15,2734.65
ITEM0003519,ORD003641,PROD0042,1,0.05,21135.45,20078.68,5797.77
ITEM0003520,ORD000108,PROD0095,2,0.2,7079.22,5663.38,57.24
ITEM0003521,ORD002956,PROD0019,1,0.05,1769.05,1680.6,529.43
ITEM0003522,ORD000460,PROD0030,1,0,8993.94,8993.94,3132.95
ITEM0003523,ORD003835,PROD0021,1,0.1,20513.07,18461.76,3946.75
ITEM0003524,ORD004180,PROD0122,2,0.25,4539.06,3404.3,398.42
ITEM0003525,ORD002831,PROD0004,2,0,12582.2,12582.2,2311.22
ITEM0003526,ORD000987,PROD0136,2,0,40578.54,40578.54,5321.94
ITEM0003527,ORD000201,PROD0092,2,0.15,17128.62,14559.33,3020.27
ITEM0003528,ORD000835,PROD0033,1,0.15,17395.33,14786.03,2916.08
ITEM0003529,ORD000027,PROD0127,1,0.2,27826.63,22261.3,4865.32
ITEM0003530,ORD002252,PROD0189,4,0,71181.36,71181.36,26046
ITEM0003531,ORD003505,PROD0149,2,0.15,33611.06,28569.4,2968.74
ITEM0003532,ORD001772,PROD0206,2,0.1,3385.74,3047.17,685.95
ITEM0003533,ORD001192,PROD0201,2,0.1,27263,24536.7,7444.04
ITEM0003534,ORD004784,PROD0068,1,0.1,19399.02,17459.12,6336.44
ITEM0003535,ORD001664,PROD0011,2,0,26892.2,26892.2,10215.88
ITEM0003536,ORD003029,PROD0046,3,0.1,27851.82,25066.64,5472.59
ITEM0003537,ORD003076,PROD0014,1,0.05,6126.24,5819.93,2178.8
ITEM0003538,ORD000372,PROD0113,1,0.05,19139.62,18182.64,2287.37
ITEM0003539,ORD001009,PROD0053,1,0.1,17914.51,16123.06,1834.22
ITEM0003540,ORD002434,PROD0158,1,0.1,775.02,697.52,214.67
ITEM0003541,ORD004385,PROD0209,1,0.05,6536.37,6209.55,1197.66
ITEM0003542,ORD003525,PROD0100,2,0.15,43916.2,37328.77,3113.67
ITEM0003543,ORD003529,PROD0077,1,0.1,14444.47,13000.02,4587.92
ITEM0003544,ORD001598,PROD0022,2,0.2,15996.88,12797.5,-199.22
ITEM0003545,ORD002582,PROD0178,4,0.25,19748.92,14811.69,2084.93
ITEM0003546,ORD002294,PROD0096,4,0.1,66356.24,59720.62,15990.9
ITEM0003547,ORD000962,PROD0095,1,0.1,3539.61,3185.65,382.58
ITEM0003548,ORD002619,PROD0028,3,0.05,20766.96,19728.61,2248.09
ITEM0003549,ORD001907,PROD0203,2,0.25,27830.8,20873.1,4440.5
ITEM0003550,ORD004376,PROD0115,2,0.1,5065.34,4558.81,1341.43
ITEM0003551,ORD003366,PROD0200,1,0.25,10068.26,7551.19,-860.47
ITEM0003552,ORD000380,PROD0033,1,0.05,17395.33,16525.56,4655.61
ITEM0003553,ORD001722,PROD0062,3,0.1,6985.35,6286.81,1472.95
ITEM0003554,ORD004303,PROD0162,2,0,25976.26,25976.26,5241.12
ITEM0003555,ORD004670,PROD0099,1,0,3220.88,3220.88,676.65
ITEM0003556,ORD000222,PROD0157,2,0.1,20379.08,18341.17,6236.07
ITEM0003557,ORD004061,PROD0005,1,0,1965.77,1965.77,269.44
ITEM0003558,ORD002543,PROD0063,2,0.1,22073.5,19866.15,2469.89
ITEM0003559,ORD003568,PROD0098,1,0.05,17646.13,16763.82,3924.44
ITEM0003560,ORD000329,PROD0208,1,0,15180.79,15180.79,6040.51
ITEM0003561,ORD000351,PROD0189,1,0.05,17795.34,16905.57,5621.73
ITEM0003562,ORD004148,PROD0156,1,0.1,262.65,236.38,82.73
ITEM0003563,ORD003386,PROD0129,1,0.05,18062.74,17159.6,1967.49
ITEM0003564,ORD003978,PROD0050,2,0.15,5047.78,4290.61,751.35
ITEM0003565,ORD004308,PROD0038,1,0.2,1889.37,1511.5,34.9
ITEM0003566,ORD000354,PROD0145,1,0,20004.05,20004.05,4958.96
ITEM0003567,ORD004758,PROD0139,1,0.1,18079.77,16271.79,4711.91
ITEM0003568,ORD000413,PROD0162,2,0.05,25976.26,24677.45,3942.31
ITEM0003569,ORD004290,PROD0178,4,0,19748.92,19748.92,7022.16
ITEM0003570,ORD000027,PROD0145,1,0.1,20004.05,18003.65,2958.56
ITEM0003571,ORD003392,PROD0215,1,0.1,18581.05,16722.94,5133.62
ITEM0003572,ORD001425,PROD0130,2,0,16721.5,16721.5,4762.66
ITEM0003573,ORD003471,PROD0140,4,0.05,32329.56,30713.08,8868.72
ITEM0003574,ORD000113,PROD0097,2,0.2,20373.64,16298.91,3262.99
ITEM0003575,ORD004131,PROD0175,3,0,41364.09,41364.09,9376.89
ITEM0003576,ORD001308,PROD0125,2,0.05,14463.96,13740.76,1713.74
ITEM0003577,ORD001339,PROD0095,1,0.1,3539.61,3185.65,382.58
ITEM0003578,ORD003092,PROD0083,1,0,15580.33,15580.33,2160.85
ITEM0003579,ORD004473,PROD0199,1,0.1,18096.68,16287.01,5808.59
ITEM0003580,ORD001100,PROD0041,2,0,38241.34,38241.34,13907.52
ITEM0003581,ORD004995,PROD0202,1,0.1,18724.77,16852.29,5786.63
ITEM0003582,ORD000069,PROD0056,1,0.1,12603.87,11343.48,3799.41
ITEM0003583,ORD004352,PROD0055,1,0.15,1759.13,1495.26,8.95
ITEM0003584,ORD004474,PROD0218,1,0.15,499.26,424.37,131.78
ITEM0003585,ORD002109,PROD0136,5,0.1,101446.35,91301.72,3160.22
ITEM0003586,ORD000365,PROD0210,2,0.05,52229.6,49618.12,16839
ITEM0003587,ORD004375,PROD0064,1,0.1,17720.44,15948.4,5812.28
ITEM0003588,ORD002608,PROD0139,1,0.1,18079.77,16271.79,4711.91
ITEM0003589,ORD001110,PROD0100,1,0,21958.1,21958.1,4850.55
ITEM0003590,ORD000576,PROD0172,5,0.1,100509.3,90458.37,14277.72
ITEM0003591,ORD003460,PROD0181,1,0.15,9140.75,7769.64,1822.48
ITEM0003592,ORD002439,PROD0015,1,0.1,6077.14,5469.43,1160.92
ITEM0003593,ORD004735,PROD0122,2,0.05,4539.06,4312.11,1306.23
ITEM0003594,ORD000200,PROD0136,1,0.1,20289.27,18260.34,632.04
ITEM0003595,ORD001734,PROD0114,2,0.2,31712.88,25370.3,-536.24
ITEM0003596,ORD002740,PROD0181,4,0.05,36563,34734.85,10946.21
ITEM0003597,ORD000876,PROD0033,1,0.15,17395.33,14786.03,2916.08
ITEM0003598,ORD004309,PROD0136,1,0.05,20289.27,19274.81,1646.51
ITEM0003599,ORD000658,PROD0086,2,0.05,11172.4,10613.78,2368.9
ITEM0003600,ORD004428,PROD0163,1,0.1,1154.57,1039.11,50.1
ITEM0003601,ORD003602,PROD0052,2,0.05,30732.98,29196.33,8590.07
ITEM0003602,ORD001369,PROD0031,3,0.1,4441.77,3997.59,1404.12
ITEM0003603,ORD003177,PROD0036,1,0.1,10450.84,9405.76,2857.97
ITEM0003604,ORD002258,PROD0185,1,0.05,28315.81,26900.02,10360.47
ITEM0003605,ORD000912,PROD0128,4,0,74449.88,74449.88,19042.96
ITEM0003606,ORD001852,PROD0185,3,0.05,84947.43,80700.06,31081.41
ITEM0003607,ORD003913,PROD0105,1,0,13371.33,13371.33,3961.3
ITEM0003608,ORD002531,PROD0212,1,0.2,7472.6,5978.08,-245.76
ITEM0003609,ORD004267,PROD0071,2,0.1,58295.38,52465.84,18295.8
ITEM0003610,ORD000112,PROD0196,1,0.1,5795.45,5215.9,1090.62
ITEM0003611,ORD002411,PROD0105,4,0,53485.32,53485.32,15845.2
ITEM0003612,ORD004915,PROD0158,2,0.1,1550.04,1395.04,429.34
ITEM0003613,ORD002594,PROD0216,1,0.1,9615.86,8654.27,1428.76
ITEM0003614,ORD002590,PROD0088,2,0.05,22581.18,21452.12,6334.9
ITEM0003615,ORD002156,PROD0086,2,0.1,11172.4,10055.16,1810.28
ITEM0003616,ORD003723,PROD0045,2,0.1,32682.24,29414.02,7448.48
ITEM0003617,ORD000450,PROD0119,1,0.25,2687.17,2015.38,-171.19
ITEM0003618,ORD003441,PROD0121,2,0,13057.16,13057.16,4371.6
ITEM0003619,ORD000193,PROD0026,1,0.15,13275.14,11283.87,3066.77
ITEM0003620,ORD000854,PROD0059,1,0.1,4391.03,3951.93,1126.63
ITEM0003621,ORD001912,PROD0143,1,0.1,22087.39,19878.65,5511.85
ITEM0003622,ORD001792,PROD0061,2,0.15,4655.38,3957.07,838.65
ITEM0003623,ORD004395,PROD0171,2,0.1,20968.6,18871.74,1239.5
ITEM0003624,ORD001130,PROD0040,1,0.2,14977.96,11982.37,1895.42
ITEM0003625,ORD003467,PROD0167,1,0.1,24925.25,22432.73,7786.44
ITEM0003626,ORD004613,PROD0106,3,0.25,39020.31,29265.23,1139.78
ITEM0003627,ORD000495,PROD0059,1,0.05,4391.03,4171.48,1346.18
ITEM0003628,ORD002202,PROD0165,2,0.1,29756.9,26781.21,4532.47
ITEM0003629,ORD002558,PROD0052,1,0.2,15366.49,12293.19,1990.06
ITEM0003630,ORD002502,PROD0214,2,0,32734.44,32734.44,6554.64
ITEM0003631,ORD001194,PROD0124,1,0.05,4219.98,4008.98,1272.23
ITEM0003632,ORD003267,PROD0009,1,0,24251.57,24251.57,9526.44
ITEM0003633,ORD003506,PROD0106,3,0.15,39020.31,33167.26,5041.81
ITEM0003634,ORD000298,PROD0150,2,0,28140,28140,11783.68
ITEM0003635,ORD004956,PROD0201,1,0.2,13631.5,10905.2,2358.87
ITEM0003636,ORD000685,PROD0002,1,0,14642.7,14642.7,3492.99
ITEM0003637,ORD003214,PROD0092,3,0.1,25692.93,23123.64,5815.05
ITEM0003638,ORD002647,PROD0080,1,0.05,23452.42,22279.8,6002.41
ITEM0003639,ORD002037,PROD0010,1,0.1,12102.52,10892.27,3916.69
ITEM0003640,ORD004252,PROD0069,3,0,4352.7,4352.7,1700.07
ITEM0003641,ORD004022,PROD0187,1,0.15,2026.07,1722.16,523.76
ITEM0003642,ORD001281,PROD0206,3,0.2,5078.61,4062.89,521.06
ITEM0003643,ORD002579,PROD0047,3,0,80021.49,80021.49,26937.75
ITEM0003644,ORD004505,PROD0147,1,0.2,23011.13,18408.9,953.43
ITEM0003645,ORD001618,PROD0015,1,0.2,6077.14,4861.71,553.2
ITEM0003646,ORD001294,PROD0028,1,0.05,6922.32,6576.2,749.36
ITEM0003647,ORD003276,PROD0146,3,0,17855.25,17855.25,6419.07
ITEM0003648,ORD003666,PROD0016,2,0.1,18590,16731,2385.24
ITEM0003649,ORD003310,PROD0193,3,0.15,61783.08,52515.62,16905.47
ITEM0003650,ORD004053,PROD0024,1,0.2,13202.39,10561.91,740.23
ITEM0003651,ORD000008,PROD0164,1,0,8356.56,8356.56,1402.45
ITEM0003652,ORD000184,PROD0105,1,0,13371.33,13371.33,3961.3
ITEM0003653,ORD003756,PROD0108,3,0.05,28838.49,27396.57,5757.96
ITEM0003654,ORD002541,PROD0214,2,0.05,32734.44,31097.72,4917.92
ITEM0003655,ORD003391,PROD0087,1,0.1,19245.03,17320.53,4160.91
ITEM0003656,ORD002918,PROD0016,3,0.25,27885,20913.75,-604.89
ITEM0003657,ORD002331,PROD0128,3,0.1,55837.41,50253.67,8698.48
ITEM0003658,ORD002158,PROD0021,1,0.1,20513.07,18461.76,3946.75
ITEM0003659,ORD001286,PROD0131,1,0.1,3237.12,2913.41,874.71
ITEM0003660,ORD002887,PROD0050,2,0.25,5047.78,3785.84,246.58
ITEM0003661,ORD004501,PROD0138,2,0.05,2434.62,2312.89,522.45
ITEM0003662,ORD004912,PROD0164,3,0.1,25069.68,22562.71,1700.38
ITEM0003663,ORD002593,PROD0145,4,0.05,80016.2,76015.39,15835.03
ITEM0003664,ORD002133,PROD0186,1,0.05,15961.48,15163.41,4640.94
ITEM0003665,ORD002648,PROD0042,4,0.2,84541.8,67633.44,10509.8
ITEM0003666,ORD001350,PROD0196,1,0.15,5795.45,4926.13,800.85
ITEM0003667,ORD000811,PROD0103,4,0.05,84764.48,80526.26,24567.18
ITEM0003668,ORD001893,PROD0006,3,0.05,61555.98,58478.18,15997.58
ITEM0003669,ORD001097,PROD0155,4,0.1,17611.56,15850.4,822.6
ITEM0003670,ORD002288,PROD0076,2,0.05,2940.18,2793.17,478.83
ITEM0003671,ORD001867,PROD0199,2,0,36193.36,36193.36,15236.52
ITEM0003672,ORD002533,PROD0089,2,0.1,19982.38,17984.14,1725.92
ITEM0003673,ORD004087,PROD0178,2,0.05,9874.46,9380.74,3017.36
ITEM0003674,ORD000441,PROD0076,5,0.2,7350.45,5880.36,94.51
ITEM0003675,ORD003723,PROD0034,1,0.1,10057.78,9052,2406.94
ITEM0003676,ORD003223,PROD0185,1,0.1,28315.81,25484.23,8944.68
ITEM0003677,ORD001232,PROD0202,3,0.15,56174.31,47748.16,14551.18
ITEM0003678,ORD004178,PROD0055,2,0.05,3518.26,3342.35,369.73
ITEM0003679,ORD004612,PROD0204,1,0.1,11121.95,10009.76,3605.53
ITEM0003680,ORD000611,PROD0006,1,0.1,20518.66,18466.79,4306.59
ITEM0003681,ORD004580,PROD0075,1,0,11565.4,11565.4,4736.61
ITEM0003682,ORD004161,PROD0043,2,0.05,29134.48,27677.76,8382.76
ITEM0003683,ORD003107,PROD0163,1,0,1154.57,1154.57,165.56
ITEM0003684,ORD004119,PROD0033,1,0.1,17395.33,15655.8,3785.85
ITEM0003685,ORD004952,PROD0121,4,0,26114.32,26114.32,8743.2
ITEM0003686,ORD001475,PROD0073,1,0,9607.45,9607.45,3580.22
ITEM0003687,ORD002805,PROD0165,1,0.1,14878.45,13390.61,2266.24
ITEM0003688,ORD004653,PROD0023,1,0.15,14900.6,12665.51,2567.79
ITEM0003689,ORD004332,PROD0191,1,0.05,18802.59,17862.46,2730.33
ITEM0003690,ORD002874,PROD0097,1,0,10186.82,10186.82,3668.86
ITEM0003691,ORD001208,PROD0198,1,0.05,797.03,757.18,77.54
ITEM0003692,ORD002173,PROD0071,1,0.15,29147.69,24775.54,7690.52
ITEM0003693,ORD000220,PROD0132,2,0.1,39502.2,35551.98,9441.16
ITEM0003694,ORD001774,PROD0019,4,0.05,7076.2,6722.39,2117.71
ITEM0003695,ORD002694,PROD0157,2,0.05,20379.08,19360.13,7255.03
ITEM0003696,ORD003685,PROD0139,2,0.1,36159.54,32543.59,9423.83
ITEM0003697,ORD002208,PROD0220,1,0,24256.9,24256.9,7042.09
ITEM0003698,ORD003872,PROD0054,5,0.15,71477.15,60755.58,7022.88
ITEM0003699,ORD001012,PROD0040,2,0,29955.92,29955.92,9782.02
ITEM0003700,ORD000826,PROD0204,1,0.05,11121.95,10565.85,4161.62
ITEM0003701,ORD001247,PROD0025,4,0.1,6534.64,5881.18,624.1
ITEM0003702,ORD002617,PROD0066,1,0.1,2931.28,2638.15,541.61
ITEM0003703,ORD004536,PROD0130,2,0.15,16721.5,14213.27,2254.43
ITEM0003704,ORD003734,PROD0014,1,0.05,6126.24,5819.93,2178.8
ITEM0003705,ORD000232,PROD0114,1,0.05,15856.44,15063.62,2110.35
ITEM0003706,ORD000164,PROD0164,1,0,8356.56,8356.56,1402.45
ITEM0003707,ORD001781,PROD0048,1,0,7008.44,7008.44,1546.46
ITEM0003708,ORD002092,PROD0183,2,0.15,33903.84,28818.26,4972.28
ITEM0003709,ORD001657,PROD0034,1,0.1,10057.78,9052,2406.94
ITEM0003710,ORD000028,PROD0197,1,0.1,16842.1,15157.89,2316.52
ITEM0003711,ORD002092,PROD0190,1,0.1,17149.88,15434.89,3483.11
ITEM0003712,ORD001980,PROD0113,2,0.1,38279.24,34451.32,2660.78
ITEM0003713,ORD004053,PROD0170,1,0.15,5722.88,4864.45,1498.76
ITEM0003714,ORD001564,PROD0159,2,0.1,9713.48,8742.13,1394.23
ITEM0003715,ORD001599,PROD0100,2,0,43916.2,43916.2,9701.1
ITEM0003716,ORD004254,PROD0077,1,0.05,14444.47,13722.25,5310.15
ITEM0003717,ORD004803,PROD0140,2,0.25,16164.78,12123.59,1201.41
ITEM0003718,ORD002969,PROD0116,4,0.2,37854.96,30283.97,2820.29
ITEM0003719,ORD001259,PROD0135,1,0.15,11202.85,9522.42,616.74
ITEM0003720,ORD004954,PROD0005,1,0.15,1965.77,1670.9,-25.43
ITEM0003721,ORD002883,PROD0027,1,0.15,24200.54,20570.46,4668.31
ITEM0003722,ORD002570,PROD0043,1,0.05,14567.24,13838.88,4191.38
ITEM0003723,ORD004452,PROD0213,2,0.1,37933.98,34140.58,7001.62
ITEM0003724,ORD000810,PROD0093,2,0.15,19366.14,16461.22,4918.52
ITEM0003725,ORD001582,PROD0053,1,0.1,17914.51,16123.06,1834.22
ITEM0003726,ORD004704,PROD0199,1,0.15,18096.68,15382.18,4903.76
ITEM0003727,ORD001747,PROD0165,1,0.1,14878.45,13390.61,2266.24
ITEM0003728,ORD003137,PROD0017,2,0.1,30866.68,27780.01,2947.51
ITEM0003729,ORD000777,PROD0220,1,0.05,24256.9,23044.06,5829.25
ITEM0003730,ORD000415,PROD0037,1,0,19432.4,19432.4,4592.72
ITEM0003731,ORD000168,PROD0202,1,0.1,18724.77,16852.29,5786.63
ITEM0003732,ORD003475,PROD0079,2,0.15,17880.74,15198.63,4555.59
ITEM0003733,ORD002923,PROD0210,3,0.1,78344.4,70509.96,21341.28
ITEM0003734,ORD003802,PROD0015,2,0.05,12154.28,11546.57,2929.55
ITEM0003735,ORD001026,PROD0084,1,0.2,7491.09,5992.87,1680.08
ITEM0003736,ORD000438,PROD0167,2,0.05,49850.5,47357.97,18065.39
ITEM0003737,ORD000023,PROD0085,3,0.2,79963.89,63971.11,16493.41
ITEM0003738,ORD003139,PROD0154,1,0.15,4430.06,3765.55,1117.7
ITEM0003739,ORD003832,PROD0163,2,0.15,2309.14,1962.77,-15.25
ITEM0003740,ORD001375,PROD0182,3,0.2,81110.88,64888.7,16949.51
ITEM0003741,ORD002351,PROD0173,3,0.05,38384.85,36465.61,8918.23
ITEM0003742,ORD001535,PROD0046,1,0.1,9283.94,8355.55,1824.2
ITEM0003743,ORD003898,PROD0082,1,0,1349.68,1349.68,557.32
ITEM0003744,ORD002851,PROD0042,2,0.15,42270.9,35930.26,7368.44
ITEM0003745,ORD001691,PROD0138,1,0.15,1217.31,1034.71,139.49
ITEM0003746,ORD000216,PROD0114,1,0.1,15856.44,14270.8,1317.53
ITEM0003747,ORD000795,PROD0080,3,0.05,70357.26,66839.4,18007.23
ITEM0003748,ORD004987,PROD0069,3,0.15,4352.7,3699.8,1047.17
ITEM0003749,ORD004864,PROD0181,2,0.1,18281.5,16453.35,4559.03
ITEM0003750,ORD002586,PROD0174,2,0.25,23961.3,17970.97,-2121.45
ITEM0003751,ORD003149,PROD0046,2,0.1,18567.88,16711.09,3648.39
ITEM0003752,ORD004530,PROD0072,1,0.1,10173.22,9155.9,2924.48
ITEM0003753,ORD001156,PROD0197,1,0.2,16842.1,13473.68,632.31
ITEM0003754,ORD000610,PROD0217,1,0.15,10834.24,9209.1,2323.07
ITEM0003755,ORD001873,PROD0171,2,0.1,20968.6,18871.74,1239.5
ITEM0003756,ORD000046,PROD0166,1,0.05,28105.81,26700.52,9172.14
ITEM0003757,ORD000900,PROD0139,1,0,18079.77,18079.77,6519.89
ITEM0003758,ORD000972,PROD0203,1,0.05,13915.4,13219.63,5003.33
ITEM0003759,ORD004353,PROD0112,1,0.25,9574.88,7181.16,57.4
ITEM0003760,ORD003907,PROD0091,2,0.05,26403.34,25083.17,9509.67
ITEM0003761,ORD003058,PROD0107,1,0.2,14258.33,11406.66,2077.67
ITEM0003762,ORD003344,PROD0207,1,0.1,22221.53,19999.38,5423.97
ITEM0003763,ORD003084,PROD0204,1,0,11121.95,11121.95,4717.72
ITEM0003764,ORD002728,PROD0014,2,0.05,12252.48,11639.86,4357.6
ITEM0003765,ORD000013,PROD0197,1,0.25,16842.1,12631.57,-209.8
ITEM0003766,ORD003213,PROD0168,1,0.1,19458.66,17512.79,5166.94
ITEM0003767,ORD002492,PROD0119,1,0.15,2687.17,2284.09,97.52
ITEM0003768,ORD003235,PROD0093,2,0.2,19366.14,15492.91,3950.21
ITEM0003769,ORD001141,PROD0151,2,0.1,6779.46,6101.51,1919.15
ITEM0003770,ORD002465,PROD0022,2,0.05,15996.88,15197.04,2200.32
ITEM0003771,ORD003549,PROD0134,1,0,25350.66,25350.66,8656.93
ITEM0003772,ORD001245,PROD0062,1,0.1,2328.45,2095.61,490.99
ITEM0003773,ORD002433,PROD0110,2,0.05,25793.74,24504.05,7729.39
ITEM0003774,ORD002545,PROD0180,1,0,5579.14,5579.14,2342.1
ITEM0003775,ORD003426,PROD0215,1,0.05,18581.05,17652,6062.68
ITEM0003776,ORD002740,PROD0057,3,0.2,52482.75,41986.2,7668.42
ITEM0003777,ORD001801,PROD0215,3,0,55743.15,55743.15,20975.19
ITEM0003778,ORD001670,PROD0199,3,0.05,54290.04,51575.54,20140.28
ITEM0003779,ORD004450,PROD0153,1,0.1,8892.34,8003.11,1828.23
ITEM0003780,ORD004327,PROD0018,2,0.15,28228.6,23994.31,5917.21
ITEM0003781,ORD001221,PROD0149,1,0.2,16805.53,13444.42,644.09
ITEM0003782,ORD003096,PROD0029,1,0,13719.5,13719.5,4248.17
ITEM0003783,ORD000914,PROD0220,3,0.1,72770.7,65493.63,13849.2
ITEM0003784,ORD000998,PROD0102,2,0.05,41439.32,39367.35,14554.35
ITEM0003785,ORD003766,PROD0015,1,0,6077.14,6077.14,1768.63
ITEM0003786,ORD000971,PROD0031,1,0.15,1480.59,1258.5,394.01
ITEM0003787,ORD003845,PROD0114,2,0.1,31712.88,28541.59,2635.05
ITEM0003788,ORD000852,PROD0153,2,0.05,17784.68,16895.45,4545.69
ITEM0003789,ORD003631,PROD0009,2,0.1,48503.14,43652.83,14202.57
ITEM0003790,ORD000399,PROD0141,1,0.1,9820.32,8838.29,2641.09
ITEM0003791,ORD000568,PROD0039,1,0.15,12140.61,10319.52,712.15
ITEM0003792,ORD004189,PROD0057,1,0.1,17494.25,15744.83,4305.57
ITEM0003793,ORD004015,PROD0139,1,0.15,18079.77,15367.8,3807.92
ITEM0003794,ORD003706,PROD0218,2,0.1,998.52,898.67,313.49
ITEM0003795,ORD004135,PROD0040,1,0.05,14977.96,14229.06,4142.11
ITEM0003796,ORD002853,PROD0160,1,0.1,6180.13,5562.12,596.16
ITEM0003797,ORD003209,PROD0138,2,0.25,2434.62,1825.96,35.52
ITEM0003798,ORD003662,PROD0065,4,0.05,27323.44,25957.27,6551.95
ITEM0003799,ORD001920,PROD0004,3,0.2,18873.3,15098.64,-307.83
ITEM0003800,ORD004669,PROD0183,1,0.2,16951.92,13561.54,1638.55
ITEM0003801,ORD002109,PROD0125,3,0.1,21695.94,19526.35,1485.82
ITEM0003802,ORD002908,PROD0005,1,0.25,1965.77,1474.33,-222
ITEM0003803,ORD001771,PROD0099,1,0,3220.88,3220.88,676.65
ITEM0003804,ORD000720,PROD0017,3,0.05,46300.02,43985.02,6736.27
ITEM0003805,ORD004276,PROD0017,1,0.1,15433.34,13890.01,1473.76
ITEM0003806,ORD004381,PROD0047,4,0.15,106695.32,90691.02,19912.7
ITEM0003807,ORD003324,PROD0079,4,0.1,35761.48,32185.33,10899.25
ITEM0003808,ORD000976,PROD0165,1,0,14878.45,14878.45,3754.08
ITEM0003809,ORD002672,PROD0015,2,0.1,12154.28,10938.85,2321.83
ITEM0003810,ORD001374,PROD0170,3,0.05,17168.64,16310.21,6213.14
ITEM0003811,ORD000867,PROD0096,3,0.1,49767.18,44790.46,11993.17
ITEM0003812,ORD001932,PROD0121,5,0,32642.9,32642.9,10929
ITEM0003813,ORD001825,PROD0031,3,0.15,4441.77,3775.5,1182.03
ITEM0003814,ORD000514,PROD0094,1,0.15,23049.93,19592.44,2287.8
ITEM0003815,ORD001977,PROD0098,3,0.15,52938.39,44997.63,6479.49
ITEM0003816,ORD000216,PROD0071,3,0.1,87443.07,78698.76,27443.7
ITEM0003817,ORD002490,PROD0111,2,0.05,9912.88,9417.24,2814.24
ITEM0003818,ORD002145,PROD0016,2,0.1,18590,16731,2385.24
ITEM0003819,ORD004476,PROD0017,1,0.1,15433.34,13890.01,1473.76
ITEM0003820,ORD001825,PROD0158,1,0,775.02,775.02,292.17
ITEM0003821,ORD004586,PROD0145,3,0.25,60012.15,45009.11,-126.16
ITEM0003822,ORD000596,PROD0160,4,0,24720.52,24720.52,4856.68
ITEM0003823,ORD004382,PROD0153,1,0.1,8892.34,8003.11,1828.23
ITEM0003824,ORD003490,PROD0174,1,0.1,11980.65,10782.58,736.37
ITEM0003825,ORD004282,PROD0019,3,0.15,5307.15,4511.08,1057.57
ITEM0003826,ORD002526,PROD0021,1,0.1,20513.07,18461.76,3946.75
ITEM0003827,ORD003185,PROD0025,1,0.15,1633.66,1388.61,74.34
ITEM0003828,ORD001247,PROD0214,2,0,32734.44,32734.44,6554.64
ITEM0003829,ORD000017,PROD0105,3,0.1,40113.99,36102.59,7872.5
ITEM0003830,ORD004564,PROD0008,1,0.1,16675.42,15007.88,1028.18
ITEM0003831,ORD002824,PROD0142,1,0.25,5869.7,4402.27,845.51
ITEM0003832,ORD000096,PROD0066,2,0.1,5862.56,5276.3,1083.22
ITEM0003833,ORD004829,PROD0180,1,0.1,5579.14,5021.23,1784.19
ITEM0003834,ORD002334,PROD0002,1,0,14642.7,14642.7,3492.99
ITEM0003835,ORD000685,PROD0094,1,0.15,23049.93,19592.44,2287.8
ITEM0003836,ORD003389,PROD0024,1,0.1,13202.39,11882.15,2060.47
ITEM0003837,ORD004988,PROD0112,1,0,9574.88,9574.88,2451.12
ITEM0003838,ORD002541,PROD0157,1,0.2,10189.54,8151.63,2099.08
ITEM0003839,ORD003436,PROD0068,2,0,38798.04,38798.04,16552.68
ITEM0003840,ORD002216,PROD0151,4,0.05,13558.92,12880.97,4516.25
ITEM0003841,ORD004146,PROD0055,1,0.05,1759.13,1671.17,184.86
ITEM0003842,ORD004908,PROD0147,1,0,23011.13,23011.13,5555.66
ITEM0003843,ORD003306,PROD0060,1,0.2,5374.61,4299.69,239.92
ITEM0003844,ORD001097,PROD0038,1,0.15,1889.37,1605.96,129.36
ITEM0003845,ORD003879,PROD0015,2,0.1,12154.28,10938.85,2321.83
ITEM0003846,ORD001356,PROD0109,1,0.05,11612.58,11031.95,3381.43
ITEM0003847,ORD002953,PROD0190,1,0.05,17149.88,16292.39,4340.61
ITEM0003848,ORD002280,PROD0066,2,0.05,5862.56,5569.43,1376.35
ITEM0003849,ORD001975,PROD0134,2,0,50701.32,50701.32,17313.86
ITEM0003850,ORD002567,PROD0166,3,0.1,84317.43,75885.69,23300.55
ITEM0003851,ORD004932,PROD0071,2,0.1,58295.38,52465.84,18295.8
ITEM0003852,ORD003037,PROD0027,1,0.1,24200.54,21780.49,5878.34
ITEM0003853,ORD002970,PROD0095,3,0.05,10618.83,10087.89,1678.68
ITEM0003854,ORD001678,PROD0121,1,0.1,6528.58,5875.72,1532.94
ITEM0003855,ORD001768,PROD0157,1,0,10189.54,10189.54,4136.99
ITEM0003856,ORD002619,PROD0043,3,0,43701.72,43701.72,14759.22
ITEM0003857,ORD001806,PROD0038,1,0.05,1889.37,1794.9,318.3
ITEM0003858,ORD001186,PROD0025,2,0.1,3267.32,2940.59,312.05
ITEM0003859,ORD003954,PROD0203,2,0.1,27830.8,25047.72,8615.12
ITEM0003860,ORD003582,PROD0043,2,0.1,29134.48,26221.03,6926.03
ITEM0003861,ORD001825,PROD0096,1,0.1,16589.06,14930.15,3997.72
ITEM0003862,ORD002122,PROD0220,2,0.15,48513.8,41236.73,6807.11
ITEM0003863,ORD004287,PROD0012,5,0.05,60893.75,57849.06,22583.66
ITEM0003864,ORD004248,PROD0044,2,0.05,42536.42,40409.6,9970.04
ITEM0003865,ORD003899,PROD0220,2,0,48513.8,48513.8,14084.18
ITEM0003866,ORD003106,PROD0048,1,0.05,7008.44,6658.02,1196.04
ITEM0003867,ORD003611,PROD0192,1,0.05,2966.21,2817.9,331.65
ITEM0003868,ORD003702,PROD0006,2,0.15,41037.32,34881.72,6561.32
ITEM0003869,ORD001289,PROD0162,2,0.15,25976.26,22079.82,1344.68
ITEM0003870,ORD003794,PROD0186,1,0,15961.48,15961.48,5439.01
ITEM0003871,ORD000496,PROD0095,1,0,3539.61,3539.61,736.54
ITEM0003872,ORD001114,PROD0108,1,0.05,9612.83,9132.19,1919.32
ITEM0003873,ORD000678,PROD0105,5,0.05,66856.65,63513.82,16463.67
ITEM0003874,ORD000165,PROD0017,1,0.05,15433.34,14661.67,2245.42
ITEM0003875,ORD001112,PROD0163,4,0.15,4618.28,3925.54,-30.5
ITEM0003876,ORD001762,PROD0214,1,0,16367.22,16367.22,3277.32
ITEM0003877,ORD002340,PROD0114,1,0.05,15856.44,15063.62,2110.35
ITEM0003878,ORD003111,PROD0218,2,0.1,998.52,898.67,313.49
ITEM0003879,ORD003453,PROD0055,2,0,3518.26,3518.26,545.64
ITEM0003880,ORD003602,PROD0152,2,0.1,29809.88,26828.89,8534.05
ITEM0003881,ORD004301,PROD0008,3,0.1,50026.26,45023.63,3084.53
ITEM0003882,ORD002727,PROD0064,1,0.1,17720.44,15948.4,5812.28
ITEM0003883,ORD004779,PROD0141,2,0,19640.64,19640.64,7246.24
ITEM0003884,ORD001441,PROD0181,1,0.15,9140.75,7769.64,1822.48
ITEM0003885,ORD001827,PROD0169,3,0.05,13442.79,12770.65,4804.18
ITEM0003886,ORD002705,PROD0116,2,0.05,18927.48,17981.11,4249.27
ITEM0003887,ORD001600,PROD0195,2,0.15,23097.3,19632.7,3187.2
ITEM0003888,ORD003187,PROD0070,3,0.05,68087.73,64683.34,23707.57
ITEM0003889,ORD001299,PROD0161,1,0.05,5144.07,4886.87,1105
ITEM0003890,ORD001385,PROD0040,1,0.2,14977.96,11982.37,1895.42
ITEM0003891,ORD001684,PROD0201,1,0.1,13631.5,12268.35,3722.02
ITEM0003892,ORD002101,PROD0174,1,0.25,11980.65,8985.49,-1060.72
ITEM0003893,ORD004818,PROD0145,2,0.05,40008.1,38007.69,7917.51
ITEM0003894,ORD001718,PROD0133,1,0,12826.23,12826.23,5093.43
ITEM0003895,ORD003081,PROD0012,3,0.1,36536.25,32882.62,11723.38
ITEM0003896,ORD004855,PROD0205,2,0.1,37821.12,34039.01,8968.37
ITEM0003897,ORD002155,PROD0088,1,0.2,11290.59,9032.47,1473.86
ITEM0003898,ORD004336,PROD0052,1,0,15366.49,15366.49,5063.36
ITEM0003899,ORD001155,PROD0019,1,0.25,1769.05,1326.79,175.62
ITEM0003900,ORD004230,PROD0188,1,0.05,2699.06,2564.11,518.32
ITEM0003901,ORD001520,PROD0125,1,0.15,7231.98,6147.18,133.67
ITEM0003902,ORD000867,PROD0193,1,0.1,20594.36,18534.92,6664.87
ITEM0003903,ORD001562,PROD0163,1,0.05,1154.57,1096.84,107.83
ITEM0003904,ORD002729,PROD0167,4,0.15,99701,84745.85,26160.69
ITEM0003905,ORD001444,PROD0081,2,0.1,12608.24,11347.42,4059.74
ITEM0003906,ORD003141,PROD0158,1,0,775.02,775.02,292.17
ITEM0003907,ORD002615,PROD0044,2,0.1,42536.42,38282.78,7843.22
ITEM0003908,ORD004772,PROD0173,2,0,25589.9,25589.9,7224.98
ITEM0003909,ORD004493,PROD0132,2,0.1,39502.2,35551.98,9441.16
ITEM0003910,ORD003143,PROD0196,1,0,5795.45,5795.45,1670.17
ITEM0003911,ORD000030,PROD0118,1,0.1,8894.09,8004.68,2404.21
ITEM0003912,ORD001429,PROD0053,2,0,35829.02,35829.02,7251.34
ITEM0003913,ORD003392,PROD0131,1,0.1,3237.12,2913.41,874.71
ITEM0003914,ORD004575,PROD0170,1,0.05,5722.88,5436.74,2071.05
ITEM0003915,ORD002229,PROD0054,3,0.1,42886.29,38597.66,6358.04
ITEM0003916,ORD000926,PROD0216,1,0.1,9615.86,8654.27,1428.76
ITEM0003917,ORD004050,PROD0127,3,0.05,83479.89,79305.9,27117.96
ITEM0003918,ORD004580,PROD0201,4,0.15,54526,46347.1,12161.78
ITEM0003919,ORD000596,PROD0184,2,0.1,11181.6,10063.44,2890.74
ITEM0003920,ORD004132,PROD0015,3,0.05,18231.42,17319.85,4394.32
ITEM0003921,ORD002434,PROD0179,1,0.15,3209.28,2727.89,599.22
ITEM0003922,ORD003842,PROD0146,4,0.05,23807,22616.65,7368.41
ITEM0003923,ORD003079,PROD0132,2,0.05,39502.2,37527.09,11416.27
ITEM0003924,ORD000961,PROD0143,1,0.15,22087.39,18774.28,4407.48
ITEM0003925,ORD000270,PROD0017,3,0.15,46300.02,39355.02,2106.27
ITEM0003926,ORD003871,PROD0072,1,0.1,10173.22,9155.9,2924.48
ITEM0003927,ORD001872,PROD0027,1,0.2,24200.54,19360.43,3458.28
ITEM0003928,ORD002923,PROD0159,2,0.05,9713.48,9227.81,1879.91
ITEM0003929,ORD000061,PROD0056,1,0.1,12603.87,11343.48,3799.41
ITEM0003930,ORD000876,PROD0035,1,0.1,27570.44,24813.4,8096.41
ITEM0003931,ORD003669,PROD0202,2,0.05,37449.54,35577.06,13445.74
ITEM0003932,ORD002003,PROD0036,1,0.05,10450.84,9928.3,3380.51
ITEM0003933,ORD004461,PROD0142,1,0,5869.7,5869.7,2312.94
ITEM0003934,ORD002601,PROD0157,3,0,30568.62,30568.62,12410.97
ITEM0003935,ORD001792,PROD0007,3,0,29800.65,29800.65,11806.47
ITEM0003936,ORD002819,PROD0034,3,0,30173.34,30173.34,10238.16
ITEM0003937,ORD003247,PROD0023,2,0.1,29801.2,26821.08,6625.64
ITEM0003938,ORD000080,PROD0148,1,0,14269.11,14269.11,3957.12
ITEM0003939,ORD000349,PROD0005,4,0.15,7863.08,6683.62,-101.7
ITEM0003940,ORD003766,PROD0155,2,0.05,8805.78,8365.49,851.59
ITEM0003941,ORD002654,PROD0017,1,0.15,15433.34,13118.34,702.09
ITEM0003942,ORD001392,PROD0040,1,0.1,14977.96,13480.16,3393.21
ITEM0003943,ORD000616,PROD0056,2,0.2,25207.74,20166.19,5078.05
ITEM0003944,ORD001447,PROD0008,3,0.1,50026.26,45023.63,3084.53
ITEM0003945,ORD004588,PROD0217,1,0.1,10834.24,9750.82,2864.79
ITEM0003946,ORD000041,PROD0020,3,0.15,35466.15,30146.23,3679.81
ITEM0003947,ORD003180,PROD0158,1,0.15,775.02,658.77,175.92
ITEM0003948,ORD001936,PROD0209,1,0.2,6536.37,5229.1,217.21
ITEM0003949,ORD004058,PROD0037,3,0,58297.2,58297.2,13778.16
ITEM0003950,ORD002313,PROD0094,1,0.15,23049.93,19592.44,2287.8
ITEM0003951,ORD004518,PROD0002,1,0.15,14642.7,12446.3,1296.59
ITEM0003952,ORD001677,PROD0177,2,0.2,39894.72,31915.78,3645.96
ITEM0003953,ORD001874,PROD0062,4,0.05,9313.8,8848.11,2429.63
ITEM0003954,ORD000918,PROD0103,2,0.1,42382.24,38144.02,10164.48
ITEM0003955,ORD002667,PROD0018,1,0.15,14114.3,11997.15,2958.6
ITEM0003956,ORD004721,PROD0070,1,0,22695.91,22695.91,9037.32
ITEM0003957,ORD002001,PROD0010,3,0.05,36307.56,34492.18,13565.44
ITEM0003958,ORD000612,PROD0208,2,0.05,30361.58,28843.5,10562.94
ITEM0003959,ORD001696,PROD0057,2,0,34988.5,34988.5,12109.98
ITEM0003960,ORD003243,PROD0114,1,0.15,15856.44,13477.97,524.7
ITEM0003961,ORD004805,PROD0214,4,0.15,65468.88,55648.55,3288.95
ITEM0003962,ORD002404,PROD0001,1,0,4107.99,4107.99,659.02
ITEM0003963,ORD001651,PROD0087,2,0.1,38490.06,34641.05,8321.81
ITEM0003964,ORD003399,PROD0087,1,0.1,19245.03,17320.53,4160.91
ITEM0003965,ORD001822,PROD0204,1,0.1,11121.95,10009.76,3605.53
ITEM0003966,ORD004240,PROD0093,1,0.05,9683.07,9198.92,3427.57
ITEM0003967,ORD004957,PROD0026,2,0.15,26550.28,22567.74,6133.54
ITEM0003968,ORD000160,PROD0180,1,0.15,5579.14,4742.27,1505.23
ITEM0003969,ORD002445,PROD0027,1,0.1,24200.54,21780.49,5878.34
ITEM0003970,ORD003999,PROD0093,1,0.15,9683.07,8230.61,2459.26
ITEM0003971,ORD003527,PROD0133,1,0,12826.23,12826.23,5093.43
ITEM0003972,ORD003206,PROD0093,1,0.15,9683.07,8230.61,2459.26
ITEM0003973,ORD000146,PROD0058,2,0.15,17278.2,14686.47,3082.17
ITEM0003974,ORD003033,PROD0216,1,0.15,9615.86,8173.48,947.97
ITEM0003975,ORD002380,PROD0100,3,0.05,65874.3,62580.58,11257.93
ITEM0003976,ORD001322,PROD0016,1,0,9295,9295,2122.12
ITEM0003977,ORD004898,PROD0006,1,0,20518.66,20518.66,6358.46
ITEM0003978,ORD000778,PROD0097,4,0,40747.28,40747.28,14675.44
ITEM0003979,ORD004279,PROD0141,4,0,39281.28,39281.28,14492.48
ITEM0003980,ORD000130,PROD0216,2,0.15,19231.72,16346.96,1895.94
ITEM0003981,ORD002860,PROD0009,1,0.05,24251.57,23038.99,8313.86
ITEM0003982,ORD004739,PROD0042,1,0.2,21135.45,16908.36,2627.45
ITEM0003983,ORD003877,PROD0163,1,0,1154.57,1154.57,165.56
ITEM0003984,ORD003287,PROD0025,3,0.1,4900.98,4410.88,468.07
ITEM0003985,ORD001191,PROD0173,2,0.1,25589.9,23030.91,4665.99
ITEM0003986,ORD002325,PROD0051,2,0.1,41654.68,37489.21,5445.03
ITEM0003987,ORD002833,PROD0109,2,0.15,23225.16,19741.39,4440.35
ITEM0003988,ORD004572,PROD0213,2,0.1,37933.98,34140.58,7001.62
ITEM0003989,ORD001349,PROD0003,1,0,504.44,504.44,76.87
ITEM0003990,ORD004553,PROD0125,1,0,7231.98,7231.98,1218.47
ITEM0003991,ORD001863,PROD0099,2,0.05,6441.76,6119.67,1031.21
ITEM0003992,ORD002330,PROD0125,1,0.05,7231.98,6870.38,856.87
ITEM0003993,ORD002069,PROD0075,2,0.15,23130.8,19661.18,6003.6
ITEM0003994,ORD003843,PROD0030,2,0.1,17987.88,16189.09,4467.11
ITEM0003995,ORD003587,PROD0076,1,0,1470.09,1470.09,312.92
ITEM0003996,ORD002430,PROD0094,2,0.05,46099.86,43794.87,9185.59
ITEM0003997,ORD004587,PROD0014,1,0.1,6126.24,5513.62,1872.49
ITEM0003998,ORD000152,PROD0110,2,0.05,25793.74,24504.05,7729.39
ITEM0003999,ORD003855,PROD0051,4,0.1,83309.36,74978.42,10890.06
ITEM0004000,ORD002084,PROD0035,3,0.1,82711.32,74440.19,24289.22
ITEM0004001,ORD004862,PROD0066,1,0.1,2931.28,2638.15,541.61
ITEM0004002,ORD000312,PROD0201,2,0.1,27263,24536.7,7444.04
ITEM0004003,ORD001307,PROD0067,1,0.1,9651.29,8686.16,2432.27
ITEM0004004,ORD000954,PROD0068,2,0.1,38798.04,34918.24,12672.88
ITEM0004005,ORD003621,PROD0011,1,0.05,13446.1,12773.8,4435.64
ITEM0004006,ORD000050,PROD0113,1,0.1,19139.62,17225.66,1330.39
ITEM0004007,ORD003506,PROD0004,1,0.05,6291.1,5976.55,841.06
ITEM0004008,ORD002750,PROD0083,3,0.05,46740.99,44403.94,4145.5
ITEM0004009,ORD000658,PROD0049,1,0,24110.14,24110.14,7559.65
ITEM0004010,ORD003451,PROD0048,5,0.1,35042.2,31537.98,4228.08
ITEM0004011,ORD004719,PROD0089,1,0,9991.19,9991.19,1862.08
ITEM0004012,ORD003031,PROD0069,2,0,2901.8,2901.8,1133.38
ITEM0004013,ORD002027,PROD0115,2,0.05,5065.34,4812.07,1594.69
ITEM0004014,ORD004501,PROD0069,2,0.1,2901.8,2611.62,843.2
ITEM0004015,ORD003651,PROD0049,2,0.05,48220.28,45809.27,12708.29
ITEM0004016,ORD003327,PROD0159,2,0,9713.48,9713.48,2365.58
ITEM0004017,ORD004450,PROD0042,3,0.1,63406.35,57065.72,14222.99
ITEM0004018,ORD002900,PROD0112,4,0,38299.52,38299.52,9804.48
ITEM0004019,ORD000499,PROD0201,3,0.05,40894.5,38849.78,13210.79
ITEM0004020,ORD003166,PROD0072,2,0.15,20346.44,17294.47,4831.63
ITEM0004021,ORD003929,PROD0097,1,0.1,10186.82,9168.14,2650.18
ITEM0004022,ORD002914,PROD0098,1,0.2,17646.13,14116.9,1277.52
ITEM0004023,ORD004548,PROD0067,4,0,38605.16,38605.16,13589.6
ITEM0004024,ORD000637,PROD0167,3,0.2,74775.75,59820.6,15881.73
ITEM0004025,ORD002505,PROD0064,2,0.15,35440.88,30124.75,9852.51
ITEM0004026,ORD004699,PROD0149,2,0.05,33611.06,31930.51,6329.85
ITEM0004027,ORD000128,PROD0149,2,0,33611.06,33611.06,8010.4
ITEM0004028,ORD003539,PROD0031,1,0.1,1480.59,1332.53,468.04
ITEM0004029,ORD002744,PROD0196,3,0.05,17386.35,16517.03,4141.19
ITEM0004030,ORD004332,PROD0174,3,0.05,35941.95,34144.85,4006.22
ITEM0004031,ORD002733,PROD0037,1,0.05,19432.4,18460.78,3621.1
ITEM0004032,ORD004437,PROD0195,1,0.15,11548.65,9816.35,1593.6
ITEM0004033,ORD000966,PROD0138,2,0,2434.62,2434.62,644.18
ITEM0004034,ORD004611,PROD0203,3,0,41746.2,41746.2,17097.3
ITEM0004035,ORD002859,PROD0048,2,0.05,14016.88,13316.04,2392.08
ITEM0004036,ORD004954,PROD0198,5,0,3985.15,3985.15,586.95
ITEM0004037,ORD002776,PROD0050,1,0.1,2523.89,2271.5,501.87
ITEM0004038,ORD001797,PROD0004,2,0.1,12582.2,11323.98,1053
ITEM0004039,ORD000435,PROD0059,2,0.1,8782.06,7903.85,2253.25
ITEM0004040,ORD000153,PROD0027,2,0.1,48401.08,43560.97,11756.67
ITEM0004041,ORD003801,PROD0203,1,0,13915.4,13915.4,5699.1
ITEM0004042,ORD000534,PROD0149,3,0,50416.59,50416.59,12015.6
ITEM0004043,ORD000143,PROD0085,1,0.1,26654.63,23989.17,8163.27
ITEM0004044,ORD000832,PROD0149,1,0.1,16805.53,15124.98,2324.65
ITEM0004045,ORD003974,PROD0076,4,0.15,5880.36,4998.31,369.63
ITEM0004046,ORD002854,PROD0181,1,0.15,9140.75,7769.64,1822.48
ITEM0004047,ORD004843,PROD0030,3,0.05,26981.82,25632.73,8049.76
ITEM0004048,ORD003725,PROD0205,1,0.05,18910.56,17965.03,5429.71
ITEM0004049,ORD002501,PROD0063,1,0.1,11036.75,9933.08,1234.95
ITEM0004050,ORD002601,PROD0191,3,0.1,56407.77,50766.99,5370.6
ITEM0004051,ORD003479,PROD0156,1,0.2,262.65,210.12,56.47
ITEM0004052,ORD001340,PROD0145,1,0.15,20004.05,17003.44,1958.35
ITEM0004053,ORD001857,PROD0043,2,0.05,29134.48,27677.76,8382.76
ITEM0004054,ORD002167,PROD0059,1,0,4391.03,4391.03,1565.73
ITEM0004055,ORD000646,PROD0147,2,0,46022.26,46022.26,11111.32
ITEM0004056,ORD003352,PROD0104,2,0.1,24479.44,22031.5,7745.14
ITEM0004057,ORD000895,PROD0068,1,0.05,19399.02,18429.07,7306.39
ITEM0004058,ORD001567,PROD0006,3,0.05,61555.98,58478.18,15997.58
ITEM0004059,ORD001890,PROD0039,4,0.15,48562.44,41278.07,2848.59
ITEM0004060,ORD003637,PROD0099,3,0.1,9662.64,8696.38,1063.69
ITEM0004061,ORD003535,PROD0009,4,0.15,97006.28,82455.34,23554.82
ITEM0004062,ORD000711,PROD0150,1,0.15,14070,11959.5,3781.34
ITEM0004063,ORD001312,PROD0175,1,0.15,13788.03,11719.83,1057.43
ITEM0004064,ORD003505,PROD0192,1,0.05,2966.21,2817.9,331.65
ITEM0004065,ORD001762,PROD0119,1,0,2687.17,2687.17,500.6
ITEM0004066,ORD001785,PROD0020,2,0.05,23644.1,22461.89,4817.61
ITEM0004067,ORD002354,PROD0020,1,0.15,11822.05,10048.74,1226.6
ITEM0004068,ORD003945,PROD0184,1,0.1,5590.8,5031.72,1445.37
ITEM0004069,ORD004601,PROD0037,1,0,19432.4,19432.4,4592.72
ITEM0004070,ORD002351,PROD0119,1,0.2,2687.17,2149.74,-36.83
ITEM0004071,ORD000207,PROD0114,1,0.1,15856.44,14270.8,1317.53
ITEM0004072,ORD003945,PROD0203,2,0.15,27830.8,23656.18,7223.58
ITEM0004073,ORD002557,PROD0031,1,0.2,1480.59,1184.47,319.98
ITEM0004074,ORD002859,PROD0204,4,0.15,44487.8,37814.63,12197.71
ITEM0004075,ORD003704,PROD0050,1,0,2523.89,2523.89,754.26
ITEM0004076,ORD003248,PROD0132,2,0.1,39502.2,35551.98,9441.16
ITEM0004077,ORD003314,PROD0104,1,0.1,12239.72,11015.75,3872.57
ITEM0004078,ORD000155,PROD0004,2,0.1,12582.2,11323.98,1053
ITEM0004079,ORD004952,PROD0069,1,0.05,1450.9,1378.36,494.15
ITEM0004080,ORD001021,PROD0077,2,0.05,28888.94,27444.49,10620.29
ITEM0004081,ORD004155,PROD0189,5,0,88976.7,88976.7,32557.5
ITEM0004082,ORD003060,PROD0111,1,0.1,4956.44,4460.8,1159.3
ITEM0004083,ORD000387,PROD0174,2,0.05,23961.3,22763.23,2670.81
ITEM0004084,ORD000562,PROD0131,2,0,6474.24,6474.24,2396.84
ITEM0004085,ORD001064,PROD0073,1,0.1,9607.45,8646.71,2619.48
ITEM0004086,ORD001513,PROD0143,2,0,44174.78,44174.78,15441.18
ITEM0004087,ORD000538,PROD0120,1,0.1,432.78,389.5,90.74
ITEM0004088,ORD000279,PROD0208,2,0.05,30361.58,28843.5,10562.94
ITEM0004089,ORD003555,PROD0214,1,0.05,16367.22,15548.86,2458.96
ITEM0004090,ORD001599,PROD0177,1,0,19947.36,19947.36,5812.45
ITEM0004091,ORD003699,PROD0035,2,0.1,55140.88,49626.79,16192.81
ITEM0004092,ORD001651,PROD0134,2,0,50701.32,50701.32,17313.86
ITEM0004093,ORD002781,PROD0002,2,0,29285.4,29285.4,6985.98
ITEM0004094,ORD004298,PROD0202,2,0.05,37449.54,35577.06,13445.74
ITEM0004095,ORD000918,PROD0168,1,0.05,19458.66,18485.73,6139.88
ITEM0004096,ORD003379,PROD0066,2,0.15,5862.56,4983.18,790.1
ITEM0004097,ORD001619,PROD0144,2,0.1,47303.2,42572.88,10441.5
ITEM0004098,ORD000785,PROD0053,3,0.2,53743.53,42994.82,128.3
ITEM0004099,ORD003892,PROD0167,1,0.1,24925.25,22432.73,7786.44
ITEM0004100,ORD003993,PROD0208,2,0.1,30361.58,27325.42,9044.86
ITEM0004101,ORD004574,PROD0020,1,0.2,11822.05,9457.64,635.5
ITEM0004102,ORD004749,PROD0048,1,0.1,7008.44,6307.6,845.62
ITEM0004103,ORD002041,PROD0009,4,0,97006.28,97006.28,38105.76
ITEM0004104,ORD003257,PROD0125,1,0,7231.98,7231.98,1218.47
ITEM0004105,ORD001954,PROD0063,1,0,11036.75,11036.75,2338.62
ITEM0004106,ORD003880,PROD0195,2,0.1,23097.3,20787.57,4342.07
ITEM0004107,ORD001266,PROD0131,1,0.1,3237.12,2913.41,874.71
ITEM0004108,ORD000118,PROD0121,1,0.2,6528.58,5222.86,880.08
ITEM0004109,ORD002056,PROD0136,1,0,20289.27,20289.27,2660.97
ITEM0004110,ORD000249,PROD0064,2,0.1,35440.88,31896.79,11624.55
ITEM0004111,ORD004400,PROD0020,1,0.1,11822.05,10639.84,1817.7
ITEM0004112,ORD001994,PROD0114,2,0.05,31712.88,30127.24,4220.7
ITEM0004113,ORD004425,PROD0085,3,0.1,79963.89,71967.5,24489.8
ITEM0004114,ORD000475,PROD0199,2,0,36193.36,36193.36,15236.52
ITEM0004115,ORD001506,PROD0202,1,0.2,18724.77,14979.82,3914.16
ITEM0004116,ORD000790,PROD0071,1,0.05,29147.69,27690.31,10605.29
ITEM0004117,ORD004863,PROD0082,1,0.15,1349.68,1147.23,354.87
ITEM0004118,ORD004834,PROD0133,2,0.05,25652.46,24369.84,8904.24
ITEM0004119,ORD001429,PROD0011,1,0.1,13446.1,12101.49,3763.33
ITEM0004120,ORD004192,PROD0107,1,0.1,14258.33,12832.5,3503.51
ITEM0004121,ORD002791,PROD0111,2,0.1,9912.88,8921.59,2318.59
ITEM0004122,ORD001305,PROD0060,5,0.15,26873.05,22842.09,2543.24
ITEM0004123,ORD003186,PROD0128,2,0,37224.94,37224.94,9521.48
ITEM0004124,ORD004719,PROD0072,1,0,10173.22,10173.22,3941.8
ITEM0004125,ORD000694,PROD0071,2,0,58295.38,58295.38,24125.34
ITEM0004126,ORD001233,PROD0144,3,0,70954.8,70954.8,22757.73
ITEM0004127,ORD002416,PROD0113,1,0.25,19139.62,14354.72,-1540.55
ITEM0004128,ORD001299,PROD0010,5,0.05,60512.6,57486.97,22609.07
ITEM0004129,ORD003440,PROD0033,1,0.1,17395.33,15655.8,3785.85
ITEM0004130,ORD004128,PROD0085,1,0.05,26654.63,25321.9,9496
ITEM0004131,ORD003676,PROD0140,2,0.1,16164.78,14548.3,3626.12
ITEM0004132,ORD000576,PROD0123,4,0.15,66425.04,56461.28,11716.44
ITEM0004133,ORD001065,PROD0205,1,0.2,18910.56,15128.45,2593.13
ITEM0004134,ORD000208,PROD0181,1,0.15,9140.75,7769.64,1822.48
ITEM0004135,ORD002719,PROD0164,1,0.05,8356.56,7938.73,984.62
ITEM0004136,ORD004566,PROD0146,3,0,17855.25,17855.25,6419.07
ITEM0004137,ORD002947,PROD0198,1,0,797.03,797.03,117.39
ITEM0004138,ORD003383,PROD0152,2,0.1,29809.88,26828.89,8534.05
ITEM0004139,ORD003402,PROD0104,4,0.05,48958.88,46510.94,17938.22
ITEM0004140,ORD002021,PROD0122,2,0.15,4539.06,3858.2,852.32
ITEM0004141,ORD003412,PROD0200,1,0.15,10068.26,8558.02,146.36
ITEM0004142,ORD002232,PROD0091,1,0.1,13201.67,11881.5,4094.75
ITEM0004143,ORD003946,PROD0183,1,0.1,16951.92,15256.73,3333.74
ITEM0004144,ORD004611,PROD0036,2,0.05,20901.68,19856.6,6761.02
ITEM0004145,ORD002779,PROD0130,1,0,8360.75,8360.75,2381.33
ITEM0004146,ORD004203,PROD0179,1,0.05,3209.28,3048.82,920.15
ITEM0004147,ORD004435,PROD0145,3,0.05,60012.15,57011.54,11876.27
ITEM0004148,ORD003092,PROD0010,1,0.05,12102.52,11497.39,4521.81
ITEM0004149,ORD002658,PROD0002,1,0.15,14642.7,12446.3,1296.59
ITEM0004150,ORD003195,PROD0128,2,0,37224.94,37224.94,9521.48
ITEM0004151,ORD003928,PROD0208,1,0.1,15180.79,13662.71,4522.43
ITEM0004152,ORD004815,PROD0143,2,0,44174.78,44174.78,15441.18
ITEM0004153,ORD003261,PROD0195,1,0,11548.65,11548.65,3325.9
ITEM0004154,ORD001919,PROD0113,2,0.05,38279.24,36365.28,4574.74
ITEM0004155,ORD001326,PROD0151,1,0.05,3389.73,3220.24,1129.06
ITEM0004156,ORD004161,PROD0210,2,0,52229.6,52229.6,19450.48
ITEM0004157,ORD001753,PROD0126,1,0.1,18387.7,16548.93,4425.07
ITEM0004158,ORD003581,PROD0157,3,0.1,30568.62,27511.76,9354.11
ITEM0004159,ORD000079,PROD0132,2,0.05,39502.2,37527.09,11416.27
ITEM0004160,ORD000985,PROD0004,2,0.15,12582.2,10694.87,423.89
ITEM0004161,ORD000833,PROD0158,3,0.1,2325.06,2092.55,644
ITEM0004162,ORD000026,PROD0127,3,0.15,83479.89,70957.91,18769.97
ITEM0004163,ORD001696,PROD0160,2,0.1,12360.26,11124.23,1192.31
ITEM0004164,ORD001925,PROD0033,2,0,34790.66,34790.66,11050.76
ITEM0004165,ORD003859,PROD0204,1,0.05,11121.95,10565.85,4161.62
ITEM0004166,ORD002941,PROD0011,1,0.2,13446.1,10756.88,2418.72
ITEM0004167,ORD003060,PROD0115,1,0.05,2532.67,2406.04,797.35
ITEM0004168,ORD002469,PROD0134,1,0.1,25350.66,22815.59,6121.86
ITEM0004169,ORD004549,PROD0019,4,0.1,7076.2,6368.58,1763.9
ITEM0004170,ORD004059,PROD0172,2,0,40203.72,40203.72,9731.46
ITEM0004171,ORD002793,PROD0101,1,0.2,2158.69,1726.95,461.79
ITEM0004172,ORD002577,PROD0123,1,0.15,16606.26,14115.32,2929.11
ITEM0004173,ORD002326,PROD0030,1,0.1,8993.94,8094.55,2233.56
ITEM0004174,ORD000235,PROD0192,1,0.05,2966.21,2817.9,331.65
ITEM0004175,ORD000954,PROD0105,3,0.15,40113.99,34096.89,5866.8
ITEM0004176,ORD000548,PROD0169,1,0.25,4480.93,3360.7,705.21
ITEM0004177,ORD003609,PROD0097,1,0.15,10186.82,8658.8,2140.84
ITEM0004178,ORD001348,PROD0076,1,0.05,1470.09,1396.59,239.42
ITEM0004179,ORD004922,PROD0119,2,0,5374.34,5374.34,1001.2
ITEM0004180,ORD000694,PROD0076,1,0.15,1470.09,1249.58,92.41
ITEM0004181,ORD003171,PROD0159,4,0.05,19426.96,18455.61,3759.81
ITEM0004182,ORD002724,PROD0217,2,0.05,21668.48,20585.06,6813
ITEM0004183,ORD000137,PROD0099,2,0.05,6441.76,6119.67,1031.21
ITEM0004184,ORD001480,PROD0107,1,0.05,14258.33,13545.41,4216.42
ITEM0004185,ORD004300,PROD0140,1,0.1,8082.39,7274.15,1813.06
ITEM0004186,ORD004981,PROD0181,2,0.1,18281.5,16453.35,4559.03
ITEM0004187,ORD003279,PROD0097,2,0.1,20373.64,18336.28,5300.36
ITEM0004188,ORD000945,PROD0132,1,0.05,19751.1,18763.54,5708.13
ITEM0004189,ORD004555,PROD0010,1,0.05,12102.52,11497.39,4521.81
ITEM0004190,ORD000161,PROD0050,1,0.05,2523.89,2397.7,628.07
ITEM0004191,ORD002506,PROD0135,1,0.05,11202.85,10642.71,1737.03
ITEM0004192,ORD001132,PROD0206,2,0,3385.74,3385.74,1024.52
ITEM0004193,ORD004619,PROD0062,3,0.1,6985.35,6286.81,1472.95
ITEM0004194,ORD001350,PROD0041,2,0.2,38241.34,30593.07,6259.25
ITEM0004195,ORD001707,PROD0006,2,0.1,41037.32,36933.59,8613.19
ITEM0004196,ORD002411,PROD0056,4,0,50415.48,50415.48,20239.2
ITEM0004197,ORD001338,PROD0022,2,0.05,15996.88,15197.04,2200.32
ITEM0004198,ORD002651,PROD0085,3,0.1,79963.89,71967.5,24489.8
ITEM0004199,ORD004888,PROD0008,3,0.1,50026.26,45023.63,3084.53
ITEM0004200,ORD002807,PROD0103,1,0.15,21191.12,18012.45,4022.68
ITEM0004201,ORD004564,PROD0125,1,0.05,7231.98,6870.38,856.87
ITEM0004202,ORD003126,PROD0165,1,0.1,14878.45,13390.61,2266.24
ITEM0004203,ORD003660,PROD0135,4,0.1,44811.4,40330.26,4707.54
ITEM0004204,ORD000604,PROD0166,2,0,56211.62,56211.62,21154.86
ITEM0004205,ORD000431,PROD0073,1,0.05,9607.45,9127.08,3099.85
ITEM0004206,ORD003731,PROD0124,4,0.25,16879.92,12659.94,1712.94
ITEM0004207,ORD004967,PROD0093,3,0.1,29049.21,26144.29,8830.24
ITEM0004208,ORD001653,PROD0191,1,0.2,18802.59,15042.07,-90.06
ITEM0004209,ORD002223,PROD0154,1,0.05,4430.06,4208.56,1560.71
ITEM0004210,ORD000652,PROD0151,1,0.05,3389.73,3220.24,1129.06
ITEM0004211,ORD003700,PROD0150,5,0.15,70350,59797.5,18906.7
ITEM0004212,ORD000247,PROD0215,2,0.05,37162.1,35303.99,12125.35
ITEM0004213,ORD000196,PROD0042,2,0.1,42270.9,38043.81,9481.99
ITEM0004214,ORD002276,PROD0077,1,0.2,14444.47,11555.58,3143.48
ITEM0004215,ORD004329,PROD0036,1,0.1,10450.84,9405.76,2857.97
ITEM0004216,ORD003307,PROD0147,1,0,23011.13,23011.13,5555.66
ITEM0004217,ORD003184,PROD0100,1,0.15,21958.1,18664.38,1556.83
ITEM0004218,ORD004268,PROD0110,3,0.1,38690.61,34821.55,9659.56
ITEM0004219,ORD004777,PROD0101,2,0,4317.38,4317.38,1787.06
ITEM0004220,ORD003924,PROD0133,1,0.1,12826.23,11543.61,3810.81
ITEM0004221,ORD000645,PROD0077,1,0.1,14444.47,13000.02,4587.92
ITEM0004222,ORD002651,PROD0150,1,0.15,14070,11959.5,3781.34
ITEM0004223,ORD002338,PROD0157,1,0.05,10189.54,9680.06,3627.51
ITEM0004224,ORD002385,PROD0067,1,0.05,9651.29,9168.73,2914.84
ITEM0004225,ORD000437,PROD0116,1,0.05,9463.74,8990.55,2124.63
ITEM0004226,ORD002815,PROD0186,1,0.1,15961.48,14365.33,3842.86
ITEM0004227,ORD000523,PROD0016,2,0.05,18590,17660.5,3314.74
ITEM0004228,ORD001337,PROD0141,1,0.2,9820.32,7856.26,1659.06
ITEM0004229,ORD003739,PROD0082,5,0.15,6748.4,5736.14,1774.34
ITEM0004230,ORD002013,PROD0157,1,0.05,10189.54,9680.06,3627.51
ITEM0004231,ORD000060,PROD0062,1,0,2328.45,2328.45,723.83
ITEM0004232,ORD004579,PROD0008,1,0.1,16675.42,15007.88,1028.18
ITEM0004233,ORD004902,PROD0156,2,0.1,525.3,472.77,165.47
ITEM0004234,ORD000153,PROD0144,2,0.05,47303.2,44938.04,12806.66
ITEM0004235,ORD004054,PROD0123,1,0.2,16606.26,13285.01,2098.8
ITEM0004236,ORD003848,PROD0092,1,0.05,8564.31,8136.09,2366.56
ITEM0004237,ORD001766,PROD0215,3,0.1,55743.15,50168.83,15400.87
ITEM0004238,ORD002641,PROD0101,4,0.1,8634.76,7771.28,2710.64
ITEM0004239,ORD003917,PROD0178,2,0.15,9874.46,8393.29,2029.91
ITEM0004240,ORD003232,PROD0209,1,0.15,6536.37,5555.91,544.02
ITEM0004241,ORD003926,PROD0200,1,0.1,10068.26,9061.43,649.77
ITEM0004242,ORD001486,PROD0105,1,0.1,13371.33,12034.2,2624.17
ITEM0004243,ORD004322,PROD0106,1,0.2,13006.77,10405.42,1030.27
ITEM0004244,ORD001856,PROD0196,2,0.05,11590.9,11011.35,2760.79
ITEM0004245,ORD004376,PROD0031,1,0.2,1480.59,1184.47,319.98
ITEM0004246,ORD001167,PROD0191,2,0,37605.18,37605.18,7340.92
ITEM0004247,ORD004225,PROD0108,1,0.1,9612.83,8651.55,1438.68
ITEM0004248,ORD003297,PROD0102,1,0.15,20719.66,17611.71,5205.21
ITEM0004249,ORD004646,PROD0125,1,0.15,7231.98,6147.18,133.67
ITEM0004250,ORD001844,PROD0101,1,0.2,2158.69,1726.95,461.79
ITEM0004251,ORD002036,PROD0210,1,0.1,26114.8,23503.32,7113.76
ITEM0004252,ORD002757,PROD0074,1,0,15107.96,15107.96,5193.46
ITEM0004253,ORD003810,PROD0098,1,0.2,17646.13,14116.9,1277.52
ITEM0004254,ORD000258,PROD0218,1,0,499.26,499.26,206.67
ITEM0004255,ORD004351,PROD0158,1,0.05,775.02,736.27,253.42
ITEM0004256,ORD004159,PROD0042,2,0.2,42270.9,33816.72,5254.9
ITEM0004257,ORD004827,PROD0042,3,0.05,63406.35,60236.03,17393.3
ITEM0004258,ORD003157,PROD0083,1,0.1,15580.33,14022.3,602.82
ITEM0004259,ORD003272,PROD0135,1,0.1,11202.85,10082.57,1176.89
ITEM0004260,ORD000324,PROD0010,4,0.1,48410.08,43569.07,15666.75
ITEM0004261,ORD001790,PROD0049,1,0.2,24110.14,19288.11,2737.62
ITEM0004262,ORD001090,PROD0207,1,0.2,22221.53,17777.22,3201.81
ITEM0004263,ORD001007,PROD0081,2,0.05,12608.24,11977.83,4690.15
ITEM0004264,ORD002187,PROD0178,3,0.1,14811.69,13330.52,3785.45
ITEM0004265,ORD004238,PROD0107,4,0,57033.32,57033.32,19717.36
ITEM0004266,ORD001430,PROD0123,1,0.2,16606.26,13285.01,2098.8
ITEM0004267,ORD004675,PROD0191,3,0.15,56407.77,47946.6,2550.21
ITEM0004268,ORD001854,PROD0062,3,0.1,6985.35,6286.81,1472.95
ITEM0004269,ORD002546,PROD0040,1,0.1,14977.96,13480.16,3393.21
ITEM0004270,ORD002102,PROD0204,1,0.05,11121.95,10565.85,4161.62
ITEM0004271,ORD003099,PROD0022,1,0.15,7998.44,6798.67,300.31
ITEM0004272,ORD001436,PROD0148,3,0.2,42807.33,34245.86,3309.89
ITEM0004273,ORD002982,PROD0014,2,0.05,12252.48,11639.86,4357.6
ITEM0004274,ORD000114,PROD0055,1,0.05,1759.13,1671.17,184.86
ITEM0004275,ORD003989,PROD0063,2,0.1,22073.5,19866.15,2469.89
ITEM0004276,ORD003020,PROD0212,1,0.05,7472.6,7098.97,875.13
ITEM0004277,ORD003507,PROD0095,2,0.2,7079.22,5663.38,57.24
ITEM0004278,ORD002306,PROD0110,2,0,25793.74,25793.74,9019.08
ITEM0004279,ORD000505,PROD0057,2,0.1,34988.5,31489.65,8611.13
ITEM0004280,ORD003370,PROD0117,2,0.1,7384.12,6645.71,675.19
ITEM0004281,ORD002480,PROD0173,1,0.15,12794.95,10875.71,1693.25
ITEM0004282,ORD004203,PROD0159,1,0.25,4856.74,3642.55,-31.4
ITEM0004283,ORD004929,PROD0030,3,0.1,26981.82,24283.64,6700.67
ITEM0004284,ORD002736,PROD0055,1,0.15,1759.13,1495.26,8.95
ITEM0004285,ORD002148,PROD0212,1,0.1,7472.6,6725.34,501.5
ITEM0004286,ORD003521,PROD0033,3,0.1,52185.99,46967.39,11357.54
ITEM0004287,ORD003464,PROD0207,2,0,44443.06,44443.06,15292.24
ITEM0004288,ORD004188,PROD0022,3,0.05,23995.32,22795.55,3300.47
ITEM0004289,ORD004152,PROD0073,4,0.1,38429.8,34586.82,10477.9
ITEM0004290,ORD002729,PROD0217,1,0.15,10834.24,9209.1,2323.07
ITEM0004291,ORD002108,PROD0199,1,0.1,18096.68,16287.01,5808.59
ITEM0004292,ORD000723,PROD0129,3,0.05,54188.22,51478.81,5902.48
ITEM0004293,ORD003067,PROD0179,3,0.2,9627.84,7702.27,1316.26
ITEM0004294,ORD001136,PROD0172,1,0.15,20101.86,17086.58,1850.45
ITEM0004295,ORD002583,PROD0197,1,0.15,16842.1,14315.78,1474.41
ITEM0004296,ORD000640,PROD0034,1,0.1,10057.78,9052,2406.94
ITEM0004297,ORD003529,PROD0028,1,0.2,6922.32,5537.86,-288.98
ITEM0004298,ORD002858,PROD0198,2,0.05,1594.06,1514.36,155.08
ITEM0004299,ORD003602,PROD0040,1,0.15,14977.96,12731.27,2644.32
ITEM0004300,ORD001901,PROD0031,1,0.05,1480.59,1406.56,542.07
ITEM0004301,ORD002535,PROD0059,4,0.1,17564.12,15807.71,4506.51
ITEM0004302,ORD002051,PROD0070,3,0.15,68087.73,57874.57,16898.8
ITEM0004303,ORD004482,PROD0005,2,0.05,3931.54,3734.96,342.3
ITEM0004304,ORD000139,PROD0016,2,0,18590,18590,4244.24
ITEM0004305,ORD001727,PROD0028,2,0.2,13844.64,11075.71,-577.97
ITEM0004306,ORD000392,PROD0121,2,0.05,13057.16,12404.3,3718.74
ITEM0004307,ORD002804,PROD0176,1,0,9424.1,9424.1,2466.11
ITEM0004308,ORD000311,PROD0062,2,0.1,4656.9,4191.21,981.97
ITEM0004309,ORD001714,PROD0048,2,0,14016.88,14016.88,3092.92
ITEM0004310,ORD003182,PROD0037,1,0.05,19432.4,18460.78,3621.1
ITEM0004311,ORD002985,PROD0197,2,0.15,33684.2,28631.57,2948.83
ITEM0004312,ORD003135,PROD0210,1,0.1,26114.8,23503.32,7113.76
ITEM0004313,ORD004973,PROD0128,1,0.15,18612.47,15820.6,1968.87
ITEM0004314,ORD003626,PROD0140,2,0.15,16164.78,13740.06,2817.88
ITEM0004315,ORD001880,PROD0153,1,0.1,8892.34,8003.11,1828.23
ITEM0004316,ORD002370,PROD0054,1,0.1,14295.43,12865.89,2119.35
ITEM0004317,ORD002877,PROD0021,4,0.1,82052.28,73847.05,15787.01
ITEM0004318,ORD002896,PROD0196,1,0.1,5795.45,5215.9,1090.62
ITEM0004319,ORD001531,PROD0202,3,0.2,56174.31,44939.45,11742.47
ITEM0004320,ORD000124,PROD0174,3,0.05,35941.95,34144.85,4006.22
ITEM0004321,ORD001476,PROD0186,3,0.1,47884.44,43096,11528.59
ITEM0004322,ORD004948,PROD0115,1,0,2532.67,2532.67,923.98
ITEM0004323,ORD000584,PROD0144,2,0.1,47303.2,42572.88,10441.5
ITEM0004324,ORD002961,PROD0162,2,0.15,25976.26,22079.82,1344.68
ITEM0004325,ORD004282,PROD0075,1,0.15,11565.4,9830.59,3001.8
ITEM0004326,ORD000146,PROD0214,1,0.05,16367.22,15548.86,2458.96
ITEM0004327,ORD003437,PROD0041,2,0.1,38241.34,34417.21,10083.39
ITEM0004328,ORD003090,PROD0164,1,0.2,8356.56,6685.25,-268.86
ITEM0004329,ORD001283,PROD0115,1,0.1,2532.67,2279.4,670.71
ITEM0004330,ORD004159,PROD0115,1,0.1,2532.67,2279.4,670.71
ITEM0004331,ORD002689,PROD0014,2,0.1,12252.48,11027.23,3744.97
ITEM0004332,ORD000262,PROD0171,1,0.1,10484.3,9435.87,619.75
ITEM0004333,ORD001040,PROD0012,1,0.15,12178.75,10351.94,3298.86
ITEM0004334,ORD004796,PROD0013,3,0.25,59598.9,44699.17,4422.79
ITEM0004335,ORD001706,PROD0149,1,0.05,16805.53,15965.25,3164.92
ITEM0004336,ORD002128,PROD0137,1,0.25,16943.68,12707.76,-587.67
ITEM0004337,ORD001558,PROD0158,1,0,775.02,775.02,292.17
ITEM0004338,ORD002093,PROD0212,3,0.05,22417.8,21296.91,2625.39
ITEM0004339,ORD003914,PROD0061,2,0.1,4655.38,4189.84,1071.42
ITEM0004340,ORD000662,PROD0139,2,0.15,36159.54,30735.61,7615.85
ITEM0004341,ORD000004,PROD0031,1,0,1480.59,1480.59,616.1
ITEM0004342,ORD001605,PROD0194,1,0.2,26125.1,20900.08,5406.14
ITEM0004343,ORD000590,PROD0189,1,0.15,17795.34,15126.04,3842.2
ITEM0004344,ORD002070,PROD0033,3,0,52185.99,52185.99,16576.14
ITEM0004345,ORD003214,PROD0107,2,0.05,28516.66,27090.83,8432.85
ITEM0004346,ORD000543,PROD0008,1,0.1,16675.42,15007.88,1028.18
ITEM0004347,ORD002840,PROD0047,1,0.1,26673.83,24006.45,6311.87
ITEM0004348,ORD001108,PROD0180,2,0.1,11158.28,10042.45,3568.37
ITEM0004349,ORD000872,PROD0176,3,0.15,28272.3,24031.46,3157.49
ITEM0004350,ORD001580,PROD0003,2,0,1008.88,1008.88,153.74
ITEM0004351,ORD003165,PROD0021,2,0.1,41026.14,36923.53,7893.51
ITEM0004352,ORD001463,PROD0024,1,0.25,13202.39,9901.79,80.11
ITEM0004353,ORD000383,PROD0016,3,0.1,27885,25096.5,3577.86
ITEM0004354,ORD000570,PROD0207,2,0.15,44443.06,37776.6,8625.78
ITEM0004355,ORD002194,PROD0054,4,0.1,57181.72,51463.55,8477.39
ITEM0004356,ORD000199,PROD0206,1,0.1,1692.87,1523.58,342.97
ITEM0004357,ORD001927,PROD0025,1,0,1633.66,1633.66,319.39
ITEM0004358,ORD001071,PROD0218,5,0.05,2496.3,2371.49,908.54
ITEM0004359,ORD002066,PROD0072,1,0,10173.22,10173.22,3941.8
ITEM0004360,ORD000396,PROD0203,1,0.1,13915.4,12523.86,4307.56
ITEM0004361,ORD001941,PROD0126,3,0.1,55163.1,49646.79,13275.21
ITEM0004362,ORD001348,PROD0019,1,0.1,1769.05,1592.14,440.97
ITEM0004363,ORD000323,PROD0016,1,0.15,9295,7900.75,727.87
ITEM0004364,ORD000209,PROD0129,2,0.1,36125.48,32512.93,2128.71
ITEM0004365,ORD004367,PROD0185,1,0,28315.81,28315.81,11776.26
ITEM0004366,ORD000779,PROD0117,1,0.05,3692.06,3507.46,522.2
ITEM0004367,ORD003201,PROD0070,1,0.15,22695.91,19291.52,5632.93
ITEM0004368,ORD003511,PROD0190,1,0.1,17149.88,15434.89,3483.11
ITEM0004369,ORD003724,PROD0194,1,0.1,26125.1,23512.59,8018.65
ITEM0004370,ORD001846,PROD0207,2,0.05,44443.06,42220.91,13070.09
ITEM0004371,ORD003778,PROD0187,1,0.1,2026.07,1823.46,625.06
ITEM0004372,ORD002290,PROD0197,1,0.1,16842.1,15157.89,2316.52
ITEM0004373,ORD000681,PROD0214,4,0.15,65468.88,55648.55,3288.95
ITEM0004374,ORD004784,PROD0215,2,0.15,37162.1,31587.78,8409.14
ITEM0004375,ORD003958,PROD0136,1,0.15,20289.27,17245.88,-382.42
ITEM0004376,ORD003295,PROD0081,1,0.15,6304.12,5358.5,1714.66
ITEM0004377,ORD004408,PROD0002,1,0.15,14642.7,12446.3,1296.59
ITEM0004378,ORD001586,PROD0068,3,0,58197.06,58197.06,24829.02
ITEM0004379,ORD004462,PROD0045,1,0.1,16341.12,14707.01,3724.24
ITEM0004380,ORD000265,PROD0001,1,0.05,4107.99,3902.59,453.62
ITEM0004381,ORD003839,PROD0090,1,0.1,20748.86,18673.97,3136.4
ITEM0004382,ORD001658,PROD0208,2,0.1,30361.58,27325.42,9044.86
ITEM0004383,ORD002381,PROD0203,2,0.2,27830.8,22264.64,5832.04
ITEM0004384,ORD001728,PROD0136,1,0,20289.27,20289.27,2660.97
ITEM0004385,ORD003860,PROD0219,3,0.15,81018.96,68866.12,16921.75
ITEM0004386,ORD001658,PROD0014,1,0.15,6126.24,5207.3,1566.17
ITEM0004387,ORD004153,PROD0042,1,0.15,21135.45,17965.13,3684.22
ITEM0004388,ORD001436,PROD0100,4,0.1,87832.4,79049.16,10618.96
ITEM0004389,ORD000240,PROD0140,2,0,16164.78,16164.78,5242.6
ITEM0004390,ORD002116,PROD0142,4,0.15,23478.8,19956.98,5729.94
ITEM0004391,ORD000107,PROD0138,3,0.1,3651.93,3286.74,601.08
ITEM0004392,ORD003517,PROD0178,1,0,4937.23,4937.23,1755.54
ITEM0004393,ORD003010,PROD0129,1,0.05,18062.74,17159.6,1967.49
ITEM0004394,ORD001898,PROD0016,1,0.05,9295,8830.25,1657.37
ITEM0004395,ORD003805,PROD0124,1,0,4219.98,4219.98,1483.23
ITEM0004396,ORD003648,PROD0028,2,0.1,13844.64,12460.18,806.5
ITEM0004397,ORD000007,PROD0145,2,0,40008.1,40008.1,9917.92
ITEM0004398,ORD003719,PROD0107,3,0.25,42774.99,32081.24,4094.27
ITEM0004399,ORD003011,PROD0033,1,0,17395.33,17395.33,5525.38
ITEM0004400,ORD003427,PROD0124,1,0.1,4219.98,3797.98,1061.23
ITEM0004401,ORD000939,PROD0019,1,0.15,1769.05,1503.69,352.52
ITEM0004402,ORD003236,PROD0137,1,0.1,16943.68,15249.31,1953.88
ITEM0004403,ORD002246,PROD0108,5,0.15,48064.15,40854.53,4790.18
ITEM0004404,ORD000827,PROD0075,1,0.05,11565.4,10987.13,4158.34
ITEM0004405,ORD004972,PROD0216,1,0.1,9615.86,8654.27,1428.76
ITEM0004406,ORD002750,PROD0050,2,0.05,5047.78,4795.39,1256.13
ITEM0004407,ORD001522,PROD0088,1,0.1,11290.59,10161.53,2602.92
ITEM0004408,ORD003112,PROD0138,2,0.1,2434.62,2191.16,400.72
ITEM0004409,ORD004025,PROD0184,1,0.15,5590.8,4752.18,1165.83
ITEM0004410,ORD004691,PROD0096,1,0.1,16589.06,14930.15,3997.72
ITEM0004411,ORD003161,PROD0009,1,0,24251.57,24251.57,9526.44
ITEM0004412,ORD002042,PROD0169,1,0.15,4480.93,3808.79,1153.3
ITEM0004413,ORD000818,PROD0068,2,0,38798.04,38798.04,16552.68
ITEM0004414,ORD002892,PROD0183,2,0,33903.84,33903.84,10057.86
ITEM0004415,ORD003604,PROD0204,2,0,22243.9,22243.9,9435.44
ITEM0004416,ORD000800,PROD0159,2,0.05,9713.48,9227.81,1879.91
ITEM0004417,ORD001823,PROD0037,1,0.1,19432.4,17489.16,2649.48
ITEM0004418,ORD003995,PROD0126,1,0.15,18387.7,15629.55,3505.69
ITEM0004419,ORD003429,PROD0020,2,0.05,23644.1,22461.89,4817.61
ITEM0004420,ORD004986,PROD0181,1,0.1,9140.75,8226.68,2279.52
ITEM0004421,ORD001884,PROD0059,3,0.1,13173.09,11855.78,3379.88
ITEM0004422,ORD002386,PROD0024,1,0.2,13202.39,10561.91,740.23
ITEM0004423,ORD004749,PROD0175,4,0.2,55152.12,44121.7,1472.1
ITEM0004424,ORD000142,PROD0112,1,0.15,9574.88,8138.65,1014.89
ITEM0004425,ORD004169,PROD0023,1,0.1,14900.6,13410.54,3312.82
ITEM0004426,ORD003348,PROD0102,1,0.15,20719.66,17611.71,5205.21
ITEM0004427,ORD001582,PROD0007,4,0.1,39734.2,35760.78,11768.54
ITEM0004428,ORD000476,PROD0090,4,0.1,82995.44,74695.9,12545.62
ITEM0004429,ORD001766,PROD0068,4,0.05,77596.08,73716.28,29225.56
ITEM0004430,ORD004649,PROD0053,1,0.05,17914.51,17018.78,2729.94
ITEM0004431,ORD004321,PROD0016,2,0.2,18590,14872,526.24
ITEM0004432,ORD004086,PROD0114,2,0.2,31712.88,25370.3,-536.24
ITEM0004433,ORD002039,PROD0073,1,0.05,9607.45,9127.08,3099.85
ITEM0004434,ORD002135,PROD0025,2,0.1,3267.32,2940.59,312.05
ITEM0004435,ORD001182,PROD0025,3,0.1,4900.98,4410.88,468.07
ITEM0004436,ORD002378,PROD0062,1,0.1,2328.45,2095.61,490.99
ITEM0004437,ORD004095,PROD0078,1,0.1,20305.82,18275.24,6314.61
ITEM0004438,ORD001148,PROD0101,2,0.15,4317.38,3669.77,1139.45
ITEM0004439,ORD004281,PROD0124,1,0.15,4219.98,3586.98,850.23
ITEM0004440,ORD001412,PROD0150,3,0,42210,42210,17675.52
ITEM0004441,ORD001383,PROD0144,2,0,47303.2,47303.2,15171.82
ITEM0004442,ORD002558,PROD0090,1,0.15,20748.86,17636.53,2098.96
ITEM0004443,ORD003094,PROD0036,1,0.2,10450.84,8360.67,1812.88
ITEM0004444,ORD001829,PROD0027,3,0.05,72601.62,68971.54,21265.09
ITEM0004445,ORD004270,PROD0025,1,0.15,1633.66,1388.61,74.34
ITEM0004446,ORD004591,PROD0120,1,0.1,432.78,389.5,90.74
ITEM0004447,ORD002179,PROD0002,1,0,14642.7,14642.7,3492.99
ITEM0004448,ORD003624,PROD0191,1,0.2,18802.59,15042.07,-90.06
ITEM0004449,ORD003831,PROD0109,1,0.05,11612.58,11031.95,3381.43
ITEM0004450,ORD001058,PROD0078,1,0.1,20305.82,18275.24,6314.61
ITEM0004451,ORD004228,PROD0205,1,0.15,18910.56,16073.98,3538.66
ITEM0004452,ORD003377,PROD0152,1,0.1,14904.94,13414.45,4267.03
ITEM0004453,ORD000592,PROD0119,1,0.05,2687.17,2552.81,366.24
ITEM0004454,ORD001177,PROD0162,2,0.05,25976.26,24677.45,3942.31
ITEM0004455,ORD003722,PROD0008,2,0.15,33350.84,28348.21,388.81
ITEM0004456,ORD000059,PROD0161,1,0.15,5144.07,4372.46,590.59
ITEM0004457,ORD003602,PROD0067,2,0.15,19302.58,16407.19,3899.41
ITEM0004458,ORD000357,PROD0125,1,0.05,7231.98,6870.38,856.87
ITEM0004459,ORD003766,PROD0133,1,0.05,12826.23,12184.92,4452.12
ITEM0004460,ORD002046,PROD0031,1,0.1,1480.59,1332.53,468.04
ITEM0004461,ORD004059,PROD0138,2,0.05,2434.62,2312.89,522.45
ITEM0004462,ORD004970,PROD0074,2,0.1,30215.92,27194.33,7365.33
ITEM0004463,ORD001045,PROD0066,1,0.05,2931.28,2784.72,688.18
ITEM0004464,ORD004433,PROD0138,1,0.15,1217.31,1034.71,139.49
ITEM0004465,ORD001549,PROD0094,3,0.05,69149.79,65692.3,13778.38
ITEM0004466,ORD003992,PROD0109,2,0.05,23225.16,22063.9,6762.86
ITEM0004467,ORD003338,PROD0028,3,0,20766.96,20766.96,3286.44
ITEM0004468,ORD004741,PROD0168,1,0.1,19458.66,17512.79,5166.94
ITEM0004469,ORD002400,PROD0173,2,0.15,25589.9,21751.42,3386.5
ITEM0004470,ORD004655,PROD0165,2,0.2,29756.9,23805.52,1556.78
ITEM0004471,ORD001388,PROD0213,2,0.15,37933.98,32243.88,5104.92
ITEM0004472,ORD001928,PROD0207,1,0.05,22221.53,21110.45,6535.04
ITEM0004473,ORD004588,PROD0182,1,0,27036.96,27036.96,11057.23
ITEM0004474,ORD003758,PROD0122,1,0.2,2269.53,1815.62,312.68
ITEM0004475,ORD004013,PROD0179,1,0.05,3209.28,3048.82,920.15
ITEM0004476,ORD004112,PROD0087,1,0.15,19245.03,16358.28,3198.66
ITEM0004477,ORD000037,PROD0214,2,0.1,32734.44,29461,3281.2
ITEM0004478,ORD002309,PROD0070,1,0.2,22695.91,18156.73,4498.14
ITEM0004479,ORD002068,PROD0004,3,0,18873.3,18873.3,3466.83
ITEM0004480,ORD001576,PROD0008,2,0.25,33350.84,25013.13,-2946.27
ITEM0004481,ORD004407,PROD0153,2,0,17784.68,17784.68,5434.92
ITEM0004482,ORD000367,PROD0104,1,0,12239.72,12239.72,5096.54
ITEM0004483,ORD003188,PROD0084,2,0.05,14982.18,14233.07,5607.49
ITEM0004484,ORD001267,PROD0178,2,0.1,9874.46,8887.01,2523.63
ITEM0004485,ORD002063,PROD0083,1,0.1,15580.33,14022.3,602.82
ITEM0004486,ORD002614,PROD0143,1,0,22087.39,22087.39,7720.59
ITEM0004487,ORD000117,PROD0044,1,0.15,21268.21,18077.98,2858.2
ITEM0004488,ORD002624,PROD0108,1,0.1,9612.83,8651.55,1438.68
ITEM0004489,ORD000110,PROD0142,1,0.1,5869.7,5282.73,1725.97
ITEM0004490,ORD000211,PROD0172,3,0.15,60305.58,51259.74,5551.35
ITEM0004491,ORD004520,PROD0131,1,0.1,3237.12,2913.41,874.71
ITEM0004492,ORD000001,PROD0001,1,0.05,4107.99,3902.59,453.62
ITEM0004493,ORD004408,PROD0040,2,0.05,29955.92,28458.12,8284.22
ITEM0004494,ORD004292,PROD0189,1,0,17795.34,17795.34,6511.5
ITEM0004495,ORD001267,PROD0014,3,0.25,18378.72,13784.04,2860.65
ITEM0004496,ORD000083,PROD0117,1,0.25,3692.06,2769.05,-216.21
ITEM0004497,ORD004444,PROD0017,3,0.1,46300.02,41670.02,4421.27
ITEM0004498,ORD001394,PROD0043,1,0.15,14567.24,12382.15,2734.65
ITEM0004499,ORD003829,PROD0097,4,0.05,40747.28,38709.92,12638.08
ITEM0004500,ORD000925,PROD0094,1,0.05,23049.93,21897.43,4592.79
ITEM0004501,ORD000556,PROD0149,5,0,84027.65,84027.65,20026
ITEM0004502,ORD000022,PROD0215,2,0.2,37162.1,29729.68,6551.04
ITEM0004503,ORD003722,PROD0188,1,0.1,2699.06,2429.15,383.36
ITEM0004504,ORD004869,PROD0079,3,0.2,26821.11,21456.89,5492.33
ITEM0004505,ORD004577,PROD0105,1,0.1,13371.33,12034.2,2624.17
ITEM0004506,ORD001948,PROD0079,2,0.15,17880.74,15198.63,4555.59
ITEM0004507,ORD003199,PROD0052,2,0.15,30732.98,26123.03,5516.77
ITEM0004508,ORD004429,PROD0125,2,0.05,14463.96,13740.76,1713.74
ITEM0004509,ORD002653,PROD0090,2,0,41497.72,41497.72,10422.58
ITEM0004510,ORD001154,PROD0198,2,0.05,1594.06,1514.36,155.08
ITEM0004511,ORD001965,PROD0093,1,0.1,9683.07,8714.76,2943.41
ITEM0004512,ORD002855,PROD0117,3,0,11076.18,11076.18,2120.4
ITEM0004513,ORD004223,PROD0167,1,0.1,24925.25,22432.73,7786.44
ITEM0004514,ORD001766,PROD0166,1,0.1,28105.81,25295.23,7766.85
ITEM0004515,ORD003561,PROD0021,2,0,41026.14,41026.14,11996.12
ITEM0004516,ORD002632,PROD0143,1,0.05,22087.39,20983.02,6616.22
ITEM0004517,ORD001226,PROD0151,1,0.05,3389.73,3220.24,1129.06
ITEM0004518,ORD004794,PROD0154,2,0,8860.12,8860.12,3564.42
ITEM0004519,ORD004995,PROD0077,1,0.1,14444.47,13000.02,4587.92
ITEM0004520,ORD002685,PROD0161,2,0.1,10288.14,9259.33,1695.59
ITEM0004521,ORD001533,PROD0119,2,0.2,5374.34,4299.47,-73.67
ITEM0004522,ORD000786,PROD0071,1,0.05,29147.69,27690.31,10605.29
ITEM0004523,ORD004436,PROD0021,3,0.1,61539.21,55385.29,11840.26
ITEM0004524,ORD000992,PROD0122,2,0.1,4539.06,4085.15,1079.27
ITEM0004525,ORD002763,PROD0201,1,0.1,13631.5,12268.35,3722.02
ITEM0004526,ORD003963,PROD0070,2,0,45391.82,45391.82,18074.64
ITEM0004527,ORD000362,PROD0148,3,0.1,42807.33,38526.6,7590.63
ITEM0004528,ORD004528,PROD0200,1,0.05,10068.26,9564.85,1153.19
ITEM0004529,ORD004425,PROD0216,1,0.2,9615.86,7692.69,467.18
ITEM0004530,ORD001519,PROD0006,3,0.1,61555.98,55400.38,12919.78
ITEM0004531,ORD000185,PROD0092,1,0,8564.31,8564.31,2794.78
ITEM0004532,ORD004669,PROD0128,1,0.05,18612.47,17681.85,3830.12
ITEM0004533,ORD002637,PROD0115,1,0,2532.67,2532.67,923.98
ITEM0004534,ORD001056,PROD0085,1,0.15,26654.63,22656.44,6830.54
ITEM0004535,ORD003061,PROD0163,1,0,1154.57,1154.57,165.56
ITEM0004536,ORD004483,PROD0069,1,0.1,1450.9,1305.81,421.6
ITEM0004537,ORD000109,PROD0001,1,0.1,4107.99,3697.19,248.22
ITEM0004538,ORD004605,PROD0029,1,0.05,13719.5,13033.52,3562.19
ITEM0004539,ORD001249,PROD0070,2,0.05,45391.82,43122.23,15805.05
ITEM0004540,ORD002339,PROD0201,1,0,13631.5,13631.5,5085.17
ITEM0004541,ORD001110,PROD0089,1,0.1,9991.19,8992.07,862.96
ITEM0004542,ORD003221,PROD0167,1,0,24925.25,24925.25,10278.96
ITEM0004543,ORD002207,PROD0200,1,0.1,10068.26,9061.43,649.77
ITEM0004544,ORD002946,PROD0208,4,0.1,60723.16,54650.84,18089.72
ITEM0004545,ORD001306,PROD0215,1,0.1,18581.05,16722.94,5133.62
ITEM0004546,ORD002367,PROD0118,1,0.2,8894.09,7115.27,1514.8
ITEM0004547,ORD000446,PROD0176,2,0.05,18848.2,17905.79,3989.81
ITEM0004548,ORD001082,PROD0172,2,0,40203.72,40203.72,9731.46
ITEM0004549,ORD000775,PROD0220,2,0,48513.8,48513.8,14084.18
ITEM0004550,ORD003421,PROD0064,1,0.1,17720.44,15948.4,5812.28
ITEM0004551,ORD000660,PROD0130,1,0.05,8360.75,7942.71,1963.29
ITEM0004552,ORD001103,PROD0012,2,0,24357.5,24357.5,10251.34
ITEM0004553,ORD000127,PROD0081,2,0.1,12608.24,11347.42,4059.74
ITEM0004554,ORD002821,PROD0117,1,0.25,3692.06,2769.05,-216.21
ITEM0004555,ORD003545,PROD0143,2,0.15,44174.78,37548.56,8814.96
ITEM0004556,ORD004107,PROD0218,1,0.05,499.26,474.3,181.71
ITEM0004557,ORD003681,PROD0093,2,0.05,19366.14,18397.83,6855.13
ITEM0004558,ORD002719,PROD0131,1,0.05,3237.12,3075.26,1036.56
ITEM0004559,ORD003148,PROD0139,1,0.15,18079.77,15367.8,3807.92
ITEM0004560,ORD003492,PROD0196,1,0.25,5795.45,4346.59,221.31
ITEM0004561,ORD004104,PROD0123,2,0.1,33212.52,29891.27,7518.85
ITEM0004562,ORD002539,PROD0131,1,0.05,3237.12,3075.26,1036.56
ITEM0004563,ORD000421,PROD0014,1,0.05,6126.24,5819.93,2178.8
ITEM0004564,ORD003320,PROD0165,1,0.15,14878.45,12646.68,1522.31
ITEM0004565,ORD001956,PROD0074,1,0.1,15107.96,13597.16,3682.66
ITEM0004566,ORD001117,PROD0150,1,0.1,14070,12663,4484.84
ITEM0004567,ORD004168,PROD0074,1,0,15107.96,15107.96,5193.46
ITEM0004568,ORD000969,PROD0177,2,0.05,39894.72,37899.98,9630.16
ITEM0004569,ORD002695,PROD0171,2,0.05,20968.6,19920.17,2287.93
ITEM0004570,ORD001605,PROD0124,1,0.1,4219.98,3797.98,1061.23
ITEM0004571,ORD002744,PROD0167,1,0,24925.25,24925.25,10278.96
ITEM0004572,ORD000856,PROD0152,1,0,14904.94,14904.94,5757.52
ITEM0004573,ORD004382,PROD0166,1,0.15,28105.81,23889.94,6361.56
ITEM0004574,ORD002853,PROD0084,2,0,14982.18,14982.18,6356.6
ITEM0004575,ORD004710,PROD0135,4,0.1,44811.4,40330.26,4707.54
ITEM0004576,ORD002017,PROD0166,1,0,28105.81,28105.81,10577.43
ITEM0004577,ORD003771,PROD0217,4,0.1,43336.96,39003.26,11459.14
ITEM0004578,ORD000714,PROD0021,1,0.15,20513.07,17436.11,2921.1
ITEM0004579,ORD003092,PROD0114,2,0.1,31712.88,28541.59,2635.05
ITEM0004580,ORD001587,PROD0098,1,0.05,17646.13,16763.82,3924.44
ITEM0004581,ORD000021,PROD0152,1,0.1,14904.94,13414.45,4267.03
ITEM0004582,ORD003593,PROD0026,5,0.05,66375.7,63056.91,21971.41
ITEM0004583,ORD003405,PROD0147,2,0.1,46022.26,41420.03,6509.09
ITEM0004584,ORD004952,PROD0053,4,0.05,71658.04,68075.14,10919.78
ITEM0004585,ORD003932,PROD0100,2,0.1,43916.2,39524.58,5309.48
ITEM0004586,ORD004771,PROD0055,2,0.1,3518.26,3166.43,193.81
ITEM0004587,ORD003203,PROD0162,2,0.15,25976.26,22079.82,1344.68
ITEM0004588,ORD004313,PROD0171,1,0.1,10484.3,9435.87,619.75
ITEM0004589,ORD002516,PROD0187,1,0.1,2026.07,1823.46,625.06
ITEM0004590,ORD004421,PROD0075,1,0.15,11565.4,9830.59,3001.8
ITEM0004591,ORD003394,PROD0163,1,0.15,1154.57,981.38,-7.63
ITEM0004592,ORD003663,PROD0215,2,0,37162.1,37162.1,13983.46
ITEM0004593,ORD000227,PROD0083,1,0,15580.33,15580.33,2160.85
ITEM0004594,ORD003440,PROD0006,1,0.1,20518.66,18466.79,4306.59
ITEM0004595,ORD004015,PROD0077,1,0.2,14444.47,11555.58,3143.48
ITEM0004596,ORD004355,PROD0193,4,0.2,82377.44,65901.95,18421.75
ITEM0004597,ORD003010,PROD0138,2,0.2,2434.62,1947.7,157.26
ITEM0004598,ORD003469,PROD0147,1,0.1,23011.13,20710.02,3254.55
ITEM0004599,ORD000771,PROD0164,1,0.1,8356.56,7520.9,566.79
ITEM0004600,ORD001861,PROD0009,1,0.05,24251.57,23038.99,8313.86
ITEM0004601,ORD001718,PROD0028,2,0.1,13844.64,12460.18,806.5
ITEM0004602,ORD001981,PROD0090,2,0.05,41497.72,39422.83,8347.69
ITEM0004603,ORD001402,PROD0189,1,0.15,17795.34,15126.04,3842.2
ITEM0004604,ORD002144,PROD0084,2,0,14982.18,14982.18,6356.6
ITEM0004605,ORD001446,PROD0208,1,0.1,15180.79,13662.71,4522.43
ITEM0004606,ORD001484,PROD0074,1,0.15,15107.96,12841.77,2927.27
ITEM0004607,ORD000636,PROD0027,2,0.25,48401.08,36300.81,4496.51
ITEM0004608,ORD003812,PROD0070,2,0.05,45391.82,43122.23,15805.05
ITEM0004609,ORD002319,PROD0153,1,0.15,8892.34,7558.49,1383.61
ITEM0004610,ORD001648,PROD0035,1,0,27570.44,27570.44,10853.45
ITEM0004611,ORD001684,PROD0026,1,0.1,13275.14,11947.63,3730.53
ITEM0004612,ORD000273,PROD0034,2,0,20115.56,20115.56,6825.44
ITEM0004613,ORD003116,PROD0001,2,0.15,8215.98,6983.58,85.64
ITEM0004614,ORD003178,PROD0060,3,0.05,16123.83,15317.64,3138.33
ITEM0004615,ORD001701,PROD0072,2,0,20346.44,20346.44,7883.6
ITEM0004616,ORD003075,PROD0054,1,0.05,14295.43,13580.66,2834.12
ITEM0004617,ORD002276,PROD0019,2,0.1,3538.1,3184.29,881.95
ITEM0004618,ORD004854,PROD0207,2,0.2,44443.06,35554.45,6403.63
ITEM0004619,ORD000310,PROD0208,1,0,15180.79,15180.79,6040.51
ITEM0004620,ORD002950,PROD0185,2,0,56631.62,56631.62,23552.52
ITEM0004621,ORD001866,PROD0090,3,0,62246.58,62246.58,15633.87
ITEM0004622,ORD001071,PROD0167,1,0.05,24925.25,23678.99,9032.7
ITEM0004623,ORD004157,PROD0094,1,0.15,23049.93,19592.44,2287.8
ITEM0004624,ORD002556,PROD0138,1,0.05,1217.31,1156.44,261.22
ITEM0004625,ORD001161,PROD0211,2,0.05,14956,14208.2,4684.9
ITEM0004626,ORD002354,PROD0168,1,0.15,19458.66,16539.86,4194.01
ITEM0004627,ORD002102,PROD0010,3,0.2,36307.56,29046.05,8119.31
ITEM0004628,ORD002951,PROD0206,3,0.05,5078.61,4824.68,1282.85
ITEM0004629,ORD003323,PROD0020,4,0.25,47288.2,35466.15,177.59
ITEM0004630,ORD000140,PROD0002,1,0.1,14642.7,13178.43,2028.72
ITEM0004631,ORD004951,PROD0035,1,0.15,27570.44,23434.87,6717.88
ITEM0004632,ORD001353,PROD0051,1,0.1,20827.34,18744.61,2722.52
ITEM0004633,ORD000293,PROD0193,1,0.1,20594.36,18534.92,6664.87
ITEM0004634,ORD001848,PROD0057,1,0.2,17494.25,13995.4,2556.14
ITEM0004635,ORD003292,PROD0062,1,0.1,2328.45,2095.61,490.99
ITEM0004636,ORD000519,PROD0135,2,0.1,22405.7,20165.13,2353.77
ITEM0004637,ORD001720,PROD0157,2,0.1,20379.08,18341.17,6236.07
ITEM0004638,ORD004341,PROD0203,1,0.1,13915.4,12523.86,4307.56
ITEM0004639,ORD000359,PROD0089,2,0.1,19982.38,17984.14,1725.92
ITEM0004640,ORD001709,PROD0212,3,0.05,22417.8,21296.91,2625.39
ITEM0004641,ORD004298,PROD0001,1,0.25,4107.99,3080.99,-367.98
ITEM0004642,ORD001031,PROD0104,2,0,24479.44,24479.44,10193.08
ITEM0004643,ORD002367,PROD0003,1,0.1,504.44,454,26.43
ITEM0004644,ORD003034,PROD0007,1,0.15,9933.55,8443.52,2445.46
ITEM0004645,ORD000128,PROD0086,1,0.15,5586.2,4748.27,625.83
ITEM0004646,ORD002843,PROD0201,1,0.1,13631.5,12268.35,3722.02
ITEM0004647,ORD000319,PROD0166,1,0.1,28105.81,25295.23,7766.85
ITEM0004648,ORD003252,PROD0152,1,0.15,14904.94,12669.2,3521.78
ITEM0004649,ORD001091,PROD0042,1,0.05,21135.45,20078.68,5797.77
ITEM0004650,ORD000346,PROD0065,1,0,6830.86,6830.86,1979.53
ITEM0004651,ORD001959,PROD0177,1,0,19947.36,19947.36,5812.45
ITEM0004652,ORD000305,PROD0212,1,0.1,7472.6,6725.34,501.5
ITEM0004653,ORD000826,PROD0190,3,0.05,51449.64,48877.16,13021.82
ITEM0004654,ORD001984,PROD0088,2,0.15,22581.18,19194,4076.78
ITEM0004655,ORD000745,PROD0217,1,0.15,10834.24,9209.1,2323.07
ITEM0004656,ORD000405,PROD0215,1,0.05,18581.05,17652,6062.68
ITEM0004657,ORD001095,PROD0209,1,0,6536.37,6536.37,1524.48
ITEM0004658,ORD003369,PROD0174,3,0.25,35941.95,26956.46,-3182.17
ITEM0004659,ORD000989,PROD0070,1,0.15,22695.91,19291.52,5632.93
ITEM0004660,ORD002356,PROD0085,1,0,26654.63,26654.63,10828.73
ITEM0004661,ORD004872,PROD0040,1,0.05,14977.96,14229.06,4142.11
ITEM0004662,ORD001218,PROD0060,2,0.15,10749.22,9136.84,1017.3
ITEM0004663,ORD000457,PROD0004,1,0.05,6291.1,5976.55,841.06
ITEM0004664,ORD003667,PROD0135,4,0,44811.4,44811.4,9188.68
ITEM0004665,ORD001320,PROD0068,2,0.05,38798.04,36858.14,14612.78
ITEM0004666,ORD004801,PROD0215,1,0,18581.05,18581.05,6991.73
ITEM0004667,ORD001912,PROD0086,1,0,5586.2,5586.2,1463.76
ITEM0004668,ORD002644,PROD0098,1,0.2,17646.13,14116.9,1277.52
ITEM0004669,ORD003366,PROD0048,2,0.2,14016.88,11213.5,289.54
ITEM0004670,ORD004256,PROD0071,1,0.1,29147.69,26232.92,9147.9
ITEM0004671,ORD003079,PROD0074,1,0.15,15107.96,12841.77,2927.27
ITEM0004672,ORD004884,PROD0117,1,0.2,3692.06,2953.65,-31.61
ITEM0004673,ORD001766,PROD0097,1,0.05,10186.82,9677.48,3159.52
ITEM0004674,ORD004521,PROD0049,1,0.1,24110.14,21699.13,5148.64
ITEM0004675,ORD004895,PROD0014,1,0.2,6126.24,4900.99,1259.86
ITEM0004676,ORD001946,PROD0097,1,0.1,10186.82,9168.14,2650.18
ITEM0004677,ORD001538,PROD0032,2,0.05,5055.9,4803.1,806.24
ITEM0004678,ORD003850,PROD0215,2,0.1,37162.1,33445.89,10267.25
ITEM0004679,ORD004014,PROD0191,4,0.15,75210.36,63928.81,3400.29
ITEM0004680,ORD003518,PROD0048,2,0.05,14016.88,13316.04,2392.08
ITEM0004681,ORD004901,PROD0172,2,0.1,40203.72,36183.35,5711.09
ITEM0004682,ORD003691,PROD0117,1,0.15,3692.06,3138.25,152.99
ITEM0004683,ORD001494,PROD0177,1,0.2,19947.36,15957.89,1822.98
ITEM0004684,ORD001280,PROD0017,1,0,15433.34,15433.34,3017.09
ITEM0004685,ORD001311,PROD0043,1,0,14567.24,14567.24,4919.74
ITEM0004686,ORD004343,PROD0219,1,0.1,27006.32,24305.69,6990.9
ITEM0004687,ORD000678,PROD0051,1,0.2,20827.34,16661.87,639.78
ITEM0004688,ORD001447,PROD0185,1,0.05,28315.81,26900.02,10360.47
ITEM0004689,ORD000229,PROD0099,1,0.1,3220.88,2898.79,354.56
ITEM0004690,ORD004759,PROD0181,1,0.25,9140.75,6855.56,908.4
ITEM0004691,ORD000348,PROD0185,2,0.25,56631.62,42473.72,9394.62
ITEM0004692,ORD002452,PROD0020,1,0.05,11822.05,11230.95,2408.81
ITEM0004693,ORD001315,PROD0048,2,0,14016.88,14016.88,3092.92
ITEM0004694,ORD003029,PROD0100,1,0,21958.1,21958.1,4850.55
ITEM0004695,ORD004648,PROD0057,2,0.05,34988.5,33239.07,10360.55
ITEM0004696,ORD002855,PROD0009,1,0.2,24251.57,19401.26,4676.13
ITEM0004697,ORD001550,PROD0051,2,0.1,41654.68,37489.21,5445.03
ITEM0004698,ORD000926,PROD0091,4,0.15,52806.68,44885.68,13738.68
ITEM0004699,ORD004529,PROD0210,3,0.2,78344.4,62675.52,13506.84
ITEM0004700,ORD001920,PROD0054,2,0.1,28590.86,25731.77,4238.69
ITEM0004701,ORD004772,PROD0094,2,0,46099.86,46099.86,11490.58
ITEM0004702,ORD004993,PROD0006,1,0.15,20518.66,17440.86,3280.66
ITEM0004703,ORD004746,PROD0164,2,0.05,16713.12,15877.46,1969.24
ITEM0004704,ORD003951,PROD0093,2,0,19366.14,19366.14,7823.44
ITEM0004705,ORD001517,PROD0089,3,0.1,29973.57,26976.21,2588.88
ITEM0004706,ORD001844,PROD0047,2,0.1,53347.66,48012.89,12623.73
ITEM0004707,ORD000115,PROD0002,1,0.1,14642.7,13178.43,2028.72
ITEM0004708,ORD000574,PROD0143,1,0.15,22087.39,18774.28,4407.48
ITEM0004709,ORD004121,PROD0212,1,0.1,7472.6,6725.34,501.5
ITEM0004710,ORD002336,PROD0120,2,0.15,865.56,735.73,138.21
ITEM0004711,ORD001378,PROD0191,2,0.05,37605.18,35724.92,5460.66
ITEM0004712,ORD002045,PROD0190,1,0.1,17149.88,15434.89,3483.11
ITEM0004713,ORD002975,PROD0011,2,0.15,26892.2,22858.37,6182.05
ITEM0004714,ORD004681,PROD0035,2,0,55140.88,55140.88,21706.9
ITEM0004715,ORD000006,PROD0192,1,0.15,2966.21,2521.28,35.03
ITEM0004716,ORD003023,PROD0206,3,0.1,5078.61,4570.75,1028.92
ITEM0004717,ORD002165,PROD0161,1,0,5144.07,5144.07,1362.2
ITEM0004718,ORD000509,PROD0193,3,0.05,61783.08,58693.93,23083.78
ITEM0004719,ORD003363,PROD0046,2,0.25,18567.88,13925.91,863.21
ITEM0004720,ORD001171,PROD0109,2,0.1,23225.16,20902.64,5601.6
ITEM0004721,ORD004157,PROD0007,2,0.2,19867.1,15893.68,3897.56
ITEM0004722,ORD002174,PROD0013,2,0.1,39732.6,35759.34,8908.42
ITEM0004723,ORD002476,PROD0124,1,0.05,4219.98,4008.98,1272.23
ITEM0004724,ORD002185,PROD0044,3,0.15,63804.63,54233.94,8574.6
ITEM0004725,ORD002662,PROD0195,1,0.15,11548.65,9816.35,1593.6
ITEM0004726,ORD000193,PROD0111,1,0.15,4956.44,4212.97,911.47
ITEM0004727,ORD001843,PROD0036,4,0.1,41803.36,37623.02,11431.86
ITEM0004728,ORD002417,PROD0057,1,0,17494.25,17494.25,6054.99
ITEM0004729,ORD001702,PROD0123,1,0,16606.26,16606.26,5420.05
ITEM0004730,ORD002184,PROD0049,2,0,48220.28,48220.28,15119.3
ITEM0004731,ORD000533,PROD0086,2,0.2,11172.4,8937.92,693.04
ITEM0004732,ORD004371,PROD0064,2,0,35440.88,35440.88,15168.64
ITEM0004733,ORD002992,PROD0062,2,0.2,4656.9,3725.52,516.28
ITEM0004734,ORD001527,PROD0042,5,0,105677.25,105677.25,34272.7
ITEM0004735,ORD003292,PROD0071,2,0.05,58295.38,55380.61,21210.57
ITEM0004736,ORD004498,PROD0119,1,0.1,2687.17,2418.45,231.88
ITEM0004737,ORD003124,PROD0075,1,0.1,11565.4,10408.86,3580.07
ITEM0004738,ORD001907,PROD0010,1,0.1,12102.52,10892.27,3916.69
ITEM0004739,ORD000246,PROD0118,2,0.15,17788.18,15119.95,3919.01
ITEM0004740,ORD000567,PROD0188,1,0,2699.06,2699.06,653.27
ITEM0004741,ORD002376,PROD0135,2,0.05,22405.7,21285.42,3474.06
ITEM0004742,ORD004965,PROD0164,1,0,8356.56,8356.56,1402.45
ITEM0004743,ORD000922,PROD0190,1,0.05,17149.88,16292.39,4340.61
ITEM0004744,ORD004804,PROD0168,1,0.05,19458.66,18485.73,6139.88
ITEM0004745,ORD004786,PROD0018,3,0.1,42342.9,38108.61,10992.96
ITEM0004746,ORD000506,PROD0113,1,0.05,19139.62,18182.64,2287.37
ITEM0004747,ORD000585,PROD0188,3,0.05,8097.18,7692.32,1554.95
ITEM0004748,ORD004670,PROD0045,5,0.05,81705.6,77620.32,22706.47
ITEM0004749,ORD004923,PROD0054,1,0.2,14295.43,11436.34,689.8
ITEM0004750,ORD002369,PROD0015,3,0,18231.42,18231.42,5305.89
ITEM0004751,ORD000602,PROD0016,1,0.1,9295,8365.5,1192.62
ITEM0004752,ORD002249,PROD0176,4,0,37696.4,37696.4,9864.44
ITEM0004753,ORD002851,PROD0095,2,0.05,7079.22,6725.26,1119.12
ITEM0004754,ORD002986,PROD0187,2,0.1,4052.14,3646.93,1250.13
ITEM0004755,ORD002593,PROD0010,1,0,12102.52,12102.52,5126.94
ITEM0004756,ORD003528,PROD0114,4,0.05,63425.76,60254.47,8441.39
ITEM0004757,ORD000949,PROD0069,1,0.1,1450.9,1305.81,421.6
ITEM0004758,ORD002831,PROD0019,1,0,1769.05,1769.05,617.88
ITEM0004759,ORD002877,PROD0031,1,0,1480.59,1480.59,616.1
ITEM0004760,ORD003751,PROD0122,1,0,2269.53,2269.53,766.59
ITEM0004761,ORD002808,PROD0200,1,0.05,10068.26,9564.85,1153.19
ITEM0004762,ORD000858,PROD0086,1,0,5586.2,5586.2,1463.76
ITEM0004763,ORD003559,PROD0045,3,0.1,49023.36,44121.02,11172.71
ITEM0004764,ORD000789,PROD0066,1,0.05,2931.28,2784.72,688.18
ITEM0004765,ORD001580,PROD0068,1,0.05,19399.02,18429.07,7306.39
ITEM0004766,ORD003456,PROD0084,1,0.05,7491.09,7116.54,2803.75
ITEM0004767,ORD004088,PROD0048,4,0.05,28033.76,26632.07,4784.15
ITEM0004768,ORD000996,PROD0218,2,0.1,998.52,898.67,313.49
ITEM0004769,ORD004090,PROD0020,1,0,11822.05,11822.05,2999.91
ITEM0004770,ORD001189,PROD0083,2,0.1,31160.66,28044.59,1205.63
ITEM0004771,ORD002509,PROD0083,3,0.15,46740.99,39729.84,-528.6
ITEM0004772,ORD002463,PROD0006,2,0.1,41037.32,36933.59,8613.19
ITEM0004773,ORD000283,PROD0190,2,0.1,34299.76,30869.78,6966.22
ITEM0004774,ORD001052,PROD0082,2,0.05,2699.36,2564.39,979.67
ITEM0004775,ORD001924,PROD0105,1,0.1,13371.33,12034.2,2624.17
ITEM0004776,ORD004771,PROD0189,2,0.1,35590.68,32031.61,9463.93
ITEM0004777,ORD000610,PROD0214,3,0.25,49101.66,36826.24,-2443.46
ITEM0004778,ORD002203,PROD0198,1,0.15,797.03,677.48,-2.16
ITEM0004779,ORD004138,PROD0030,1,0.15,8993.94,7644.85,1783.86
ITEM0004780,ORD003701,PROD0182,1,0.15,27036.96,22981.42,7001.69
ITEM0004781,ORD001112,PROD0170,2,0.15,11445.76,9728.9,2997.52
ITEM0004782,ORD001514,PROD0133,2,0.15,25652.46,21804.59,6338.99
ITEM0004783,ORD002506,PROD0188,1,0.15,2699.06,2294.2,248.41
ITEM0004784,ORD002105,PROD0160,1,0.05,6180.13,5871.12,905.16
ITEM0004785,ORD001571,PROD0077,2,0.15,28888.94,24555.6,7731.4
ITEM0004786,ORD001218,PROD0104,1,0.1,12239.72,11015.75,3872.57
ITEM0004787,ORD003926,PROD0063,2,0.15,22073.5,18762.47,1366.21
ITEM0004788,ORD004877,PROD0219,1,0.1,27006.32,24305.69,6990.9
ITEM0004789,ORD002282,PROD0141,1,0,9820.32,9820.32,3623.12
ITEM0004790,ORD002739,PROD0018,4,0,56457.2,56457.2,20303
ITEM0004791,ORD001112,PROD0179,3,0,9627.84,9627.84,3241.83
ITEM0004792,ORD002221,PROD0049,1,0.1,24110.14,21699.13,5148.64
ITEM0004793,ORD003857,PROD0128,2,0.05,37224.94,35363.69,7660.23
ITEM0004794,ORD003158,PROD0117,1,0,3692.06,3692.06,706.8
ITEM0004795,ORD004041,PROD0001,1,0.2,4107.99,3286.39,-162.58
ITEM0004796,ORD002060,PROD0014,1,0.15,6126.24,5207.3,1566.17
ITEM0004797,ORD002937,PROD0022,2,0.15,15996.88,13597.35,600.63
ITEM0004798,ORD001794,PROD0049,2,0,48220.28,48220.28,15119.3
ITEM0004799,ORD002912,PROD0117,2,0,7384.12,7384.12,1413.6
ITEM0004800,ORD001477,PROD0172,1,0.1,20101.86,18091.67,2855.54
ITEM0004801,ORD000688,PROD0213,2,0.1,37933.98,34140.58,7001.62
ITEM0004802,ORD000133,PROD0022,1,0.25,7998.44,5998.83,-499.53
ITEM0004803,ORD001238,PROD0151,3,0.05,10169.19,9660.73,3387.19
ITEM0004804,ORD000960,PROD0174,1,0.1,11980.65,10782.58,736.37
ITEM0004805,ORD003287,PROD0015,3,0.1,18231.42,16408.28,3482.75
ITEM0004806,ORD003429,PROD0151,1,0,3389.73,3389.73,1298.55
ITEM0004807,ORD000717,PROD0218,4,0.1,1997.04,1797.34,626.98
ITEM0004808,ORD000014,PROD0173,1,0,12794.95,12794.95,3612.49
ITEM0004809,ORD004653,PROD0047,2,0.1,53347.66,48012.89,12623.73
ITEM0004810,ORD003912,PROD0101,3,0.05,6476.07,6152.27,2356.79
ITEM0004811,ORD003376,PROD0006,2,0.1,41037.32,36933.59,8613.19
ITEM0004812,ORD001694,PROD0056,3,0.1,37811.61,34030.45,11398.24
ITEM0004813,ORD002839,PROD0012,1,0.15,12178.75,10351.94,3298.86
ITEM0004814,ORD004041,PROD0110,1,0.15,12896.87,10962.34,2575.01
ITEM0004815,ORD002902,PROD0006,2,0,41037.32,41037.32,12716.92
ITEM0004816,ORD000303,PROD0087,3,0,57735.09,57735.09,18256.23
ITEM0004817,ORD004985,PROD0014,2,0,12252.48,12252.48,4970.22
ITEM0004818,ORD001531,PROD0093,1,0.15,9683.07,8230.61,2459.26
ITEM0004819,ORD004138,PROD0213,1,0.25,18966.99,14225.24,655.76
ITEM0004820,ORD003038,PROD0111,4,0.05,19825.76,18834.47,5628.47
ITEM0004821,ORD000638,PROD0150,2,0.05,28140,26733,10376.68
ITEM0004822,ORD000554,PROD0217,1,0.05,10834.24,10292.53,3406.5
ITEM0004823,ORD000540,PROD0101,1,0,2158.69,2158.69,893.53
ITEM0004824,ORD001476,PROD0153,2,0.2,17784.68,14227.74,1877.98
ITEM0004825,ORD004998,PROD0011,1,0,13446.1,13446.1,5107.94
ITEM0004826,ORD000964,PROD0196,2,0,11590.9,11590.9,3340.34
ITEM0004827,ORD002544,PROD0157,3,0.05,30568.62,29040.19,10882.54
ITEM0004828,ORD004042,PROD0134,1,0,25350.66,25350.66,8656.93
ITEM0004829,ORD001098,PROD0215,4,0.1,74324.2,66891.78,20534.5
ITEM0004830,ORD002287,PROD0145,3,0.1,60012.15,54010.93,8875.66
ITEM0004831,ORD000975,PROD0197,1,0.1,16842.1,15157.89,2316.52
ITEM0004832,ORD003043,PROD0006,4,0.25,82074.64,61555.98,4915.18
ITEM0004833,ORD000333,PROD0072,1,0.1,10173.22,9155.9,2924.48
ITEM0004834,ORD001631,PROD0189,3,0.05,53386.02,50716.72,16865.2
ITEM0004835,ORD003652,PROD0091,2,0.1,26403.34,23763.01,8189.51
ITEM0004836,ORD001084,PROD0046,2,0,18567.88,18567.88,5505.18
ITEM0004837,ORD004411,PROD0064,3,0.05,53161.32,50503.25,20094.89
ITEM0004838,ORD001621,PROD0150,1,0.1,14070,12663,4484.84
ITEM0004839,ORD002385,PROD0143,1,0.15,22087.39,18774.28,4407.48
ITEM0004840,ORD003242,PROD0121,4,0.15,26114.32,22197.17,4826.05
ITEM0004841,ORD002663,PROD0020,3,0.05,35466.15,33692.84,7226.42
ITEM0004842,ORD004046,PROD0073,1,0.2,9607.45,7685.96,1658.73
ITEM0004843,ORD004068,PROD0001,1,0,4107.99,4107.99,659.02
ITEM0004844,ORD003754,PROD0140,1,0.15,8082.39,6870.03,1408.94
ITEM0004845,ORD000212,PROD0054,1,0,14295.43,14295.43,3548.89
ITEM0004846,ORD000018,PROD0030,1,0.1,8993.94,8094.55,2233.56
ITEM0004847,ORD000046,PROD0129,1,0.05,18062.74,17159.6,1967.49
ITEM0004848,ORD000794,PROD0209,2,0,13072.74,13072.74,3048.96
ITEM0004849,ORD000202,PROD0148,1,0.1,14269.11,12842.2,2530.21
ITEM0004850,ORD004262,PROD0137,3,0.05,50831.04,48289.49,8403.2
ITEM0004851,ORD003282,PROD0103,1,0,21191.12,21191.12,7201.35
ITEM0004852,ORD003247,PROD0067,1,0.2,9651.29,7721.03,1467.14
ITEM0004853,ORD000394,PROD0072,1,0.1,10173.22,9155.9,2924.48
ITEM0004854,ORD003266,PROD0184,1,0.2,5590.8,4472.64,886.29
ITEM0004855,ORD001158,PROD0033,2,0.25,34790.66,26093,2353.1
ITEM0004856,ORD003637,PROD0034,1,0,10057.78,10057.78,3412.72
ITEM0004857,ORD002201,PROD0200,2,0.15,20136.52,17116.04,292.72
ITEM0004858,ORD000309,PROD0044,2,0,42536.42,42536.42,12096.86
ITEM0004859,ORD001476,PROD0134,2,0.15,50701.32,43096.12,9708.66
ITEM0004860,ORD003378,PROD0092,2,0.1,17128.62,15415.76,3876.7
ITEM0004861,ORD000746,PROD0182,2,0.05,54073.92,51370.22,19410.76
ITEM0004862,ORD004432,PROD0130,3,0.2,25082.25,20065.8,2127.54
ITEM0004863,ORD004720,PROD0056,3,0.1,37811.61,34030.45,11398.24
ITEM0004864,ORD003685,PROD0071,1,0.15,29147.69,24775.54,7690.52
ITEM0004865,ORD000520,PROD0137,1,0.05,16943.68,16096.5,2801.07
ITEM0004866,ORD002409,PROD0143,1,0,22087.39,22087.39,7720.59
ITEM0004867,ORD002489,PROD0078,1,0.15,20305.82,17259.95,5299.32
ITEM0004868,ORD001840,PROD0172,2,0.1,40203.72,36183.35,5711.09
ITEM0004869,ORD001900,PROD0097,2,0.1,20373.64,18336.28,5300.36
ITEM0004870,ORD000508,PROD0132,1,0.05,19751.1,18763.54,5708.13
ITEM0004871,ORD003833,PROD0155,1,0.05,4402.89,4182.75,425.8
ITEM0004872,ORD001771,PROD0027,2,0.05,48401.08,45981.03,14176.73
ITEM0004873,ORD002089,PROD0047,2,0,53347.66,53347.66,17958.5
ITEM0004874,ORD001299,PROD0074,4,0,60431.84,60431.84,20773.84
ITEM0004875,ORD003992,PROD0138,4,0.05,4869.24,4625.78,1044.9
ITEM0004876,ORD001661,PROD0076,1,0.2,1470.09,1176.07,18.9
ITEM0004877,ORD000643,PROD0082,1,0.25,1349.68,1012.26,219.9
ITEM0004878,ORD001308,PROD0029,2,0.1,27439,24695.1,5752.44
ITEM0004879,ORD003304,PROD0189,1,0.1,17795.34,16015.81,4731.97
ITEM0004880,ORD004986,PROD0105,1,0,13371.33,13371.33,3961.3
ITEM0004881,ORD003500,PROD0082,1,0.1,1349.68,1214.71,422.35
ITEM0004882,ORD004113,PROD0174,1,0.05,11980.65,11381.62,1335.41
ITEM0004883,ORD003028,PROD0217,1,0.1,10834.24,9750.82,2864.79
ITEM0004884,ORD004724,PROD0056,2,0.05,25207.74,23947.35,8859.21
ITEM0004885,ORD000341,PROD0161,2,0.15,10288.14,8744.92,1181.18
ITEM0004886,ORD002759,PROD0005,2,0.2,3931.54,3145.23,-247.43
ITEM0004887,ORD004510,PROD0103,1,0.2,21191.12,16952.9,2963.13
ITEM0004888,ORD001627,PROD0192,1,0.25,2966.21,2224.66,-261.59
ITEM0004889,ORD003196,PROD0155,2,0.1,8805.78,7925.2,411.3
ITEM0004890,ORD002110,PROD0076,2,0.05,2940.18,2793.17,478.83
ITEM0004891,ORD000357,PROD0036,2,0.1,20901.68,18811.51,5715.93
ITEM0004892,ORD002710,PROD0058,1,0.1,8639.1,7775.19,1973.04
ITEM0004893,ORD001827,PROD0020,1,0.2,11822.05,9457.64,635.5
ITEM0004894,ORD000182,PROD0123,1,0.2,16606.26,13285.01,2098.8
ITEM0004895,ORD000856,PROD0159,1,0.05,4856.74,4613.9,939.95
ITEM0004896,ORD004317,PROD0179,1,0.1,3209.28,2888.35,759.68
ITEM0004897,ORD000188,PROD0020,1,0.1,11822.05,10639.84,1817.7
ITEM0004898,ORD001851,PROD0062,4,0.05,9313.8,8848.11,2429.63
ITEM0004899,ORD002612,PROD0019,1,0.1,1769.05,1592.14,440.97
ITEM0004900,ORD004939,PROD0166,2,0.05,56211.62,53401.04,18344.28
ITEM0004901,ORD000713,PROD0131,1,0.15,3237.12,2751.55,712.85
ITEM0004902,ORD004589,PROD0134,1,0.1,25350.66,22815.59,6121.86
ITEM0004903,ORD002520,PROD0038,3,0,5668.11,5668.11,1238.31
ITEM0004904,ORD002528,PROD0057,2,0,34988.5,34988.5,12109.98
ITEM0004905,ORD001639,PROD0153,1,0.1,8892.34,8003.11,1828.23
ITEM0004906,ORD000455,PROD0114,1,0.1,15856.44,14270.8,1317.53
ITEM0004907,ORD002728,PROD0086,1,0.15,5586.2,4748.27,625.83
ITEM0004908,ORD001558,PROD0192,1,0.15,2966.21,2521.28,35.03
ITEM0004909,ORD003144,PROD0183,1,0.05,16951.92,16104.32,4181.33
ITEM0004910,ORD003706,PROD0054,1,0.05,14295.43,13580.66,2834.12
ITEM0004911,ORD002205,PROD0047,4,0.1,106695.32,96025.79,25247.47
ITEM0004912,ORD000693,PROD0092,2,0,17128.62,17128.62,5589.56
ITEM0004913,ORD003560,PROD0189,1,0.1,17795.34,16015.81,4731.97
ITEM0004914,ORD003578,PROD0107,2,0.1,28516.66,25664.99,7007.01
ITEM0004915,ORD004165,PROD0197,2,0.1,33684.2,30315.78,4633.04
ITEM0004916,ORD002167,PROD0168,1,0.05,19458.66,18485.73,6139.88
ITEM0004917,ORD002802,PROD0020,1,0,11822.05,11822.05,2999.91
ITEM0004918,ORD003684,PROD0175,1,0.1,13788.03,12409.23,1746.83
ITEM0004919,ORD001663,PROD0016,2,0,18590,18590,4244.24
ITEM0004920,ORD003204,PROD0008,1,0.1,16675.42,15007.88,1028.18
ITEM0004921,ORD000705,PROD0153,1,0,8892.34,8892.34,2717.46
ITEM0004922,ORD000494,PROD0016,3,0.1,27885,25096.5,3577.86
ITEM0004923,ORD002683,PROD0106,2,0.15,26013.54,22111.51,3361.21
ITEM0004924,ORD002704,PROD0154,2,0.1,8860.12,7974.11,2678.41
ITEM0004925,ORD001036,PROD0115,2,0.1,5065.34,4558.81,1341.43
ITEM0004926,ORD004562,PROD0122,1,0.05,2269.53,2156.05,653.11
ITEM0004927,ORD002136,PROD0001,1,0.05,4107.99,3902.59,453.62
ITEM0004928,ORD003860,PROD0196,1,0.05,5795.45,5505.68,1380.4
ITEM0004929,ORD001584,PROD0116,1,0.15,9463.74,8044.18,1178.26
ITEM0004930,ORD001047,PROD0137,2,0,33887.36,33887.36,7296.5
ITEM0004931,ORD002917,PROD0205,3,0.15,56731.68,48221.93,10615.97
ITEM0004932,ORD002801,PROD0047,2,0.2,53347.66,42678.13,7288.97
ITEM0004933,ORD003084,PROD0123,1,0,16606.26,16606.26,5420.05
ITEM0004934,ORD003030,PROD0195,1,0.1,11548.65,10393.78,2171.03
ITEM0004935,ORD002118,PROD0004,1,0.05,6291.1,5976.55,841.06
ITEM0004936,ORD004180,PROD0194,5,0.1,130625.5,117562.95,40093.25
ITEM0004937,ORD004957,PROD0115,1,0.05,2532.67,2406.04,797.35
ITEM0004938,ORD001941,PROD0103,2,0.1,42382.24,38144.02,10164.48
ITEM0004939,ORD001389,PROD0047,2,0.15,53347.66,45345.51,9956.35
ITEM0004940,ORD002147,PROD0113,1,0.05,19139.62,18182.64,2287.37
ITEM0004941,ORD002130,PROD0127,3,0.05,83479.89,79305.9,27117.96
ITEM0004942,ORD001646,PROD0157,2,0.15,20379.08,17322.22,5217.12
ITEM0004943,ORD000092,PROD0018,4,0.15,56457.2,47988.62,11834.42
ITEM0004944,ORD003838,PROD0099,2,0.15,6441.76,5475.5,387.04
ITEM0004945,ORD001347,PROD0214,1,0.05,16367.22,15548.86,2458.96
ITEM0004946,ORD001967,PROD0131,2,0.2,6474.24,5179.39,1101.99
ITEM0004947,ORD001203,PROD0133,1,0.15,12826.23,10902.3,3169.5
ITEM0004948,ORD002894,PROD0197,2,0.05,33684.2,31999.99,6317.25
ITEM0004949,ORD002184,PROD0058,1,0.15,8639.1,7343.23,1541.08
ITEM0004950,ORD003819,PROD0184,1,0.05,5590.8,5311.26,1724.91
ITEM0004951,ORD002215,PROD0217,1,0.05,10834.24,10292.53,3406.5
ITEM0004952,ORD001277,PROD0158,3,0.15,2325.06,1976.3,527.75
ITEM0004953,ORD004388,PROD0196,1,0.1,5795.45,5215.9,1090.62
ITEM0004954,ORD004224,PROD0135,1,0.15,11202.85,9522.42,616.74
ITEM0004955,ORD004571,PROD0163,2,0.1,2309.14,2078.23,100.21
ITEM0004956,ORD003698,PROD0103,1,0.2,21191.12,16952.9,2963.13
ITEM0004957,ORD002089,PROD0169,1,0,4480.93,4480.93,1825.44
ITEM0004958,ORD003598,PROD0207,1,0,22221.53,22221.53,7646.12
ITEM0004959,ORD003649,PROD0141,1,0.1,9820.32,8838.29,2641.09
ITEM0004960,ORD004400,PROD0022,1,0.1,7998.44,7198.6,700.24
ITEM0004961,ORD003307,PROD0041,1,0.1,19120.67,17208.6,5041.69
ITEM0004962,ORD003098,PROD0122,3,0.05,6808.59,6468.16,1959.34
ITEM0004963,ORD004322,PROD0185,1,0,28315.81,28315.81,11776.26
ITEM0004964,ORD000165,PROD0179,2,0.05,6418.56,6097.63,1840.29
ITEM0004965,ORD000618,PROD0146,2,0,11903.5,11903.5,4279.38
ITEM0004966,ORD003483,PROD0107,3,0.15,42774.99,36358.74,8371.77
ITEM0004967,ORD003476,PROD0044,1,0.1,21268.21,19141.39,3921.61
ITEM0004968,ORD003254,PROD0159,2,0.1,9713.48,8742.13,1394.23
ITEM0004969,ORD004729,PROD0165,2,0.1,29756.9,26781.21,4532.47
ITEM0004970,ORD003222,PROD0045,4,0,65364.48,65364.48,21433.4
ITEM0004971,ORD001136,PROD0047,1,0.1,26673.83,24006.45,6311.87
ITEM0004972,ORD001486,PROD0033,1,0.1,17395.33,15655.8,3785.85
ITEM0004973,ORD004523,PROD0109,1,0.25,11612.58,8709.43,1058.91
ITEM0004974,ORD003735,PROD0027,1,0.1,24200.54,21780.49,5878.34
ITEM0004975,ORD002193,PROD0133,2,0.05,25652.46,24369.84,8904.24
ITEM0004976,ORD004995,PROD0037,1,0.1,19432.4,17489.16,2649.48
ITEM0004977,ORD001414,PROD0050,4,0.25,10095.56,7571.67,493.15
ITEM0004978,ORD004896,PROD0129,1,0.25,18062.74,13547.06,-1645.05
ITEM0004979,ORD001550,PROD0075,2,0.05,23130.8,21974.26,8316.68
ITEM0004980,ORD003617,PROD0062,1,0.05,2328.45,2212.03,607.41
ITEM0004981,ORD002343,PROD0123,3,0.15,49818.78,42345.96,8787.33
ITEM0004982,ORD000786,PROD0017,1,0.05,15433.34,14661.67,2245.42
ITEM0004983,ORD001522,PROD0220,1,0,24256.9,24256.9,7042.09
ITEM0004984,ORD000928,PROD0212,2,0,14945.2,14945.2,2497.52
ITEM0004985,ORD000755,PROD0201,2,0,27263,27263,10170.34
ITEM0004986,ORD000214,PROD0112,1,0.1,9574.88,8617.39,1493.63
ITEM0004987,ORD004963,PROD0051,3,0,62482.02,62482.02,14415.75
ITEM0004988,ORD000797,PROD0204,3,0.2,33365.85,26692.68,7479.99
ITEM0004989,ORD002440,PROD0081,1,0.05,6304.12,5988.91,2345.07
ITEM0004990,ORD003279,PROD0076,1,0.05,1470.09,1396.59,239.42
ITEM0004991,ORD000067,PROD0219,1,0.05,27006.32,25656,8341.21
ITEM0004992,ORD001992,PROD0178,3,0.15,14811.69,12589.94,3044.87
ITEM0004993,ORD001433,PROD0209,2,0,13072.74,13072.74,3048.96
ITEM0004994,ORD001315,PROD0087,4,0.1,76980.12,69282.11,16643.63
ITEM0004995,ORD003696,PROD0084,2,0.1,14982.18,13483.96,4858.38
ITEM0004996,ORD002394,PROD0149,2,0.1,33611.06,30249.95,4649.29
ITEM0004997,ORD004677,PROD0196,3,0.1,17386.35,15647.71,3271.87
ITEM0004998,ORD000347,PROD0060,1,0.15,5374.61,4568.42,508.65
ITEM0004999,ORD000016,PROD0093,1,0.1,9683.07,8714.76,2943.41
ITEM0005000,ORD001032,PROD0095,2,0.05,7079.22,6725.26,1119.12
ITEM0005001,ORD000549,PROD0069,3,0.05,4352.7,4135.07,1482.44
ITEM0005002,ORD002512,PROD0095,1,0.2,3539.61,2831.69,28.62
ITEM0005003,ORD001581,PROD0202,1,0.1,18724.77,16852.29,5786.63
ITEM0005004,ORD004181,PROD0132,2,0.25,39502.2,29626.65,3515.83
ITEM0005005,ORD001888,PROD0112,1,0.05,9574.88,9096.14,1972.38
ITEM0005006,ORD002461,PROD0172,1,0.05,20101.86,19096.77,3860.64
ITEM0005007,ORD004748,PROD0130,3,0,25082.25,25082.25,7143.99
ITEM0005008,ORD003308,PROD0050,2,0.15,5047.78,4290.61,751.35
ITEM0005009,ORD003674,PROD0195,1,0,11548.65,11548.65,3325.9
ITEM0005010,ORD000223,PROD0097,3,0.15,30560.46,25976.39,6422.51
ITEM0005011,ORD002251,PROD0036,3,0.1,31352.52,28217.27,8573.9
ITEM0005012,ORD001203,PROD0158,2,0,1550.04,1550.04,584.34
ITEM0005013,ORD000626,PROD0023,2,0,29801.2,29801.2,9605.76
ITEM0005014,ORD003661,PROD0068,4,0.1,77596.08,69836.47,25345.75
ITEM0005015,ORD002796,PROD0013,1,0.1,19866.3,17879.67,4454.21
ITEM0005016,ORD004436,PROD0044,1,0.1,21268.21,19141.39,3921.61
ITEM0005017,ORD001697,PROD0129,1,0.15,18062.74,15353.33,161.22
ITEM0005018,ORD000774,PROD0036,4,0.05,41803.36,39713.19,13522.03
ITEM0005019,ORD001238,PROD0186,2,0.1,31922.96,28730.66,7685.72
ITEM0005020,ORD004813,PROD0194,3,0.1,78375.3,70537.77,24055.95
ITEM0005021,ORD000336,PROD0027,1,0,24200.54,24200.54,8298.39
ITEM0005022,ORD003011,PROD0160,1,0.05,6180.13,5871.12,905.16
ITEM0005023,ORD003489,PROD0021,1,0.25,20513.07,15384.8,869.79
ITEM0005024,ORD000499,PROD0186,2,0.05,31922.96,30326.81,9281.87
ITEM0005025,ORD000283,PROD0061,1,0.15,2327.69,1978.54,419.33
ITEM0005026,ORD000253,PROD0002,3,0.05,43928.1,41731.7,8282.57
ITEM0005027,ORD002213,PROD0108,2,0,19225.66,19225.66,4799.92
ITEM0005028,ORD001644,PROD0031,3,0.2,4441.77,3553.42,959.95
ITEM0005029,ORD001731,PROD0062,1,0.2,2328.45,1862.76,258.14
ITEM0005030,ORD004044,PROD0068,1,0,19399.02,19399.02,8276.34
ITEM0005031,ORD000883,PROD0031,3,0.05,4441.77,4219.68,1626.21
ITEM0005032,ORD004705,PROD0086,2,0.15,11172.4,9496.54,1251.66
ITEM0005033,ORD001066,PROD0148,1,0.1,14269.11,12842.2,2530.21
ITEM0005034,ORD004877,PROD0189,4,0.1,71181.36,64063.22,18927.86
ITEM0005035,ORD000387,PROD0155,3,0.05,13208.67,12548.24,1277.39
ITEM0005036,ORD002399,PROD0017,1,0.1,15433.34,13890.01,1473.76
ITEM0005037,ORD004662,PROD0033,1,0.15,17395.33,14786.03,2916.08
ITEM0005038,ORD003020,PROD0147,1,0.1,23011.13,20710.02,3254.55
ITEM0005039,ORD003260,PROD0007,3,0.25,29800.65,22350.49,4356.31
ITEM0005040,ORD000611,PROD0108,3,0,28838.49,28838.49,7199.88
ITEM0005041,ORD000673,PROD0088,3,0.15,33871.77,28791,6115.17
ITEM0005042,ORD001776,PROD0190,1,0.1,17149.88,15434.89,3483.11
ITEM0005043,ORD002392,PROD0054,2,0.05,28590.86,27161.32,5668.24
ITEM0005044,ORD001603,PROD0168,1,0.1,19458.66,17512.79,5166.94
ITEM0005045,ORD001701,PROD0033,1,0.15,17395.33,14786.03,2916.08
ITEM0005046,ORD003392,PROD0009,4,0.05,97006.28,92155.97,33255.45
ITEM0005047,ORD002743,PROD0052,3,0.25,46099.47,34574.6,3665.21
ITEM0005048,ORD000238,PROD0092,1,0.15,8564.31,7279.66,1510.13
ITEM0005049,ORD002818,PROD0111,2,0.2,9912.88,7930.3,1327.3
ITEM0005050,ORD004593,PROD0140,2,0.1,16164.78,14548.3,3626.12
ITEM0005051,ORD004420,PROD0005,3,0.05,5897.31,5602.44,513.45
ITEM0005052,ORD004882,PROD0127,1,0.1,27826.63,25043.97,7647.99
ITEM0005053,ORD004517,PROD0180,1,0.05,5579.14,5300.18,2063.14
ITEM0005054,ORD000797,PROD0175,1,0.15,13788.03,11719.83,1057.43
ITEM0005055,ORD001336,PROD0184,1,0.15,5590.8,4752.18,1165.83
ITEM0005056,ORD003691,PROD0194,2,0.2,52250.2,41800.16,10812.28
ITEM0005057,ORD002370,PROD0026,1,0.1,13275.14,11947.63,3730.53
ITEM0005058,ORD001679,PROD0095,1,0,3539.61,3539.61,736.54
ITEM0005059,ORD000013,PROD0061,1,0.15,2327.69,1978.54,419.33
ITEM0005060,ORD000603,PROD0178,1,0.15,4937.23,4196.65,1014.96
ITEM0005061,ORD004077,PROD0113,2,0.1,38279.24,34451.32,2660.78
ITEM0005062,ORD002952,PROD0040,1,0.1,14977.96,13480.16,3393.21
ITEM0005063,ORD002722,PROD0174,1,0.25,11980.65,8985.49,-1060.72
ITEM0005064,ORD004348,PROD0184,1,0.1,5590.8,5031.72,1445.37
ITEM0005065,ORD001550,PROD0156,1,0.1,262.65,236.38,82.73
ITEM0005066,ORD000268,PROD0203,1,0.1,13915.4,12523.86,4307.56
ITEM0005067,ORD004809,PROD0037,1,0.2,19432.4,15545.92,706.24
ITEM0005068,ORD004423,PROD0213,2,0.1,37933.98,34140.58,7001.62
ITEM0005069,ORD001638,PROD0156,2,0.2,525.3,420.24,112.94
ITEM0005070,ORD000370,PROD0050,1,0.05,2523.89,2397.7,628.07
ITEM0005071,ORD003863,PROD0053,2,0,35829.02,35829.02,7251.34
ITEM0005072,ORD003017,PROD0142,2,0.1,11739.4,10565.46,3451.94
ITEM0005073,ORD002506,PROD0133,1,0.1,12826.23,11543.61,3810.81
ITEM0005074,ORD003744,PROD0065,2,0.2,13661.72,10929.38,1226.72
ITEM0005075,ORD000637,PROD0206,1,0.25,1692.87,1269.65,89.04
ITEM0005076,ORD004854,PROD0090,2,0,41497.72,41497.72,10422.58
ITEM0005077,ORD002243,PROD0004,1,0.15,6291.1,5347.44,211.95
ITEM0005078,ORD004535,PROD0026,1,0.15,13275.14,11283.87,3066.77
ITEM0005079,ORD003165,PROD0020,1,0,11822.05,11822.05,2999.91
ITEM0005080,ORD000305,PROD0071,1,0.05,29147.69,27690.31,10605.29
ITEM0005081,ORD000895,PROD0186,3,0.2,47884.44,38307.55,6740.14
ITEM0005082,ORD001108,PROD0175,1,0.05,13788.03,13098.63,2436.23
ITEM0005083,ORD000849,PROD0003,3,0.1,1513.32,1361.99,79.28
ITEM0005084,ORD002666,PROD0043,1,0.2,14567.24,11653.79,2006.29
ITEM0005085,ORD004688,PROD0099,1,0.15,3220.88,2737.75,193.52
ITEM0005086,ORD003534,PROD0021,1,0,20513.07,20513.07,5998.06
ITEM0005087,ORD001273,PROD0170,4,0.15,22891.52,19457.79,5995.03
ITEM0005088,ORD004621,PROD0139,1,0,18079.77,18079.77,6519.89
ITEM0005089,ORD000480,PROD0157,1,0,10189.54,10189.54,4136.99
ITEM0005090,ORD002731,PROD0038,2,0,3778.74,3778.74,825.54
ITEM0005091,ORD003534,PROD0029,1,0.2,13719.5,10975.6,1504.27
ITEM0005092,ORD002523,PROD0132,4,0,79004.4,79004.4,26782.76
ITEM0005093,ORD000310,PROD0154,1,0.05,4430.06,4208.56,1560.71
ITEM0005094,ORD001111,PROD0174,1,0,11980.65,11980.65,1934.44
ITEM0005095,ORD001012,PROD0100,3,0.1,65874.3,59286.87,7964.22
ITEM0005096,ORD004617,PROD0077,1,0.2,14444.47,11555.58,3143.48
ITEM0005097,ORD000495,PROD0001,1,0,4107.99,4107.99,659.02
ITEM0005098,ORD001697,PROD0057,4,0,69977,69977,24219.96
ITEM0005099,ORD003439,PROD0117,2,0.05,7384.12,7014.91,1044.39
ITEM0005100,ORD003021,PROD0161,5,0.1,25720.35,23148.31,4238.96
ITEM0005101,ORD002014,PROD0048,1,0.15,7008.44,5957.17,495.19
ITEM0005102,ORD001575,PROD0100,1,0,21958.1,21958.1,4850.55
ITEM0005103,ORD001974,PROD0079,1,0.2,8940.37,7152.3,1830.78
ITEM0005104,ORD001436,PROD0206,1,0.15,1692.87,1438.94,258.33
ITEM0005105,ORD002162,PROD0170,2,0,11445.76,11445.76,4714.38
ITEM0005106,ORD001637,PROD0132,2,0.15,39502.2,33576.87,7466.05
ITEM0005107,ORD004681,PROD0200,2,0.05,20136.52,19129.69,2306.37
ITEM0005108,ORD003009,PROD0002,2,0.2,29285.4,23428.32,1128.9
ITEM0005109,ORD002215,PROD0042,2,0,42270.9,42270.9,13709.08
ITEM0005110,ORD004452,PROD0060,1,0.05,5374.61,5105.88,1046.11
ITEM0005111,ORD003651,PROD0126,1,0,18387.7,18387.7,6263.84
ITEM0005112,ORD004112,PROD0126,1,0.05,18387.7,17468.31,5344.45
ITEM0005113,ORD001002,PROD0013,3,0.05,59598.9,56618.95,16342.57
ITEM0005114,ORD000652,PROD0090,2,0.2,41497.72,33198.18,2123.04
ITEM0005115,ORD004691,PROD0131,2,0.15,6474.24,5503.1,1425.7
ITEM0005116,ORD000689,PROD0096,1,0,16589.06,16589.06,5656.63
ITEM0005117,ORD002556,PROD0152,1,0.25,14904.94,11178.7,2031.28
ITEM0005118,ORD003016,PROD0043,2,0.05,29134.48,27677.76,8382.76
ITEM0005119,ORD002601,PROD0036,1,0.1,10450.84,9405.76,2857.97
ITEM0005120,ORD001051,PROD0142,1,0.05,5869.7,5576.21,2019.45
ITEM0005121,ORD004297,PROD0123,4,0.1,66425.04,59782.54,15037.7
ITEM0005122,ORD004641,PROD0137,1,0,16943.68,16943.68,3648.25
ITEM0005123,ORD001270,PROD0159,1,0.2,4856.74,3885.39,211.44
ITEM0005124,ORD001412,PROD0099,1,0,3220.88,3220.88,676.65
ITEM0005125,ORD001999,PROD0185,1,0,28315.81,28315.81,11776.26
ITEM0005126,ORD002750,PROD0216,1,0.15,9615.86,8173.48,947.97
ITEM0005127,ORD002001,PROD0028,1,0.2,6922.32,5537.86,-288.98
ITEM0005128,ORD003111,PROD0036,2,0.05,20901.68,19856.6,6761.02
ITEM0005129,ORD001792,PROD0016,3,0.05,27885,26490.75,4972.11
ITEM0005130,ORD000536,PROD0057,1,0,17494.25,17494.25,6054.99
ITEM0005131,ORD001728,PROD0017,1,0.05,15433.34,14661.67,2245.42
ITEM0005132,ORD002519,PROD0048,1,0.05,7008.44,6658.02,1196.04
ITEM0005133,ORD003917,PROD0129,2,0.1,36125.48,32512.93,2128.71
ITEM0005134,ORD003042,PROD0086,2,0.1,11172.4,10055.16,1810.28
ITEM0005135,ORD001091,PROD0123,4,0,66425.04,66425.04,21680.2
ITEM0005136,ORD001040,PROD0110,1,0.05,12896.87,12252.03,3864.7
ITEM0005137,ORD003821,PROD0103,2,0.1,42382.24,38144.02,10164.48
ITEM0005138,ORD004782,PROD0189,4,0.2,71181.36,56945.09,11809.73
ITEM0005139,ORD001506,PROD0090,1,0.1,20748.86,18673.97,3136.4
ITEM0005140,ORD002505,PROD0020,1,0.05,11822.05,11230.95,2408.81
ITEM0005141,ORD003669,PROD0177,1,0.05,19947.36,18949.99,4815.08
ITEM0005142,ORD003116,PROD0116,1,0.1,9463.74,8517.37,1651.45
ITEM0005143,ORD003301,PROD0049,1,0.1,24110.14,21699.13,5148.64
ITEM0005144,ORD000216,PROD0011,1,0.2,13446.1,10756.88,2418.72
ITEM0005145,ORD002316,PROD0128,1,0.1,18612.47,16751.22,2899.49
ITEM0005146,ORD002918,PROD0163,1,0,1154.57,1154.57,165.56
ITEM0005147,ORD000542,PROD0037,3,0.15,58297.2,49552.62,5033.58
ITEM0005148,ORD003962,PROD0209,3,0,19609.11,19609.11,4573.44
ITEM0005149,ORD002310,PROD0037,1,0.1,19432.4,17489.16,2649.48
ITEM0005150,ORD004669,PROD0186,1,0.1,15961.48,14365.33,3842.86
ITEM0005151,ORD001133,PROD0054,2,0,28590.86,28590.86,7097.78
ITEM0005152,ORD002495,PROD0060,1,0.1,5374.61,4837.15,777.38
ITEM0005153,ORD000610,PROD0111,5,0.15,24782.2,21064.87,4557.37
ITEM0005154,ORD003864,PROD0079,2,0.2,17880.74,14304.59,3661.55
ITEM0005155,ORD003386,PROD0150,1,0.1,14070,12663,4484.84
ITEM0005156,ORD000918,PROD0155,5,0.15,22014.45,18712.28,-72.47
ITEM0005157,ORD004752,PROD0085,3,0.15,79963.89,67969.31,20491.61
ITEM0005158,ORD000965,PROD0095,1,0.2,3539.61,2831.69,28.62
ITEM0005159,ORD001052,PROD0062,2,0.2,4656.9,3725.52,516.28
ITEM0005160,ORD004053,PROD0031,1,0.05,1480.59,1406.56,542.07
ITEM0005161,ORD004226,PROD0103,1,0.1,21191.12,19072.01,5082.24
ITEM0005162,ORD001067,PROD0054,1,0,14295.43,14295.43,3548.89
ITEM0005163,ORD002477,PROD0087,2,0.1,38490.06,34641.05,8321.81
ITEM0005164,ORD002340,PROD0183,1,0.1,16951.92,15256.73,3333.74
ITEM0005165,ORD001692,PROD0115,1,0.05,2532.67,2406.04,797.35
ITEM0005166,ORD004518,PROD0128,1,0,18612.47,18612.47,4760.74
ITEM0005167,ORD000189,PROD0092,2,0.1,17128.62,15415.76,3876.7
ITEM0005168,ORD000537,PROD0018,3,0.15,42342.9,35991.46,8875.81
ITEM0005169,ORD004078,PROD0136,1,0.05,20289.27,19274.81,1646.51
ITEM0005170,ORD000403,PROD0016,1,0.1,9295,8365.5,1192.62
ITEM0005171,ORD002134,PROD0199,1,0.05,18096.68,17191.85,6713.43
ITEM0005172,ORD002263,PROD0079,4,0.1,35761.48,32185.33,10899.25
ITEM0005173,ORD001679,PROD0104,1,0.2,12239.72,9791.78,2648.6
ITEM0005174,ORD002348,PROD0080,2,0.05,46904.84,44559.6,12004.82
ITEM0005175,ORD003757,PROD0030,1,0.1,8993.94,8094.55,2233.56
ITEM0005176,ORD003336,PROD0018,2,0.15,28228.6,23994.31,5917.21
ITEM0005177,ORD003609,PROD0166,1,0.15,28105.81,23889.94,6361.56
ITEM0005178,ORD003799,PROD0074,2,0.1,30215.92,27194.33,7365.33
ITEM0005179,ORD004243,PROD0190,1,0.15,17149.88,14577.4,2625.62
ITEM0005180,ORD003792,PROD0061,2,0.05,4655.38,4422.61,1304.19
ITEM0005181,ORD000839,PROD0164,1,0.15,8356.56,7103.08,148.97
ITEM0005182,ORD004260,PROD0027,1,0.1,24200.54,21780.49,5878.34
ITEM0005183,ORD002334,PROD0031,3,0.15,4441.77,3775.5,1182.03
ITEM0005184,ORD002272,PROD0161,2,0.1,10288.14,9259.33,1695.59
ITEM0005185,ORD002815,PROD0170,1,0.1,5722.88,5150.59,1784.9
ITEM0005186,ORD000245,PROD0186,1,0.15,15961.48,13567.26,3044.79
ITEM0005187,ORD000500,PROD0122,3,0.1,6808.59,6127.73,1618.91
ITEM0005188,ORD002530,PROD0162,2,0.05,25976.26,24677.45,3942.31
ITEM0005189,ORD001725,PROD0007,5,0,49667.75,49667.75,19677.45
ITEM0005190,ORD001605,PROD0027,2,0.05,48401.08,45981.03,14176.73
ITEM0005191,ORD001240,PROD0121,1,0.05,6528.58,6202.15,1859.37
ITEM0005192,ORD001437,PROD0028,2,0.1,13844.64,12460.18,806.5
ITEM0005193,ORD004541,PROD0092,1,0.1,8564.31,7707.88,1938.35
ITEM0005194,ORD002117,PROD0014,1,0.05,6126.24,5819.93,2178.8
ITEM0005195,ORD001332,PROD0084,3,0,22473.27,22473.27,9534.9
ITEM0005196,ORD003844,PROD0074,2,0.05,30215.92,28705.12,8876.12
ITEM0005197,ORD002628,PROD0040,4,0.1,59911.84,53920.66,13572.86
ITEM0005198,ORD001276,PROD0195,3,0.05,34645.95,32913.65,8245.4
ITEM0005199,ORD003587,PROD0079,1,0.15,8940.37,7599.31,2277.79
ITEM0005200,ORD001261,PROD0007,1,0,9933.55,9933.55,3935.49
ITEM0005201,ORD000597,PROD0001,1,0.2,4107.99,3286.39,-162.58
ITEM0005202,ORD003325,PROD0011,1,0.05,13446.1,12773.8,4435.64
ITEM0005203,ORD001282,PROD0183,1,0.15,16951.92,14409.13,2486.14
ITEM0005204,ORD000876,PROD0186,1,0.1,15961.48,14365.33,3842.86
ITEM0005205,ORD000386,PROD0160,1,0.2,6180.13,4944.1,-21.86
ITEM0005206,ORD003598,PROD0044,1,0,21268.21,21268.21,6048.43
ITEM0005207,ORD001955,PROD0042,4,0.15,84541.8,71860.53,14736.89
ITEM0005208,ORD002806,PROD0100,2,0.25,43916.2,32937.15,-1277.95
ITEM0005209,ORD001599,PROD0203,1,0.05,13915.4,13219.63,5003.33
ITEM0005210,ORD000009,PROD0109,2,0,23225.16,23225.16,7924.12
ITEM0005211,ORD004656,PROD0100,3,0,65874.3,65874.3,14551.65
ITEM0005212,ORD002751,PROD0139,1,0.05,18079.77,17175.78,5615.9
ITEM0005213,ORD002878,PROD0033,1,0.05,17395.33,16525.56,4655.61
ITEM0005214,ORD002166,PROD0019,1,0.15,1769.05,1503.69,352.52
ITEM0005215,ORD000273,PROD0204,3,0,33365.85,33365.85,14153.16
ITEM0005216,ORD004406,PROD0146,1,0.1,5951.75,5356.57,1544.51
ITEM0005217,ORD000280,PROD0077,1,0.15,14444.47,12277.8,3865.7
ITEM0005218,ORD001178,PROD0063,4,0,44147,44147,9354.48
ITEM0005219,ORD002971,PROD0031,2,0.15,2961.18,2517,788.02
ITEM0005220,ORD002581,PROD0032,2,0.1,5055.9,4550.31,553.45
ITEM0005221,ORD001465,PROD0148,1,0.05,14269.11,13555.65,3243.66
ITEM0005222,ORD003526,PROD0091,1,0.2,13201.67,10561.34,2774.59
ITEM0005223,ORD001736,PROD0070,3,0,68087.73,68087.73,27111.96
ITEM0005224,ORD004058,PROD0212,1,0.05,7472.6,7098.97,875.13
ITEM0005225,ORD000645,PROD0203,2,0.2,27830.8,22264.64,5832.04
ITEM0005226,ORD003748,PROD0044,1,0.1,21268.21,19141.39,3921.61
ITEM0005227,ORD002080,PROD0159,4,0.1,19426.96,17484.26,2788.46
ITEM0005228,ORD002724,PROD0130,2,0.15,16721.5,14213.27,2254.43
ITEM0005229,ORD003987,PROD0076,1,0.15,1470.09,1249.58,92.41
ITEM0005230,ORD000271,PROD0022,1,0.05,7998.44,7598.52,1100.16
ITEM0005231,ORD003860,PROD0171,3,0.1,31452.9,28307.61,1859.25
ITEM0005232,ORD001749,PROD0129,2,0.1,36125.48,32512.93,2128.71
ITEM0005233,ORD000968,PROD0027,1,0.05,24200.54,22990.51,7088.36
ITEM0005234,ORD002868,PROD0045,2,0.1,32682.24,29414.02,7448.48
ITEM0005235,ORD001703,PROD0136,1,0.2,20289.27,16231.42,-1396.88
ITEM0005236,ORD001347,PROD0038,1,0.1,1889.37,1700.43,223.83
ITEM0005237,ORD000363,PROD0070,1,0.1,22695.91,20426.32,6767.73
ITEM0005238,ORD000246,PROD0102,2,0.1,41439.32,37295.39,12482.39
ITEM0005239,ORD002163,PROD0072,2,0.1,20346.44,18311.8,5848.96
ITEM0005240,ORD004497,PROD0065,1,0.05,6830.86,6489.32,1637.99
ITEM0005241,ORD000899,PROD0183,1,0,16951.92,16951.92,5028.93
ITEM0005242,ORD003002,PROD0084,2,0,14982.18,14982.18,6356.6
ITEM0005243,ORD004797,PROD0064,1,0.1,17720.44,15948.4,5812.28
ITEM0005244,ORD003841,PROD0015,1,0.2,6077.14,4861.71,553.2
ITEM0005245,ORD002440,PROD0172,1,0.15,20101.86,17086.58,1850.45
ITEM0005246,ORD000286,PROD0080,1,0.05,23452.42,22279.8,6002.41
ITEM0005247,ORD000414,PROD0039,4,0.15,48562.44,41278.07,2848.59
ITEM0005248,ORD003005,PROD0068,1,0.1,19399.02,17459.12,6336.44
ITEM0005249,ORD000365,PROD0194,2,0.05,52250.2,49637.69,18649.81
ITEM0005250,ORD003809,PROD0009,1,0.1,24251.57,21826.41,7101.28
ITEM0005251,ORD003756,PROD0009,1,0.05,24251.57,23038.99,8313.86
ITEM0005252,ORD003388,PROD0200,3,0,30204.78,30204.78,4969.8
ITEM0005253,ORD003696,PROD0210,1,0.15,26114.8,22197.58,5808.02
ITEM0005254,ORD003253,PROD0171,1,0.05,10484.3,9960.08,1143.96
ITEM0005255,ORD003255,PROD0003,1,0.15,504.44,428.77,1.2
ITEM0005256,ORD002927,PROD0023,1,0.1,14900.6,13410.54,3312.82
ITEM0005257,ORD003315,PROD0082,2,0.15,2699.36,2294.46,709.74
ITEM0005258,ORD001442,PROD0048,2,0.1,14016.88,12615.19,1691.23
ITEM0005259,ORD000584,PROD0195,1,0.15,11548.65,9816.35,1593.6
ITEM0005260,ORD004168,PROD0087,1,0.05,19245.03,18282.78,5123.16
ITEM0005261,ORD001404,PROD0175,1,0.15,13788.03,11719.83,1057.43
ITEM0005262,ORD004766,PROD0020,1,0.05,11822.05,11230.95,2408.81
ITEM0005263,ORD001144,PROD0196,1,0.2,5795.45,4636.36,511.08
ITEM0005264,ORD004972,PROD0037,4,0.05,77729.6,73843.12,14484.4
ITEM0005265,ORD002108,PROD0019,2,0.05,3538.1,3361.19,1058.85
ITEM0005266,ORD003920,PROD0100,1,0.1,21958.1,19762.29,2654.74
ITEM0005267,ORD003970,PROD0042,1,0.05,21135.45,20078.68,5797.77
ITEM0005268,ORD002983,PROD0216,2,0.15,19231.72,16346.96,1895.94
ITEM0005269,ORD001930,PROD0112,1,0.1,9574.88,8617.39,1493.63
ITEM0005270,ORD004585,PROD0056,1,0.1,12603.87,11343.48,3799.41
ITEM0005271,ORD000391,PROD0132,1,0.15,19751.1,16788.43,3733.02
ITEM0005272,ORD001594,PROD0121,1,0.05,6528.58,6202.15,1859.37
ITEM0005273,ORD000921,PROD0091,3,0.1,39605.01,35644.51,12284.26
ITEM0005274,ORD003188,PROD0107,2,0.05,28516.66,27090.83,8432.85
ITEM0005275,ORD004241,PROD0007,2,0,19867.1,19867.1,7870.98
ITEM0005276,ORD004824,PROD0095,1,0.05,3539.61,3362.63,559.56
ITEM0005277,ORD000207,PROD0013,1,0,19866.3,19866.3,6440.84
ITEM0005278,ORD002987,PROD0004,2,0.1,12582.2,11323.98,1053
ITEM0005279,ORD000130,PROD0072,1,0,10173.22,10173.22,3941.8
ITEM0005280,ORD001273,PROD0144,1,0.2,23651.6,18921.28,2855.59
ITEM0005281,ORD003708,PROD0206,1,0,1692.87,1692.87,512.26
ITEM0005282,ORD000914,PROD0056,3,0.05,37811.61,35921.03,13288.82
ITEM0005283,ORD001447,PROD0128,3,0.05,55837.41,53045.54,11490.35
ITEM0005284,ORD001438,PROD0162,1,0.1,12988.13,11689.32,1321.75
ITEM0005285,ORD004124,PROD0160,1,0.1,6180.13,5562.12,596.16
ITEM0005286,ORD002131,PROD0041,1,0.1,19120.67,17208.6,5041.69
ITEM0005287,ORD001032,PROD0157,1,0.15,10189.54,8661.11,2608.56
ITEM0005288,ORD002020,PROD0102,2,0.15,41439.32,35223.42,10410.42
ITEM0005289,ORD004185,PROD0055,1,0.05,1759.13,1671.17,184.86
ITEM0005290,ORD003862,PROD0045,2,0.1,32682.24,29414.02,7448.48
ITEM0005291,ORD002832,PROD0157,1,0.1,10189.54,9170.59,3118.04
ITEM0005292,ORD003412,PROD0020,2,0,23644.1,23644.1,5999.82
ITEM0005293,ORD004147,PROD0210,2,0.1,52229.6,47006.64,14227.52
ITEM0005294,ORD004599,PROD0186,1,0,15961.48,15961.48,5439.01
ITEM0005295,ORD001703,PROD0060,1,0,5374.61,5374.61,1314.84
ITEM0005296,ORD001201,PROD0069,2,0.05,2901.8,2756.71,988.29
ITEM0005297,ORD001041,PROD0048,1,0.1,7008.44,6307.6,845.62
ITEM0005298,ORD001115,PROD0100,1,0.15,21958.1,18664.38,1556.83
ITEM0005299,ORD003968,PROD0046,1,0,9283.94,9283.94,2752.59
ITEM0005300,ORD002584,PROD0090,1,0.05,20748.86,19711.42,4173.85
ITEM0005301,ORD000790,PROD0101,2,0.1,4317.38,3885.64,1355.32
ITEM0005302,ORD001523,PROD0146,4,0.1,23807,21426.3,6178.06
ITEM0005303,ORD002962,PROD0025,1,0.1,1633.66,1470.29,156.02
ITEM0005304,ORD002771,PROD0209,2,0.15,13072.74,11111.83,1088.05
ITEM0005305,ORD000562,PROD0109,1,0.05,11612.58,11031.95,3381.43
ITEM0005306,ORD002427,PROD0214,2,0.05,32734.44,31097.72,4917.92
ITEM0005307,ORD000871,PROD0058,1,0.1,8639.1,7775.19,1973.04
ITEM0005308,ORD000039,PROD0189,4,0.15,71181.36,60504.16,15368.8
ITEM0005309,ORD002652,PROD0217,1,0.1,10834.24,9750.82,2864.79
ITEM0005310,ORD003237,PROD0191,1,0.2,18802.59,15042.07,-90.06
ITEM0005311,ORD000539,PROD0175,1,0,13788.03,13788.03,3125.63
ITEM0005312,ORD001103,PROD0169,1,0,4480.93,4480.93,1825.44
ITEM0005313,ORD004697,PROD0031,2,0,2961.18,2961.18,1232.2
ITEM0005314,ORD002156,PROD0103,1,0.05,21191.12,20131.56,6141.79
ITEM0005315,ORD000445,PROD0199,1,0.05,18096.68,17191.85,6713.43
ITEM0005316,ORD004754,PROD0178,2,0.1,9874.46,8887.01,2523.63
ITEM0005317,ORD000519,PROD0097,1,0.15,10186.82,8658.8,2140.84
ITEM0005318,ORD003445,PROD0167,3,0.05,74775.75,71036.96,27098.09
ITEM0005319,ORD004756,PROD0020,4,0.1,47288.2,42559.38,7270.82
ITEM0005320,ORD003379,PROD0150,1,0,14070,14070,5891.84
ITEM0005321,ORD001506,PROD0036,1,0.05,10450.84,9928.3,3380.51
ITEM0005322,ORD002510,PROD0147,2,0.15,46022.26,39118.92,4207.98
ITEM0005323,ORD002847,PROD0176,1,0.05,9424.1,8952.9,1994.91
ITEM0005324,ORD003689,PROD0171,1,0.05,10484.3,9960.08,1143.96
ITEM0005325,ORD002064,PROD0040,1,0,14977.96,14977.96,4891.01
ITEM0005326,ORD003426,PROD0040,1,0,14977.96,14977.96,4891.01
ITEM0005327,ORD003834,PROD0121,2,0.15,13057.16,11098.59,2413.03
ITEM0005328,ORD002240,PROD0038,1,0,1889.37,1889.37,412.77
ITEM0005329,ORD001524,PROD0175,1,0.2,13788.03,11030.42,368.02
ITEM0005330,ORD000883,PROD0208,2,0.1,30361.58,27325.42,9044.86
ITEM0005331,ORD003929,PROD0050,4,0,10095.56,10095.56,3017.04
ITEM0005332,ORD004722,PROD0008,3,0.05,50026.26,47524.95,5585.85
ITEM0005333,ORD001672,PROD0027,1,0,24200.54,24200.54,8298.39
ITEM0005334,ORD001448,PROD0152,4,0.1,59619.76,53657.78,17068.1
ITEM0005335,ORD004584,PROD0084,1,0.15,7491.09,6367.43,2054.64
ITEM0005336,ORD001927,PROD0044,1,0,21268.21,21268.21,6048.43
ITEM0005337,ORD002573,PROD0054,2,0.05,28590.86,27161.32,5668.24
ITEM0005338,ORD001783,PROD0082,2,0.15,2699.36,2294.46,709.74
ITEM0005339,ORD002415,PROD0058,1,0.1,8639.1,7775.19,1973.04
ITEM0005340,ORD000638,PROD0155,2,0.1,8805.78,7925.2,411.3
ITEM0005341,ORD000529,PROD0098,1,0.15,17646.13,14999.21,2159.83
ITEM0005342,ORD002853,PROD0067,1,0,9651.29,9651.29,3397.4
ITEM0005343,ORD002937,PROD0067,3,0.05,28953.87,27506.18,8744.51
ITEM0005344,ORD004145,PROD0043,1,0,14567.24,14567.24,4919.74
ITEM0005345,ORD003361,PROD0140,2,0,16164.78,16164.78,5242.6
ITEM0005346,ORD001206,PROD0009,1,0.1,24251.57,21826.41,7101.28
ITEM0005347,ORD004667,PROD0166,2,0.15,56211.62,47779.88,12723.12
ITEM0005348,ORD002794,PROD0198,2,0,1594.06,1594.06,234.78
ITEM0005349,ORD004197,PROD0078,1,0,20305.82,20305.82,8345.19
ITEM0005350,ORD004561,PROD0107,2,0.1,28516.66,25664.99,7007.01
ITEM0005351,ORD000820,PROD0194,2,0.1,52250.2,47025.18,16037.3
ITEM0005352,ORD000699,PROD0110,2,0.05,25793.74,24504.05,7729.39
ITEM0005353,ORD002404,PROD0153,2,0,17784.68,17784.68,5434.92
ITEM0005354,ORD002478,PROD0083,1,0.1,15580.33,14022.3,602.82
ITEM0005355,ORD000818,PROD0052,1,0.1,15366.49,13829.84,3526.71
ITEM0005356,ORD003553,PROD0029,2,0.1,27439,24695.1,5752.44
ITEM0005357,ORD002383,PROD0218,1,0.1,499.26,449.33,156.74
ITEM0005358,ORD003518,PROD0212,1,0.05,7472.6,7098.97,875.13
ITEM0005359,ORD001856,PROD0116,2,0.1,18927.48,17034.73,3302.89
ITEM0005360,ORD001941,PROD0098,1,0,17646.13,17646.13,4806.75
ITEM0005361,ORD002128,PROD0124,1,0.1,4219.98,3797.98,1061.23
ITEM0005362,ORD003071,PROD0062,3,0,6985.35,6985.35,2171.49
ITEM0005363,ORD003715,PROD0203,2,0.15,27830.8,23656.18,7223.58
ITEM0005364,ORD002479,PROD0220,1,0.1,24256.9,21831.21,4616.4
ITEM0005365,ORD003696,PROD0036,5,0.1,52254.2,47028.78,14289.83
ITEM0005366,ORD001154,PROD0219,1,0,27006.32,27006.32,9691.53
ITEM0005367,ORD003523,PROD0044,2,0,42536.42,42536.42,12096.86
ITEM0005368,ORD000867,PROD0166,1,0.1,28105.81,25295.23,7766.85
ITEM0005369,ORD003705,PROD0081,2,0.2,12608.24,10086.59,2798.91
ITEM0005370,ORD003155,PROD0177,1,0.2,19947.36,15957.89,1822.98
ITEM0005371,ORD000117,PROD0200,3,0.1,30204.78,27184.3,1949.32
ITEM0005372,ORD001179,PROD0164,1,0.05,8356.56,7938.73,984.62
ITEM0005373,ORD000989,PROD0116,4,0.05,37854.96,35962.21,8498.53
ITEM0005374,ORD000010,PROD0067,1,0,9651.29,9651.29,3397.4
ITEM0005375,ORD000920,PROD0076,2,0.1,2940.18,2646.16,331.82
ITEM0005376,ORD002228,PROD0013,1,0.15,19866.3,16886.35,3460.89
ITEM0005377,ORD001030,PROD0217,1,0.05,10834.24,10292.53,3406.5
ITEM0005378,ORD002832,PROD0113,1,0.1,19139.62,17225.66,1330.39
ITEM0005379,ORD000471,PROD0149,1,0.05,16805.53,15965.25,3164.92
ITEM0005380,ORD002915,PROD0169,2,0.1,8961.86,8065.67,2754.69
ITEM0005381,ORD003214,PROD0051,1,0.15,20827.34,17703.24,1681.15
ITEM0005382,ORD001787,PROD0131,1,0.05,3237.12,3075.26,1036.56
ITEM0005383,ORD004155,PROD0194,2,0.05,52250.2,49637.69,18649.81
ITEM0005384,ORD001722,PROD0039,2,0.25,24281.22,18210.92,-1003.82
ITEM0005385,ORD003983,PROD0132,1,0.15,19751.1,16788.43,3733.02
ITEM0005386,ORD002529,PROD0052,4,0.1,61465.96,55319.36,14106.84
ITEM0005387,ORD002989,PROD0159,2,0.15,9713.48,8256.46,908.56
ITEM0005388,ORD003795,PROD0199,1,0.05,18096.68,17191.85,6713.43
ITEM0005389,ORD002966,PROD0132,4,0.15,79004.4,67153.74,14932.1
ITEM0005390,ORD004716,PROD0038,1,0.15,1889.37,1605.96,129.36
ITEM0005391,ORD002210,PROD0059,1,0.1,4391.03,3951.93,1126.63
ITEM0005392,ORD003449,PROD0104,1,0.1,12239.72,11015.75,3872.57
ITEM0005393,ORD000630,PROD0119,3,0.2,8061.51,6449.21,-110.5
ITEM0005394,ORD003582,PROD0095,3,0.2,10618.83,8495.06,85.85
ITEM0005395,ORD002806,PROD0153,2,0.05,17784.68,16895.45,4545.69
ITEM0005396,ORD001600,PROD0156,1,0.05,262.65,249.52,95.87
ITEM0005397,ORD000391,PROD0109,2,0.1,23225.16,20902.64,5601.6
ITEM0005398,ORD002760,PROD0129,2,0,36125.48,36125.48,5741.26
ITEM0005399,ORD002160,PROD0138,1,0.15,1217.31,1034.71,139.49
ITEM0005400,ORD000501,PROD0156,2,0.1,525.3,472.77,165.47
ITEM0005401,ORD001233,PROD0134,1,0.1,25350.66,22815.59,6121.86
ITEM0005402,ORD002267,PROD0032,1,0.05,2527.95,2401.55,403.12
ITEM0005403,ORD002452,PROD0057,1,0.2,17494.25,13995.4,2556.14
ITEM0005404,ORD000973,PROD0068,1,0,19399.02,19399.02,8276.34
ITEM0005405,ORD002068,PROD0080,2,0.25,46904.84,35178.63,2623.85
ITEM0005406,ORD000272,PROD0149,1,0.15,16805.53,14284.7,1484.37
ITEM0005407,ORD001205,PROD0080,3,0.1,70357.26,63321.53,14489.36
ITEM0005408,ORD002956,PROD0127,1,0.05,27826.63,26435.3,9039.32
ITEM0005409,ORD003032,PROD0041,2,0.1,38241.34,34417.21,10083.39
ITEM0005410,ORD003812,PROD0203,1,0.05,13915.4,13219.63,5003.33
ITEM0005411,ORD003784,PROD0111,1,0.15,4956.44,4212.97,911.47
ITEM0005412,ORD001897,PROD0013,4,0.15,79465.2,67545.42,13843.58
ITEM0005413,ORD003618,PROD0147,3,0.1,69033.39,62130.05,9763.64
ITEM0005414,ORD000631,PROD0171,2,0.1,20968.6,18871.74,1239.5
ITEM0005415,ORD003238,PROD0181,2,0.15,18281.5,15539.27,3644.95
ITEM0005416,ORD000807,PROD0160,3,0,18540.39,18540.39,3642.51
ITEM0005417,ORD001390,PROD0212,2,0.05,14945.2,14197.94,1750.26
ITEM0005418,ORD003344,PROD0027,1,0,24200.54,24200.54,8298.39
ITEM0005419,ORD000970,PROD0183,2,0.1,33903.84,30513.46,6667.48
ITEM0005420,ORD004206,PROD0040,2,0,29955.92,29955.92,9782.02
ITEM0005421,ORD004814,PROD0037,3,0,58297.2,58297.2,13778.16
ITEM0005422,ORD001726,PROD0159,1,0,4856.74,4856.74,1182.79
ITEM0005423,ORD002916,PROD0012,1,0.15,12178.75,10351.94,3298.86
ITEM0005424,ORD002490,PROD0113,1,0.1,19139.62,17225.66,1330.39
ITEM0005425,ORD003652,PROD0046,2,0,18567.88,18567.88,5505.18
ITEM0005426,ORD002847,PROD0095,1,0.05,3539.61,3362.63,559.56
ITEM0005427,ORD004129,PROD0049,2,0,48220.28,48220.28,15119.3
ITEM0005428,ORD004052,PROD0089,1,0.15,9991.19,8492.51,363.4
ITEM0005429,ORD002567,PROD0097,4,0.05,40747.28,38709.92,12638.08
ITEM0005430,ORD001118,PROD0212,1,0.05,7472.6,7098.97,875.13
ITEM0005431,ORD002013,PROD0199,3,0.1,54290.04,48861.04,17425.78
ITEM0005432,ORD004457,PROD0079,3,0.15,26821.11,22797.94,6833.38
ITEM0005433,ORD002807,PROD0017,2,0,30866.68,30866.68,6034.18
ITEM0005434,ORD002384,PROD0144,1,0,23651.6,23651.6,7585.91
ITEM0005435,ORD001130,PROD0076,1,0,1470.09,1470.09,312.92
ITEM0005436,ORD003459,PROD0204,1,0.1,11121.95,10009.76,3605.53
ITEM0005437,ORD002087,PROD0170,3,0.05,17168.64,16310.21,6213.14
ITEM0005438,ORD004765,PROD0011,1,0.1,13446.1,12101.49,3763.33
ITEM0005439,ORD004637,PROD0063,3,0.05,33110.25,31454.74,5360.35
ITEM0005440,ORD000973,PROD0125,2,0.15,14463.96,12294.37,267.35
ITEM0005441,ORD001593,PROD0053,1,0.1,17914.51,16123.06,1834.22
ITEM0005442,ORD001915,PROD0193,2,0,41188.72,41188.72,17448.62
ITEM0005443,ORD003719,PROD0029,2,0.15,27439,23323.15,4380.49
ITEM0005444,ORD000819,PROD0161,3,0,15432.21,15432.21,4086.6
ITEM0005445,ORD003137,PROD0172,1,0.1,20101.86,18091.67,2855.54
ITEM0005446,ORD001543,PROD0146,1,0.05,5951.75,5654.16,1842.1
ITEM0005447,ORD004327,PROD0097,1,0.1,10186.82,9168.14,2650.18
ITEM0005448,ORD004269,PROD0030,2,0.1,17987.88,16189.09,4467.11
ITEM0005449,ORD000224,PROD0140,3,0.2,24247.17,19397.74,3014.47
ITEM0005450,ORD001264,PROD0061,3,0.1,6983.07,6284.76,1607.13
ITEM0005451,ORD003270,PROD0148,2,0.2,28538.22,22830.58,2206.6
ITEM0005452,ORD001151,PROD0205,3,0.15,56731.68,48221.93,10615.97
ITEM0005453,ORD003685,PROD0156,3,0.05,787.95,748.55,287.6
ITEM0005454,ORD002931,PROD0109,1,0.1,11612.58,10451.32,2800.8
ITEM0005455,ORD000570,PROD0156,2,0.05,525.3,499.03,191.73
ITEM0005456,ORD002392,PROD0200,1,0.05,10068.26,9564.85,1153.19
ITEM0005457,ORD003201,PROD0064,2,0.1,35440.88,31896.79,11624.55
ITEM0005458,ORD003213,PROD0042,1,0,21135.45,21135.45,6854.54
ITEM0005459,ORD001285,PROD0060,1,0.05,5374.61,5105.88,1046.11
ITEM0005460,ORD001179,PROD0015,1,0.1,6077.14,5469.43,1160.92
ITEM0005461,ORD002827,PROD0160,1,0.05,6180.13,5871.12,905.16
ITEM0005462,ORD004975,PROD0012,2,0,24357.5,24357.5,10251.34
ITEM0005463,ORD001567,PROD0160,2,0.15,12360.26,10506.22,574.3
ITEM0005464,ORD001135,PROD0134,3,0.1,76051.98,68446.78,18365.59
ITEM0005465,ORD002786,PROD0061,2,0.1,4655.38,4189.84,1071.42
ITEM0005466,ORD000735,PROD0007,1,0.15,9933.55,8443.52,2445.46
ITEM0005467,ORD001856,PROD0057,1,0.1,17494.25,15744.83,4305.57
ITEM0005468,ORD003643,PROD0099,4,0.05,12883.52,12239.34,2062.42
ITEM0005469,ORD001773,PROD0195,1,0.1,11548.65,10393.78,2171.03
ITEM0005470,ORD001459,PROD0178,1,0.05,4937.23,4690.37,1508.68
ITEM0005471,ORD004270,PROD0158,2,0,1550.04,1550.04,584.34
ITEM0005472,ORD004566,PROD0093,2,0.15,19366.14,16461.22,4918.52
ITEM0005473,ORD001495,PROD0007,1,0.1,9933.55,8940.19,2942.13
ITEM0005474,ORD000917,PROD0163,2,0.2,2309.14,1847.31,-130.71
ITEM0005475,ORD002984,PROD0174,1,0.15,11980.65,10183.55,137.34
ITEM0005476,ORD004511,PROD0218,1,0.1,499.26,449.33,156.74
ITEM0005477,ORD000033,PROD0115,1,0.05,2532.67,2406.04,797.35
ITEM0005478,ORD004501,PROD0220,4,0,97027.6,97027.6,28168.36
ITEM0005479,ORD001547,PROD0174,1,0,11980.65,11980.65,1934.44
ITEM0005480,ORD003704,PROD0117,1,0.1,3692.06,3322.85,337.59
ITEM0005481,ORD001098,PROD0089,2,0.15,19982.38,16985.02,726.8
ITEM0005482,ORD004891,PROD0136,1,0,20289.27,20289.27,2660.97
ITEM0005483,ORD001711,PROD0046,1,0.05,9283.94,8819.74,2288.39
ITEM0005484,ORD000428,PROD0059,2,0,8782.06,8782.06,3131.46
ITEM0005485,ORD000554,PROD0015,5,0.2,30385.7,24308.56,2766.01
ITEM0005486,ORD004895,PROD0117,1,0.05,3692.06,3507.46,522.2
ITEM0005487,ORD003671,PROD0084,5,0.2,37455.45,29964.36,8400.41
ITEM0005488,ORD000938,PROD0040,1,0.1,14977.96,13480.16,3393.21
ITEM0005489,ORD000457,PROD0127,2,0.1,55653.26,50087.93,15295.97
ITEM0005490,ORD001734,PROD0054,2,0.15,28590.86,24302.23,2809.15
ITEM0005491,ORD001298,PROD0090,1,0.05,20748.86,19711.42,4173.85
ITEM0005492,ORD003580,PROD0214,2,0.1,32734.44,29461,3281.2
ITEM0005493,ORD000968,PROD0043,1,0.1,14567.24,13110.52,3463.02
ITEM0005494,ORD000809,PROD0219,1,0.05,27006.32,25656,8341.21
ITEM0005495,ORD004728,PROD0184,1,0,5590.8,5590.8,2004.45
ITEM0005496,ORD003011,PROD0102,4,0.05,82878.64,78734.71,29108.71
ITEM0005497,ORD000524,PROD0149,4,0.1,67222.12,60499.91,9298.59
ITEM0005498,ORD002672,PROD0217,2,0.1,21668.48,19501.63,5729.57
ITEM0005499,ORD004644,PROD0078,3,0,60917.46,60917.46,25035.57
ITEM0005500,ORD002446,PROD0128,1,0.05,18612.47,17681.85,3830.12
ITEM0005501,ORD003597,PROD0110,3,0.15,38690.61,32887.02,7725.03
ITEM0005502,ORD004552,PROD0182,4,0,108147.84,108147.84,44228.92
ITEM0005503,ORD003420,PROD0075,2,0.05,23130.8,21974.26,8316.68
ITEM0005504,ORD003510,PROD0080,5,0.1,117262.1,105535.89,24148.94
ITEM0005505,ORD004781,PROD0092,3,0.05,25692.93,24408.28,7099.69
ITEM0005506,ORD004069,PROD0125,2,0.05,14463.96,13740.76,1713.74
ITEM0005507,ORD004594,PROD0105,3,0.2,40113.99,32091.19,3861.1
ITEM0005508,ORD000429,PROD0102,1,0.15,20719.66,17611.71,5205.21
ITEM0005509,ORD004761,PROD0106,4,0.15,52027.08,44223.02,6722.42
ITEM0005510,ORD000546,PROD0026,1,0.1,13275.14,11947.63,3730.53
ITEM0005511,ORD002565,PROD0158,1,0.25,775.02,581.26,98.41
ITEM0005512,ORD002715,PROD0106,1,0,13006.77,13006.77,3631.62
ITEM0005513,ORD001358,PROD0109,1,0.2,11612.58,9290.06,1639.54
ITEM0005514,ORD004093,PROD0159,1,0.15,4856.74,4128.23,454.28
ITEM0005515,ORD004469,PROD0013,2,0.05,39732.6,37745.97,10895.05
ITEM0005516,ORD003256,PROD0105,3,0.1,40113.99,36102.59,7872.5
ITEM0005517,ORD003193,PROD0057,1,0.15,17494.25,14870.11,3430.85
ITEM0005518,ORD001504,PROD0130,1,0.15,8360.75,7106.64,1127.22
ITEM0005519,ORD000838,PROD0107,1,0.1,14258.33,12832.5,3503.51
ITEM0005520,ORD000001,PROD0220,2,0.1,48513.8,43662.42,9232.8
ITEM0005521,ORD000227,PROD0164,2,0.05,16713.12,15877.46,1969.24
ITEM0005522,ORD001432,PROD0029,1,0.15,13719.5,11661.57,2190.24
ITEM0005523,ORD001837,PROD0144,1,0.1,23651.6,21286.44,5220.75
ITEM0005524,ORD002308,PROD0068,2,0.05,38798.04,36858.14,14612.78
ITEM0005525,ORD001102,PROD0127,1,0.05,27826.63,26435.3,9039.32
ITEM0005526,ORD000786,PROD0076,1,0.05,1470.09,1396.59,239.42
ITEM0005527,ORD003861,PROD0162,1,0.1,12988.13,11689.32,1321.75
ITEM0005528,ORD001078,PROD0173,2,0.05,25589.9,24310.4,5945.48
ITEM0005529,ORD003029,PROD0193,3,0.1,61783.08,55604.77,19994.62
ITEM0005530,ORD004475,PROD0081,1,0.1,6304.12,5673.71,2029.87
ITEM0005531,ORD001860,PROD0085,1,0.1,26654.63,23989.17,8163.27
ITEM0005532,ORD004674,PROD0156,2,0.1,525.3,472.77,165.47
ITEM0005533,ORD000546,PROD0111,2,0.05,9912.88,9417.24,2814.24
ITEM0005534,ORD002853,PROD0196,2,0.1,11590.9,10431.81,2181.25
ITEM0005535,ORD002784,PROD0037,1,0.15,19432.4,16517.54,1677.86
ITEM0005536,ORD002636,PROD0021,1,0,20513.07,20513.07,5998.06
ITEM0005537,ORD000362,PROD0017,2,0.1,30866.68,27780.01,2947.51
ITEM0005538,ORD002474,PROD0194,2,0.05,52250.2,49637.69,18649.81
ITEM0005539,ORD000519,PROD0032,1,0.2,2527.95,2022.36,23.93
ITEM0005540,ORD003468,PROD0062,1,0.15,2328.45,1979.18,374.56
ITEM0005541,ORD004625,PROD0139,2,0,36159.54,36159.54,13039.78
ITEM0005542,ORD000441,PROD0081,2,0.05,12608.24,11977.83,4690.15
ITEM0005543,ORD002640,PROD0155,2,0.1,8805.78,7925.2,411.3
ITEM0005544,ORD000836,PROD0159,2,0.2,9713.48,7770.78,422.88
ITEM0005545,ORD002206,PROD0016,1,0.15,9295,7900.75,727.87
ITEM0005546,ORD004021,PROD0094,2,0.05,46099.86,43794.87,9185.59
ITEM0005547,ORD002383,PROD0092,2,0.05,17128.62,16272.19,4733.13
ITEM0005548,ORD000730,PROD0005,2,0,3931.54,3931.54,538.88
ITEM0005549,ORD004170,PROD0076,3,0.15,4410.27,3748.73,277.22
ITEM0005550,ORD001532,PROD0140,2,0.2,16164.78,12931.82,2009.64
ITEM0005551,ORD002626,PROD0070,2,0.15,45391.82,38583.05,11265.87
ITEM0005552,ORD004483,PROD0114,1,0.05,15856.44,15063.62,2110.35
ITEM0005553,ORD003058,PROD0080,1,0.25,23452.42,17589.31,1311.92
ITEM0005554,ORD000990,PROD0156,1,0.05,262.65,249.52,95.87
ITEM0005555,ORD003029,PROD0214,1,0.1,16367.22,14730.5,1640.6
ITEM0005556,ORD000019,PROD0215,3,0.15,55743.15,47381.68,12613.72
ITEM0005557,ORD004746,PROD0098,2,0,35292.26,35292.26,9613.5
ITEM0005558,ORD003293,PROD0024,3,0.1,39607.17,35646.45,6181.41
ITEM0005559,ORD002258,PROD0029,1,0.05,13719.5,13033.52,3562.19
ITEM0005560,ORD000824,PROD0044,3,0.05,63804.63,60614.4,14955.06
ITEM0005561,ORD004560,PROD0053,1,0.1,17914.51,16123.06,1834.22
ITEM0005562,ORD002950,PROD0151,3,0.1,10169.19,9152.27,2878.73
ITEM0005563,ORD001312,PROD0125,1,0,7231.98,7231.98,1218.47
ITEM0005564,ORD003353,PROD0150,2,0,28140,28140,11783.68
ITEM0005565,ORD001118,PROD0107,2,0.1,28516.66,25664.99,7007.01
ITEM0005566,ORD003069,PROD0100,2,0.1,43916.2,39524.58,5309.48
ITEM0005567,ORD002063,PROD0154,1,0.2,4430.06,3544.05,896.2
ITEM0005568,ORD004291,PROD0166,1,0.1,28105.81,25295.23,7766.85
ITEM0005569,ORD000160,PROD0003,1,0.05,504.44,479.22,51.65
ITEM0005570,ORD000631,PROD0169,1,0.2,4480.93,3584.74,929.25
ITEM0005571,ORD002121,PROD0094,5,0.15,115249.65,97962.2,11439
ITEM0005572,ORD003144,PROD0150,1,0.2,14070,11256,3077.84
ITEM0005573,ORD003845,PROD0053,2,0.1,35829.02,32246.12,3668.44
ITEM0005574,ORD001595,PROD0144,1,0.1,23651.6,21286.44,5220.75
ITEM0005575,ORD003467,PROD0052,1,0.05,15366.49,14598.17,4295.04
ITEM0005576,ORD004194,PROD0178,2,0.1,9874.46,8887.01,2523.63
ITEM0005577,ORD000697,PROD0063,2,0.15,22073.5,18762.47,1366.21
ITEM0005578,ORD004332,PROD0128,3,0,55837.41,55837.41,14282.22
ITEM0005579,ORD004226,PROD0023,2,0.1,29801.2,26821.08,6625.64
ITEM0005580,ORD000717,PROD0031,2,0.05,2961.18,2813.12,1084.14
ITEM0005581,ORD003877,PROD0157,1,0.1,10189.54,9170.59,3118.04
ITEM0005582,ORD001310,PROD0054,1,0.05,14295.43,13580.66,2834.12
ITEM0005583,ORD001364,PROD0071,1,0.2,29147.69,23318.15,6233.13
ITEM0005584,ORD000103,PROD0172,1,0.15,20101.86,17086.58,1850.45
ITEM0005585,ORD000806,PROD0038,1,0.1,1889.37,1700.43,223.83
ITEM0005586,ORD004930,PROD0107,1,0.15,14258.33,12119.58,2790.59
ITEM0005587,ORD003976,PROD0195,3,0.1,34645.95,31181.35,6513.1
ITEM0005588,ORD004200,PROD0186,1,0.1,15961.48,14365.33,3842.86
ITEM0005589,ORD001411,PROD0045,2,0.15,32682.24,27779.9,5814.36
ITEM0005590,ORD001161,PROD0047,3,0.05,80021.49,76020.42,22936.68
ITEM0005591,ORD004253,PROD0076,2,0.15,2940.18,2499.15,184.81
ITEM0005592,ORD002606,PROD0029,2,0.1,27439,24695.1,5752.44
ITEM0005593,ORD004603,PROD0026,1,0.05,13275.14,12611.38,4394.28
ITEM0005594,ORD002894,PROD0122,1,0.15,2269.53,1929.1,426.16
ITEM0005595,ORD002384,PROD0037,2,0.05,38864.8,36921.56,7242.2
ITEM0005596,ORD004844,PROD0005,1,0.15,1965.77,1670.9,-25.43
ITEM0005597,ORD001527,PROD0131,1,0,3237.12,3237.12,1198.42
ITEM0005598,ORD000799,PROD0128,1,0,18612.47,18612.47,4760.74
ITEM0005599,ORD001829,PROD0219,2,0,54012.64,54012.64,19383.06
ITEM0005600,ORD004051,PROD0127,2,0.05,55653.26,52870.6,18078.64
ITEM0005601,ORD000287,PROD0058,5,0.2,43195.5,34556.4,5545.65
ITEM0005602,ORD002797,PROD0190,2,0.1,34299.76,30869.78,6966.22
ITEM0005603,ORD002721,PROD0182,3,0,81110.88,81110.88,33171.69
ITEM0005604,ORD001829,PROD0058,1,0.05,8639.1,8207.15,2405
ITEM0005605,ORD000944,PROD0060,1,0,5374.61,5374.61,1314.84
ITEM0005606,ORD001330,PROD0013,1,0.15,19866.3,16886.35,3460.89
ITEM0005607,ORD001278,PROD0157,4,0.1,40758.16,36682.34,12472.14
ITEM0005608,ORD003428,PROD0142,1,0.05,5869.7,5576.21,2019.45
ITEM0005609,ORD001440,PROD0021,1,0.2,20513.07,16410.46,1895.45
ITEM0005610,ORD000072,PROD0163,1,0,1154.57,1154.57,165.56
ITEM0005611,ORD004212,PROD0036,4,0.15,41803.36,35532.86,9341.7
ITEM0005612,ORD002195,PROD0003,1,0.15,504.44,428.77,1.2
ITEM0005613,ORD003093,PROD0111,1,0.1,4956.44,4460.8,1159.3
ITEM0005614,ORD002768,PROD0171,3,0.05,31452.9,29880.25,3431.89
ITEM0005615,ORD004711,PROD0033,1,0.1,17395.33,15655.8,3785.85
ITEM0005616,ORD002726,PROD0012,2,0,24357.5,24357.5,10251.34
ITEM0005617,ORD001965,PROD0070,1,0.1,22695.91,20426.32,6767.73
ITEM0005618,ORD004439,PROD0177,4,0.2,79789.44,63831.55,7291.91
ITEM0005619,ORD004752,PROD0084,1,0,7491.09,7491.09,3178.3
ITEM0005620,ORD004616,PROD0022,3,0.1,23995.32,21595.79,2100.71
ITEM0005621,ORD004168,PROD0150,4,0.05,56280,53466,20753.36
ITEM0005622,ORD002225,PROD0172,3,0.1,60305.58,54275.02,8566.63
ITEM0005623,ORD004865,PROD0113,1,0.05,19139.62,18182.64,2287.37
ITEM0005624,ORD001202,PROD0169,3,0,13442.79,13442.79,5476.32
ITEM0005625,ORD004010,PROD0065,2,0.05,13661.72,12978.63,3275.97
ITEM0005626,ORD001029,PROD0174,1,0.15,11980.65,10183.55,137.34
ITEM0005627,ORD003375,PROD0060,2,0.1,10749.22,9674.3,1554.76
ITEM0005628,ORD002154,PROD0209,1,0,6536.37,6536.37,1524.48
ITEM0005629,ORD002323,PROD0078,1,0.1,20305.82,18275.24,6314.61
ITEM0005630,ORD002975,PROD0125,1,0,7231.98,7231.98,1218.47
ITEM0005631,ORD002396,PROD0190,1,0.05,17149.88,16292.39,4340.61
ITEM0005632,ORD004192,PROD0194,1,0.1,26125.1,23512.59,8018.65
ITEM0005633,ORD003227,PROD0077,1,0.15,14444.47,12277.8,3865.7
ITEM0005634,ORD004590,PROD0157,1,0,10189.54,10189.54,4136.99
ITEM0005635,ORD001952,PROD0022,1,0.1,7998.44,7198.6,700.24
ITEM0005636,ORD001272,PROD0020,1,0.1,11822.05,10639.84,1817.7
ITEM0005637,ORD001834,PROD0199,1,0.1,18096.68,16287.01,5808.59
ITEM0005638,ORD004090,PROD0088,1,0.05,11290.59,10726.06,3167.45
ITEM0005639,ORD001759,PROD0125,1,0.2,7231.98,5785.58,-227.93
ITEM0005640,ORD001086,PROD0192,2,0.1,5932.42,5339.18,366.68
ITEM0005641,ORD001000,PROD0093,1,0,9683.07,9683.07,3911.72
ITEM0005642,ORD002109,PROD0030,1,0.05,8993.94,8544.24,2683.25
ITEM0005643,ORD000013,PROD0184,1,0.1,5590.8,5031.72,1445.37
ITEM0005644,ORD001725,PROD0071,2,0.05,58295.38,55380.61,21210.57
ITEM0005645,ORD003890,PROD0036,1,0.25,10450.84,7838.13,1290.34
ITEM0005646,ORD003730,PROD0038,1,0.05,1889.37,1794.9,318.3
ITEM0005647,ORD000564,PROD0154,1,0.05,4430.06,4208.56,1560.71
ITEM0005648,ORD003912,PROD0013,4,0,79465.2,79465.2,25763.36
ITEM0005649,ORD003520,PROD0061,1,0.1,2327.69,2094.92,535.71
ITEM0005650,ORD004950,PROD0143,2,0.1,44174.78,39757.3,11023.7
ITEM0005651,ORD004011,PROD0117,1,0.2,3692.06,2953.65,-31.61
ITEM0005652,ORD001305,PROD0025,5,0.1,8168.3,7351.47,780.12
ITEM0005653,ORD004338,PROD0049,4,0.1,96440.56,86796.5,20594.54
ITEM0005654,ORD002920,PROD0175,4,0.2,55152.12,44121.7,1472.1
ITEM0005655,ORD001469,PROD0107,4,0,57033.32,57033.32,19717.36
ITEM0005656,ORD000718,PROD0136,2,0.15,40578.54,34491.76,-764.84
ITEM0005657,ORD003028,PROD0026,2,0.1,26550.28,23895.25,7461.05
ITEM0005658,ORD002840,PROD0196,1,0.15,5795.45,4926.13,800.85
ITEM0005659,ORD004739,PROD0133,4,0.1,51304.92,46174.43,15243.23
ITEM0005660,ORD004324,PROD0032,3,0.15,7583.85,6446.27,450.98
ITEM0005661,ORD004929,PROD0159,1,0.1,4856.74,4371.07,697.12
ITEM0005662,ORD004071,PROD0210,3,0.1,78344.4,70509.96,21341.28
ITEM0005663,ORD002338,PROD0035,2,0,55140.88,55140.88,21706.9
ITEM0005664,ORD002091,PROD0049,1,0.2,24110.14,19288.11,2737.62
ITEM0005665,ORD002615,PROD0087,1,0.05,19245.03,18282.78,5123.16
ITEM0005666,ORD001537,PROD0073,2,0.1,19214.9,17293.41,5238.95
ITEM0005667,ORD000810,PROD0197,2,0,33684.2,33684.2,8001.46
ITEM0005668,ORD000104,PROD0070,1,0.2,22695.91,18156.73,4498.14
ITEM0005669,ORD004630,PROD0173,4,0.05,51179.8,48620.81,11890.97
ITEM0005670,ORD001216,PROD0071,2,0.15,58295.38,49551.07,15381.03
ITEM0005671,ORD000262,PROD0007,2,0,19867.1,19867.1,7870.98
ITEM0005672,ORD003765,PROD0058,1,0.05,8639.1,8207.15,2405
ITEM0005673,ORD001096,PROD0076,2,0,2940.18,2940.18,625.84
ITEM0005674,ORD004226,PROD0168,2,0.1,38917.32,35025.59,10333.89
ITEM0005675,ORD001399,PROD0079,1,0.1,8940.37,8046.33,2724.81
ITEM0005676,ORD004693,PROD0189,1,0.1,17795.34,16015.81,4731.97
ITEM0005677,ORD001109,PROD0022,3,0,23995.32,23995.32,4500.24
ITEM0005678,ORD004062,PROD0159,3,0.2,14570.22,11656.18,634.33
ITEM0005679,ORD003537,PROD0154,5,0,22150.3,22150.3,8911.05
ITEM0005680,ORD002485,PROD0218,1,0.25,499.26,374.44,81.85
ITEM0005681,ORD001468,PROD0121,2,0.25,13057.16,9792.87,1107.31
ITEM0005682,ORD002383,PROD0167,2,0,49850.5,49850.5,20557.92
ITEM0005683,ORD000306,PROD0113,1,0.1,19139.62,17225.66,1330.39
ITEM0005684,ORD000632,PROD0092,1,0.2,8564.31,6851.45,1081.92
ITEM0005685,ORD001725,PROD0022,1,0.15,7998.44,6798.67,300.31
ITEM0005686,ORD003798,PROD0127,1,0.05,27826.63,26435.3,9039.32
ITEM0005687,ORD003492,PROD0104,1,0.2,12239.72,9791.78,2648.6
ITEM0005688,ORD000874,PROD0137,1,0.05,16943.68,16096.5,2801.07
ITEM0005689,ORD002432,PROD0006,2,0.1,41037.32,36933.59,8613.19
ITEM0005690,ORD003194,PROD0016,1,0.15,9295,7900.75,727.87
ITEM0005691,ORD001821,PROD0025,1,0.05,1633.66,1551.98,237.71
ITEM0005692,ORD003862,PROD0095,1,0.25,3539.61,2654.71,-148.36
ITEM0005693,ORD000159,PROD0056,1,0.1,12603.87,11343.48,3799.41
ITEM0005694,ORD004403,PROD0090,1,0.05,20748.86,19711.42,4173.85
ITEM0005695,ORD004798,PROD0200,4,0.1,40273.04,36245.74,2599.1
ITEM0005696,ORD001940,PROD0141,1,0.15,9820.32,8347.27,2150.07
ITEM0005697,ORD000747,PROD0191,2,0.05,37605.18,35724.92,5460.66
ITEM0005698,ORD003000,PROD0129,1,0.05,18062.74,17159.6,1967.49
ITEM0005699,ORD000389,PROD0046,1,0.1,9283.94,8355.55,1824.2
ITEM0005700,ORD000638,PROD0138,1,0.1,1217.31,1095.58,200.36
ITEM0005701,ORD003888,PROD0035,1,0,27570.44,27570.44,10853.45
ITEM0005702,ORD001142,PROD0153,2,0.2,17784.68,14227.74,1877.98
ITEM0005703,ORD001685,PROD0194,2,0,52250.2,52250.2,21262.32
ITEM0005704,ORD003119,PROD0040,1,0,14977.96,14977.96,4891.01
ITEM0005705,ORD000304,PROD0099,2,0.1,6441.76,5797.58,709.12
ITEM0005706,ORD004563,PROD0186,4,0.1,63845.92,57461.33,15371.45
ITEM0005707,ORD001312,PROD0040,2,0.05,29955.92,28458.12,8284.22
ITEM0005708,ORD003223,PROD0087,4,0.15,76980.12,65433.1,12794.62
ITEM0005709,ORD002283,PROD0127,1,0.15,27826.63,23652.64,6256.66
ITEM0005710,ORD003544,PROD0155,1,0.05,4402.89,4182.75,425.8
ITEM0005711,ORD004876,PROD0216,1,0.05,9615.86,9135.07,1909.56
ITEM0005712,ORD001846,PROD0091,5,0.2,66008.35,52806.68,13872.93
ITEM0005713,ORD002312,PROD0041,3,0.05,57362.01,54493.91,17993.18
ITEM0005714,ORD001305,PROD0066,1,0.1,2931.28,2638.15,541.61
ITEM0005715,ORD003146,PROD0191,3,0,56407.77,56407.77,11011.38
ITEM0005716,ORD003948,PROD0100,1,0.05,21958.1,20860.19,3752.64
ITEM0005717,ORD003607,PROD0151,1,0.15,3389.73,2881.27,790.09
ITEM0005718,ORD002748,PROD0043,2,0.05,29134.48,27677.76,8382.76
ITEM0005719,ORD001399,PROD0178,1,0.1,4937.23,4443.51,1261.82
ITEM0005720,ORD003497,PROD0067,4,0,38605.16,38605.16,13589.6
ITEM0005721,ORD002368,PROD0155,1,0,4402.89,4402.89,645.94
ITEM0005722,ORD002227,PROD0059,1,0.1,4391.03,3951.93,1126.63
ITEM0005723,ORD003262,PROD0011,2,0.05,26892.2,25547.59,8871.27
ITEM0005724,ORD004191,PROD0160,1,0.2,6180.13,4944.1,-21.86
ITEM0005725,ORD000567,PROD0028,1,0,6922.32,6922.32,1095.48
ITEM0005726,ORD003114,PROD0217,1,0.2,10834.24,8667.39,1781.36
ITEM0005727,ORD004638,PROD0155,1,0.2,4402.89,3522.31,-234.64
ITEM0005728,ORD000786,PROD0198,2,0.15,1594.06,1354.95,-4.33
ITEM0005729,ORD002605,PROD0072,3,0.05,30519.66,28993.68,10299.42
ITEM0005730,ORD000766,PROD0089,1,0.15,9991.19,8492.51,363.4
ITEM0005731,ORD001751,PROD0216,2,0.1,19231.72,17308.55,2857.53
ITEM0005732,ORD000499,PROD0181,2,0.15,18281.5,15539.27,3644.95
ITEM0005733,ORD000220,PROD0136,3,0.05,60867.81,57824.42,4939.52
ITEM0005734,ORD004320,PROD0184,2,0.2,11181.6,8945.28,1772.58
ITEM0005735,ORD004118,PROD0166,4,0.05,112423.24,106802.08,36688.56
ITEM0005736,ORD002137,PROD0083,1,0.1,15580.33,14022.3,602.82
ITEM0005737,ORD003057,PROD0196,2,0.1,11590.9,10431.81,2181.25
ITEM0005738,ORD003958,PROD0067,1,0.15,9651.29,8203.6,1949.71
ITEM0005739,ORD001328,PROD0162,2,0.25,25976.26,19482.19,-1252.95
ITEM0005740,ORD002485,PROD0055,1,0,1759.13,1759.13,272.82
ITEM0005741,ORD003912,PROD0084,1,0.05,7491.09,7116.54,2803.75
ITEM0005742,ORD004053,PROD0173,2,0,25589.9,25589.9,7224.98
ITEM0005743,ORD003712,PROD0134,3,0.15,76051.98,64644.18,14562.99
ITEM0005744,ORD003943,PROD0047,2,0.05,53347.66,50680.28,15291.12
ITEM0005745,ORD004191,PROD0028,1,0,6922.32,6922.32,1095.48
ITEM0005746,ORD003311,PROD0113,2,0.15,38279.24,32537.35,746.81
ITEM0005747,ORD004878,PROD0067,1,0,9651.29,9651.29,3397.4
ITEM0005748,ORD004936,PROD0057,2,0.15,34988.5,29740.22,6861.7
ITEM0005749,ORD002322,PROD0106,1,0.1,13006.77,11706.09,2330.94
ITEM0005750,ORD004610,PROD0158,2,0.1,1550.04,1395.04,429.34
ITEM0005751,ORD001402,PROD0056,1,0,12603.87,12603.87,5059.8
ITEM0005752,ORD000070,PROD0186,1,0.15,15961.48,13567.26,3044.79
ITEM0005753,ORD003016,PROD0157,2,0.05,20379.08,19360.13,7255.03
ITEM0005754,ORD000605,PROD0206,2,0.15,3385.74,2877.88,516.66
ITEM0005755,ORD002875,PROD0116,1,0.05,9463.74,8990.55,2124.63
ITEM0005756,ORD001484,PROD0011,2,0.05,26892.2,25547.59,8871.27
ITEM0005757,ORD000626,PROD0057,2,0,34988.5,34988.5,12109.98
ITEM0005758,ORD002364,PROD0080,3,0.05,70357.26,66839.4,18007.23
ITEM0005759,ORD000888,PROD0160,4,0,24720.52,24720.52,4856.68
ITEM0005760,ORD004624,PROD0213,4,0.05,75867.96,72074.56,17796.64
ITEM0005761,ORD000470,PROD0055,1,0.05,1759.13,1671.17,184.86
ITEM0005762,ORD000117,PROD0100,2,0.15,43916.2,37328.77,3113.67
ITEM0005763,ORD001260,PROD0182,2,0.15,54073.92,45962.83,14003.37
ITEM0005764,ORD004296,PROD0152,1,0,14904.94,14904.94,5757.52
ITEM0005765,ORD000749,PROD0117,1,0.05,3692.06,3507.46,522.2
ITEM0005766,ORD000278,PROD0193,1,0.15,20594.36,17505.21,5635.16
ITEM0005767,ORD000230,PROD0159,1,0.1,4856.74,4371.07,697.12
ITEM0005768,ORD003376,PROD0214,1,0,16367.22,16367.22,3277.32
ITEM0005769,ORD003812,PROD0122,2,0.05,4539.06,4312.11,1306.23
ITEM0005770,ORD001771,PROD0164,1,0.1,8356.56,7520.9,566.79
ITEM0005771,ORD004679,PROD0204,1,0.05,11121.95,10565.85,4161.62
ITEM0005772,ORD001388,PROD0126,1,0.2,18387.7,14710.16,2586.3
ITEM0005773,ORD000691,PROD0012,1,0.05,12178.75,11569.81,4516.73
ITEM0005774,ORD004992,PROD0167,3,0.1,74775.75,67298.18,23359.31
ITEM0005775,ORD000423,PROD0001,2,0.1,8215.98,7394.38,496.44
ITEM0005776,ORD000517,PROD0132,1,0.05,19751.1,18763.54,5708.13
ITEM0005777,ORD003263,PROD0098,2,0,35292.26,35292.26,9613.5
ITEM0005778,ORD000072,PROD0097,1,0.1,10186.82,9168.14,2650.18
ITEM0005779,ORD002775,PROD0202,1,0.1,18724.77,16852.29,5786.63
ITEM0005780,ORD000054,PROD0128,1,0,18612.47,18612.47,4760.74
ITEM0005781,ORD000051,PROD0039,2,0,24281.22,24281.22,5066.48
ITEM0005782,ORD000957,PROD0044,2,0.1,42536.42,38282.78,7843.22
ITEM0005783,ORD001788,PROD0158,1,0,775.02,775.02,292.17
ITEM0005784,ORD000293,PROD0032,4,0.15,10111.8,8595.03,601.31
ITEM0005785,ORD004474,PROD0018,2,0.1,28228.6,25405.74,7328.64
ITEM0005786,ORD002201,PROD0186,2,0,31922.96,31922.96,10878.02
ITEM0005787,ORD003130,PROD0119,1,0.1,2687.17,2418.45,231.88
ITEM0005788,ORD003907,PROD0216,1,0.15,9615.86,8173.48,947.97
ITEM0005789,ORD000901,PROD0073,2,0,19214.9,19214.9,7160.44
ITEM0005790,ORD003487,PROD0059,3,0.1,13173.09,11855.78,3379.88
ITEM0005791,ORD001244,PROD0093,1,0.05,9683.07,9198.92,3427.57
ITEM0005792,ORD001107,PROD0152,4,0.1,59619.76,53657.78,17068.1
ITEM0005793,ORD003164,PROD0032,1,0,2527.95,2527.95,529.52
ITEM0005794,ORD000516,PROD0125,1,0.15,7231.98,6147.18,133.67
ITEM0005795,ORD002677,PROD0065,3,0.15,20492.58,17418.69,2864.7
ITEM0005796,ORD004875,PROD0100,1,0,21958.1,21958.1,4850.55
ITEM0005797,ORD001287,PROD0181,1,0.15,9140.75,7769.64,1822.48
ITEM0005798,ORD000686,PROD0217,1,0.2,10834.24,8667.39,1781.36
ITEM0005799,ORD001163,PROD0084,3,0.05,22473.27,21349.61,8411.24
ITEM0005800,ORD004300,PROD0013,1,0.1,19866.3,17879.67,4454.21
ITEM0005801,ORD002829,PROD0159,3,0.05,14570.22,13841.71,2819.86
ITEM0005802,ORD001398,PROD0076,1,0.05,1470.09,1396.59,239.42
ITEM0005803,ORD001134,PROD0108,1,0.2,9612.83,7690.26,477.39
ITEM0005804,ORD001470,PROD0059,1,0.1,4391.03,3951.93,1126.63
ITEM0005805,ORD002625,PROD0074,1,0.1,15107.96,13597.16,3682.66
ITEM0005806,ORD001024,PROD0217,2,0.05,21668.48,20585.06,6813
ITEM0005807,ORD000020,PROD0040,1,0,14977.96,14977.96,4891.01
ITEM0005808,ORD001691,PROD0158,3,0,2325.06,2325.06,876.51
ITEM0005809,ORD001926,PROD0028,2,0.1,13844.64,12460.18,806.5
ITEM0005810,ORD003485,PROD0213,2,0.15,37933.98,32243.88,5104.92
ITEM0005811,ORD002295,PROD0079,1,0,8940.37,8940.37,3618.85
ITEM0005812,ORD004181,PROD0191,1,0,18802.59,18802.59,3670.46
ITEM0005813,ORD001600,PROD0158,1,0.2,775.02,620.02,137.17
ITEM0005814,ORD002452,PROD0157,1,0,10189.54,10189.54,4136.99
ITEM0005815,ORD004740,PROD0099,1,0.15,3220.88,2737.75,193.52
ITEM0005816,ORD003580,PROD0045,2,0,32682.24,32682.24,10716.7
ITEM0005817,ORD001284,PROD0203,2,0.15,27830.8,23656.18,7223.58
ITEM0005818,ORD002555,PROD0217,2,0,21668.48,21668.48,7896.42
ITEM0005819,ORD000341,PROD0066,2,0.1,5862.56,5276.3,1083.22
ITEM0005820,ORD003400,PROD0077,3,0.1,43333.41,39000.07,13763.77
ITEM0005821,ORD002106,PROD0213,4,0.1,75867.96,68281.16,14003.24
ITEM0005822,ORD002169,PROD0188,1,0.1,2699.06,2429.15,383.36
ITEM0005823,ORD003833,PROD0119,2,0,5374.34,5374.34,1001.2
ITEM0005824,ORD003689,PROD0029,1,0.05,13719.5,13033.52,3562.19
ITEM0005825,ORD003815,PROD0129,2,0.05,36125.48,34319.21,3934.99
ITEM0005826,ORD001430,PROD0134,3,0.1,76051.98,68446.78,18365.59
ITEM0005827,ORD001762,PROD0038,4,0.15,7557.48,6423.86,517.46
ITEM0005828,ORD003838,PROD0197,1,0.2,16842.1,13473.68,632.31
ITEM0005829,ORD002106,PROD0194,2,0.1,52250.2,47025.18,16037.3
ITEM0005830,ORD001050,PROD0128,3,0.15,55837.41,47461.8,5906.61
ITEM0005831,ORD002373,PROD0110,2,0.05,25793.74,24504.05,7729.39
ITEM0005832,ORD002254,PROD0166,1,0.2,28105.81,22484.65,4956.27
ITEM0005833,ORD000247,PROD0185,1,0.1,28315.81,25484.23,8944.68
ITEM0005834,ORD002460,PROD0060,1,0.05,5374.61,5105.88,1046.11
ITEM0005835,ORD004616,PROD0076,1,0.2,1470.09,1176.07,18.9
ITEM0005836,ORD004540,PROD0142,1,0.25,5869.7,4402.27,845.51
ITEM0005837,ORD001118,PROD0064,1,0.2,17720.44,14176.35,4040.23
ITEM0005838,ORD002005,PROD0056,1,0.1,12603.87,11343.48,3799.41
ITEM0005839,ORD001327,PROD0034,2,0.1,20115.56,18104,4813.88
ITEM0005840,ORD003403,PROD0209,1,0.1,6536.37,5882.73,870.84
ITEM0005841,ORD003020,PROD0078,2,0.1,40611.64,36550.48,12629.22
ITEM0005842,ORD000044,PROD0202,4,0.15,74899.08,63664.22,19401.58
ITEM0005843,ORD004483,PROD0001,1,0.05,4107.99,3902.59,453.62
ITEM0005844,ORD003824,PROD0164,1,0.15,8356.56,7103.08,148.97
ITEM0005845,ORD000639,PROD0094,2,0.1,46099.86,41489.87,6880.59
ITEM0005846,ORD000066,PROD0026,3,0.15,39825.42,33851.61,9200.31
ITEM0005847,ORD000944,PROD0021,1,0.15,20513.07,17436.11,2921.1
ITEM0005848,ORD000885,PROD0163,1,0,1154.57,1154.57,165.56
ITEM0005849,ORD000567,PROD0091,1,0.05,13201.67,12541.59,4754.84
ITEM0005850,ORD004496,PROD0019,1,0.1,1769.05,1592.14,440.97
ITEM0005851,ORD003318,PROD0087,1,0.15,19245.03,16358.28,3198.66
ITEM0005852,ORD003084,PROD0052,3,0.1,46099.47,41489.52,10580.13
ITEM0005853,ORD002985,PROD0006,1,0.1,20518.66,18466.79,4306.59
ITEM0005854,ORD004961,PROD0193,2,0,41188.72,41188.72,17448.62
ITEM0005855,ORD003037,PROD0017,1,0.2,15433.34,12346.67,-69.58
ITEM0005856,ORD004561,PROD0213,1,0,18966.99,18966.99,5397.51
ITEM0005857,ORD004738,PROD0219,1,0.05,27006.32,25656,8341.21
ITEM0005858,ORD000291,PROD0036,1,0.05,10450.84,9928.3,3380.51
ITEM0005859,ORD000116,PROD0174,1,0.05,11980.65,11381.62,1335.41
ITEM0005860,ORD002369,PROD0038,1,0.1,1889.37,1700.43,223.83
ITEM0005861,ORD001546,PROD0142,1,0.1,5869.7,5282.73,1725.97
ITEM0005862,ORD001419,PROD0098,3,0.2,52938.39,42350.71,3832.57
ITEM0005863,ORD003225,PROD0208,1,0.15,15180.79,12903.67,3763.39
ITEM0005864,ORD000823,PROD0023,1,0,14900.6,14900.6,4802.88
ITEM0005865,ORD000504,PROD0118,1,0.15,8894.09,7559.98,1959.51
ITEM0005866,ORD004121,PROD0219,3,0.1,81018.96,72917.06,20972.69
ITEM0005867,ORD000643,PROD0071,1,0.15,29147.69,24775.54,7690.52
ITEM0005868,ORD001524,PROD0111,2,0.05,9912.88,9417.24,2814.24
ITEM0005869,ORD004850,PROD0057,1,0.05,17494.25,16619.54,5180.28
ITEM0005870,ORD002108,PROD0188,1,0,2699.06,2699.06,653.27
ITEM0005871,ORD001629,PROD0130,2,0.15,16721.5,14213.27,2254.43
ITEM0005872,ORD004148,PROD0191,1,0.1,18802.59,16922.33,1790.2
ITEM0005873,ORD001101,PROD0177,2,0.1,39894.72,35905.25,7635.43
ITEM0005874,ORD002564,PROD0080,3,0.05,70357.26,66839.4,18007.23
ITEM0005875,ORD002330,PROD0169,1,0.05,4480.93,4256.88,1601.39
ITEM0005876,ORD004784,PROD0075,1,0.05,11565.4,10987.13,4158.34
ITEM0005877,ORD004164,PROD0151,1,0.15,3389.73,2881.27,790.09
ITEM0005878,ORD002501,PROD0086,3,0.1,16758.6,15082.74,2715.42
ITEM0005879,ORD004620,PROD0143,4,0.1,88349.56,79514.6,22047.4
ITEM0005880,ORD001534,PROD0205,1,0.05,18910.56,17965.03,5429.71
ITEM0005881,ORD002418,PROD0007,2,0.2,19867.1,15893.68,3897.56
ITEM0005882,ORD001241,PROD0032,1,0,2527.95,2527.95,529.52
ITEM0005883,ORD004846,PROD0157,1,0,10189.54,10189.54,4136.99
ITEM0005884,ORD003877,PROD0115,2,0.15,5065.34,4305.54,1088.16
ITEM0005885,ORD003046,PROD0054,2,0.15,28590.86,24302.23,2809.15
ITEM0005886,ORD000257,PROD0185,1,0.15,28315.81,24068.44,7528.89
ITEM0005887,ORD004477,PROD0098,1,0,17646.13,17646.13,4806.75
ITEM0005888,ORD003532,PROD0153,1,0.15,8892.34,7558.49,1383.61
ITEM0005889,ORD001941,PROD0146,1,0.05,5951.75,5654.16,1842.1
ITEM0005890,ORD000069,PROD0009,2,0.1,48503.14,43652.83,14202.57
ITEM0005891,ORD001048,PROD0168,1,0.05,19458.66,18485.73,6139.88
ITEM0005892,ORD001601,PROD0153,1,0.1,8892.34,8003.11,1828.23
ITEM0005893,ORD003025,PROD0103,2,0.1,42382.24,38144.02,10164.48
ITEM0005894,ORD003994,PROD0172,2,0,40203.72,40203.72,9731.46
ITEM0005895,ORD002940,PROD0041,1,0.1,19120.67,17208.6,5041.69
ITEM0005896,ORD004010,PROD0207,1,0.05,22221.53,21110.45,6535.04
ITEM0005897,ORD000779,PROD0189,3,0,53386.02,53386.02,19534.5
ITEM0005898,ORD002876,PROD0032,1,0.1,2527.95,2275.15,276.72
ITEM0005899,ORD002989,PROD0143,1,0,22087.39,22087.39,7720.59
ITEM0005900,ORD002409,PROD0214,2,0,32734.44,32734.44,6554.64
ITEM0005901,ORD002760,PROD0023,1,0.1,14900.6,13410.54,3312.82
ITEM0005902,ORD002552,PROD0057,2,0.2,34988.5,27990.8,5112.28
ITEM0005903,ORD003897,PROD0018,1,0,14114.3,14114.3,5075.75
ITEM0005904,ORD002652,PROD0176,3,0.05,28272.3,26858.69,5984.72
ITEM0005905,ORD004207,PROD0175,2,0.2,27576.06,22060.85,736.05
ITEM0005906,ORD002866,PROD0201,3,0.1,40894.5,36805.05,11166.06
ITEM0005907,ORD001427,PROD0085,1,0.15,26654.63,22656.44,6830.54
ITEM0005908,ORD003965,PROD0055,2,0.15,3518.26,2990.52,17.9
ITEM0005909,ORD001632,PROD0173,2,0.15,25589.9,21751.42,3386.5
ITEM0005910,ORD003527,PROD0022,2,0,15996.88,15996.88,3000.16
ITEM0005911,ORD004911,PROD0158,1,0.1,775.02,697.52,214.67
ITEM0005912,ORD004371,PROD0170,2,0.1,11445.76,10301.18,3569.8
ITEM0005913,ORD002403,PROD0040,2,0.1,29955.92,26960.33,6786.43
ITEM0005914,ORD002708,PROD0027,1,0.05,24200.54,22990.51,7088.36
ITEM0005915,ORD003603,PROD0203,1,0.1,13915.4,12523.86,4307.56
ITEM0005916,ORD003602,PROD0192,4,0,11864.84,11864.84,1919.84
ITEM0005917,ORD003145,PROD0097,2,0,20373.64,20373.64,7337.72
ITEM0005918,ORD001053,PROD0188,2,0.2,5398.12,4318.5,226.92
ITEM0005919,ORD003243,PROD0133,1,0.15,12826.23,10902.3,3169.5
ITEM0005920,ORD002387,PROD0021,1,0.15,20513.07,17436.11,2921.1
ITEM0005921,ORD001939,PROD0053,1,0.2,17914.51,14331.61,42.77
ITEM0005922,ORD000714,PROD0082,1,0.1,1349.68,1214.71,422.35
ITEM0005923,ORD004440,PROD0082,1,0,1349.68,1349.68,557.32
ITEM0005924,ORD003169,PROD0192,3,0,8898.63,8898.63,1439.88
ITEM0005925,ORD000339,PROD0101,2,0.1,4317.38,3885.64,1355.32
ITEM0005926,ORD000081,PROD0184,1,0.25,5590.8,4193.1,606.75
ITEM0005927,ORD002047,PROD0044,1,0.05,21268.21,20204.8,4985.02
ITEM0005928,ORD001003,PROD0141,1,0,9820.32,9820.32,3623.12
ITEM0005929,ORD004872,PROD0169,1,0.15,4480.93,3808.79,1153.3
ITEM0005930,ORD003269,PROD0024,1,0.2,13202.39,10561.91,740.23
ITEM0005931,ORD003607,PROD0189,3,0.15,53386.02,45378.12,11526.6
ITEM0005932,ORD004224,PROD0113,1,0.1,19139.62,17225.66,1330.39
ITEM0005933,ORD004188,PROD0075,2,0.2,23130.8,18504.64,4847.06
ITEM0005934,ORD002523,PROD0051,1,0.1,20827.34,18744.61,2722.52
ITEM0005935,ORD002395,PROD0201,1,0.1,13631.5,12268.35,3722.02
ITEM0005936,ORD003693,PROD0189,1,0.2,17795.34,14236.27,2952.43
ITEM0005937,ORD000993,PROD0166,3,0.2,84317.43,67453.94,14868.8
ITEM0005938,ORD002838,PROD0026,1,0,13275.14,13275.14,5058.04
ITEM0005939,ORD002003,PROD0052,2,0.2,30732.98,24586.38,3980.12
ITEM0005940,ORD001817,PROD0220,2,0.2,48513.8,38811.04,4381.42
ITEM0005941,ORD003552,PROD0051,1,0.1,20827.34,18744.61,2722.52
ITEM0005942,ORD002894,PROD0119,2,0.15,5374.34,4568.19,195.05
ITEM0005943,ORD003309,PROD0015,1,0,6077.14,6077.14,1768.63
ITEM0005944,ORD002758,PROD0006,1,0.25,20518.66,15388.99,1228.79
ITEM0005945,ORD003504,PROD0110,1,0.05,12896.87,12252.03,3864.7
ITEM0005946,ORD002926,PROD0005,1,0.05,1965.77,1867.48,171.15
ITEM0005947,ORD001213,PROD0110,1,0,12896.87,12896.87,4509.54
ITEM0005948,ORD004202,PROD0158,1,0.05,775.02,736.27,253.42
ITEM0005949,ORD001714,PROD0035,1,0.25,27570.44,20677.83,3960.84
ITEM0005950,ORD004067,PROD0070,3,0.1,68087.73,61278.96,20303.19
ITEM0005951,ORD002128,PROD0017,1,0.05,15433.34,14661.67,2245.42
ITEM0005952,ORD002130,PROD0051,2,0.1,41654.68,37489.21,5445.03
ITEM0005953,ORD004218,PROD0217,1,0.1,10834.24,9750.82,2864.79
ITEM0005954,ORD003177,PROD0013,1,0.2,19866.3,15893.04,2467.58
ITEM0005955,ORD004524,PROD0169,2,0,8961.86,8961.86,3650.88
ITEM0005956,ORD004208,PROD0125,1,0.1,7231.98,6508.78,495.27
ITEM0005957,ORD004352,PROD0142,1,0.05,5869.7,5576.21,2019.45
ITEM0005958,ORD004766,PROD0162,2,0.1,25976.26,23378.63,2643.49
ITEM0005959,ORD004640,PROD0025,1,0.1,1633.66,1470.29,156.02
ITEM0005960,ORD001806,PROD0144,3,0,70954.8,70954.8,22757.73
ITEM0005961,ORD004377,PROD0123,3,0,49818.78,49818.78,16260.15
ITEM0005962,ORD003386,PROD0086,1,0.15,5586.2,4748.27,625.83
ITEM0005963,ORD000607,PROD0120,2,0.1,865.56,779,181.48
ITEM0005964,ORD000066,PROD0027,1,0.2,24200.54,19360.43,3458.28
ITEM0005965,ORD003532,PROD0183,1,0.15,16951.92,14409.13,2486.14
ITEM0005966,ORD001026,PROD0033,1,0.05,17395.33,16525.56,4655.61
ITEM0005967,ORD000709,PROD0086,1,0.1,5586.2,5027.58,905.14
ITEM0005968,ORD001842,PROD0044,1,0.2,21268.21,17014.57,1794.79
ITEM0005969,ORD003308,PROD0112,1,0.15,9574.88,8138.65,1014.89
ITEM0005970,ORD003994,PROD0126,1,0.05,18387.7,17468.31,5344.45
ITEM0005971,ORD003776,PROD0075,2,0,23130.8,23130.8,9473.22
ITEM0005972,ORD002672,PROD0036,2,0.15,20901.68,17766.43,4670.85
ITEM0005973,ORD004006,PROD0174,4,0.15,47922.6,40734.21,549.37
ITEM0005974,ORD002824,PROD0088,2,0.2,22581.18,18064.94,2947.72
ITEM0005975,ORD003466,PROD0169,1,0,4480.93,4480.93,1825.44
ITEM0005976,ORD004249,PROD0033,1,0.15,17395.33,14786.03,2916.08
ITEM0005977,ORD003473,PROD0161,2,0,10288.14,10288.14,2724.4
ITEM0005978,ORD001758,PROD0153,1,0,8892.34,8892.34,2717.46
ITEM0005979,ORD000784,PROD0197,1,0.1,16842.1,15157.89,2316.52
ITEM0005980,ORD001592,PROD0106,1,0,13006.77,13006.77,3631.62
ITEM0005981,ORD001600,PROD0074,1,0.15,15107.96,12841.77,2927.27
ITEM0005982,ORD000193,PROD0049,1,0.1,24110.14,21699.13,5148.64
ITEM0005983,ORD003879,PROD0080,5,0.1,117262.1,105535.89,24148.94
ITEM0005984,ORD004138,PROD0113,1,0.05,19139.62,18182.64,2287.37
ITEM0005985,ORD002423,PROD0110,2,0.05,25793.74,24504.05,7729.39
ITEM0005986,ORD002073,PROD0138,1,0.1,1217.31,1095.58,200.36
ITEM0005987,ORD004002,PROD0056,2,0.1,25207.74,22686.97,7598.83
ITEM0005988,ORD001450,PROD0028,2,0.2,13844.64,11075.71,-577.97
ITEM0005989,ORD002671,PROD0131,2,0.1,6474.24,5826.82,1749.42
ITEM0005990,ORD003860,PROD0072,3,0.2,30519.66,24415.73,5721.47
ITEM0005991,ORD002879,PROD0015,1,0,6077.14,6077.14,1768.63
ITEM0005992,ORD000544,PROD0054,1,0.1,14295.43,12865.89,2119.35
ITEM0005993,ORD003060,PROD0014,2,0.1,12252.48,11027.23,3744.97
ITEM0005994,ORD002648,PROD0178,1,0.1,4937.23,4443.51,1261.82
ITEM0005995,ORD003513,PROD0177,2,0.1,39894.72,35905.25,7635.43
ITEM0005996,ORD002184,PROD0076,1,0.1,1470.09,1323.08,165.91
ITEM0005997,ORD001872,PROD0079,1,0.05,8940.37,8493.35,3171.83
ITEM0005998,ORD001953,PROD0165,3,0.15,44635.35,37940.05,4566.94
ITEM0005999,ORD002040,PROD0068,3,0,58197.06,58197.06,24829.02
ITEM0006000,ORD003473,PROD0095,2,0.15,7079.22,6017.34,411.2
ITEM0006001,ORD001109,PROD0157,2,0.25,20379.08,15284.31,3179.21
ITEM0006002,ORD003650,PROD0108,3,0.05,28838.49,27396.57,5757.96
ITEM0006003,ORD001287,PROD0183,2,0.15,33903.84,28818.26,4972.28
ITEM0006004,ORD004087,PROD0162,1,0.05,12988.13,12338.72,1971.15
ITEM0006005,ORD004972,PROD0060,1,0.05,5374.61,5105.88,1046.11
ITEM0006006,ORD003990,PROD0117,1,0.15,3692.06,3138.25,152.99
ITEM0006007,ORD000275,PROD0189,3,0.1,53386.02,48047.42,14195.9
ITEM0006008,ORD002064,PROD0052,2,0.2,30732.98,24586.38,3980.12
ITEM0006009,ORD000918,PROD0134,1,0.15,25350.66,21548.06,4854.33
ITEM0006010,ORD000101,PROD0056,2,0.2,25207.74,20166.19,5078.05
ITEM0006011,ORD000289,PROD0160,2,0.05,12360.26,11742.25,1810.33
ITEM0006012,ORD004188,PROD0047,1,0.1,26673.83,24006.45,6311.87
ITEM0006013,ORD003979,PROD0051,2,0.2,41654.68,33323.74,1279.56
ITEM0006014,ORD000435,PROD0055,1,0,1759.13,1759.13,272.82
ITEM0006015,ORD003256,PROD0102,1,0.1,20719.66,18647.69,6241.19
ITEM0006016,ORD002947,PROD0025,3,0.1,4900.98,4410.88,468.07
ITEM0006017,ORD002186,PROD0122,1,0.1,2269.53,2042.58,539.64
ITEM0006018,ORD003826,PROD0135,2,0.25,22405.7,16804.28,-1007.08
ITEM0006019,ORD002865,PROD0219,1,0.15,27006.32,22955.37,5640.58
ITEM0006020,ORD004028,PROD0159,2,0.05,9713.48,9227.81,1879.91
ITEM0006021,ORD004760,PROD0123,1,0.05,16606.26,15775.95,4589.74
ITEM0006022,ORD004906,PROD0023,1,0.2,14900.6,11920.48,1822.76
ITEM0006023,ORD002407,PROD0107,1,0.15,14258.33,12119.58,2790.59
ITEM0006024,ORD000444,PROD0097,2,0.2,20373.64,16298.91,3262.99
ITEM0006025,ORD001450,PROD0205,1,0.15,18910.56,16073.98,3538.66
ITEM0006026,ORD002903,PROD0025,1,0.15,1633.66,1388.61,74.34
ITEM0006027,ORD001673,PROD0035,2,0.1,55140.88,49626.79,16192.81
ITEM0006028,ORD003259,PROD0101,2,0.1,4317.38,3885.64,1355.32
ITEM0006029,ORD004968,PROD0147,2,0,46022.26,46022.26,11111.32
ITEM0006030,ORD000172,PROD0059,1,0.05,4391.03,4171.48,1346.18
ITEM0006031,ORD002712,PROD0016,2,0.25,18590,13942.5,-403.26
ITEM0006032,ORD002596,PROD0036,1,0,10450.84,10450.84,3903.05
ITEM0006033,ORD001380,PROD0011,2,0.25,26892.2,20169.15,3492.83
ITEM0006034,ORD003064,PROD0217,1,0.15,10834.24,9209.1,2323.07
ITEM0006035,ORD001770,PROD0087,1,0.1,19245.03,17320.53,4160.91
ITEM0006036,ORD004917,PROD0096,1,0,16589.06,16589.06,5656.63
ITEM0006037,ORD004668,PROD0107,3,0,42774.99,42774.99,14788.02
ITEM0006038,ORD000249,PROD0139,1,0.25,18079.77,13559.83,1999.95
ITEM0006039,ORD004647,PROD0043,2,0.1,29134.48,26221.03,6926.03
ITEM0006040,ORD000441,PROD0078,2,0.05,40611.64,38581.06,14659.8
ITEM0006041,ORD003475,PROD0139,1,0,18079.77,18079.77,6519.89
ITEM0006042,ORD004652,PROD0115,1,0.05,2532.67,2406.04,797.35
ITEM0006043,ORD000931,PROD0163,4,0.05,4618.28,4387.37,431.33
ITEM0006044,ORD002458,PROD0162,1,0.15,12988.13,11039.91,672.34
ITEM0006045,ORD002300,PROD0185,1,0.15,28315.81,24068.44,7528.89
ITEM0006046,ORD002822,PROD0190,1,0.1,17149.88,15434.89,3483.11
ITEM0006047,ORD004196,PROD0161,1,0.15,5144.07,4372.46,590.59
ITEM0006048,ORD004576,PROD0211,3,0.1,22434,20190.6,5905.65
ITEM0006049,ORD004801,PROD0183,3,0.05,50855.76,48312.97,12544
ITEM0006050,ORD000544,PROD0046,3,0.2,27851.82,22281.46,2687.41
ITEM0006051,ORD000262,PROD0134,2,0.1,50701.32,45631.19,12243.73
ITEM0006052,ORD000349,PROD0080,1,0.15,23452.42,19934.56,3657.17
ITEM0006053,ORD001437,PROD0072,1,0.1,10173.22,9155.9,2924.48
ITEM0006054,ORD000263,PROD0056,1,0.05,12603.87,11973.68,4429.61
ITEM0006055,ORD001996,PROD0205,1,0.05,18910.56,17965.03,5429.71
ITEM0006056,ORD000636,PROD0053,1,0.1,17914.51,16123.06,1834.22
ITEM0006057,ORD002551,PROD0017,1,0.1,15433.34,13890.01,1473.76
ITEM0006058,ORD001016,PROD0206,1,0.2,1692.87,1354.3,173.69
ITEM0006059,ORD003224,PROD0042,3,0.15,63406.35,53895.4,11052.67
ITEM0006060,ORD003843,PROD0156,3,0.1,787.95,709.15,248.2
ITEM0006061,ORD002412,PROD0187,1,0.2,2026.07,1620.86,422.46
ITEM0006062,ORD004995,PROD0046,1,0.15,9283.94,7891.35,1360
ITEM0006063,ORD004056,PROD0035,1,0.05,27570.44,26191.92,9474.93
ITEM0006064,ORD001093,PROD0021,2,0.2,41026.14,32820.91,3790.89
ITEM0006065,ORD003934,PROD0197,1,0,16842.1,16842.1,4000.73
ITEM0006066,ORD004017,PROD0176,2,0.05,18848.2,17905.79,3989.81
ITEM0006067,ORD001843,PROD0037,1,0,19432.4,19432.4,4592.72
ITEM0006068,ORD002249,PROD0151,1,0,3389.73,3389.73,1298.55
ITEM0006069,ORD003439,PROD0179,2,0.1,6418.56,5776.7,1519.36
ITEM0006070,ORD000755,PROD0157,1,0,10189.54,10189.54,4136.99
ITEM0006071,ORD000753,PROD0071,1,0,29147.69,29147.69,12062.67
ITEM0006072,ORD003475,PROD0082,4,0.1,5398.72,4858.85,1689.41
ITEM0006073,ORD003552,PROD0200,1,0,10068.26,10068.26,1656.6
ITEM0006074,ORD001755,PROD0114,1,0.1,15856.44,14270.8,1317.53
ITEM0006075,ORD003675,PROD0119,1,0.2,2687.17,2149.74,-36.83
ITEM0006076,ORD003794,PROD0032,1,0.1,2527.95,2275.15,276.72
ITEM0006077,ORD004676,PROD0050,3,0.1,7571.67,6814.5,1505.61
ITEM0006078,ORD004957,PROD0202,1,0.05,18724.77,17788.53,6722.87
ITEM0006079,ORD003919,PROD0001,2,0.15,8215.98,6983.58,85.64
ITEM0006080,ORD004010,PROD0164,1,0,8356.56,8356.56,1402.45
ITEM0006081,ORD003593,PROD0148,3,0.15,42807.33,36386.23,5450.26
ITEM0006082,ORD002267,PROD0079,1,0.1,8940.37,8046.33,2724.81
ITEM0006083,ORD002378,PROD0051,1,0.2,20827.34,16661.87,639.78
ITEM0006084,ORD001798,PROD0156,2,0.1,525.3,472.77,165.47
ITEM0006085,ORD000328,PROD0108,5,0.2,48064.15,38451.32,2386.97
ITEM0006086,ORD003471,PROD0088,3,0.05,33871.77,32178.18,9502.35
ITEM0006087,ORD004890,PROD0023,2,0.15,29801.2,25331.02,5135.58
ITEM0006088,ORD003397,PROD0139,2,0.15,36159.54,30735.61,7615.85
ITEM0006089,ORD002491,PROD0154,2,0.1,8860.12,7974.11,2678.41
ITEM0006090,ORD002227,PROD0155,2,0.1,8805.78,7925.2,411.3
ITEM0006091,ORD000064,PROD0054,2,0,28590.86,28590.86,7097.78
ITEM0006092,ORD003098,PROD0142,3,0.1,17609.1,15848.19,5177.91
ITEM0006093,ORD003857,PROD0007,2,0.05,19867.1,18873.74,6877.62
ITEM0006094,ORD003007,PROD0096,4,0.15,66356.24,56402.8,12673.08
ITEM0006095,ORD004024,PROD0137,1,0.15,16943.68,14402.13,1106.7
ITEM0006096,ORD002685,PROD0124,2,0.2,8439.96,6751.97,1278.47
ITEM0006097,ORD002657,PROD0055,1,0,1759.13,1759.13,272.82
ITEM0006098,ORD003429,PROD0074,1,0.2,15107.96,12086.37,2171.87
ITEM0006099,ORD000915,PROD0057,1,0,17494.25,17494.25,6054.99
ITEM0006100,ORD003773,PROD0095,1,0,3539.61,3539.61,736.54
ITEM0006101,ORD001341,PROD0108,1,0.15,9612.83,8170.91,958.04
ITEM0006102,ORD003060,PROD0188,2,0.1,5398.12,4858.31,766.73
ITEM0006103,ORD002583,PROD0095,4,0.1,14158.44,12742.6,1530.32
ITEM0006104,ORD003634,PROD0060,1,0.15,5374.61,4568.42,508.65
ITEM0006105,ORD001235,PROD0169,4,0.1,17923.72,16131.35,5509.39
ITEM0006106,ORD001192,PROD0207,2,0.1,44443.06,39998.75,10847.93
ITEM0006107,ORD003511,PROD0001,1,0.1,4107.99,3697.19,248.22
ITEM0006108,ORD004115,PROD0016,1,0,9295,9295,2122.12
ITEM0006109,ORD000402,PROD0037,1,0.1,19432.4,17489.16,2649.48
ITEM0006110,ORD004327,PROD0174,2,0.05,23961.3,22763.23,2670.81
ITEM0006111,ORD003767,PROD0168,2,0.1,38917.32,35025.59,10333.89
ITEM0006112,ORD003188,PROD0157,1,0.05,10189.54,9680.06,3627.51
ITEM0006113,ORD001834,PROD0194,2,0.15,52250.2,44412.67,13424.79
ITEM0006114,ORD002014,PROD0130,1,0.05,8360.75,7942.71,1963.29
ITEM0006115,ORD003655,PROD0210,1,0.1,26114.8,23503.32,7113.76
ITEM0006116,ORD004520,PROD0185,2,0.1,56631.62,50968.46,17889.36
ITEM0006117,ORD004337,PROD0039,1,0,12140.61,12140.61,2533.24
ITEM0006118,ORD003666,PROD0054,2,0.15,28590.86,24302.23,2809.15
ITEM0006119,ORD004412,PROD0027,3,0.05,72601.62,68971.54,21265.09
ITEM0006120,ORD001479,PROD0191,1,0.05,18802.59,17862.46,2730.33
ITEM0006121,ORD004024,PROD0207,3,0.1,66664.59,59998.13,16271.9
ITEM0006122,ORD001931,PROD0123,2,0.1,33212.52,29891.27,7518.85
ITEM0006123,ORD002949,PROD0035,1,0.1,27570.44,24813.4,8096.41
ITEM0006124,ORD000206,PROD0097,4,0.05,40747.28,38709.92,12638.08
ITEM0006125,ORD004890,PROD0104,1,0.05,12239.72,11627.73,4484.55
ITEM0006126,ORD001709,PROD0075,1,0.2,11565.4,9252.32,2423.53
ITEM0006127,ORD002875,PROD0015,2,0.1,12154.28,10938.85,2321.83
ITEM0006128,ORD001264,PROD0105,2,0.1,26742.66,24068.39,5248.33
ITEM0006129,ORD004380,PROD0023,3,0.1,44701.8,40231.62,9938.46
ITEM0006130,ORD003608,PROD0117,2,0.1,7384.12,6645.71,675.19
ITEM0006131,ORD004410,PROD0219,1,0.1,27006.32,24305.69,6990.9
ITEM0006132,ORD001876,PROD0180,2,0,11158.28,11158.28,4684.2
ITEM0006133,ORD000554,PROD0156,1,0.1,262.65,236.38,82.73
ITEM0006134,ORD003587,PROD0068,3,0.1,58197.06,52377.35,19009.31
ITEM0006135,ORD004704,PROD0146,1,0,5951.75,5951.75,2139.69
ITEM0006136,ORD001766,PROD0178,1,0,4937.23,4937.23,1755.54
ITEM0006137,ORD003478,PROD0041,4,0,76482.68,76482.68,27815.04
ITEM0006138,ORD000962,PROD0015,2,0.05,12154.28,11546.57,2929.55
ITEM0006139,ORD002291,PROD0143,2,0.1,44174.78,39757.3,11023.7
ITEM0006140,ORD003192,PROD0090,1,0.1,20748.86,18673.97,3136.4
ITEM0006141,ORD004962,PROD0029,2,0.15,27439,23323.15,4380.49
ITEM0006142,ORD003224,PROD0021,1,0.1,20513.07,18461.76,3946.75
ITEM0006143,ORD000176,PROD0103,1,0.05,21191.12,20131.56,6141.79
ITEM0006144,ORD003872,PROD0047,1,0.1,26673.83,24006.45,6311.87
ITEM0006145,ORD001671,PROD0154,2,0.1,8860.12,7974.11,2678.41
ITEM0006146,ORD001208,PROD0207,1,0.1,22221.53,19999.38,5423.97
ITEM0006147,ORD002645,PROD0009,1,0,24251.57,24251.57,9526.44
ITEM0006148,ORD002450,PROD0216,1,0.1,9615.86,8654.27,1428.76
ITEM0006149,ORD002908,PROD0135,2,0.15,22405.7,19044.85,1233.49
ITEM0006150,ORD000222,PROD0149,2,0.1,33611.06,30249.95,4649.29
ITEM0006151,ORD004186,PROD0110,1,0.1,12896.87,11607.18,3219.85
ITEM0006152,ORD004657,PROD0042,2,0.25,42270.9,31703.18,3141.36
ITEM0006153,ORD002565,PROD0177,1,0.05,19947.36,18949.99,4815.08
ITEM0006154,ORD002190,PROD0158,1,0.1,775.02,697.52,214.67
ITEM0006155,ORD003828,PROD0192,1,0.15,2966.21,2521.28,35.03
ITEM0006156,ORD003996,PROD0096,1,0.15,16589.06,14100.7,3168.27
ITEM0006157,ORD002635,PROD0061,5,0.15,11638.45,9892.68,2096.63
ITEM0006158,ORD004632,PROD0101,1,0,2158.69,2158.69,893.53
ITEM0006159,ORD004092,PROD0185,3,0.1,84947.43,76452.69,26834.04
ITEM0006160,ORD003643,PROD0117,1,0,3692.06,3692.06,706.8
ITEM0006161,ORD003517,PROD0079,3,0.05,26821.11,25480.05,9515.49
ITEM0006162,ORD000693,PROD0194,5,0.2,130625.5,104500.4,27030.7
ITEM0006163,ORD001942,PROD0009,1,0.1,24251.57,21826.41,7101.28
ITEM0006164,ORD001113,PROD0118,2,0.15,17788.18,15119.95,3919.01
ITEM0006165,ORD003902,PROD0216,1,0.15,9615.86,8173.48,947.97
ITEM0006166,ORD003854,PROD0196,3,0.1,17386.35,15647.71,3271.87
ITEM0006167,ORD004613,PROD0063,3,0.1,33110.25,29799.23,3704.84
ITEM0006168,ORD002615,PROD0028,1,0.05,6922.32,6576.2,749.36
ITEM0006169,ORD004540,PROD0097,2,0.1,20373.64,18336.28,5300.36
ITEM0006170,ORD000959,PROD0112,1,0.15,9574.88,8138.65,1014.89
ITEM0006171,ORD001270,PROD0195,4,0,46194.6,46194.6,13303.6
ITEM0006172,ORD002802,PROD0002,1,0.1,14642.7,13178.43,2028.72
ITEM0006173,ORD000663,PROD0090,1,0.2,20748.86,16599.09,1061.52
ITEM0006174,ORD002838,PROD0146,1,0.1,5951.75,5356.57,1544.51
ITEM0006175,ORD001285,PROD0037,3,0.05,58297.2,55382.34,10863.3
ITEM0006176,ORD002916,PROD0112,1,0.05,9574.88,9096.14,1972.38
ITEM0006177,ORD001042,PROD0025,1,0.25,1633.66,1225.25,-89.02
ITEM0006178,ORD002533,PROD0072,2,0.05,20346.44,19329.12,6866.28
ITEM0006179,ORD004685,PROD0148,1,0,14269.11,14269.11,3957.12
ITEM0006180,ORD003664,PROD0103,2,0.05,42382.24,40263.13,12283.59
ITEM0006181,ORD000425,PROD0062,2,0.05,4656.9,4424.05,1214.81
ITEM0006182,ORD004783,PROD0084,2,0,14982.18,14982.18,6356.6
ITEM0006183,ORD000109,PROD0090,2,0.1,41497.72,37347.95,6272.81
ITEM0006184,ORD003567,PROD0154,1,0,4430.06,4430.06,1782.21
ITEM0006185,ORD003534,PROD0211,3,0.1,22434,20190.6,5905.65
ITEM0006186,ORD000918,PROD0167,2,0.15,49850.5,42372.92,13080.34
ITEM0006187,ORD004251,PROD0219,1,0,27006.32,27006.32,9691.53
ITEM0006188,ORD004117,PROD0166,1,0.1,28105.81,25295.23,7766.85
ITEM0006189,ORD001563,PROD0007,2,0.1,19867.1,17880.39,5884.27
ITEM0006190,ORD004925,PROD0059,3,0,13173.09,13173.09,4697.19
ITEM0006191,ORD002257,PROD0081,1,0.1,6304.12,5673.71,2029.87
ITEM0006192,ORD004256,PROD0150,2,0.1,28140,25326,8969.68
ITEM0006193,ORD004630,PROD0102,1,0.1,20719.66,18647.69,6241.19
ITEM0006194,ORD001922,PROD0002,2,0.05,29285.4,27821.13,5521.71
ITEM0006195,ORD002351,PROD0015,1,0,6077.14,6077.14,1768.63
ITEM0006196,ORD002943,PROD0013,1,0.15,19866.3,16886.35,3460.89
ITEM0006197,ORD004585,PROD0049,2,0.1,48220.28,43398.25,10297.27
ITEM0006198,ORD001227,PROD0168,1,0.05,19458.66,18485.73,6139.88
ITEM0006199,ORD004476,PROD0091,2,0.1,26403.34,23763.01,8189.51
ITEM0006200,ORD003450,PROD0084,1,0.2,7491.09,5992.87,1680.08
ITEM0006201,ORD000557,PROD0141,4,0.05,39281.28,37317.22,12528.42
ITEM0006202,ORD000127,PROD0153,3,0.1,26677.02,24009.32,5484.68
ITEM0006203,ORD003506,PROD0091,5,0.1,66008.35,59407.52,20473.77
ITEM0006204,ORD001530,PROD0128,2,0.2,37224.94,29779.95,2076.49
ITEM0006205,ORD003054,PROD0065,1,0.05,6830.86,6489.32,1637.99
ITEM0006206,ORD003867,PROD0010,1,0.05,12102.52,11497.39,4521.81
ITEM0006207,ORD001844,PROD0008,3,0.2,50026.26,40021.01,-1918.09
ITEM0006208,ORD000388,PROD0214,1,0.25,16367.22,12275.41,-814.49
ITEM0006209,ORD004788,PROD0167,5,0.05,124626.25,118394.94,45163.49
ITEM0006210,ORD003206,PROD0028,1,0.15,6922.32,5883.97,57.13
ITEM0006211,ORD001135,PROD0216,3,0.15,28847.58,24520.44,2843.91
ITEM0006212,ORD001812,PROD0086,1,0.05,5586.2,5306.89,1184.45
ITEM0006213,ORD003072,PROD0097,1,0,10186.82,10186.82,3668.86
ITEM0006214,ORD002950,PROD0008,5,0.1,83377.1,75039.39,5140.89
ITEM0006215,ORD004189,PROD0219,1,0.05,27006.32,25656,8341.21
ITEM0006216,ORD003751,PROD0110,1,0.1,12896.87,11607.18,3219.85
ITEM0006217,ORD004707,PROD0055,3,0.1,5277.39,4749.65,290.72
ITEM0006218,ORD002037,PROD0150,1,0.1,14070,12663,4484.84
ITEM0006219,ORD003994,PROD0069,1,0,1450.9,1450.9,566.69
ITEM0006220,ORD004645,PROD0216,2,0.15,19231.72,16346.96,1895.94
ITEM0006221,ORD002668,PROD0040,1,0.15,14977.96,12731.27,2644.32
ITEM0006222,ORD004641,PROD0188,4,0.05,10796.24,10256.43,2073.27
ITEM0006223,ORD000150,PROD0152,1,0,14904.94,14904.94,5757.52
ITEM0006224,ORD003462,PROD0201,1,0,13631.5,13631.5,5085.17
ITEM0006225,ORD002528,PROD0048,1,0.1,7008.44,6307.6,845.62
ITEM0006226,ORD001380,PROD0021,1,0.15,20513.07,17436.11,2921.1
ITEM0006227,ORD004759,PROD0013,1,0.1,19866.3,17879.67,4454.21
ITEM0006228,ORD001095,PROD0061,1,0.05,2327.69,2211.31,652.1
ITEM0006229,ORD004524,PROD0028,2,0.2,13844.64,11075.71,-577.97
ITEM0006230,ORD002043,PROD0002,2,0.25,29285.4,21964.05,-335.37
ITEM0006231,ORD001994,PROD0026,5,0.05,66375.7,63056.91,21971.41
ITEM0006232,ORD001332,PROD0064,1,0.2,17720.44,14176.35,4040.23
ITEM0006233,ORD000108,PROD0054,1,0.05,14295.43,13580.66,2834.12
ITEM0006234,ORD001607,PROD0189,3,0.1,53386.02,48047.42,14195.9
ITEM0006235,ORD002165,PROD0163,1,0.05,1154.57,1096.84,107.83
ITEM0006236,ORD002621,PROD0104,4,0.2,48958.88,39167.1,10594.38
ITEM0006237,ORD003217,PROD0106,2,0,26013.54,26013.54,7263.24
ITEM0006238,ORD002734,PROD0142,1,0,5869.7,5869.7,2312.94
ITEM0006239,ORD002952,PROD0143,2,0.05,44174.78,41966.04,13232.44
ITEM0006240,ORD001764,PROD0140,1,0.1,8082.39,7274.15,1813.06
ITEM0006241,ORD003052,PROD0014,3,0.15,18378.72,15621.91,4698.52
ITEM0006242,ORD002209,PROD0057,2,0.25,34988.5,26241.38,3362.86
ITEM0006243,ORD002729,PROD0117,2,0.1,7384.12,6645.71,675.19
ITEM0006244,ORD000405,PROD0124,1,0.2,4219.98,3375.98,639.23
ITEM0006245,ORD002243,PROD0159,4,0.2,19426.96,15541.57,845.77
ITEM0006246,ORD002311,PROD0136,4,0.15,81157.08,68983.52,-1529.68
ITEM0006247,ORD000938,PROD0089,2,0.15,19982.38,16985.02,726.8
ITEM0006248,ORD000936,PROD0076,1,0.1,1470.09,1323.08,165.91
ITEM0006249,ORD004888,PROD0169,2,0.05,8961.86,8513.77,3202.79
ITEM0006250,ORD003721,PROD0024,1,0.15,13202.39,11222.03,1400.35
ITEM0006251,ORD003332,PROD0094,1,0,23049.93,23049.93,5745.29
ITEM0006252,ORD003241,PROD0101,1,0.1,2158.69,1942.82,677.66
ITEM0006253,ORD002380,PROD0220,2,0.1,48513.8,43662.42,9232.8
ITEM0006254,ORD001925,PROD0199,3,0.1,54290.04,48861.04,17425.78
ITEM0006255,ORD001801,PROD0128,4,0.1,74449.88,67004.89,11597.97
ITEM0006256,ORD003552,PROD0093,2,0.2,19366.14,15492.91,3950.21
ITEM0006257,ORD004912,PROD0012,1,0.05,12178.75,11569.81,4516.73
ITEM0006258,ORD002307,PROD0199,2,0.05,36193.36,34383.69,13426.85
ITEM0006259,ORD004597,PROD0027,3,0.05,72601.62,68971.54,21265.09
ITEM0006260,ORD003123,PROD0110,4,0.1,51587.48,46428.73,12879.41
ITEM0006261,ORD002538,PROD0158,2,0.1,1550.04,1395.04,429.34
ITEM0006262,ORD003212,PROD0025,1,0.2,1633.66,1306.93,-7.34
ITEM0006263,ORD004495,PROD0133,1,0.05,12826.23,12184.92,4452.12
ITEM0006264,ORD002746,PROD0138,4,0.1,4869.24,4382.32,801.44
ITEM0006265,ORD001693,PROD0052,1,0.05,15366.49,14598.17,4295.04
ITEM0006266,ORD001636,PROD0020,2,0.05,23644.1,22461.89,4817.61
ITEM0006267,ORD003531,PROD0030,3,0.2,26981.82,21585.46,4002.49
ITEM0006268,ORD000040,PROD0042,1,0.05,21135.45,20078.68,5797.77
ITEM0006269,ORD001538,PROD0077,1,0.25,14444.47,10833.35,2421.25
ITEM0006270,ORD004733,PROD0202,1,0,18724.77,18724.77,7659.11
ITEM0006271,ORD001440,PROD0059,2,0.2,8782.06,7025.65,1375.05
ITEM0006272,ORD000904,PROD0124,2,0,8439.96,8439.96,2966.46
ITEM0006273,ORD003337,PROD0143,1,0,22087.39,22087.39,7720.59
ITEM0006274,ORD004279,PROD0140,1,0.2,8082.39,6465.91,1004.82
ITEM0006275,ORD002240,PROD0170,1,0.05,5722.88,5436.74,2071.05
ITEM0006276,ORD002574,PROD0179,2,0.1,6418.56,5776.7,1519.36
ITEM0006277,ORD000124,PROD0136,1,0.1,20289.27,18260.34,632.04
ITEM0006278,ORD000227,PROD0116,1,0.1,9463.74,8517.37,1651.45
ITEM0006279,ORD004708,PROD0161,1,0.15,5144.07,4372.46,590.59
ITEM0006280,ORD002845,PROD0105,1,0.1,13371.33,12034.2,2624.17
ITEM0006281,ORD004684,PROD0208,3,0.05,45542.37,43265.25,15844.41
ITEM0006282,ORD004152,PROD0063,2,0.05,22073.5,20969.83,3573.57
ITEM0006283,ORD002694,PROD0032,1,0,2527.95,2527.95,529.52
ITEM0006284,ORD002591,PROD0067,1,0,9651.29,9651.29,3397.4
ITEM0006285,ORD001033,PROD0075,1,0.2,11565.4,9252.32,2423.53
ITEM0006286,ORD004210,PROD0111,1,0.1,4956.44,4460.8,1159.3
ITEM0006287,ORD000050,PROD0018,4,0.15,56457.2,47988.62,11834.42
ITEM0006288,ORD000714,PROD0172,1,0.2,20101.86,16081.49,845.36
ITEM0006289,ORD003119,PROD0065,2,0,13661.72,13661.72,3959.06
ITEM0006290,ORD002507,PROD0084,1,0.05,7491.09,7116.54,2803.75
ITEM0006291,ORD002864,PROD0216,1,0,9615.86,9615.86,2390.35
ITEM0006292,ORD002945,PROD0098,2,0.05,35292.26,33527.65,7848.89
ITEM0006293,ORD000895,PROD0098,2,0.05,35292.26,33527.65,7848.89
ITEM0006294,ORD000628,PROD0090,3,0.05,62246.58,59134.25,12521.54
ITEM0006295,ORD003893,PROD0109,3,0.1,34837.74,31353.97,8402.41
ITEM0006296,ORD000060,PROD0186,2,0.05,31922.96,30326.81,9281.87
ITEM0006297,ORD000588,PROD0162,1,0,12988.13,12988.13,2620.56
ITEM0006298,ORD000048,PROD0125,1,0.05,7231.98,6870.38,856.87
ITEM0006299,ORD000837,PROD0169,4,0.2,17923.72,14338.98,3717.02
ITEM0006300,ORD000833,PROD0080,2,0,46904.84,46904.84,14350.06
ITEM0006301,ORD004772,PROD0220,2,0.05,48513.8,46088.11,11658.49
ITEM0006302,ORD004360,PROD0199,1,0.1,18096.68,16287.01,5808.59
ITEM0006303,ORD001743,PROD0099,2,0.2,6441.76,5153.41,64.95
ITEM0006304,ORD003826,PROD0045,2,0.1,32682.24,29414.02,7448.48
ITEM0006305,ORD000639,PROD0217,3,0,32502.72,32502.72,11844.63
ITEM0006306,ORD002108,PROD0062,3,0.1,6985.35,6286.81,1472.95
ITEM0006307,ORD000562,PROD0098,3,0.05,52938.39,50291.47,11773.33
ITEM0006308,ORD001147,PROD0220,1,0,24256.9,24256.9,7042.09
ITEM0006309,ORD001601,PROD0167,3,0.15,74775.75,63559.39,19620.52
ITEM0006310,ORD004950,PROD0009,1,0,24251.57,24251.57,9526.44
ITEM0006311,ORD002554,PROD0186,4,0.05,63845.92,60653.62,18563.74
ITEM0006312,ORD002789,PROD0001,1,0.1,4107.99,3697.19,248.22
ITEM0006313,ORD003094,PROD0172,1,0.05,20101.86,19096.77,3860.64
ITEM0006314,ORD001019,PROD0173,2,0,25589.9,25589.9,7224.98
ITEM0006315,ORD000686,PROD0215,1,0.05,18581.05,17652,6062.68
ITEM0006316,ORD000433,PROD0008,1,0.1,16675.42,15007.88,1028.18
ITEM0006317,ORD003094,PROD0062,2,0,4656.9,4656.9,1447.66
ITEM0006318,ORD003744,PROD0047,1,0.15,26673.83,22672.76,4978.18
ITEM0006319,ORD001819,PROD0214,1,0.15,16367.22,13912.14,822.24
ITEM0006320,ORD000486,PROD0068,3,0,58197.06,58197.06,24829.02
ITEM0006321,ORD003161,PROD0012,1,0,12178.75,12178.75,5125.67
ITEM0006322,ORD003804,PROD0060,1,0.05,5374.61,5105.88,1046.11
ITEM0006323,ORD001154,PROD0043,1,0.15,14567.24,12382.15,2734.65
ITEM0006324,ORD002999,PROD0067,2,0,19302.58,19302.58,6794.8
ITEM0006325,ORD002818,PROD0054,4,0.1,57181.72,51463.55,8477.39
ITEM0006326,ORD001556,PROD0197,1,0.05,16842.1,15999.99,3158.62
ITEM0006327,ORD001596,PROD0174,2,0.15,23961.3,20367.1,274.68
ITEM0006328,ORD004813,PROD0112,1,0.1,9574.88,8617.39,1493.63
ITEM0006329,ORD003112,PROD0211,1,0,7478,7478,2716.35
ITEM0006330,ORD004602,PROD0160,2,0,12360.26,12360.26,2428.34
ITEM0006331,ORD002092,PROD0003,2,0,1008.88,1008.88,153.74
ITEM0006332,ORD001986,PROD0030,3,0.05,26981.82,25632.73,8049.76
ITEM0006333,ORD000747,PROD0203,1,0.1,13915.4,12523.86,4307.56
ITEM0006334,ORD000730,PROD0180,1,0.05,5579.14,5300.18,2063.14
ITEM0006335,ORD002544,PROD0184,1,0.1,5590.8,5031.72,1445.37
ITEM0006336,ORD001282,PROD0179,1,0.05,3209.28,3048.82,920.15
ITEM0006337,ORD001420,PROD0110,1,0.1,12896.87,11607.18,3219.85
ITEM0006338,ORD004424,PROD0193,2,0.1,41188.72,37069.85,13329.75
ITEM0006339,ORD001371,PROD0049,2,0.05,48220.28,45809.27,12708.29
ITEM0006340,ORD003789,PROD0156,3,0.05,787.95,748.55,287.6
ITEM0006341,ORD004890,PROD0082,4,0.05,5398.72,5128.78,1959.34
ITEM0006342,ORD004607,PROD0145,1,0.05,20004.05,19003.85,3958.76
ITEM0006343,ORD003954,PROD0072,3,0.05,30519.66,28993.68,10299.42
ITEM0006344,ORD004887,PROD0070,2,0.1,45391.82,40852.64,13535.46
ITEM0006345,ORD003262,PROD0094,1,0,23049.93,23049.93,5745.29
ITEM0006346,ORD004204,PROD0173,3,0.1,38384.85,34546.37,6998.99
ITEM0006347,ORD003569,PROD0052,2,0.1,30732.98,27659.68,7053.42
ITEM0006348,ORD003342,PROD0109,1,0.1,11612.58,10451.32,2800.8
ITEM0006349,ORD001722,PROD0021,2,0,41026.14,41026.14,11996.12
ITEM0006350,ORD001046,PROD0161,1,0.05,5144.07,4886.87,1105
ITEM0006351,ORD004226,PROD0127,1,0.05,27826.63,26435.3,9039.32
ITEM0006352,ORD002145,PROD0046,1,0.05,9283.94,8819.74,2288.39
ITEM0006353,ORD004189,PROD0055,3,0.05,5277.39,5013.52,554.59
ITEM0006354,ORD002717,PROD0194,2,0.05,52250.2,49637.69,18649.81
ITEM0006355,ORD004150,PROD0135,2,0.05,22405.7,21285.42,3474.06
ITEM0006356,ORD003482,PROD0134,4,0.1,101402.64,91262.38,24487.46
ITEM0006357,ORD001042,PROD0093,1,0.15,9683.07,8230.61,2459.26
ITEM0006358,ORD001763,PROD0010,2,0.05,24205.04,22994.79,9043.63
ITEM0006359,ORD002799,PROD0177,1,0.15,19947.36,16955.26,2820.35
ITEM0006360,ORD001417,PROD0017,1,0.1,15433.34,13890.01,1473.76
ITEM0006361,ORD002348,PROD0203,1,0.2,13915.4,11132.32,2916.02
ITEM0006362,ORD000175,PROD0202,1,0.1,18724.77,16852.29,5786.63
ITEM0006363,ORD004703,PROD0164,2,0.15,16713.12,14206.15,297.93
ITEM0006364,ORD001243,PROD0192,1,0,2966.21,2966.21,479.96
ITEM0006365,ORD002933,PROD0122,2,0.1,4539.06,4085.15,1079.27
ITEM0006366,ORD000864,PROD0005,2,0.1,3931.54,3538.39,145.73
ITEM0006367,ORD000630,PROD0010,3,0.15,36307.56,30861.43,9934.69
ITEM0006368,ORD001330,PROD0046,3,0.15,27851.82,23674.05,4080
ITEM0006369,ORD001718,PROD0150,1,0.05,14070,13366.5,5188.34
ITEM0006370,ORD001466,PROD0025,3,0.1,4900.98,4410.88,468.07
ITEM0006371,ORD004195,PROD0058,1,0,8639.1,8639.1,2836.95
ITEM0006372,ORD002909,PROD0067,1,0.25,9651.29,7238.47,984.58
ITEM0006373,ORD001346,PROD0105,3,0.1,40113.99,36102.59,7872.5
ITEM0006374,ORD003379,PROD0191,5,0,94012.95,94012.95,18352.3
ITEM0006375,ORD002417,PROD0068,1,0.2,19399.02,15519.22,4396.54
ITEM0006376,ORD000872,PROD0087,2,0.05,38490.06,36565.56,10246.32
ITEM0006377,ORD001022,PROD0214,2,0.1,32734.44,29461,3281.2
ITEM0006378,ORD003610,PROD0127,2,0.15,55653.26,47305.27,12513.31
ITEM0006379,ORD000643,PROD0174,1,0.05,11980.65,11381.62,1335.41
ITEM0006380,ORD004961,PROD0026,1,0.1,13275.14,11947.63,3730.53
ITEM0006381,ORD002446,PROD0048,1,0,7008.44,7008.44,1546.46
ITEM0006382,ORD003222,PROD0049,1,0.15,24110.14,20493.62,3943.13
ITEM0006383,ORD003396,PROD0157,2,0.05,20379.08,19360.13,7255.03
ITEM0006384,ORD003170,PROD0211,2,0.15,14956,12712.6,3189.3
ITEM0006385,ORD000710,PROD0009,3,0.15,72754.71,61841.5,17666.11
ITEM0006386,ORD003641,PROD0022,2,0.05,15996.88,15197.04,2200.32
ITEM0006387,ORD001641,PROD0181,2,0.05,18281.5,17367.42,5473.1
ITEM0006388,ORD002792,PROD0087,1,0.2,19245.03,15396.02,2236.4
ITEM0006389,ORD004581,PROD0187,1,0.1,2026.07,1823.46,625.06
ITEM0006390,ORD001325,PROD0162,1,0.15,12988.13,11039.91,672.34
ITEM0006391,ORD001764,PROD0085,1,0,26654.63,26654.63,10828.73
ITEM0006392,ORD004779,PROD0060,1,0.1,5374.61,4837.15,777.38
ITEM0006393,ORD004376,PROD0111,1,0.25,4956.44,3717.33,415.83
ITEM0006394,ORD004913,PROD0186,1,0.1,15961.48,14365.33,3842.86
ITEM0006395,ORD004594,PROD0112,1,0.1,9574.88,8617.39,1493.63
ITEM0006396,ORD003212,PROD0146,2,0.1,11903.5,10713.15,3089.03
ITEM0006397,ORD004298,PROD0028,5,0.25,34611.6,25958.7,-3175.5
ITEM0006398,ORD001011,PROD0161,2,0.1,10288.14,9259.33,1695.59
ITEM0006399,ORD003770,PROD0070,1,0,22695.91,22695.91,9037.32
ITEM0006400,ORD000684,PROD0154,2,0,8860.12,8860.12,3564.42
ITEM0006401,ORD001164,PROD0075,1,0.05,11565.4,10987.13,4158.34
ITEM0006402,ORD004051,PROD0218,3,0.1,1497.78,1348,470.23
ITEM0006403,ORD003248,PROD0056,3,0.2,37811.61,30249.29,7617.08
ITEM0006404,ORD001727,PROD0086,1,0,5586.2,5586.2,1463.76
ITEM0006405,ORD003880,PROD0009,1,0.15,24251.57,20613.83,5888.7
ITEM0006406,ORD004859,PROD0155,1,0.2,4402.89,3522.31,-234.64
ITEM0006407,ORD004110,PROD0111,3,0.2,14869.32,11895.46,1990.96
ITEM0006408,ORD003023,PROD0209,2,0.15,13072.74,11111.83,1088.05
ITEM0006409,ORD001742,PROD0018,1,0,14114.3,14114.3,5075.75
ITEM0006410,ORD000550,PROD0016,2,0.1,18590,16731,2385.24
ITEM0006411,ORD002905,PROD0218,2,0.05,998.52,948.59,363.41
ITEM0006412,ORD002074,PROD0216,1,0.15,9615.86,8173.48,947.97
ITEM0006413,ORD003298,PROD0188,1,0.15,2699.06,2294.2,248.41
ITEM0006414,ORD001647,PROD0021,1,0.05,20513.07,19487.42,4972.41
ITEM0006415,ORD004058,PROD0017,2,0.2,30866.68,24693.34,-139.16
ITEM0006416,ORD000451,PROD0170,2,0.1,11445.76,10301.18,3569.8
ITEM0006417,ORD004697,PROD0107,1,0.2,14258.33,11406.66,2077.67
ITEM0006418,ORD004472,PROD0149,2,0.1,33611.06,30249.95,4649.29
ITEM0006419,ORD004996,PROD0116,2,0.25,18927.48,14195.61,463.77
ITEM0006420,ORD004272,PROD0077,1,0.2,14444.47,11555.58,3143.48
ITEM0006421,ORD001543,PROD0026,1,0.05,13275.14,12611.38,4394.28
ITEM0006422,ORD002732,PROD0043,2,0,29134.48,29134.48,9839.48
ITEM0006423,ORD004491,PROD0111,1,0,4956.44,4956.44,1654.94
ITEM0006424,ORD000041,PROD0194,2,0.1,52250.2,47025.18,16037.3
ITEM0006425,ORD004519,PROD0012,2,0,24357.5,24357.5,10251.34
ITEM0006426,ORD004705,PROD0185,2,0.15,56631.62,48136.88,15057.78
ITEM0006427,ORD004791,PROD0030,1,0.15,8993.94,7644.85,1783.86
ITEM0006428,ORD002474,PROD0191,1,0,18802.59,18802.59,3670.46
ITEM0006429,ORD000489,PROD0143,1,0.1,22087.39,19878.65,5511.85
ITEM0006430,ORD001984,PROD0173,1,0.1,12794.95,11515.46,2333
ITEM0006431,ORD001324,PROD0154,2,0.2,8860.12,7088.1,1792.4
ITEM0006432,ORD003397,PROD0066,1,0.05,2931.28,2784.72,688.18
ITEM0006433,ORD003375,PROD0078,1,0.05,20305.82,19290.53,7329.9
ITEM0006434,ORD002187,PROD0177,1,0.1,19947.36,17952.62,3817.71
ITEM0006435,ORD001461,PROD0074,1,0.1,15107.96,13597.16,3682.66
ITEM0006436,ORD003260,PROD0004,3,0,18873.3,18873.3,3466.83
ITEM0006437,ORD000215,PROD0138,4,0.1,4869.24,4382.32,801.44
ITEM0006438,ORD002265,PROD0036,1,0.05,10450.84,9928.3,3380.51
ITEM0006439,ORD004680,PROD0180,2,0.15,11158.28,9484.54,3010.46
ITEM0006440,ORD003279,PROD0136,2,0.15,40578.54,34491.76,-764.84
ITEM0006441,ORD001522,PROD0116,2,0.2,18927.48,15141.98,1410.14
ITEM0006442,ORD003544,PROD0129,3,0,54188.22,54188.22,8611.89
ITEM0006443,ORD000802,PROD0141,2,0,19640.64,19640.64,7246.24
ITEM0006444,ORD001249,PROD0079,2,0.15,17880.74,15198.63,4555.59
ITEM0006445,ORD003194,PROD0032,4,0.2,10111.8,8089.44,95.72
ITEM0006446,ORD004399,PROD0011,2,0.1,26892.2,24202.98,7526.66
ITEM0006447,ORD001323,PROD0003,2,0.15,1008.88,857.55,2.41
ITEM0006448,ORD004809,PROD0181,1,0.1,9140.75,8226.68,2279.52
ITEM0006449,ORD002023,PROD0092,3,0,25692.93,25692.93,8384.34
ITEM0006450,ORD002607,PROD0160,1,0.1,6180.13,5562.12,596.16
ITEM0006451,ORD001747,PROD0061,1,0,2327.69,2327.69,768.48
ITEM0006452,ORD002870,PROD0053,1,0.1,17914.51,16123.06,1834.22
ITEM0006453,ORD000014,PROD0137,1,0.05,16943.68,16096.5,2801.07
ITEM0006454,ORD001931,PROD0120,2,0.2,865.56,692.45,94.93
ITEM0006455,ORD004509,PROD0118,1,0.05,8894.09,8449.39,2848.92
ITEM0006456,ORD003828,PROD0023,1,0,14900.6,14900.6,4802.88
ITEM0006457,ORD000941,PROD0083,1,0.05,15580.33,14801.31,1381.83
ITEM0006458,ORD000061,PROD0052,4,0.05,61465.96,58392.66,17180.14
ITEM0006459,ORD003136,PROD0148,3,0.1,42807.33,38526.6,7590.63
ITEM0006460,ORD003646,PROD0196,1,0.2,5795.45,4636.36,511.08
ITEM0006461,ORD001564,PROD0061,1,0,2327.69,2327.69,768.48
ITEM0006462,ORD000750,PROD0153,1,0.05,8892.34,8447.72,2272.84
ITEM0006463,ORD002382,PROD0139,2,0.1,36159.54,32543.59,9423.83
ITEM0006464,ORD001294,PROD0037,1,0.1,19432.4,17489.16,2649.48
ITEM0006465,ORD000712,PROD0095,1,0.05,3539.61,3362.63,559.56
ITEM0006466,ORD004858,PROD0214,2,0.25,32734.44,24550.83,-1628.97
ITEM0006467,ORD002550,PROD0178,2,0.05,9874.46,9380.74,3017.36
ITEM0006468,ORD002915,PROD0211,1,0.05,7478,7104.1,2342.45
ITEM0006469,ORD003107,PROD0111,1,0.05,4956.44,4708.62,1407.12
ITEM0006470,ORD002508,PROD0108,3,0.15,28838.49,24512.72,2874.11
ITEM0006471,ORD002693,PROD0022,2,0.05,15996.88,15197.04,2200.32
ITEM0006472,ORD001383,PROD0048,1,0.1,7008.44,6307.6,845.62
ITEM0006473,ORD001742,PROD0036,3,0.1,31352.52,28217.27,8573.9
ITEM0006474,ORD002530,PROD0131,2,0.15,6474.24,5503.1,1425.7
ITEM0006475,ORD004880,PROD0115,2,0.1,5065.34,4558.81,1341.43
ITEM0006476,ORD002095,PROD0153,3,0.05,26677.02,25343.17,6818.53
ITEM0006477,ORD003590,PROD0117,1,0.05,3692.06,3507.46,522.2
ITEM0006478,ORD001813,PROD0089,1,0.1,9991.19,8992.07,862.96
ITEM0006479,ORD004065,PROD0001,4,0.05,16431.96,15610.36,1814.48
ITEM0006480,ORD000054,PROD0111,1,0,4956.44,4956.44,1654.94
ITEM0006481,ORD000626,PROD0083,1,0,15580.33,15580.33,2160.85
ITEM0006482,ORD002141,PROD0118,1,0,8894.09,8894.09,3293.62
ITEM0006483,ORD003708,PROD0086,1,0.05,5586.2,5306.89,1184.45
ITEM0006484,ORD001162,PROD0128,2,0.2,37224.94,29779.95,2076.49
ITEM0006485,ORD002207,PROD0147,1,0,23011.13,23011.13,5555.66
ITEM0006486,ORD000136,PROD0173,1,0.05,12794.95,12155.2,2972.74
ITEM0006487,ORD004958,PROD0161,1,0.15,5144.07,4372.46,590.59
ITEM0006488,ORD003387,PROD0077,1,0.2,14444.47,11555.58,3143.48
ITEM0006489,ORD000608,PROD0048,3,0.1,21025.32,18922.79,2536.85
ITEM0006490,ORD002143,PROD0176,1,0.05,9424.1,8952.9,1994.91
ITEM0006491,ORD003175,PROD0125,1,0.1,7231.98,6508.78,495.27
ITEM0006492,ORD003941,PROD0157,4,0.1,40758.16,36682.34,12472.14
ITEM0006493,ORD002505,PROD0100,1,0.15,21958.1,18664.38,1556.83
ITEM0006494,ORD001524,PROD0099,2,0.1,6441.76,5797.58,709.12
ITEM0006495,ORD001594,PROD0002,3,0,43928.1,43928.1,10478.97
ITEM0006496,ORD001905,PROD0053,1,0.1,17914.51,16123.06,1834.22
ITEM0006497,ORD004596,PROD0189,3,0.15,53386.02,45378.12,11526.6
ITEM0006498,ORD001105,PROD0208,1,0.1,15180.79,13662.71,4522.43
ITEM0006499,ORD001401,PROD0165,4,0.1,59513.8,53562.42,9064.94
ITEM0006500,ORD003965,PROD0031,2,0.05,2961.18,2813.12,1084.14
ITEM0006501,ORD002430,PROD0220,2,0.1,48513.8,43662.42,9232.8
ITEM0006502,ORD004425,PROD0091,1,0.15,13201.67,11221.42,3434.67
ITEM0006503,ORD002906,PROD0109,4,0.25,46450.32,34837.74,4235.66
ITEM0006504,ORD000341,PROD0204,1,0.05,11121.95,10565.85,4161.62
ITEM0006505,ORD002673,PROD0177,1,0,19947.36,19947.36,5812.45
ITEM0006506,ORD003431,PROD0132,3,0.15,59253.3,50365.3,11199.07
ITEM0006507,ORD004111,PROD0118,2,0.15,17788.18,15119.95,3919.01
ITEM0006508,ORD000587,PROD0079,2,0.15,17880.74,15198.63,4555.59
ITEM0006509,ORD004634,PROD0098,1,0.1,17646.13,15881.52,3042.14
ITEM0006510,ORD003020,PROD0158,1,0.2,775.02,620.02,137.17
ITEM0006511,ORD001295,PROD0188,1,0.2,2699.06,2159.25,113.46
ITEM0006512,ORD004324,PROD0154,1,0.1,4430.06,3987.05,1339.2
ITEM0006513,ORD002745,PROD0204,3,0.1,33365.85,30029.27,10816.58
ITEM0006514,ORD000123,PROD0049,1,0.15,24110.14,20493.62,3943.13
ITEM0006515,ORD001824,PROD0074,2,0.2,30215.92,24172.74,4343.74
ITEM0006516,ORD000584,PROD0021,1,0,20513.07,20513.07,5998.06
ITEM0006517,ORD001742,PROD0007,3,0.1,29800.65,26820.58,8826.4
ITEM0006518,ORD001920,PROD0136,2,0.2,40578.54,32462.83,-2793.77
ITEM0006519,ORD004697,PROD0214,1,0.15,16367.22,13912.14,822.24
ITEM0006520,ORD000798,PROD0178,2,0.1,9874.46,8887.01,2523.63
ITEM0006521,ORD001263,PROD0010,1,0,12102.52,12102.52,5126.94
ITEM0006522,ORD000375,PROD0203,1,0.05,13915.4,13219.63,5003.33
ITEM0006523,ORD004534,PROD0039,1,0.1,12140.61,10926.55,1319.18
ITEM0006524,ORD002944,PROD0018,1,0,14114.3,14114.3,5075.75
ITEM0006525,ORD001976,PROD0161,2,0.1,10288.14,9259.33,1695.59
ITEM0006526,ORD004073,PROD0196,2,0.2,11590.9,9272.72,1022.16
ITEM0006527,ORD001996,PROD0139,3,0.1,54239.31,48815.38,14135.74
ITEM0006528,ORD001289,PROD0113,2,0.1,38279.24,34451.32,2660.78
ITEM0006529,ORD003585,PROD0137,3,0.05,50831.04,48289.49,8403.2
ITEM0006530,ORD000063,PROD0163,2,0.05,2309.14,2193.68,215.66
ITEM0006531,ORD001067,PROD0152,2,0.15,29809.88,25338.4,7043.56
ITEM0006532,ORD003344,PROD0085,1,0.05,26654.63,25321.9,9496
ITEM0006533,ORD002132,PROD0204,1,0.05,11121.95,10565.85,4161.62
ITEM0006534,ORD002219,PROD0051,1,0.1,20827.34,18744.61,2722.52
ITEM0006535,ORD000191,PROD0098,2,0.05,35292.26,33527.65,7848.89
ITEM0006536,ORD004564,PROD0163,1,0.1,1154.57,1039.11,50.1
ITEM0006537,ORD001011,PROD0151,1,0.1,3389.73,3050.76,959.58
ITEM0006538,ORD000413,PROD0045,3,0.1,49023.36,44121.02,11172.71
ITEM0006539,ORD000516,PROD0054,1,0,14295.43,14295.43,3548.89
ITEM0006540,ORD002226,PROD0061,4,0.05,9310.76,8845.22,2608.38
ITEM0006541,ORD000981,PROD0075,3,0.1,34696.2,31226.58,10740.21
ITEM0006542,ORD004504,PROD0030,2,0,17987.88,17987.88,6265.9
ITEM0006543,ORD003589,PROD0152,1,0.2,14904.94,11923.95,2776.53
ITEM0006544,ORD000174,PROD0161,1,0,5144.07,5144.07,1362.2
ITEM0006545,ORD003724,PROD0193,4,0.1,82377.44,74139.7,26659.5
ITEM0006546,ORD002784,PROD0014,3,0.05,18378.72,17459.78,6536.39
ITEM0006547,ORD001400,PROD0113,1,0.15,19139.62,16268.68,373.41
ITEM0006548,ORD001361,PROD0147,2,0.1,46022.26,41420.03,6509.09
ITEM0006549,ORD000049,PROD0037,2,0.05,38864.8,36921.56,7242.2
ITEM0006550,ORD002161,PROD0196,4,0.15,23181.8,19704.53,3203.41
ITEM0006551,ORD003354,PROD0023,2,0.1,29801.2,26821.08,6625.64
ITEM0006552,ORD003347,PROD0208,1,0.15,15180.79,12903.67,3763.39
ITEM0006553,ORD004257,PROD0190,2,0.05,34299.76,32584.77,8681.21
ITEM0006554,ORD000940,PROD0168,2,0.05,38917.32,36971.45,12279.75
ITEM0006555,ORD001971,PROD0130,1,0.1,8360.75,7524.68,1545.26
ITEM0006556,ORD002623,PROD0124,2,0.05,8439.96,8017.96,2544.46
ITEM0006557,ORD000309,PROD0063,1,0.2,11036.75,8829.4,131.27
ITEM0006558,ORD001436,PROD0107,3,0.05,42774.99,40636.24,12649.27
ITEM0006559,ORD002194,PROD0032,2,0,5055.9,5055.9,1059.04
ITEM0006560,ORD004376,PROD0054,2,0,28590.86,28590.86,7097.78
ITEM0006561,ORD003536,PROD0060,1,0.1,5374.61,4837.15,777.38
ITEM0006562,ORD000972,PROD0106,1,0.15,13006.77,11055.75,1680.6
ITEM0006563,ORD003554,PROD0106,3,0.05,39020.31,37069.29,8943.84
ITEM0006564,ORD003923,PROD0028,3,0,20766.96,20766.96,3286.44
ITEM0006565,ORD000481,PROD0203,3,0.15,41746.2,35484.27,10835.37
ITEM0006566,ORD001457,PROD0214,2,0,32734.44,32734.44,6554.64
ITEM0006567,ORD002773,PROD0134,2,0.2,50701.32,40561.06,7173.6
ITEM0006568,ORD002793,PROD0176,1,0,9424.1,9424.1,2466.11
ITEM0006569,ORD003012,PROD0135,1,0,11202.85,11202.85,2297.17
ITEM0006570,ORD000436,PROD0025,1,0,1633.66,1633.66,319.39
ITEM0006571,ORD001568,PROD0197,2,0.05,33684.2,31999.99,6317.25
ITEM0006572,ORD002768,PROD0163,2,0.25,2309.14,1731.86,-246.16
ITEM0006573,ORD004173,PROD0042,1,0,21135.45,21135.45,6854.54
ITEM0006574,ORD002218,PROD0013,2,0.15,39732.6,33772.71,6921.79
ITEM0006575,ORD001986,PROD0087,1,0.15,19245.03,16358.28,3198.66
ITEM0006576,ORD003270,PROD0127,3,0.05,83479.89,79305.9,27117.96
ITEM0006577,ORD001171,PROD0116,1,0.1,9463.74,8517.37,1651.45
ITEM0006578,ORD001476,PROD0119,2,0.1,5374.34,4836.91,463.77
ITEM0006579,ORD004555,PROD0071,3,0.1,87443.07,78698.76,27443.7
ITEM0006580,ORD003768,PROD0023,2,0.15,29801.2,25331.02,5135.58
ITEM0006581,ORD001629,PROD0217,4,0.05,43336.96,41170.11,13625.99
ITEM0006582,ORD004085,PROD0172,3,0.15,60305.58,51259.74,5551.35
ITEM0006583,ORD002852,PROD0023,1,0.15,14900.6,12665.51,2567.79
ITEM0006584,ORD002094,PROD0122,1,0,2269.53,2269.53,766.59
ITEM0006585,ORD004545,PROD0008,1,0.1,16675.42,15007.88,1028.18
ITEM0006586,ORD000774,PROD0056,1,0,12603.87,12603.87,5059.8
ITEM0006587,ORD002442,PROD0215,1,0.05,18581.05,17652,6062.68
ITEM0006588,ORD000757,PROD0213,2,0.15,37933.98,32243.88,5104.92
ITEM0006589,ORD000172,PROD0071,2,0.05,58295.38,55380.61,21210.57
ITEM0006590,ORD004646,PROD0119,2,0.1,5374.34,4836.91,463.77
ITEM0006591,ORD001202,PROD0204,1,0.1,11121.95,10009.76,3605.53
ITEM0006592,ORD002461,PROD0149,4,0.15,67222.12,57138.8,5937.48
ITEM0006593,ORD000175,PROD0024,2,0.1,26404.78,23764.3,4120.94
ITEM0006594,ORD004990,PROD0058,1,0.05,8639.1,8207.15,2405
ITEM0006595,ORD000502,PROD0067,1,0.05,9651.29,9168.73,2914.84
ITEM0006596,ORD000710,PROD0051,2,0.05,41654.68,39571.95,7527.77
ITEM0006597,ORD003632,PROD0199,1,0.05,18096.68,17191.85,6713.43
ITEM0006598,ORD003906,PROD0002,1,0.2,14642.7,11714.16,564.45
ITEM0006599,ORD003177,PROD0176,2,0.1,18848.2,16963.38,3047.4
ITEM0006600,ORD002193,PROD0219,1,0.15,27006.32,22955.37,5640.58
ITEM0006601,ORD004412,PROD0173,3,0.15,38384.85,32627.12,5079.74
ITEM0006602,ORD000254,PROD0154,2,0,8860.12,8860.12,3564.42
ITEM0006603,ORD002536,PROD0197,2,0.15,33684.2,28631.57,2948.83
ITEM0006604,ORD000581,PROD0132,1,0.05,19751.1,18763.54,5708.13
ITEM0006605,ORD003222,PROD0155,1,0.15,4402.89,3742.46,-14.49
ITEM0006606,ORD002085,PROD0066,1,0.05,2931.28,2784.72,688.18
ITEM0006607,ORD001165,PROD0218,4,0.1,1997.04,1797.34,626.98
ITEM0006608,ORD003779,PROD0044,1,0.05,21268.21,20204.8,4985.02
ITEM0006609,ORD004676,PROD0105,3,0.1,40113.99,36102.59,7872.5
ITEM0006610,ORD003308,PROD0040,1,0.25,14977.96,11233.47,1146.52
ITEM0006611,ORD000610,PROD0105,1,0.1,13371.33,12034.2,2624.17
ITEM0006612,ORD002233,PROD0150,2,0.05,28140,26733,10376.68
ITEM0006613,ORD000898,PROD0123,2,0,33212.52,33212.52,10840.1
ITEM0006614,ORD001587,PROD0018,3,0,42342.9,42342.9,15227.25
ITEM0006615,ORD003596,PROD0015,2,0.05,12154.28,11546.57,2929.55
ITEM0006616,ORD004318,PROD0097,1,0.1,10186.82,9168.14,2650.18
ITEM0006617,ORD000819,PROD0179,2,0.05,6418.56,6097.63,1840.29
ITEM0006618,ORD004545,PROD0148,1,0.05,14269.11,13555.65,3243.66
ITEM0006619,ORD002050,PROD0187,2,0.15,4052.14,3444.32,1047.52
ITEM0006620,ORD000418,PROD0207,3,0.1,66664.59,59998.13,16271.9
ITEM0006621,ORD003000,PROD0178,1,0.15,4937.23,4196.65,1014.96
ITEM0006622,ORD001302,PROD0213,1,0.05,18966.99,18018.64,4449.16
ITEM0006623,ORD002839,PROD0099,3,0.1,9662.64,8696.38,1063.69
ITEM0006624,ORD000827,PROD0175,1,0.05,13788.03,13098.63,2436.23
ITEM0006625,ORD003438,PROD0118,1,0.1,8894.09,8004.68,2404.21
ITEM0006626,ORD000919,PROD0022,3,0,23995.32,23995.32,4500.24
ITEM0006627,ORD004049,PROD0005,1,0.1,1965.77,1769.19,72.86
ITEM0006628,ORD000145,PROD0178,1,0.1,4937.23,4443.51,1261.82
ITEM0006629,ORD004643,PROD0050,2,0.1,5047.78,4543,1003.74
ITEM0006630,ORD004019,PROD0162,2,0.05,25976.26,24677.45,3942.31
ITEM0006631,ORD003353,PROD0047,1,0.15,26673.83,22672.76,4978.18
ITEM0006632,ORD001125,PROD0089,1,0,9991.19,9991.19,1862.08
ITEM0006633,ORD000232,PROD0183,2,0.15,33903.84,28818.26,4972.28
ITEM0006634,ORD001947,PROD0049,1,0.15,24110.14,20493.62,3943.13
ITEM0006635,ORD004205,PROD0166,1,0,28105.81,28105.81,10577.43
ITEM0006636,ORD004225,PROD0107,1,0.1,14258.33,12832.5,3503.51
ITEM0006637,ORD004232,PROD0190,4,0.15,68599.52,58309.59,10502.47
ITEM0006638,ORD002072,PROD0053,1,0,17914.51,17914.51,3625.67
ITEM0006639,ORD004856,PROD0155,3,0.15,13208.67,11227.37,-43.48
ITEM0006640,ORD004426,PROD0096,1,0.15,16589.06,14100.7,3168.27
ITEM0006641,ORD001015,PROD0177,2,0,39894.72,39894.72,11624.9
ITEM0006642,ORD001970,PROD0057,3,0.1,52482.75,47234.47,12916.69
ITEM0006643,ORD001780,PROD0003,2,0.05,1008.88,958.44,103.3
ITEM0006644,ORD000389,PROD0064,1,0.15,17720.44,15062.37,4926.25
ITEM0006645,ORD003444,PROD0089,2,0.15,19982.38,16985.02,726.8
ITEM0006646,ORD004647,PROD0170,3,0,17168.64,17168.64,7071.57
ITEM0006647,ORD002491,PROD0011,3,0.1,40338.3,36304.47,11289.99
ITEM0006648,ORD000004,PROD0038,3,0.1,5668.11,5101.3,671.5
ITEM0006649,ORD004002,PROD0010,2,0.15,24205.04,20574.28,6623.12
ITEM0006650,ORD004898,PROD0012,2,0.1,24357.5,21921.75,7815.59
ITEM0006651,ORD001172,PROD0175,3,0.15,41364.09,35159.48,3172.28
ITEM0006652,ORD004618,PROD0002,1,0.05,14642.7,13910.57,2760.86
ITEM0006653,ORD004954,PROD0220,1,0.1,24256.9,21831.21,4616.4
ITEM0006654,ORD004714,PROD0029,1,0.05,13719.5,13033.52,3562.19
ITEM0006655,ORD004274,PROD0108,3,0.1,28838.49,25954.64,4316.03
ITEM0006656,ORD004431,PROD0049,1,0.1,24110.14,21699.13,5148.64
ITEM0006657,ORD003397,PROD0021,1,0.05,20513.07,19487.42,4972.41
ITEM0006658,ORD003647,PROD0172,4,0.2,80407.44,64325.95,3381.43
ITEM0006659,ORD003731,PROD0182,1,0.05,27036.96,25685.11,9705.38
ITEM0006660,ORD003368,PROD0184,4,0.1,22363.2,20126.88,5781.48
ITEM0006661,ORD002451,PROD0173,2,0.1,25589.9,23030.91,4665.99
ITEM0006662,ORD000814,PROD0092,3,0.15,25692.93,21838.99,4530.4
ITEM0006663,ORD003786,PROD0139,2,0,36159.54,36159.54,13039.78
ITEM0006664,ORD002170,PROD0025,2,0.05,3267.32,3103.95,475.41
ITEM0006665,ORD001343,PROD0204,1,0.15,11121.95,9453.66,3049.43
ITEM0006666,ORD000291,PROD0093,1,0.1,9683.07,8714.76,2943.41
ITEM0006667,ORD003871,PROD0087,4,0,76980.12,76980.12,24341.64
ITEM0006668,ORD003523,PROD0042,1,0.15,21135.45,17965.13,3684.22
ITEM0006669,ORD004377,PROD0021,2,0.2,41026.14,32820.91,3790.89
ITEM0006670,ORD004397,PROD0137,2,0.2,33887.36,27109.89,519.03
ITEM0006671,ORD003621,PROD0133,4,0.15,51304.92,43609.18,12677.98
ITEM0006672,ORD000205,PROD0026,1,0.1,13275.14,11947.63,3730.53
ITEM0006673,ORD004727,PROD0052,2,0,30732.98,30732.98,10126.72
ITEM0006674,ORD002281,PROD0215,2,0.05,37162.1,35303.99,12125.35
ITEM0006675,ORD001379,PROD0006,1,0.05,20518.66,19492.73,5332.53
ITEM0006676,ORD004407,PROD0220,1,0.1,24256.9,21831.21,4616.4
ITEM0006677,ORD001430,PROD0140,2,0.2,16164.78,12931.82,2009.64
ITEM0006678,ORD002545,PROD0005,1,0,1965.77,1965.77,269.44
ITEM0006679,ORD003890,PROD0137,1,0.15,16943.68,14402.13,1106.7
ITEM0006680,ORD002931,PROD0216,1,0.15,9615.86,8173.48,947.97
ITEM0006681,ORD001767,PROD0106,2,0.1,26013.54,23412.19,4661.89
ITEM0006682,ORD001862,PROD0060,1,0.1,5374.61,4837.15,777.38
ITEM0006683,ORD000095,PROD0062,1,0.15,2328.45,1979.18,374.56
ITEM0006684,ORD002539,PROD0102,2,0.05,41439.32,39367.35,14554.35
ITEM0006685,ORD002040,PROD0195,1,0,11548.65,11548.65,3325.9
ITEM0006686,ORD000345,PROD0153,1,0.2,8892.34,7113.87,938.99
ITEM0006687,ORD003171,PROD0144,1,0.1,23651.6,21286.44,5220.75
ITEM0006688,ORD001542,PROD0015,2,0.1,12154.28,10938.85,2321.83
ITEM0006689,ORD000025,PROD0147,2,0.1,46022.26,41420.03,6509.09
ITEM0006690,ORD004679,PROD0157,2,0.25,20379.08,15284.31,3179.21
ITEM0006691,ORD004104,PROD0217,2,0.2,21668.48,17334.78,3562.72
ITEM0006692,ORD002285,PROD0102,1,0,20719.66,20719.66,8313.16
ITEM0006693,ORD000158,PROD0153,2,0,17784.68,17784.68,5434.92
ITEM0006694,ORD000325,PROD0056,2,0.05,25207.74,23947.35,8859.21
ITEM0006695,ORD001336,PROD0082,1,0.05,1349.68,1282.2,489.84
ITEM0006696,ORD000565,PROD0015,4,0.15,24308.56,20662.28,3428.24
ITEM0006697,ORD004875,PROD0009,1,0,24251.57,24251.57,9526.44
ITEM0006698,ORD003717,PROD0195,3,0.1,34645.95,31181.35,6513.1
ITEM0006699,ORD002814,PROD0096,1,0.15,16589.06,14100.7,3168.27
ITEM0006700,ORD002104,PROD0077,1,0.05,14444.47,13722.25,5310.15
ITEM0006701,ORD003132,PROD0175,1,0.2,13788.03,11030.42,368.02
ITEM0006702,ORD003067,PROD0187,1,0,2026.07,2026.07,827.67
ITEM0006703,ORD003056,PROD0112,1,0.2,9574.88,7659.9,536.14
ITEM0006704,ORD001536,PROD0006,1,0.1,20518.66,18466.79,4306.59
ITEM0006705,ORD004430,PROD0146,1,0.2,5951.75,4761.4,949.34
ITEM0006706,ORD001738,PROD0145,2,0.05,40008.1,38007.69,7917.51
ITEM0006707,ORD003765,PROD0008,1,0.05,16675.42,15841.65,1861.95
ITEM0006708,ORD003917,PROD0182,1,0.15,27036.96,22981.42,7001.69
ITEM0006709,ORD003739,PROD0048,1,0.15,7008.44,5957.17,495.19
ITEM0006710,ORD001251,PROD0188,1,0.25,2699.06,2024.3,-21.49
ITEM0006711,ORD001584,PROD0213,2,0.05,37933.98,36037.28,8898.32
ITEM0006712,ORD003814,PROD0124,3,0.1,12659.94,11393.95,3183.7
ITEM0006713,ORD003899,PROD0157,4,0.2,40758.16,32606.53,8396.33
ITEM0006714,ORD003179,PROD0140,1,0.15,8082.39,6870.03,1408.94
ITEM0006715,ORD002272,PROD0030,4,0.05,35975.76,34176.97,10733.01
ITEM0006716,ORD002318,PROD0040,1,0.25,14977.96,11233.47,1146.52
ITEM0006717,ORD004951,PROD0131,4,0.15,12948.48,11006.21,2851.41
ITEM0006718,ORD003988,PROD0113,1,0.15,19139.62,16268.68,373.41
ITEM0006719,ORD002342,PROD0112,2,0.1,19149.76,17234.78,2987.26
ITEM0006720,ORD003597,PROD0141,1,0.15,9820.32,8347.27,2150.07
ITEM0006721,ORD003004,PROD0023,2,0.1,29801.2,26821.08,6625.64
ITEM0006722,ORD002270,PROD0036,1,0.05,10450.84,9928.3,3380.51
ITEM0006723,ORD003162,PROD0138,2,0.15,2434.62,2069.43,278.99
ITEM0006724,ORD004584,PROD0093,1,0.05,9683.07,9198.92,3427.57
ITEM0006725,ORD001504,PROD0171,2,0.25,20968.6,15726.45,-1905.79
ITEM0006726,ORD001703,PROD0084,1,0.1,7491.09,6741.98,2429.19
ITEM0006727,ORD003937,PROD0136,1,0.05,20289.27,19274.81,1646.51
ITEM0006728,ORD000557,PROD0071,1,0.2,29147.69,23318.15,6233.13
ITEM0006729,ORD003975,PROD0113,1,0.2,19139.62,15311.7,-583.57
ITEM0006730,ORD001613,PROD0150,1,0.15,14070,11959.5,3781.34
ITEM0006731,ORD000150,PROD0050,1,0.1,2523.89,2271.5,501.87
ITEM0006732,ORD001467,PROD0128,1,0.1,18612.47,16751.22,2899.49
ITEM0006733,ORD003426,PROD0015,3,0.1,18231.42,16408.28,3482.75
ITEM0006734,ORD004142,PROD0204,2,0.05,22243.9,21131.71,8323.25
ITEM0006735,ORD002317,PROD0187,3,0.2,6078.21,4862.57,1267.37
ITEM0006736,ORD002708,PROD0176,2,0.1,18848.2,16963.38,3047.4
ITEM0006737,ORD002658,PROD0121,2,0.05,13057.16,12404.3,3718.74
ITEM0006738,ORD001438,PROD0037,3,0.1,58297.2,52467.48,7948.44
ITEM0006739,ORD002146,PROD0198,1,0,797.03,797.03,117.39
ITEM0006740,ORD003316,PROD0220,1,0,24256.9,24256.9,7042.09
ITEM0006741,ORD001907,PROD0022,1,0.05,7998.44,7598.52,1100.16
ITEM0006742,ORD000588,PROD0174,3,0.15,35941.95,30550.66,412.03
ITEM0006743,ORD001027,PROD0161,2,0.1,10288.14,9259.33,1695.59
ITEM0006744,ORD003968,PROD0160,1,0.15,6180.13,5253.11,287.15
ITEM0006745,ORD003524,PROD0170,1,0.05,5722.88,5436.74,2071.05
ITEM0006746,ORD000886,PROD0164,1,0.15,8356.56,7103.08,148.97
ITEM0006747,ORD000435,PROD0201,2,0.1,27263,24536.7,7444.04
ITEM0006748,ORD002867,PROD0146,1,0.1,5951.75,5356.57,1544.51
ITEM0006749,ORD000304,PROD0028,5,0.15,34611.6,29419.86,285.66
ITEM0006750,ORD002743,PROD0095,2,0,7079.22,7079.22,1473.08
ITEM0006751,ORD003176,PROD0079,1,0,8940.37,8940.37,3618.85
ITEM0006752,ORD003161,PROD0096,1,0.1,16589.06,14930.15,3997.72
ITEM0006753,ORD004925,PROD0093,2,0.1,19366.14,17429.53,5886.83
ITEM0006754,ORD001603,PROD0082,1,0.1,1349.68,1214.71,422.35
ITEM0006755,ORD001144,PROD0002,4,0,58570.8,58570.8,13971.96
ITEM0006756,ORD003794,PROD0184,1,0.05,5590.8,5311.26,1724.91
ITEM0006757,ORD000662,PROD0129,1,0,18062.74,18062.74,2870.63
ITEM0006758,ORD002278,PROD0154,1,0,4430.06,4430.06,1782.21
ITEM0006759,ORD004372,PROD0066,1,0.1,2931.28,2638.15,541.61
ITEM0006760,ORD002727,PROD0093,1,0.1,9683.07,8714.76,2943.41
ITEM0006761,ORD002377,PROD0176,2,0,18848.2,18848.2,4932.22
ITEM0006762,ORD001479,PROD0059,3,0,13173.09,13173.09,4697.19
ITEM0006763,ORD001044,PROD0170,2,0,11445.76,11445.76,4714.38
ITEM0006764,ORD001975,PROD0107,1,0.15,14258.33,12119.58,2790.59
ITEM0006765,ORD002152,PROD0160,1,0.05,6180.13,5871.12,905.16
ITEM0006766,ORD004203,PROD0165,1,0.05,14878.45,14134.53,3010.16
ITEM0006767,ORD004919,PROD0133,3,0.1,38478.69,34630.82,11432.42
ITEM0006768,ORD001133,PROD0148,5,0.1,71345.55,64211,12651.05
ITEM0006769,ORD002586,PROD0131,1,0.05,3237.12,3075.26,1036.56
ITEM0006770,ORD001161,PROD0122,1,0.1,2269.53,2042.58,539.64
ITEM0006771,ORD003820,PROD0014,2,0.05,12252.48,11639.86,4357.6
ITEM0006772,ORD002449,PROD0101,3,0.1,6476.07,5828.46,2032.98
ITEM0006773,ORD002849,PROD0145,2,0.1,40008.1,36007.29,5917.11
ITEM0006774,ORD000239,PROD0155,1,0.05,4402.89,4182.75,425.8
ITEM0006775,ORD000231,PROD0147,1,0.1,23011.13,20710.02,3254.55
ITEM0006776,ORD000448,PROD0209,1,0.2,6536.37,5229.1,217.21
ITEM0006777,ORD003488,PROD0075,1,0.25,11565.4,8674.05,1845.26
ITEM0006778,ORD004113,PROD0137,4,0.1,67774.72,60997.25,7815.53
ITEM0006779,ORD004094,PROD0046,5,0.05,46419.7,44098.72,11441.97
ITEM0006780,ORD002462,PROD0100,3,0.2,65874.3,52699.44,1376.79
ITEM0006781,ORD000673,PROD0037,2,0.1,38864.8,34978.32,5298.96
ITEM0006782,ORD001146,PROD0176,4,0.1,37696.4,33926.76,6094.8
ITEM0006783,ORD001416,PROD0118,1,0.05,8894.09,8449.39,2848.92
ITEM0006784,ORD004646,PROD0212,1,0.1,7472.6,6725.34,501.5
ITEM0006785,ORD000656,PROD0037,1,0.05,19432.4,18460.78,3621.1
ITEM0006786,ORD000607,PROD0088,2,0.25,22581.18,16935.89,1818.67
ITEM0006787,ORD004160,PROD0091,1,0.05,13201.67,12541.59,4754.84
ITEM0006788,ORD002285,PROD0009,1,0.15,24251.57,20613.83,5888.7
ITEM0006789,ORD003177,PROD0172,1,0.25,20101.86,15076.4,-159.73
ITEM0006790,ORD004003,PROD0003,1,0.1,504.44,454,26.43
ITEM0006791,ORD003703,PROD0128,1,0,18612.47,18612.47,4760.74
ITEM0006792,ORD000442,PROD0193,1,0,20594.36,20594.36,8724.31
ITEM0006793,ORD003531,PROD0007,1,0.05,9933.55,9436.87,3438.81
ITEM0006794,ORD003804,PROD0131,2,0.05,6474.24,6150.53,2073.13
ITEM0006795,ORD003492,PROD0120,4,0.2,1731.12,1384.9,189.86
ITEM0006796,ORD002537,PROD0109,1,0.1,11612.58,10451.32,2800.8
ITEM0006797,ORD000636,PROD0199,1,0.15,18096.68,15382.18,4903.76
ITEM0006798,ORD001711,PROD0036,1,0.05,10450.84,9928.3,3380.51
ITEM0006799,ORD002900,PROD0208,1,0.1,15180.79,13662.71,4522.43
ITEM0006800,ORD003561,PROD0124,1,0.15,4219.98,3586.98,850.23
ITEM0006801,ORD004490,PROD0088,2,0,22581.18,22581.18,7463.96
ITEM0006802,ORD003464,PROD0191,1,0.05,18802.59,17862.46,2730.33
ITEM0006803,ORD003438,PROD0140,1,0.05,8082.39,7678.27,2217.18
ITEM0006804,ORD000764,PROD0035,2,0.15,55140.88,46869.75,13435.77
ITEM0006805,ORD001223,PROD0092,4,0.05,34257.24,32544.38,9466.26
ITEM0006806,ORD004108,PROD0129,2,0.05,36125.48,34319.21,3934.99
ITEM0006807,ORD001380,PROD0177,1,0.1,19947.36,17952.62,3817.71
ITEM0006808,ORD000979,PROD0069,1,0.2,1450.9,1160.72,276.51
ITEM0006809,ORD002703,PROD0120,1,0.1,432.78,389.5,90.74
ITEM0006810,ORD000480,PROD0118,1,0.1,8894.09,8004.68,2404.21
ITEM0006811,ORD001528,PROD0216,3,0.05,28847.58,27405.2,5728.67
ITEM0006812,ORD002815,PROD0077,2,0.2,28888.94,23111.15,6286.95
ITEM0006813,ORD002670,PROD0168,2,0.1,38917.32,35025.59,10333.89
ITEM0006814,ORD000845,PROD0060,3,0.05,16123.83,15317.64,3138.33
ITEM0006815,ORD003402,PROD0205,2,0.1,37821.12,34039.01,8968.37
ITEM0006816,ORD000960,PROD0173,1,0.05,12794.95,12155.2,2972.74
ITEM0006817,ORD003172,PROD0206,1,0.1,1692.87,1523.58,342.97
ITEM0006818,ORD003517,PROD0060,2,0.05,10749.22,10211.76,2092.22
ITEM0006819,ORD003502,PROD0136,1,0.1,20289.27,18260.34,632.04
ITEM0006820,ORD000816,PROD0207,1,0.1,22221.53,19999.38,5423.97
ITEM0006821,ORD001576,PROD0220,1,0.1,24256.9,21831.21,4616.4
ITEM0006822,ORD004125,PROD0183,1,0.05,16951.92,16104.32,4181.33
ITEM0006823,ORD001536,PROD0178,3,0.05,14811.69,14071.11,4526.04
ITEM0006824,ORD001535,PROD0126,2,0.1,36775.4,33097.86,8850.14
ITEM0006825,ORD003186,PROD0079,1,0.15,8940.37,7599.31,2277.79
ITEM0006826,ORD001418,PROD0061,2,0.1,4655.38,4189.84,1071.42
ITEM0006827,ORD001331,PROD0219,1,0.15,27006.32,22955.37,5640.58
ITEM0006828,ORD000255,PROD0126,1,0.25,18387.7,13790.78,1666.92
ITEM0006829,ORD002520,PROD0146,4,0,23807,23807,8558.76
ITEM0006830,ORD002564,PROD0149,2,0,33611.06,33611.06,8010.4
ITEM0006831,ORD000959,PROD0145,3,0.1,60012.15,54010.93,8875.66
ITEM0006832,ORD002189,PROD0057,2,0.25,34988.5,26241.38,3362.86
ITEM0006833,ORD001964,PROD0089,1,0.05,9991.19,9491.63,1362.52
ITEM0006834,ORD002731,PROD0202,1,0,18724.77,18724.77,7659.11
ITEM0006835,ORD000634,PROD0031,3,0.25,4441.77,3331.33,737.86
ITEM0006836,ORD003864,PROD0002,2,0.2,29285.4,23428.32,1128.9
ITEM0006837,ORD000329,PROD0138,3,0,3651.93,3651.93,966.27
ITEM0006838,ORD000452,PROD0092,1,0.15,8564.31,7279.66,1510.13
ITEM0006839,ORD000349,PROD0139,2,0.1,36159.54,32543.59,9423.83
ITEM0006840,ORD002944,PROD0099,5,0,16104.4,16104.4,3383.25
ITEM0006841,ORD004680,PROD0136,1,0.1,20289.27,18260.34,632.04
ITEM0006842,ORD000581,PROD0218,1,0.15,499.26,424.37,131.78
ITEM0006843,ORD000128,PROD0024,1,0.15,13202.39,11222.03,1400.35
ITEM0006844,ORD001486,PROD0068,3,0.15,58197.06,49467.5,16099.46
ITEM0006845,ORD004631,PROD0158,2,0.15,1550.04,1317.53,351.83
ITEM0006846,ORD003991,PROD0050,2,0.15,5047.78,4290.61,751.35
ITEM0006847,ORD003431,PROD0083,1,0.1,15580.33,14022.3,602.82
ITEM0006848,ORD004349,PROD0162,2,0.05,25976.26,24677.45,3942.31
ITEM0006849,ORD003520,PROD0200,1,0.1,10068.26,9061.43,649.77
ITEM0006850,ORD001613,PROD0032,1,0.05,2527.95,2401.55,403.12
ITEM0006851,ORD002854,PROD0014,1,0.05,6126.24,5819.93,2178.8
ITEM0006852,ORD002788,PROD0004,1,0.2,6291.1,5032.88,-102.61
ITEM0006853,ORD001633,PROD0033,2,0.15,34790.66,29572.06,5832.16
ITEM0006854,ORD000499,PROD0177,2,0.05,39894.72,37899.98,9630.16
ITEM0006855,ORD002256,PROD0023,2,0.2,29801.2,23840.96,3645.52
ITEM0006856,ORD004985,PROD0209,1,0.15,6536.37,5555.91,544.02
ITEM0006857,ORD002572,PROD0111,3,0.05,14869.32,14125.85,4221.35
ITEM0006858,ORD003406,PROD0097,1,0.15,10186.82,8658.8,2140.84
ITEM0006859,ORD002084,PROD0106,2,0.2,26013.54,20810.83,2060.53
ITEM0006860,ORD002278,PROD0043,2,0.05,29134.48,27677.76,8382.76
ITEM0006861,ORD000143,PROD0002,4,0.15,58570.8,49785.18,5186.34
ITEM0006862,ORD000899,PROD0055,2,0.2,3518.26,2814.61,-158.01
ITEM0006863,ORD002156,PROD0049,1,0.05,24110.14,22904.63,6354.14
ITEM0006864,ORD000800,PROD0005,2,0.05,3931.54,3734.96,342.3
ITEM0006865,ORD001461,PROD0049,4,0,96440.56,96440.56,30238.6
ITEM0006866,ORD004442,PROD0177,1,0.1,19947.36,17952.62,3817.71
ITEM0006867,ORD001348,PROD0165,2,0.15,29756.9,25293.37,3044.63
ITEM0006868,ORD001713,PROD0185,1,0.05,28315.81,26900.02,10360.47
ITEM0006869,ORD000948,PROD0088,1,0.1,11290.59,10161.53,2602.92
ITEM0006870,ORD003317,PROD0095,1,0.25,3539.61,2654.71,-148.36
ITEM0006871,ORD003581,PROD0021,1,0.1,20513.07,18461.76,3946.75
ITEM0006872,ORD000293,PROD0005,3,0.1,5897.31,5307.58,218.59
ITEM0006873,ORD001005,PROD0136,3,0,60867.81,60867.81,7982.91
ITEM0006874,ORD002197,PROD0128,2,0.05,37224.94,35363.69,7660.23
ITEM0006875,ORD001764,PROD0161,4,0.2,20576.28,16461.02,1333.54
ITEM0006876,ORD004164,PROD0171,2,0.05,20968.6,19920.17,2287.93
ITEM0006877,ORD001052,PROD0102,4,0.1,82878.64,74590.78,24964.78
ITEM0006878,ORD003186,PROD0058,1,0.05,8639.1,8207.15,2405
ITEM0006879,ORD002848,PROD0163,1,0.1,1154.57,1039.11,50.1
ITEM0006880,ORD000155,PROD0129,1,0.1,18062.74,16256.47,1064.36
ITEM0006881,ORD002773,PROD0118,1,0.2,8894.09,7115.27,1514.8
ITEM0006882,ORD001737,PROD0029,1,0.15,13719.5,11661.57,2190.24
ITEM0006883,ORD004519,PROD0035,4,0.1,110281.76,99253.58,32385.62
ITEM0006884,ORD004404,PROD0072,1,0.05,10173.22,9664.56,3433.14
ITEM0006885,ORD002619,PROD0005,1,0.05,1965.77,1867.48,171.15
ITEM0006886,ORD004438,PROD0023,1,0.05,14900.6,14155.57,4057.85
ITEM0006887,ORD002444,PROD0219,1,0.2,27006.32,21605.06,4290.27
ITEM0006888,ORD001450,PROD0158,1,0.2,775.02,620.02,137.17
ITEM0006889,ORD002293,PROD0083,1,0,15580.33,15580.33,2160.85
ITEM0006890,ORD003677,PROD0064,1,0.15,17720.44,15062.37,4926.25
ITEM0006891,ORD000312,PROD0018,1,0.05,14114.3,13408.58,4370.03
ITEM0006892,ORD003291,PROD0012,1,0.15,12178.75,10351.94,3298.86
ITEM0006893,ORD004629,PROD0125,1,0.1,7231.98,6508.78,495.27
ITEM0006894,ORD001909,PROD0021,2,0.1,41026.14,36923.53,7893.51
ITEM0006895,ORD003180,PROD0043,2,0.1,29134.48,26221.03,6926.03
ITEM0006896,ORD002569,PROD0108,3,0.2,28838.49,23070.79,1432.18
ITEM0006897,ORD004898,PROD0156,2,0.15,525.3,446.5,139.2
ITEM0006898,ORD003558,PROD0178,1,0,4937.23,4937.23,1755.54
ITEM0006899,ORD003553,PROD0158,3,0,2325.06,2325.06,876.51
ITEM0006900,ORD002945,PROD0099,1,0.15,3220.88,2737.75,193.52
ITEM0006901,ORD000696,PROD0210,2,0.1,52229.6,47006.64,14227.52
ITEM0006902,ORD004511,PROD0148,1,0,14269.11,14269.11,3957.12
ITEM0006903,ORD000143,PROD0124,1,0.1,4219.98,3797.98,1061.23
ITEM0006904,ORD001798,PROD0093,2,0.05,19366.14,18397.83,6855.13
ITEM0006905,ORD004794,PROD0127,1,0.25,27826.63,20869.97,3473.99
ITEM0006906,ORD003092,PROD0051,1,0.05,20827.34,19785.97,3763.88
ITEM0006907,ORD001103,PROD0129,2,0.1,36125.48,32512.93,2128.71
ITEM0006908,ORD004743,PROD0025,1,0.1,1633.66,1470.29,156.02
ITEM0006909,ORD003891,PROD0082,2,0.1,2699.36,2429.42,844.7
ITEM0006910,ORD001786,PROD0065,3,0.1,20492.58,18443.32,3889.33
ITEM0006911,ORD004846,PROD0098,4,0.1,70584.52,63526.07,12168.55
ITEM0006912,ORD001390,PROD0045,1,0.15,16341.12,13889.95,2907.18
ITEM0006913,ORD004652,PROD0195,2,0,23097.3,23097.3,6651.8
ITEM0006914,ORD002811,PROD0136,2,0,40578.54,40578.54,5321.94
ITEM0006915,ORD001624,PROD0205,3,0.1,56731.68,51058.51,13452.55
ITEM0006916,ORD004521,PROD0199,1,0.1,18096.68,16287.01,5808.59
ITEM0006917,ORD002013,PROD0066,2,0.1,5862.56,5276.3,1083.22
ITEM0006918,ORD000322,PROD0130,1,0.15,8360.75,7106.64,1127.22
ITEM0006919,ORD002378,PROD0143,3,0.05,66262.17,62949.06,19848.66
ITEM0006920,ORD000700,PROD0156,3,0.2,787.95,630.36,169.41
ITEM0006921,ORD003610,PROD0186,5,0.2,79807.4,63845.92,11233.57
ITEM0006922,ORD003625,PROD0130,2,0.05,16721.5,15885.42,3926.58
ITEM0006923,ORD004069,PROD0150,3,0.1,42210,37989,13454.52
ITEM0006924,ORD001540,PROD0036,4,0.1,41803.36,37623.02,11431.86
ITEM0006925,ORD004563,PROD0023,1,0.1,14900.6,13410.54,3312.82
ITEM0006926,ORD004023,PROD0116,2,0,18927.48,18927.48,5195.64
ITEM0006927,ORD001851,PROD0073,1,0,9607.45,9607.45,3580.22
ITEM0006928,ORD004026,PROD0057,1,0.1,17494.25,15744.83,4305.57
ITEM0006929,ORD002617,PROD0117,2,0.05,7384.12,7014.91,1044.39
ITEM0006930,ORD003881,PROD0161,2,0.1,10288.14,9259.33,1695.59
ITEM0006931,ORD004330,PROD0002,1,0,14642.7,14642.7,3492.99
ITEM0006932,ORD000126,PROD0212,1,0.05,7472.6,7098.97,875.13
ITEM0006933,ORD001381,PROD0185,1,0.15,28315.81,24068.44,7528.89
ITEM0006934,ORD004824,PROD0005,1,0,1965.77,1965.77,269.44
ITEM0006935,ORD000768,PROD0187,3,0.05,6078.21,5774.3,2179.1
ITEM0006936,ORD004676,PROD0042,1,0.1,21135.45,19021.91,4741
ITEM0006937,ORD004576,PROD0186,3,0.1,47884.44,43096,11528.59
ITEM0006938,ORD003819,PROD0197,1,0,16842.1,16842.1,4000.73
ITEM0006939,ORD002365,PROD0064,2,0.15,35440.88,30124.75,9852.51
ITEM0006940,ORD002368,PROD0083,1,0.1,15580.33,14022.3,602.82
ITEM0006941,ORD002542,PROD0110,2,0.2,25793.74,20634.99,3860.33
ITEM0006942,ORD003059,PROD0177,2,0.15,39894.72,33910.51,5640.69
ITEM0006943,ORD001607,PROD0053,3,0.2,53743.53,42994.82,128.3
ITEM0006944,ORD003631,PROD0080,1,0,23452.42,23452.42,7175.03
ITEM0006945,ORD004838,PROD0027,1,0.1,24200.54,21780.49,5878.34
ITEM0006946,ORD000973,PROD0155,1,0.1,4402.89,3962.6,205.65
ITEM0006947,ORD000123,PROD0131,2,0.05,6474.24,6150.53,2073.13
ITEM0006948,ORD004278,PROD0034,3,0.05,30173.34,28664.67,8729.49
ITEM0006949,ORD003458,PROD0032,2,0.1,5055.9,4550.31,553.45
ITEM0006950,ORD004757,PROD0097,2,0,20373.64,20373.64,7337.72
ITEM0006951,ORD003089,PROD0104,1,0.1,12239.72,11015.75,3872.57
ITEM0006952,ORD000969,PROD0099,2,0.1,6441.76,5797.58,709.12
ITEM0006953,ORD004642,PROD0041,2,0.25,38241.34,28681,4347.18
ITEM0006954,ORD003712,PROD0173,1,0.15,12794.95,10875.71,1693.25
ITEM0006955,ORD003477,PROD0179,2,0.05,6418.56,6097.63,1840.29
ITEM0006956,ORD002429,PROD0138,2,0.05,2434.62,2312.89,522.45
ITEM0006957,ORD004892,PROD0116,1,0.2,9463.74,7570.99,705.07
ITEM0006958,ORD004919,PROD0119,1,0.1,2687.17,2418.45,231.88
ITEM0006959,ORD004154,PROD0005,1,0.1,1965.77,1769.19,72.86
ITEM0006960,ORD000279,PROD0188,3,0.1,8097.18,7287.46,1150.09
ITEM0006961,ORD001575,PROD0168,2,0.15,38917.32,33079.72,8388.02
ITEM0006962,ORD001926,PROD0215,3,0.1,55743.15,50168.83,15400.87
ITEM0006963,ORD002286,PROD0120,2,0.1,865.56,779,181.48
ITEM0006964,ORD001440,PROD0112,1,0.1,9574.88,8617.39,1493.63
ITEM0006965,ORD002768,PROD0115,1,0.05,2532.67,2406.04,797.35
ITEM0006966,ORD004462,PROD0095,1,0.1,3539.61,3185.65,382.58
ITEM0006967,ORD002945,PROD0040,1,0.1,14977.96,13480.16,3393.21
ITEM0006968,ORD001722,PROD0035,1,0.05,27570.44,26191.92,9474.93
ITEM0006969,ORD002722,PROD0132,2,0.1,39502.2,35551.98,9441.16
ITEM0006970,ORD004783,PROD0043,2,0.1,29134.48,26221.03,6926.03
ITEM0006971,ORD000124,PROD0043,5,0.15,72836.2,61910.77,13673.27
ITEM0006972,ORD001282,PROD0151,2,0.05,6779.46,6440.49,2258.13
ITEM0006973,ORD004096,PROD0102,2,0.05,41439.32,39367.35,14554.35
ITEM0006974,ORD004195,PROD0134,2,0.1,50701.32,45631.19,12243.73
ITEM0006975,ORD000262,PROD0113,2,0.1,38279.24,34451.32,2660.78
ITEM0006976,ORD000561,PROD0214,2,0.1,32734.44,29461,3281.2
ITEM0006977,ORD000084,PROD0107,1,0.1,14258.33,12832.5,3503.51
ITEM0006978,ORD000681,PROD0089,2,0.05,19982.38,18983.26,2725.04
ITEM0006979,ORD002512,PROD0076,2,0.1,2940.18,2646.16,331.82
ITEM0006980,ORD004031,PROD0080,3,0.1,70357.26,63321.53,14489.36
ITEM0006981,ORD004473,PROD0074,2,0.05,30215.92,28705.12,8876.12
ITEM0006982,ORD001017,PROD0029,2,0.15,27439,23323.15,4380.49
ITEM0006983,ORD001298,PROD0076,2,0.1,2940.18,2646.16,331.82
ITEM0006984,ORD004799,PROD0097,1,0.05,10186.82,9677.48,3159.52
ITEM0006985,ORD003062,PROD0213,2,0.15,37933.98,32243.88,5104.92
ITEM0006986,ORD000386,PROD0158,1,0.1,775.02,697.52,214.67
ITEM0006987,ORD001158,PROD0162,2,0.1,25976.26,23378.63,2643.49
ITEM0006988,ORD003210,PROD0117,1,0,3692.06,3692.06,706.8
ITEM0006989,ORD004972,PROD0098,1,0.1,17646.13,15881.52,3042.14
ITEM0006990,ORD000466,PROD0022,3,0.05,23995.32,22795.55,3300.47
ITEM0006991,ORD000828,PROD0096,3,0.05,49767.18,47278.82,14481.53
ITEM0006992,ORD003677,PROD0016,1,0.15,9295,7900.75,727.87
ITEM0006993,ORD000628,PROD0131,1,0.1,3237.12,2913.41,874.71
ITEM0006994,ORD000060,PROD0069,2,0.15,2901.8,2466.53,698.11
ITEM0006995,ORD004689,PROD0206,2,0.15,3385.74,2877.88,516.66
ITEM0006996,ORD000370,PROD0122,3,0.2,6808.59,5446.87,938.05
ITEM0006997,ORD004983,PROD0141,4,0.25,39281.28,29460.96,4672.16
ITEM0006998,ORD001228,PROD0045,1,0,16341.12,16341.12,5358.35
ITEM0006999,ORD004549,PROD0150,2,0,28140,28140,11783.68
ITEM0007000,ORD000287,PROD0049,3,0.05,72330.42,68713.9,19062.43
ITEM0000026,ORD001084,PROD0122,2,0.25,4539.06,3404.3,398.42
