order_id,payment_method,payment_status,transaction_date,order_amount
ORD000001,UPI,Paid,2026-05-29,43468.18
ORD000002,Net Banking,Paid,2025-11-02,13209.76
ORD000003,Debit Card,Refunded,2026-01-21,4751.61
ORD000004,UPI,Paid,2024-11-17,4812.69
ORD000005,Net Banking,Paid,2025-02-26,12018.4
ORD000006,UPI,Paid,2026-01-13,46893.56
ORD000007,Debit Card,Paid,2024-02-28,28549.58
ORD000008,UPI,Paid,2024-05-03,32738.56
ORD000009,UPI,Paid,2026-07-11,10794.24
ORD000010,Debit Card,Paid,2024-07-08,29406.99
ORD000011,Net Banking,Paid,2025-04-09,10218.58
ORD000012,Wallet,Paid,2026-02-27,19241.56
ORD000013,COD,Paid,2024-03-05,39093.21
ORD000014,UPI,Paid,2026-04-13,29351.01
ORD000015,Credit Card,Paid,2024-07-24,36777.78
ORD000016,Debit Card,Paid,2026-02-26,5205.71
ORD000017,UPI,Paid,2026-01-02,41002.71
ORD000018,Credit Card,Paid,2024-09-13,21710.55
ORD000019,UPI,Paid,2024-01-01,48941.06
ORD000020,Credit Card,Paid,2026-07-15,1816.42
ORD000021,Wallet,Paid,2025-05-18,21014.6
ORD000022,UPI,Paid,2026-03-16,31198.41
ORD000023,Debit Card,Paid,2026-04-17,36716.91
ORD000024,Debit Card,Refunded,2024-12-07,36058.68
ORD000025,COD,Paid,2024-04-03,33423.81
ORD000026,UPI,Paid,2025-04-16,32701.08
ORD000027,Credit Card,Paid,2025-01-28,6943.51
ORD000028,COD,Refunded,2025-12-07,34972.74
ORD000029,UPI,Paid,2024-07-13,7383.16
ORD000030,Wallet,Paid,2024-09-02,25866.03
ORD000031,Wallet,Paid,2025-05-27,46726.28
ORD000032,Credit Card,Paid,2024-01-18,22417.66
ORD000033,Debit Card,Paid,2025-02-20,15327.59
ORD000034,Debit Card,Paid,2026-08-21,29161.82
ORD000035,UPI,Paid,2024-02-08,19023.36
ORD000036,Debit Card,Paid,2025-09-25,46143.55
ORD000037,Wallet,Paid,2025-10-09,1865.65
ORD000038,UPI,Paid,2025-09-17,21725.61
ORD000039,Debit Card,Paid,2024-04-27,6683.15
ORD000040,Wallet,Refunded,2024-07-27,12890.94
ORD000041,Net Banking,Paid,2025-02-15,37698.09
ORD000042,Debit Card,Paid,2024-11-25,1555.85
ORD000043,Credit Card,Paid,2024-05-04,2282.35
ORD000044,COD,Paid,2025-07-20,40175.91
ORD000045,UPI,Paid,2024-04-12,4558.99
ORD000046,UPI,Paid,2024-01-08,47986.4
ORD000047,Wallet,Paid,2026-06-27,30085.41
ORD000048,Debit Card,Paid,2025-12-10,30811.72
ORD000049,Debit Card,Paid,2025-02-26,11985.59
ORD000050,UPI,Paid,2024-07-03,2089.4
ORD000051,Debit Card,Paid,2024-11-05,27333.64
ORD000052,COD,Paid,2025-06-27,8501.72
ORD000053,Debit Card,Paid,2025-06-03,21124.04
ORD000054,UPI,Paid,2024-02-24,14842.85
ORD000055,UPI,Paid,2026-07-23,29344.02
ORD000056,Credit Card,Paid,2024-02-25,6728.68
ORD000057,Net Banking,Paid,2026-04-04,21590.63
ORD000058,Credit Card,Paid,2024-06-30,46597.03
ORD000059,Debit Card,Paid,2026-07-05,47007.55
ORD000060,UPI,Paid,2024-07-23,46194.55
ORD000061,Credit Card,Paid,2024-08-30,43542.15
ORD000062,COD,Paid,2025-04-27,35385.81
ORD000063,Credit Card,Paid,2026-08-08,45185.43
ORD000064,UPI,Paid,2024-07-17,1044.74
ORD000065,UPI,Paid,2025-12-10,40992.34
ORD000066,Credit Card,Paid,2025-04-14,5940.82
ORD000067,Debit Card,Paid,2025-09-11,34993.21
ORD000068,Wallet,Paid,2024-06-24,36397.79
ORD000069,COD,Paid,2026-05-27,19804.44
ORD000070,Net Banking,Paid,2026-05-07,45112.99
ORD000071,Debit Card,Paid,2024-09-10,41375.94
ORD000072,COD,Paid,2025-08-29,13933.21
ORD000073,Net Banking,Paid,2024-02-15,25935.13
ORD000074,Wallet,Paid,2025-03-11,3720.41
ORD000075,UPI,Paid,2024-04-10,45198.35
ORD000076,UPI,Paid,2025-12-11,29926.75
ORD000077,Debit Card,Failed,2025-10-26,3938.83
ORD000078,UPI,Paid,2025-04-15,35225.21
ORD000079,Credit Card,Paid,2026-03-01,19547.62
ORD000080,UPI,Paid,2025-01-14,28414.34
ORD000081,Credit Card,Paid,2025-01-29,6208.83
ORD000082,UPI,Paid,2025-12-16,18791.51
ORD000083,UPI,Paid,2025-09-28,36354
ORD000084,UPI,Paid,2025-11-22,42190.72
ORD000085,UPI,Paid,2025-09-25,23380.03
ORD000086,UPI,Paid,2024-03-10,31572.43
ORD000087,Credit Card,Paid,2024-09-02,31594.83
ORD000088,Net Banking,Paid,2025-08-17,36058.75
ORD000089,Credit Card,Paid,2026-07-09,22273.83
ORD000090,Credit Card,Paid,2025-01-16,25391.82
ORD000091,Debit Card,Paid,2025-04-27,39925.12
ORD000092,COD,Paid,2025-09-27,44143.97
ORD000093,COD,Paid,2026-08-22,27480.63
ORD000094,COD,Paid,2025-02-04,3656.44
ORD000095,Credit Card,Failed,2024-10-10,43982.61
ORD000096,COD,Paid,2025-06-18,28787.51
ORD000097,Credit Card,Paid,2024-05-16,27806.99
ORD000098,COD,Paid,2024-10-25,48819.73
ORD000099,Credit Card,Paid,2026-08-29,24560.29
ORD000100,Debit Card,Paid,2025-10-24,12410.19
ORD000101,Debit Card,Paid,2025-07-15,46092.82
ORD000102,UPI,Paid,2024-11-09,3390.28
ORD000103,Credit Card,Paid,2024-10-22,31384.94
ORD000104,Credit Card,Paid,2025-09-25,21213.24
ORD000105,UPI,Paid,2026-05-09,17493.93
ORD000106,Credit Card,Paid,2025-08-11,46060.96
ORD000107,COD,Paid,2025-12-25,32482.53
ORD000108,Debit Card,Paid,2025-04-05,41585.34
ORD000109,Net Banking,Paid,2024-01-27,5147.63
ORD000110,COD,Paid,2026-08-09,16525.44
ORD000111,Credit Card,Failed,2025-06-03,13302.68
ORD000112,Wallet,Paid,2026-08-25,7930.55
ORD000113,UPI,Paid,2026-08-02,19221.23
ORD000114,UPI,Refunded,2024-02-11,21985.15
ORD000115,UPI,Paid,2025-09-25,4642.18
ORD000116,UPI,Paid,2025-10-18,47422.08
ORD000117,Debit Card,Paid,2024-10-11,32745.14
ORD000118,Credit Card,Paid,2025-11-19,35602.19
ORD000119,COD,Paid,2025-09-10,37882.8
ORD000120,Credit Card,Paid,2024-05-31,6580.63
ORD000121,COD,Refunded,2024-12-26,6545.99
ORD000122,Credit Card,Failed,2026-01-15,787.85
ORD000123,Credit Card,Paid,2024-06-17,48002.14
ORD000124,Credit Card,Paid,2025-09-04,42700.13
ORD000125,COD,Failed,2025-06-21,16178.24
ORD000126,COD,Paid,2024-04-01,21372.8
ORD000127,Net Banking,Paid,2025-07-23,5124.9
ORD000128,Credit Card,Failed,2024-07-10,6179.01
ORD000129,Debit Card,Paid,2024-11-06,46214.04
ORD000130,Credit Card,Paid,2024-01-29,4902.84
ORD000131,Debit Card,Paid,2025-10-13,38739.68
ORD000132,Debit Card,Paid,2024-07-03,39567.22
ORD000133,COD,Paid,2026-02-23,49868.92
ORD000134,Credit Card,Paid,2025-01-05,11060.25
ORD000135,Wallet,Paid,2025-12-04,38246.98
ORD000136,UPI,Paid,2026-01-20,29307.3
ORD000137,Net Banking,Paid,2024-05-29,13635.55
ORD000138,Debit Card,Paid,2024-02-25,35826.63
ORD000139,Debit Card,Paid,2024-02-20,20056.48
ORD000140,Debit Card,Paid,2024-07-18,9267.63
ORD000141,Net Banking,Paid,2024-11-26,19281.99
ORD000142,Debit Card,Paid,2025-12-03,45224.74
ORD000143,Credit Card,Paid,2024-01-15,38422.41
ORD000144,UPI,Paid,2024-12-14,36357.47
ORD000145,Wallet,Paid,2024-07-11,22349.3
ORD000146,Wallet,Paid,2025-06-28,12439.25
ORD000147,UPI,Paid,2026-07-27,35863.88
ORD000148,UPI,Paid,2024-12-22,39266.63
ORD000149,Credit Card,Paid,2025-09-04,36200.94
ORD000150,Wallet,Paid,2024-01-31,46997.23
ORD000151,UPI,Paid,2024-08-20,34392
ORD000152,Net Banking,Paid,2025-12-08,49023.98
ORD000153,Wallet,Paid,2024-02-13,33908.28
ORD000154,UPI,Paid,2024-03-02,15598.51
ORD000155,Wallet,Paid,2025-11-15,43025.25
ORD000156,Credit Card,Paid,2024-07-29,13349.77
ORD000157,Credit Card,Paid,2026-05-16,40085.85
ORD000158,UPI,Paid,2025-05-27,10621.45
ORD000159,Net Banking,Paid,2026-02-20,28909.47
ORD000160,Net Banking,Failed,2024-06-25,8663.58
ORD000161,Credit Card,Paid,2026-08-01,39237.37
ORD000162,UPI,Paid,2024-07-09,19218.4
ORD000163,UPI,Paid,2025-01-23,49427.77
ORD000164,Credit Card,Paid,2024-11-17,33453.69
ORD000165,UPI,Paid,2025-01-04,16954.6
ORD000166,Debit Card,Paid,2024-04-29,10327.62
ORD000167,Credit Card,Paid,2026-05-12,24040.72
ORD000168,COD,Paid,2025-03-15,6416.3
ORD000169,COD,Paid,2026-08-20,44542.09
ORD000170,Debit Card,Paid,2024-04-18,48470.42
ORD000171,Debit Card,Paid,2024-05-27,19681.71
ORD000172,COD,Paid,2026-08-05,40911.61
ORD000173,Wallet,Refunded,2025-09-01,29041.92
ORD000174,Net Banking,Paid,2024-10-12,25519.24
ORD000175,Debit Card,Paid,2026-08-24,44517.96
ORD000176,Net Banking,Paid,2025-05-12,49792.64
ORD000177,Debit Card,Paid,2024-09-14,46673.4
ORD000178,Credit Card,Paid,2024-04-11,13404.64
ORD000179,Credit Card,Paid,2024-07-02,32666.71
ORD000180,Debit Card,Paid,2025-09-30,22420.76
ORD000181,Debit Card,Paid,2025-05-19,46948.29
ORD000182,Wallet,Paid,2024-09-25,15147.71
ORD000183,COD,Paid,2026-02-21,25222.03
ORD000184,Credit Card,Paid,2025-04-05,29031.01
ORD000185,Net Banking,Paid,2024-07-01,6174.51
ORD000186,Credit Card,Paid,2024-06-17,20199.26
ORD000187,Credit Card,Paid,2026-02-22,11872.99
ORD000188,Debit Card,Paid,2025-07-06,45237.06
ORD000189,Debit Card,Refunded,2024-02-28,44030.96
ORD000190,Credit Card,Paid,2025-11-24,17138.24
ORD000191,Credit Card,Paid,2025-08-28,22317.65
ORD000192,Debit Card,Paid,2025-08-20,12209.39
ORD000193,Credit Card,Paid,2025-03-15,18890.56
ORD000194,Credit Card,Paid,2024-09-07,24949.36
ORD000195,UPI,Paid,2025-12-05,37110.99
ORD000196,Debit Card,Failed,2025-07-05,46233.6
ORD000197,Net Banking,Paid,2025-06-11,3134.7
ORD000198,Credit Card,Paid,2024-11-20,23637.06
ORD000199,UPI,Paid,2025-05-16,5275.48
ORD000200,Credit Card,Paid,2026-04-10,3853.05
ORD000201,COD,Paid,2024-07-26,29440.89
ORD000202,UPI,Paid,2026-05-20,14761.07
ORD000203,Debit Card,Paid,2025-08-10,9025.73
ORD000204,Credit Card,Paid,2026-01-04,46131.4
ORD000205,UPI,Paid,2026-04-01,38803.01
ORD000206,Credit Card,Paid,2025-10-30,12421.09
ORD000207,UPI,Paid,2024-11-16,22253.61
ORD000208,UPI,Paid,2025-11-19,47743.26
ORD000209,UPI,Paid,2026-06-02,28077.67
ORD000210,Debit Card,Paid,2026-01-31,36021.26
ORD000211,Net Banking,Paid,2026-05-24,23160.91
ORD000212,UPI,Paid,2024-07-25,24782.32
ORD000213,Credit Card,Paid,2026-02-22,27223.39
ORD000214,Wallet,Paid,2026-07-22,34308.53
ORD000215,Debit Card,Paid,2024-10-20,24345.25
ORD000216,UPI,Paid,2024-04-26,10525.27
ORD000217,Credit Card,Paid,2025-04-20,27606.15
ORD000218,UPI,Paid,2024-02-07,45303.24
ORD000219,UPI,Paid,2026-04-03,13322.71
ORD000220,UPI,Paid,2026-01-10,46738.94
ORD000221,COD,Refunded,2024-11-17,33633.62
ORD000222,Wallet,Paid,2025-01-08,47002.1
ORD000223,Credit Card,Paid,2024-08-30,25661.65
ORD000224,COD,Paid,2025-11-12,22581.6
ORD000225,UPI,Paid,2026-06-25,13368.19
ORD000226,Wallet,Paid,2024-12-04,35863.7
ORD000227,UPI,Paid,2026-08-16,33052.59
ORD000228,COD,Paid,2024-10-08,43053.93
ORD000229,UPI,Paid,2025-06-30,7680.36
ORD000230,COD,Paid,2025-05-02,47569.99
ORD000231,Wallet,Paid,2025-01-06,22367.39
ORD000232,Debit Card,Paid,2026-07-15,12101.34
ORD000233,Credit Card,Paid,2025-12-09,37534.59
ORD000234,Net Banking,Paid,2025-12-19,36704.61
ORD000235,COD,Paid,2024-08-30,37048.5
ORD000236,COD,Paid,2026-07-28,20340.33
ORD000237,UPI,Paid,2024-11-01,13478.01
ORD000238,UPI,Paid,2024-11-20,44948.87
ORD000239,Credit Card,Paid,2026-03-10,22587.3
ORD000240,Wallet,Paid,2026-01-04,24255.88
ORD000241,Credit Card,Paid,2025-12-16,13390.88
ORD000242,Credit Card,Paid,2026-04-12,24665.94
ORD000243,Wallet,Paid,2024-02-23,28992.51
ORD000244,Credit Card,Paid,2025-02-14,6472.62
ORD000245,COD,Paid,2024-06-10,1403.48
ORD000246,Net Banking,Paid,2026-02-20,18774.27
ORD000247,Net Banking,Paid,2024-11-23,35704.78
ORD000248,UPI,Paid,2025-12-05,27285.23
ORD000249,COD,Paid,2024-07-05,7092.1
ORD000250,COD,Paid,2024-08-18,35177.4
ORD000251,COD,Paid,2025-10-04,21267.7
ORD000252,Debit Card,Paid,2025-12-19,45435.99
ORD000253,UPI,Paid,2024-06-02,37850.72
ORD000254,COD,Paid,2024-01-16,47474.4
ORD000255,Net Banking,Paid,2025-11-21,17877.55
ORD000256,Credit Card,Paid,2026-06-02,9176.67
ORD000257,COD,Paid,2026-05-26,37471.22
ORD000258,Credit Card,Paid,2025-11-25,1316.76
ORD000259,Credit Card,Paid,2024-10-25,41654.21
ORD000260,Credit Card,Failed,2025-08-19,36619.79
ORD000261,Net Banking,Paid,2025-12-10,3855.52
ORD000262,Debit Card,Paid,2026-01-23,18586.94
ORD000263,Credit Card,Paid,2026-08-11,25691.96
ORD000264,Credit Card,Paid,2025-11-18,45967.74
ORD000265,COD,Paid,2025-02-09,11997.22
ORD000266,Credit Card,Paid,2024-07-03,34904.24
ORD000267,Net Banking,Paid,2025-04-24,38282.47
ORD000268,COD,Paid,2024-09-23,41435.16
ORD000269,COD,Paid,2026-05-04,42557.4
ORD000270,Net Banking,Paid,2026-06-16,10566.35
ORD000271,Credit Card,Paid,2024-11-16,9579.42
ORD000272,COD,Paid,2026-02-22,18773.06
ORD000273,UPI,Paid,2025-03-27,47386.42
ORD000274,Credit Card,Paid,2025-04-27,22179.84
ORD000275,Credit Card,Paid,2026-07-06,20697.83
ORD000276,Wallet,Paid,2025-05-11,784.19
ORD000277,COD,Paid,2024-05-06,19103.86
ORD000278,Debit Card,Paid,2024-06-22,27457.96
ORD000279,UPI,Paid,2024-08-05,49146.77
ORD000280,UPI,Paid,2024-07-03,45765
ORD000281,Net Banking,Paid,2024-04-06,48023.16
ORD000282,COD,Paid,2025-02-08,10003.75
ORD000283,Wallet,Paid,2024-06-07,9588.07
ORD000284,UPI,Paid,2025-04-10,35008.86
ORD000285,Net Banking,Paid,2025-11-03,14935.7
ORD000286,COD,Refunded,2026-03-28,1787.25
ORD000287,Net Banking,Paid,2024-10-17,30665.33
ORD000288,UPI,Paid,2025-09-09,44581.06
ORD000289,Wallet,Paid,2026-02-28,36945.89
ORD000290,Net Banking,Paid,2026-03-10,641.78
ORD000291,Credit Card,Paid,2024-05-04,39572.91
ORD000292,UPI,Paid,2024-11-13,17675.76
ORD000293,Credit Card,Paid,2024-07-24,23359.04
ORD000294,Credit Card,Paid,2025-09-07,43254.8
ORD000295,UPI,Paid,2024-07-09,45507.05
ORD000296,Net Banking,Paid,2025-04-20,9640.18
ORD000297,Credit Card,Paid,2025-06-23,22920.18
ORD000298,COD,Paid,2026-04-01,7851.28
ORD000299,Credit Card,Paid,2024-11-03,48010.52
ORD000300,Credit Card,Paid,2024-03-20,9460.4
ORD000301,Credit Card,Paid,2025-04-20,23603.88
ORD000302,Net Banking,Paid,2026-02-27,3911.47
ORD000303,UPI,Paid,2026-03-17,45686.73
ORD000304,Net Banking,Paid,2025-12-23,14398.44
ORD000305,COD,Paid,2025-04-05,35799.49
ORD000306,COD,Paid,2024-08-05,45180.96
ORD000307,UPI,Paid,2025-11-20,31271.51
ORD000308,Credit Card,Paid,2024-01-15,23991.39
ORD000309,Wallet,Paid,2025-11-04,30508.48
ORD000310,UPI,Paid,2025-12-08,41284.26
ORD000311,Net Banking,Paid,2024-07-14,29787.39
ORD000312,UPI,Paid,2024-01-28,17082.97
ORD000313,Credit Card,Paid,2026-05-13,46690.18
ORD000314,UPI,Paid,2025-05-01,16836.5
ORD000315,Credit Card,Paid,2025-12-21,9444.22
ORD000316,Debit Card,Paid,2025-08-23,14616.17
ORD000317,Debit Card,Paid,2024-02-22,27829.71
ORD000318,Debit Card,Paid,2025-03-01,47232.74
ORD000319,Credit Card,Paid,2024-10-25,48718.61
ORD000320,UPI,Failed,2025-09-19,45721.21
ORD000321,UPI,Paid,2025-08-13,44443.45
ORD000322,Debit Card,Paid,2026-06-29,40484.63
ORD000323,Credit Card,Paid,2025-04-05,5545.94
ORD000324,UPI,Paid,2024-12-18,34468.37
ORD000325,Credit Card,Paid,2024-12-13,34878.95
ORD000326,Wallet,Paid,2025-03-02,13539.32
ORD000327,Net Banking,Paid,2025-09-28,34446.44
ORD000328,Debit Card,Paid,2024-05-13,10778.24
ORD000329,UPI,Paid,2025-03-01,1561.37
ORD000330,Credit Card,Paid,2024-01-19,37501.54
ORD000331,UPI,Paid,2026-04-27,15767.81
ORD000332,UPI,Paid,2025-09-24,39018.86
ORD000333,Net Banking,Paid,2024-12-14,8509.41
ORD000334,COD,Paid,2026-07-07,10465.67
ORD000335,Credit Card,Paid,2024-04-17,29820.94
ORD000336,Wallet,Paid,2026-05-11,30498.84
ORD000337,UPI,Paid,2026-05-28,23983.2
ORD000338,COD,Paid,2025-10-08,27191.77
ORD000339,Credit Card,Paid,2024-10-26,971.75
ORD000340,UPI,Paid,2024-06-06,42911.3
ORD000341,UPI,Paid,2025-03-25,41932.77
ORD000342,UPI,Paid,2025-05-01,5677.09
ORD000343,Debit Card,Paid,2026-01-02,26648.63
ORD000344,UPI,Failed,2026-02-10,43965
ORD000345,COD,Paid,2025-02-28,26524.82
ORD000346,Credit Card,Refunded,2025-11-29,32948.36
ORD000347,UPI,Paid,2026-01-05,33999
ORD000348,Credit Card,Paid,2026-03-02,12213.02
ORD000349,UPI,Paid,2026-08-03,39684.37
ORD000350,Credit Card,Paid,2025-12-31,7816.83
ORD000351,Net Banking,Paid,2025-12-19,33478.06
ORD000352,COD,Paid,2024-12-18,14757.65
ORD000353,UPI,Paid,2024-05-31,20658.83
ORD000354,COD,Paid,2026-03-19,26550.09
ORD000355,UPI,Paid,2025-02-18,47079.89
ORD000356,Debit Card,Paid,2025-02-04,32346.08
ORD000357,Credit Card,Paid,2025-06-07,48189.41
ORD000358,Debit Card,Paid,2024-01-24,40512.84
ORD000359,COD,Paid,2026-05-02,26059.39
ORD000360,Credit Card,Paid,2024-03-03,31819.17
ORD000361,Debit Card,Paid,2026-02-14,23499.93
ORD000362,COD,Paid,2024-12-13,22609.73
ORD000363,UPI,Paid,2026-07-05,8302.15
ORD000364,Net Banking,Paid,2025-11-13,20035.57
ORD000365,Debit Card,Paid,2024-09-10,10940.04
ORD000366,Net Banking,Paid,2025-01-05,44841.04
ORD000367,COD,Refunded,2024-03-25,39800.6
ORD000368,Credit Card,Paid,2025-04-01,3554.04
ORD000369,Debit Card,Paid,2025-06-16,13885.03
ORD000370,Credit Card,Paid,2025-03-27,29579.11
ORD000371,Credit Card,Paid,2025-06-02,3214.75
ORD000372,UPI,Paid,2025-06-10,33697.8
ORD000373,Credit Card,Paid,2026-02-04,17907.55
ORD000374,Credit Card,Paid,2025-09-08,1641.29
ORD000375,Credit Card,Paid,2025-06-19,15950.7
ORD000376,UPI,Refunded,2024-10-29,3371.88
ORD000377,Credit Card,Paid,2025-03-08,30649.53
ORD000378,Debit Card,Paid,2024-07-06,23098.8
ORD000379,Credit Card,Paid,2024-02-15,12646.52
ORD000380,Net Banking,Paid,2024-12-11,17227.82
ORD000381,Credit Card,Paid,2026-02-19,49147.57
ORD000382,Credit Card,Paid,2025-04-05,27047.36
ORD000383,COD,Paid,2025-11-11,40625.91
ORD000384,Debit Card,Paid,2024-02-17,1912.37
ORD000385,Wallet,Paid,2025-12-26,33632.25
ORD000386,UPI,Paid,2025-07-28,23639.36
ORD000387,COD,Paid,2025-07-08,38726.08
ORD000388,UPI,Paid,2026-02-08,20370.18
ORD000389,UPI,Paid,2025-06-28,30604.64
ORD000390,Wallet,Paid,2026-04-29,45241.81
ORD000391,COD,Paid,2025-02-16,18128.1
ORD000392,Credit Card,Paid,2024-07-03,43880.21
ORD000393,Debit Card,Paid,2024-04-03,17493.19
ORD000394,UPI,Paid,2024-07-07,38885.8
ORD000395,COD,Failed,2025-11-26,5715.66
ORD000396,UPI,Paid,2025-12-31,18589.85
ORD000397,COD,Paid,2026-07-03,10539.65
ORD000398,Debit Card,Refunded,2024-02-23,10615.21
ORD000399,UPI,Refunded,2025-06-04,14351.98
ORD000400,Credit Card,Paid,2025-04-21,19620.92
ORD000401,COD,Failed,2024-08-27,24999.29
ORD000402,UPI,Paid,2024-09-09,15111.27
ORD000403,Credit Card,Paid,2025-04-02,14969.06
ORD000404,UPI,Paid,2024-05-26,42403.59
ORD000405,UPI,Paid,2025-03-10,20882.47
ORD000406,UPI,Paid,2026-04-30,31681.9
ORD000407,UPI,Paid,2026-08-01,43945.35
ORD000408,Credit Card,Paid,2024-12-26,41617.4
ORD000409,Credit Card,Paid,2026-01-27,26142.67
ORD000410,COD,Paid,2024-05-05,24431.6
ORD000411,Credit Card,Paid,2024-08-04,21972.01
ORD000412,Net Banking,Paid,2024-12-17,36639.46
ORD000413,Credit Card,Paid,2025-11-09,24694.94
ORD000414,UPI,Paid,2024-01-17,10825.51
ORD000415,Credit Card,Paid,2026-07-13,33676.88
ORD000416,Debit Card,Paid,2025-12-21,9672.27
ORD000417,COD,Refunded,2025-10-27,23084.79
ORD000418,Wallet,Paid,2025-03-31,44942.42
ORD000419,Net Banking,Paid,2025-01-01,22574.3
ORD000420,COD,Paid,2024-01-09,5978.83
ORD000421,Net Banking,Paid,2024-08-14,7449.03
ORD000422,Debit Card,Paid,2024-07-16,45422.91
ORD000423,COD,Refunded,2024-08-14,14420.83
ORD000424,COD,Paid,2025-05-19,27874.46
ORD000425,Credit Card,Paid,2024-04-23,16036.68
ORD000426,Debit Card,Paid,2025-11-07,14351.22
ORD000427,UPI,Paid,2025-08-26,46053.35
ORD000428,Net Banking,Paid,2026-05-26,36424.68
ORD000429,Net Banking,Paid,2026-05-18,42746.26
ORD000430,UPI,Paid,2024-09-15,47539.16
ORD000431,Credit Card,Paid,2025-11-20,5321.45
ORD000432,Credit Card,Paid,2025-02-21,23487
ORD000433,UPI,Paid,2025-06-13,33891.6
ORD000434,UPI,Paid,2025-03-06,49379.13
ORD000435,COD,Paid,2024-03-24,40237.57
ORD000436,COD,Paid,2025-12-08,25918.28
ORD000437,Debit Card,Paid,2024-12-04,33502.15
ORD000438,Debit Card,Paid,2025-03-18,47655.53
ORD000439,UPI,Paid,2024-09-14,17436.07
ORD000440,UPI,Paid,2024-02-25,14021.49
ORD000441,Debit Card,Paid,2025-09-07,19403.61
ORD000442,Credit Card,Paid,2024-03-28,7911.61
ORD000443,UPI,Paid,2025-12-11,47806.68
ORD000444,Credit Card,Paid,2024-02-27,36810.72
ORD000445,Wallet,Refunded,2024-02-28,22676.73
ORD000446,Debit Card,Paid,2025-09-25,4789.67
ORD000447,Wallet,Failed,2024-01-11,30339.75
ORD000448,COD,Paid,2025-09-27,17470.28
ORD000449,UPI,Paid,2025-04-10,4323.63
ORD000450,Wallet,Paid,2025-09-02,6508.49
ORD000451,Credit Card,Paid,2024-05-09,7522.08
ORD000452,Wallet,Paid,2025-03-31,26430.75
ORD000453,COD,Paid,2024-11-16,12177
ORD000454,Net Banking,Paid,2024-11-14,15913.73
ORD000455,COD,Paid,2024-11-13,48185.83
ORD000456,Credit Card,Paid,2025-11-04,20317.23
ORD000457,UPI,Paid,2026-05-29,22023.42
ORD000458,Credit Card,Paid,2026-07-19,18272.2
ORD000459,Credit Card,Paid,2025-12-12,41596.12
ORD000460,UPI,Paid,2024-12-10,18315.49
ORD000461,COD,Paid,2026-03-20,31338.2
ORD000462,UPI,Paid,2025-12-11,9198.29
ORD000463,Credit Card,Paid,2026-02-25,32337.3
ORD000464,UPI,Paid,2026-04-25,17036.89
ORD000465,UPI,Paid,2024-04-28,49326.79
ORD000466,UPI,Paid,2026-02-23,42299.03
ORD000467,Net Banking,Paid,2024-06-27,48213.01
ORD000468,UPI,Paid,2025-07-21,19079.6
ORD000469,Debit Card,Paid,2026-07-22,2685.1
ORD000470,UPI,Paid,2026-03-18,39361.93
ORD000471,COD,Paid,2025-01-13,38427.79
ORD000472,UPI,Paid,2025-10-01,1568.79
ORD000473,UPI,Paid,2026-08-05,44008.85
ORD000474,COD,Paid,2025-01-18,26985.44
ORD000475,Credit Card,Paid,2024-02-17,27717.36
ORD000476,Credit Card,Paid,2024-09-11,2445.85
ORD000477,UPI,Paid,2025-06-04,11443.62
ORD000478,Credit Card,Paid,2025-04-26,31141.11
ORD000479,Credit Card,Paid,2026-02-08,48419.38
ORD000480,Credit Card,Paid,2025-12-30,15460.9
ORD000481,Debit Card,Paid,2025-04-30,41758.96
ORD000482,COD,Paid,2025-10-27,17678
ORD000483,Credit Card,Paid,2024-08-28,44455.74
ORD000484,UPI,Paid,2024-06-09,23977.81
ORD000485,UPI,Paid,2024-10-29,46876.6
ORD000486,Credit Card,Paid,2025-06-09,27158.52
ORD000487,Credit Card,Paid,2026-04-04,27528.66
ORD000488,Credit Card,Paid,2024-08-27,34541.54
ORD000489,Debit Card,Paid,2026-05-12,45932.52
ORD000490,UPI,Paid,2026-08-07,47134.64
ORD000491,Credit Card,Paid,2024-07-25,21320
ORD000492,Debit Card,Paid,2026-04-16,1078.49
ORD000493,UPI,Paid,2026-05-26,12179.77
ORD000494,Credit Card,Paid,2026-04-22,26369.87
ORD000495,Credit Card,Paid,2025-08-16,24298.52
ORD000496,Net Banking,Paid,2024-06-01,37148.37
ORD000497,Debit Card,Paid,2024-08-28,25693.22
ORD000498,UPI,Paid,2026-04-14,12783.62
ORD000499,Credit Card,Paid,2025-03-16,25307.88
ORD000500,UPI,Paid,2025-01-18,6964.22
ORD000501,Wallet,Paid,2024-01-11,1024.75
ORD000502,Credit Card,Paid,2025-03-05,12371.78
ORD000503,UPI,Paid,2025-07-05,15390.23
ORD000504,COD,Paid,2026-08-03,45890.54
ORD000505,COD,Paid,2025-10-07,47321.37
ORD000506,UPI,Paid,2025-02-05,23716.91
ORD000507,Credit Card,Paid,2025-08-07,43504.28
ORD000508,Wallet,Refunded,2025-11-23,5127.66
ORD000509,COD,Paid,2024-01-28,47420.98
ORD000510,Credit Card,Paid,2024-07-30,24198.15
ORD000511,Credit Card,Paid,2025-01-12,41640.17
ORD000512,UPI,Paid,2025-02-05,14077.93
ORD000513,COD,Paid,2026-01-30,29549.73
ORD000514,Wallet,Paid,2026-06-10,2959.98
ORD000515,Debit Card,Paid,2024-06-11,41184.02
ORD000516,UPI,Paid,2025-12-02,26349.44
ORD000517,UPI,Paid,2024-03-06,32779.67
ORD000518,Debit Card,Paid,2025-08-06,7526.79
ORD000519,Wallet,Paid,2024-10-22,43079.19
ORD000520,UPI,Paid,2025-02-04,3138.09
ORD000521,Debit Card,Paid,2025-03-19,19336.71
ORD000522,UPI,Paid,2024-04-07,6058.93
ORD000523,Debit Card,Paid,2024-06-11,14674.42
ORD000524,Credit Card,Paid,2024-03-09,40924.1
ORD000525,UPI,Paid,2024-05-05,4525.87
ORD000526,UPI,Failed,2024-11-29,8023.96
ORD000527,Net Banking,Paid,2025-04-19,48272.35
ORD000528,Wallet,Paid,2025-01-25,3826.95
ORD000529,COD,Paid,2024-01-11,38898.97
ORD000530,UPI,Paid,2026-02-06,1392.92
ORD000531,Wallet,Paid,2024-09-05,18793.95
ORD000532,UPI,Paid,2024-06-24,4262.79
ORD000533,Debit Card,Paid,2026-01-29,6108.46
ORD000534,UPI,Paid,2024-10-06,25569.03
ORD000535,Net Banking,Paid,2026-07-03,32775.3
ORD000536,Net Banking,Paid,2026-04-10,42795.26
ORD000537,Debit Card,Paid,2025-02-03,5218.92
ORD000538,Credit Card,Paid,2025-01-22,24968.51
ORD000539,COD,Paid,2024-04-03,1639.7
ORD000540,COD,Paid,2024-07-15,35582.85
ORD000541,UPI,Paid,2026-05-01,9659.57
ORD000542,Debit Card,Refunded,2026-04-16,32430.85
ORD000543,Credit Card,Paid,2026-08-14,28280.62
ORD000544,UPI,Paid,2024-04-19,15428.07
ORD000545,UPI,Paid,2024-01-14,35618.8
ORD000546,COD,Paid,2024-10-12,31267.14
ORD000547,UPI,Paid,2026-02-25,41520.36
ORD000548,COD,Paid,2026-08-02,40738.83
ORD000549,COD,Paid,2025-10-08,12882.33
ORD000550,COD,Paid,2024-12-06,26066.69
ORD000551,UPI,Paid,2026-05-21,13526.42
ORD000552,Net Banking,Paid,2025-04-04,5760.35
ORD000553,Debit Card,Paid,2025-12-23,15333.42
ORD000554,Net Banking,Paid,2024-11-13,42667.84
ORD000555,Credit Card,Paid,2024-03-03,3437.86
ORD000556,Net Banking,Paid,2024-07-28,44678.06
ORD000557,Credit Card,Paid,2025-03-31,20010.28
ORD000558,Credit Card,Paid,2024-02-11,27001.34
ORD000559,Net Banking,Paid,2026-02-08,19351.79
ORD000560,COD,Paid,2024-07-30,40932.67
ORD000561,Credit Card,Paid,2026-04-01,24332.02
ORD000562,Credit Card,Paid,2025-03-29,14978.87
ORD000563,UPI,Paid,2024-02-23,36197.11
ORD000564,UPI,Paid,2025-07-17,36178.41
ORD000565,UPI,Paid,2024-11-15,26052.13
ORD000566,Credit Card,Paid,2024-09-12,2783.59
ORD000567,COD,Paid,2024-10-05,41425.45
ORD000568,Credit Card,Paid,2024-06-21,5199.29
ORD000569,Wallet,Paid,2026-02-18,8854.3
ORD000570,Net Banking,Paid,2025-01-26,31702.82
ORD000571,Net Banking,Paid,2025-09-01,22993.46
ORD000572,Credit Card,Paid,2025-04-19,33258.51
ORD000573,Credit Card,Paid,2024-03-14,26856.3
ORD000574,Credit Card,Paid,2024-07-14,42262.7
ORD000575,COD,Paid,2025-05-18,20868.71
ORD000576,Debit Card,Paid,2025-01-18,34636.51
ORD000577,UPI,Paid,2025-02-22,11914.73
ORD000578,COD,Paid,2024-06-16,26757.12
ORD000579,Credit Card,Paid,2026-02-09,12366.49
ORD000580,COD,Paid,2025-12-14,13577.97
ORD000581,Wallet,Paid,2024-09-05,7614.58
ORD000582,Debit Card,Paid,2025-11-23,39135.32
ORD000583,Debit Card,Paid,2025-04-11,40353.86
ORD000584,Net Banking,Paid,2026-05-12,14907.28
ORD000585,Debit Card,Paid,2026-07-27,47762.83
ORD000586,UPI,Paid,2025-06-14,10821.95
ORD000587,Debit Card,Paid,2025-12-10,7549.69
ORD000588,Net Banking,Paid,2025-08-24,40661.26
ORD000589,Debit Card,Paid,2026-06-10,17410.76
ORD000590,UPI,Paid,2026-04-14,34951.06
ORD000591,UPI,Paid,2025-12-17,33096.46
ORD000592,Credit Card,Paid,2024-04-09,47426.88
ORD000593,Credit Card,Paid,2024-10-23,24786.82
ORD000594,COD,Paid,2024-07-21,25428.78
ORD000595,UPI,Paid,2026-04-14,43107.54
ORD000596,COD,Paid,2026-02-17,17986.63
ORD000597,UPI,Paid,2025-10-04,40375.97
ORD000598,Credit Card,Paid,2025-01-21,33455.96
ORD000599,UPI,Paid,2025-05-05,46713.8
ORD000600,Wallet,Paid,2026-02-09,28885.47
ORD000601,Credit Card,Paid,2024-08-05,44164.71
ORD000602,Credit Card,Paid,2026-02-18,19591.33
ORD000603,COD,Paid,2025-03-15,40200.58
ORD000604,Debit Card,Paid,2026-04-16,25275.1
ORD000605,Wallet,Paid,2024-02-28,49286.38
ORD000606,COD,Paid,2026-06-10,26066.23
ORD000607,UPI,Paid,2025-09-08,27837.3
ORD000608,Debit Card,Paid,2026-04-15,19702.83
ORD000609,UPI,Refunded,2025-05-02,20200.66
ORD000610,Credit Card,Paid,2026-08-22,10454.69
ORD000611,UPI,Paid,2026-04-07,29106.66
ORD000612,COD,Paid,2026-01-27,13114.38
ORD000613,Credit Card,Paid,2025-05-03,13462.27
ORD000614,Wallet,Paid,2024-05-27,2879.85
ORD000615,UPI,Paid,2024-02-03,29566.08
ORD000616,Credit Card,Paid,2025-07-15,20784.56
ORD000617,UPI,Paid,2025-11-10,4419.82
ORD000618,COD,Paid,2025-11-06,8427.55
ORD000619,Net Banking,Paid,2026-08-09,11250.29
ORD000620,Debit Card,Paid,2024-09-21,15884.39
ORD000621,Credit Card,Paid,2026-08-02,31472.57
ORD000622,Net Banking,Paid,2024-12-07,5742.61
ORD000623,Net Banking,Paid,2025-10-22,16000.72
ORD000624,Credit Card,Failed,2025-01-25,42480.62
ORD000625,UPI,Paid,2024-09-23,25806.13
ORD000626,UPI,Paid,2025-08-29,36601.2
ORD000627,Debit Card,Paid,2026-05-24,15320.29
ORD000628,Credit Card,Paid,2024-03-04,30185.83
ORD000629,COD,Paid,2026-03-01,6865.48
ORD000630,UPI,Paid,2025-11-10,24999.78
ORD000631,Credit Card,Paid,2024-11-20,30912.26
ORD000632,Credit Card,Paid,2025-11-27,27176.44
ORD000633,Credit Card,Paid,2026-05-20,2340.53
ORD000634,Net Banking,Paid,2024-05-06,29085.82
ORD000635,Net Banking,Paid,2026-04-28,39371.06
ORD000636,Net Banking,Paid,2026-04-10,47724.46
ORD000637,UPI,Paid,2026-08-15,6596.89
ORD000638,Credit Card,Refunded,2024-07-03,2161.12
ORD000639,Debit Card,Failed,2026-07-24,34860.04
ORD000640,Net Banking,Paid,2025-11-25,15269.21
ORD000641,COD,Paid,2025-06-25,20140.57
ORD000642,Credit Card,Paid,2025-07-16,31589.48
ORD000643,Net Banking,Paid,2026-06-06,11693.38
ORD000644,Net Banking,Paid,2024-06-16,40610.12
ORD000645,Net Banking,Paid,2024-05-28,35748.66
ORD000646,Debit Card,Paid,2024-01-11,22722.92
ORD000647,COD,Paid,2026-05-29,13504.18
ORD000648,COD,Failed,2024-06-22,43013.21
ORD000649,Debit Card,Paid,2024-02-23,25467.09
ORD000650,UPI,Paid,2024-06-01,2011.35
ORD000651,Credit Card,Paid,2024-11-05,25063.56
ORD000652,COD,Paid,2026-03-26,14082.41
ORD000653,UPI,Paid,2024-10-09,49794.44
ORD000654,Debit Card,Paid,2025-05-15,12479.55
ORD000655,UPI,Paid,2025-05-07,26972.29
ORD000656,Net Banking,Paid,2025-01-28,37413.14
ORD000657,Net Banking,Paid,2024-05-08,39324.33
ORD000658,Net Banking,Paid,2025-07-05,20186.7
ORD000659,Debit Card,Paid,2026-04-17,37842.64
ORD000660,Wallet,Paid,2026-05-07,34391.23
ORD000661,COD,Paid,2026-02-11,13048.51
ORD000662,Credit Card,Paid,2025-09-06,2632.25
ORD000663,Debit Card,Failed,2024-02-10,42862.25
ORD000664,UPI,Paid,2024-09-20,39320.21
ORD000665,COD,Paid,2025-07-11,42320.6
ORD000666,Credit Card,Paid,2024-11-04,18606.54
ORD000667,Debit Card,Paid,2025-11-05,26555.6
ORD000668,Credit Card,Failed,2025-06-19,3028.48
ORD000669,UPI,Paid,2025-11-10,11410.3
ORD000670,Debit Card,Paid,2026-05-02,7483.95
ORD000671,Debit Card,Failed,2025-01-03,39025.83
ORD000672,COD,Paid,2024-09-19,11407.47
ORD000673,COD,Paid,2024-03-27,39130.47
ORD000674,UPI,Paid,2024-07-27,9277.85
ORD000675,Debit Card,Paid,2025-10-24,15846.89
ORD000676,UPI,Paid,2025-06-07,35057.79
ORD000677,Debit Card,Paid,2025-03-21,24360.29
ORD000678,Debit Card,Paid,2024-05-08,35425.1
ORD000679,Credit Card,Paid,2025-10-17,15728.98
ORD000680,UPI,Paid,2026-06-08,46254.44
ORD000681,Wallet,Paid,2024-08-16,10399.24
ORD000682,Wallet,Paid,2025-06-23,1284
ORD000683,Debit Card,Paid,2024-12-24,22212.21
ORD000684,COD,Refunded,2026-07-07,10711.56
ORD000685,COD,Paid,2024-12-19,42035.51
ORD000686,Net Banking,Paid,2025-08-30,15563.7
ORD000687,Debit Card,Paid,2025-11-04,41175.16
ORD000688,UPI,Paid,2026-07-30,11945.13
ORD000689,COD,Paid,2025-12-24,26104.23
ORD000690,Credit Card,Paid,2025-05-30,41795.63
ORD000691,Wallet,Paid,2026-06-21,12831.68
ORD000692,Debit Card,Paid,2025-02-21,46364.62
ORD000693,UPI,Paid,2024-09-02,18200.13
ORD000694,UPI,Paid,2025-07-22,18637.25
ORD000695,UPI,Refunded,2025-11-24,10385.11
ORD000696,Credit Card,Paid,2025-12-03,43303.26
ORD000697,Net Banking,Paid,2026-07-22,15204.5
ORD000698,UPI,Paid,2024-09-08,8171.16
ORD000699,UPI,Paid,2024-06-21,43993.93
ORD000700,UPI,Paid,2024-05-16,1005.9
ORD000701,Credit Card,Paid,2024-06-24,10883.64
ORD000702,Wallet,Paid,2026-05-01,36528.4
ORD000703,UPI,Paid,2025-05-09,8859.28
ORD000704,COD,Refunded,2025-02-07,38633.98
ORD000705,COD,Paid,2025-06-12,35843.23
ORD000706,Credit Card,Paid,2024-02-29,41640.71
ORD000707,Net Banking,Paid,2024-04-20,6528.02
ORD000708,UPI,Paid,2024-01-10,2322.44
ORD000709,COD,Paid,2026-07-10,13673.16
ORD000710,Credit Card,Paid,2026-02-27,47024.22
ORD000711,UPI,Paid,2025-03-15,3943.38
ORD000712,Credit Card,Paid,2025-11-04,37671.8
ORD000713,Credit Card,Paid,2025-01-02,46008.89
ORD000714,UPI,Paid,2025-03-07,49618.59
ORD000715,Credit Card,Paid,2025-05-06,27232.68
ORD000716,Net Banking,Paid,2025-11-29,11680.03
ORD000717,COD,Paid,2025-05-28,40089.07
ORD000718,UPI,Paid,2024-05-09,40940.98
ORD000719,Debit Card,Paid,2024-02-24,47455.69
ORD000720,UPI,Paid,2025-05-06,2691.46
ORD000721,UPI,Paid,2025-09-24,26563.47
ORD000722,UPI,Paid,2024-04-28,5981.31
ORD000723,Wallet,Paid,2024-07-22,27178.66
ORD000724,Wallet,Paid,2025-05-30,30495.31
ORD000725,Credit Card,Paid,2024-06-02,24370.26
ORD000726,Debit Card,Paid,2024-07-15,40256.65
ORD000727,Credit Card,Paid,2024-02-23,19203.69
ORD000728,Credit Card,Paid,2024-08-25,14457.91
ORD000729,UPI,Paid,2025-10-22,38930.35
ORD000730,COD,Paid,2024-12-25,46706.56
ORD000731,Credit Card,Paid,2024-01-02,3348.03
ORD000732,UPI,Paid,2024-10-13,36736.19
ORD000733,Debit Card,Paid,2024-12-09,43362.26
ORD000734,Net Banking,Paid,2026-02-28,36110.91
ORD000735,UPI,Paid,2026-03-08,45173.98
ORD000736,UPI,Paid,2025-08-22,43484.58
ORD000737,COD,Paid,2025-09-09,43800.24
ORD000738,Credit Card,Paid,2026-04-18,27872.57
ORD000739,Credit Card,Paid,2026-08-23,44196.07
ORD000740,UPI,Paid,2026-02-19,47392.19
ORD000741,COD,Paid,2025-03-05,35995.57
ORD000742,COD,Paid,2026-05-16,21507.27
ORD000743,UPI,Paid,2026-01-05,39268.32
ORD000744,UPI,Paid,2026-08-12,38950.66
ORD000745,Debit Card,Paid,2024-05-13,23459.42
ORD000746,Credit Card,Paid,2025-12-11,25226.04
ORD000747,UPI,Paid,2026-06-10,13677.26
ORD000748,Credit Card,Paid,2025-01-29,41989.32
ORD000749,UPI,Paid,2024-07-07,3393.57
ORD000750,Net Banking,Paid,2026-06-20,43378.12
ORD000751,UPI,Paid,2024-11-06,38894.17
ORD000752,Credit Card,Paid,2024-08-18,48768.49
ORD000753,UPI,Failed,2026-08-22,29288.35
ORD000754,UPI,Paid,2025-10-20,34574.76
ORD000755,COD,Paid,2025-10-27,32099.68
ORD000756,UPI,Paid,2026-08-28,41417.13
ORD000757,Debit Card,Paid,2024-10-29,19402.04
ORD000758,UPI,Paid,2024-12-31,32175.43
ORD000759,COD,Paid,2024-01-18,2978.85
ORD000760,Net Banking,Paid,2025-08-20,7999.92
ORD000761,Credit Card,Paid,2024-09-20,32264.26
ORD000762,Wallet,Paid,2024-07-28,14618.87
ORD000763,Credit Card,Paid,2025-04-01,9062.35
ORD000764,Credit Card,Paid,2025-05-05,49719.69
ORD000765,COD,Paid,2024-06-29,30724.62
ORD000766,COD,Paid,2024-10-16,2515.65
ORD000767,UPI,Paid,2025-12-04,27199.45
ORD000768,Credit Card,Paid,2026-07-20,34349.23
ORD000769,Credit Card,Failed,2026-04-07,48010.95
ORD000770,Debit Card,Paid,2026-04-27,12261.77
ORD000771,COD,Paid,2024-09-11,30312.92
ORD000772,UPI,Paid,2026-03-22,20128.06
ORD000773,Credit Card,Paid,2024-12-13,37162.65
ORD000774,Credit Card,Refunded,2025-03-31,6088.55
ORD000775,UPI,Paid,2025-07-10,30220
ORD000776,Credit Card,Paid,2024-04-16,989.55
ORD000777,UPI,Paid,2024-05-26,7163.43
ORD000778,UPI,Paid,2024-05-31,23247.26
ORD000779,COD,Paid,2025-01-28,36605.31
ORD000780,Credit Card,Paid,2024-10-16,31521.14
ORD000781,Debit Card,Paid,2026-08-04,12532.2
ORD000782,Debit Card,Paid,2025-06-27,38705.93
ORD000783,Credit Card,Paid,2025-11-14,17878.34
ORD000784,COD,Paid,2024-10-04,46231.27
ORD000785,COD,Paid,2025-12-30,5248.82
ORD000786,Credit Card,Paid,2026-03-08,43833
ORD000787,UPI,Paid,2026-03-16,45268.08
ORD000788,Credit Card,Paid,2026-01-15,43846.96
ORD000789,Credit Card,Failed,2026-02-24,9812.01
ORD000790,COD,Paid,2025-02-27,9238.1
ORD000791,Debit Card,Paid,2025-01-27,36931.02
ORD000792,Debit Card,Failed,2025-07-03,6136.31
ORD000793,UPI,Paid,2025-08-15,48087.88
ORD000794,Credit Card,Paid,2026-05-22,3445.46
ORD000795,Credit Card,Paid,2024-04-22,28651.22
ORD000796,UPI,Paid,2026-03-08,39579.37
ORD000797,Wallet,Failed,2026-08-11,37421.64
ORD000798,Net Banking,Refunded,2024-05-22,4753.06
ORD000799,Net Banking,Paid,2024-01-28,19454.24
ORD000800,COD,Paid,2024-03-16,36665.32
ORD000801,UPI,Paid,2025-01-09,1156.53
ORD000802,UPI,Paid,2026-04-13,11705.2
ORD000803,Credit Card,Paid,2026-02-05,40157.95
ORD000804,Net Banking,Paid,2024-12-11,24347.18
ORD000805,UPI,Paid,2024-06-08,26692
ORD000806,Wallet,Paid,2025-05-31,42743.93
ORD000807,Wallet,Paid,2026-06-16,46955.47
ORD000808,Credit Card,Paid,2025-05-29,43872.88
ORD000809,COD,Paid,2024-04-04,42185.08
ORD000810,UPI,Paid,2025-02-15,47452.11
ORD000811,Credit Card,Paid,2025-07-26,32384.41
ORD000812,UPI,Paid,2025-10-20,8937.11
ORD000813,UPI,Failed,2025-10-25,32802.59
ORD000814,Credit Card,Paid,2025-09-09,5619.71
ORD000815,Net Banking,Paid,2024-03-08,16592.61
ORD000816,UPI,Paid,2025-07-19,22704.03
ORD000817,COD,Paid,2025-08-06,47325.55
ORD000818,Credit Card,Paid,2024-02-19,6904.28
ORD000819,Credit Card,Paid,2026-02-09,48737.82
ORD000820,Net Banking,Paid,2025-02-04,49321.26
ORD000821,Wallet,Paid,2025-02-21,4127.14
ORD000822,COD,Paid,2025-08-24,13910.14
ORD000823,UPI,Paid,2024-06-14,43682.49
ORD000824,Wallet,Paid,2026-01-06,47257.95
ORD000825,Credit Card,Paid,2026-02-27,16344.89
ORD000826,Credit Card,Paid,2025-09-16,48551.61
ORD000827,Wallet,Paid,2024-12-13,24225.16
ORD000828,COD,Paid,2026-07-02,30322.13
ORD000829,Credit Card,Paid,2024-06-06,3924.45
ORD000830,COD,Paid,2024-05-26,12612.6
ORD000831,Credit Card,Paid,2024-03-31,27805.7
ORD000832,Credit Card,Paid,2024-06-14,28351.06
ORD000833,Credit Card,Paid,2024-07-03,42365.58
ORD000834,UPI,Paid,2026-06-16,11289.11
ORD000835,Wallet,Failed,2025-08-06,24603.66
ORD000836,Credit Card,Paid,2026-05-28,15657.87
ORD000837,Credit Card,Paid,2024-11-17,20145.89
ORD000838,Debit Card,Paid,2026-06-17,32714.73
ORD000839,Wallet,Refunded,2024-09-08,40609.93
ORD000840,UPI,Paid,2024-06-11,33517.65
ORD000841,Credit Card,Paid,2025-04-19,44270.85
ORD000842,UPI,Paid,2026-04-18,47314.98
ORD000843,UPI,Paid,2026-08-02,32381.66
ORD000844,Credit Card,Paid,2024-11-21,26681.23
ORD000845,UPI,Paid,2025-05-02,26555.75
ORD000846,Credit Card,Paid,2025-04-26,42494.44
ORD000847,Wallet,Paid,2025-09-07,28899.69
ORD000848,COD,Paid,2025-04-30,28909.42
ORD000849,Debit Card,Paid,2025-12-02,26286.51
ORD000850,Credit Card,Paid,2024-03-11,12538.74
ORD000851,Debit Card,Paid,2026-06-12,26004.86
ORD000852,COD,Paid,2026-04-30,41509.85
ORD000853,Credit Card,Paid,2026-02-10,48322.33
ORD000854,UPI,Paid,2025-05-02,841.36
ORD000855,UPI,Paid,2024-12-29,32782.88
ORD000856,Debit Card,Paid,2025-09-03,1091.32
ORD000857,COD,Paid,2024-11-28,33357.28
ORD000858,COD,Paid,2025-05-27,32741.05
ORD000859,COD,Paid,2025-06-18,24004.25
ORD000860,Debit Card,Paid,2025-10-12,48047.13
ORD000861,Debit Card,Paid,2026-02-03,34211.38
ORD000862,COD,Paid,2025-01-21,30760.25
ORD000863,Credit Card,Paid,2025-08-14,18755.23
ORD000864,UPI,Refunded,2024-11-11,47705.05
ORD000865,Credit Card,Paid,2025-04-12,18762.96
ORD000866,UPI,Paid,2025-06-19,18347.57
ORD000867,Debit Card,Paid,2024-06-30,4554.13
ORD000868,Net Banking,Paid,2026-05-16,4930.74
ORD000869,Wallet,Paid,2026-07-16,23221.13
ORD000870,Credit Card,Paid,2025-10-28,1710.04
ORD000871,Credit Card,Paid,2026-02-09,36509.24
ORD000872,UPI,Paid,2024-02-04,7878.01
ORD000873,Wallet,Paid,2025-07-19,19814.63
ORD000874,Wallet,Paid,2024-12-25,43532.04
ORD000875,Credit Card,Paid,2026-01-29,16519.05
ORD000876,UPI,Paid,2024-10-18,12783.17
ORD000877,UPI,Refunded,2026-03-26,12146.53
ORD000878,Wallet,Paid,2024-02-04,13525.61
ORD000879,COD,Paid,2025-06-16,44339.12
ORD000880,UPI,Failed,2024-09-04,5495.18
ORD000881,Debit Card,Paid,2026-04-29,17318
ORD000882,UPI,Paid,2025-10-14,33186.13
ORD000883,UPI,Paid,2025-06-13,46063.17
ORD000884,Wallet,Paid,2025-05-31,45537.21
ORD000885,UPI,Paid,2025-10-05,1992.96
ORD000886,UPI,Paid,2024-04-06,14158.59
ORD000887,Debit Card,Paid,2024-06-06,12609.54
ORD000888,Net Banking,Paid,2025-08-09,26217.85
ORD000889,Debit Card,Paid,2025-10-12,1519.47
ORD000890,Net Banking,Paid,2024-07-18,21055.2
ORD000891,UPI,Paid,2025-01-23,42563.95
ORD000892,Debit Card,Paid,2025-10-04,30226.92
ORD000893,Credit Card,Paid,2025-04-15,27988.06
ORD000894,Credit Card,Refunded,2024-04-05,36474.28
ORD000895,UPI,Paid,2025-02-04,28171.98
ORD000896,Credit Card,Paid,2025-10-03,46223.33
ORD000897,UPI,Failed,2025-10-11,41230.46
ORD000898,Wallet,Paid,2024-07-02,26854.6
ORD000899,Debit Card,Paid,2024-12-18,45680.75
ORD000900,COD,Paid,2024-06-12,48171.42
ORD000901,Credit Card,Paid,2024-02-01,16169.68
ORD000902,UPI,Paid,2026-06-07,45734.76
ORD000903,COD,Paid,2024-08-13,1376.79
ORD000904,Credit Card,Paid,2025-05-09,30611.7
ORD000905,Credit Card,Paid,2024-10-29,18065.01
ORD000906,UPI,Paid,2025-02-14,5052.84
ORD000907,UPI,Paid,2026-01-05,19616.6
ORD000908,UPI,Paid,2025-08-24,35466.37
ORD000909,Net Banking,Paid,2025-03-20,44420.29
ORD000910,Credit Card,Paid,2025-09-30,16420.06
ORD000911,COD,Paid,2025-01-18,13662.66
ORD000912,Wallet,Paid,2024-09-17,11929.32
ORD000913,UPI,Failed,2025-06-27,25084.62
ORD000914,UPI,Paid,2025-03-15,1748.38
ORD000915,UPI,Paid,2025-01-15,45729.34
ORD000916,Debit Card,Paid,2024-01-13,20194.45
ORD000917,Credit Card,Paid,2024-08-26,15144.35
ORD000918,Net Banking,Paid,2024-08-11,24461.2
ORD000919,Debit Card,Refunded,2026-04-07,44383.38
ORD000920,UPI,Paid,2025-03-22,24254.05
ORD000921,UPI,Paid,2025-05-20,19499.78
ORD000922,Debit Card,Paid,2025-04-09,17844.94
ORD000923,Wallet,Paid,2024-01-23,10944.86
ORD000924,Wallet,Paid,2024-01-06,42137.39
ORD000925,UPI,Paid,2026-07-07,22567.17
ORD000926,Wallet,Paid,2024-03-13,40394.23
ORD000927,Credit Card,Paid,2024-10-08,28599.04
ORD000928,Credit Card,Refunded,2024-11-16,36104.35
ORD000929,COD,Paid,2025-04-11,26860.88
ORD000930,UPI,Paid,2025-01-17,25656.71
ORD000931,Net Banking,Paid,2024-04-17,12696.76
ORD000932,Wallet,Paid,2024-03-31,39886.39
ORD000933,COD,Paid,2025-07-04,5584.67
ORD000934,COD,Paid,2026-03-15,14270.76
ORD000935,UPI,Failed,2024-12-04,14231.24
ORD000936,COD,Paid,2025-04-16,49589.61
ORD000937,Debit Card,Paid,2026-06-29,10092.23
ORD000938,Credit Card,Paid,2024-09-04,22711.35
ORD000939,UPI,Paid,2026-03-03,48638.43
ORD000940,COD,Paid,2024-03-26,7679.92
ORD000941,UPI,Paid,2026-01-23,6129.56
ORD000942,Credit Card,Refunded,2024-08-06,6712.89
ORD000943,Wallet,Paid,2025-05-15,16210.22
ORD000944,Credit Card,Paid,2025-06-11,13770.16
ORD000945,UPI,Paid,2024-06-06,30466.89
ORD000946,Credit Card,Paid,2025-01-30,34954.91
ORD000947,UPI,Paid,2024-07-11,29019.69
ORD000948,UPI,Paid,2026-06-09,33345.26
ORD000949,COD,Paid,2026-02-02,24556.88
ORD000950,Credit Card,Paid,2024-01-31,40697.53
ORD000951,Credit Card,Refunded,2026-08-08,48283.77
ORD000952,UPI,Paid,2025-05-30,15296.18
ORD000953,Net Banking,Paid,2024-04-11,47038.52
ORD000954,Debit Card,Paid,2024-10-29,34081.2
ORD000955,Net Banking,Paid,2025-05-21,25810.5
ORD000956,COD,Paid,2024-04-23,22914.16
ORD000957,UPI,Paid,2024-09-01,7459.46
ORD000958,UPI,Paid,2025-12-18,28229.03
ORD000959,UPI,Paid,2026-06-20,11383.4
ORD000960,Credit Card,Paid,2025-10-14,48957.26
ORD000961,Debit Card,Paid,2024-07-08,26199.01
ORD000962,Net Banking,Paid,2026-05-23,36658.53
ORD000963,UPI,Paid,2024-12-07,43896.71
ORD000964,UPI,Paid,2024-12-09,39142.96
ORD000965,COD,Paid,2025-11-27,774.4
ORD000966,UPI,Paid,2025-05-15,40195.68
ORD000967,Credit Card,Paid,2025-11-28,44088.09
ORD000968,Wallet,Paid,2024-05-30,12405.04
ORD000969,UPI,Paid,2025-05-17,41387.98
ORD000970,Credit Card,Paid,2025-01-08,26057.55
ORD000971,Wallet,Paid,2026-07-01,29399.78
ORD000972,Net Banking,Paid,2025-09-02,43607.76
ORD000973,Wallet,Paid,2024-01-22,34794.04
ORD000974,UPI,Paid,2024-05-26,43323.69
ORD000975,UPI,Paid,2025-03-17,44722.83
ORD000976,COD,Paid,2025-01-21,46211.6
ORD000977,COD,Paid,2026-07-10,49829.04
ORD000978,Credit Card,Paid,2026-07-22,17363.43
ORD000979,Debit Card,Paid,2024-10-09,43199.86
ORD000980,Credit Card,Paid,2026-05-04,23117.85
ORD000981,COD,Paid,2026-03-23,32028.85
ORD000982,UPI,Paid,2025-12-03,24914.76
ORD000983,Credit Card,Paid,2025-10-01,39649.48
ORD000984,UPI,Paid,2026-03-30,14293.66
ORD000985,Credit Card,Paid,2025-08-31,27439.3
ORD000986,UPI,Paid,2025-11-07,45658.94
ORD000987,Net Banking,Paid,2026-03-15,8269.97
ORD000988,Net Banking,Paid,2024-03-29,3112.58
ORD000989,UPI,Paid,2026-07-30,9466.88
ORD000990,COD,Paid,2024-09-11,15944.26
ORD000991,UPI,Refunded,2024-09-24,37478.54
ORD000992,UPI,Paid,2026-06-15,47492.56
ORD000993,UPI,Paid,2024-09-13,39670.76
ORD000994,Credit Card,Paid,2024-10-31,43141.8
ORD000995,Credit Card,Paid,2026-03-13,7534.88
ORD000996,Credit Card,Paid,2025-05-31,29049.87
ORD000997,Debit Card,Paid,2025-02-24,42722.52
ORD000998,Debit Card,Paid,2025-03-08,48298.74
ORD000999,UPI,Paid,2024-09-06,9987.07
ORD001000,Wallet,Paid,2025-08-03,7577.27
ORD001001,Net Banking,Paid,2025-11-17,6826.86
ORD001002,UPI,Paid,2026-05-10,14368.47
ORD001003,Wallet,Paid,2024-04-20,18505.31
ORD001004,UPI,Paid,2025-12-08,2580.49
ORD001005,Credit Card,Paid,2025-06-08,24957.31
ORD001006,Debit Card,Paid,2025-05-23,20535.67
ORD001007,COD,Paid,2024-11-04,46807.55
ORD001008,UPI,Refunded,2025-10-01,29418.6
ORD001009,UPI,Paid,2024-05-04,7519.78
ORD001010,UPI,Refunded,2026-05-02,14542.88
ORD001011,Wallet,Paid,2025-02-19,14560.69
ORD001012,Net Banking,Paid,2025-07-13,25359.33
ORD001013,Debit Card,Paid,2025-09-23,3336.99
ORD001014,Net Banking,Paid,2026-04-18,10623.01
ORD001015,Debit Card,Paid,2025-05-03,5016.29
ORD001016,Credit Card,Paid,2025-05-20,48135.88
ORD001017,Credit Card,Paid,2024-04-19,30576.88
ORD001018,UPI,Paid,2025-04-13,627.69
ORD001019,COD,Paid,2025-10-23,45566.1
ORD001020,COD,Paid,2025-04-24,17234.55
ORD001021,COD,Paid,2026-05-26,5904.15
ORD001022,UPI,Paid,2025-06-09,7982.02
ORD001023,Wallet,Paid,2025-07-31,34923.05
ORD001024,UPI,Paid,2026-03-14,15921.72
ORD001025,Debit Card,Paid,2025-05-10,20716.78
ORD001026,Credit Card,Paid,2025-12-26,1216.93
ORD001027,Debit Card,Paid,2024-11-28,10603.17
ORD001028,UPI,Paid,2024-02-16,5809.36
ORD001029,Credit Card,Paid,2024-04-19,35566.95
ORD001030,COD,Paid,2026-03-01,46142.94
ORD001031,UPI,Paid,2025-01-28,13264.53
ORD001032,Credit Card,Paid,2024-02-09,34929.75
ORD001033,Net Banking,Paid,2024-02-01,18927.63
ORD001034,UPI,Paid,2025-10-14,5896.61
ORD001035,Net Banking,Paid,2025-11-27,45470.89
ORD001036,UPI,Paid,2025-06-26,22693.75
ORD001037,UPI,Paid,2024-04-09,37429.03
ORD001038,COD,Paid,2026-03-04,24580.96
ORD001039,Wallet,Paid,2025-11-29,30021.17
ORD001040,Debit Card,Paid,2025-05-01,39854.9
ORD001041,Debit Card,Paid,2024-05-22,37149.77
ORD001042,Credit Card,Paid,2025-08-05,24724.67
ORD001043,Debit Card,Paid,2025-05-25,18250.05
ORD001044,UPI,Paid,2026-04-21,22524.33
ORD001045,UPI,Paid,2024-03-11,44273.14
ORD001046,Credit Card,Paid,2026-05-24,23500.51
ORD001047,UPI,Paid,2024-02-28,10678.97
ORD001048,UPI,Paid,2026-07-28,37430.43
ORD001049,UPI,Paid,2024-07-24,15957.48
ORD001050,Debit Card,Paid,2026-04-16,35144.3
ORD001051,COD,Paid,2024-08-30,30178.55
ORD001052,UPI,Paid,2025-12-21,39620.71
ORD001053,Credit Card,Paid,2026-01-28,33356.26
ORD001054,Credit Card,Paid,2026-01-11,24003.44
ORD001055,Wallet,Paid,2024-12-25,20906.21
ORD001056,UPI,Paid,2024-08-21,28515.19
ORD001057,Credit Card,Paid,2024-07-20,36317.05
ORD001058,Credit Card,Paid,2024-01-20,6408.49
ORD001059,Debit Card,Paid,2024-05-08,22635.53
ORD001060,Credit Card,Paid,2024-04-30,32635.66
ORD001061,UPI,Paid,2024-09-01,45799.34
ORD001062,COD,Failed,2026-02-09,16635.49
ORD001063,UPI,Paid,2026-01-08,5905.05
ORD001064,Credit Card,Failed,2024-07-03,46521.58
ORD001065,Credit Card,Paid,2024-09-07,23730.31
ORD001066,COD,Paid,2025-11-03,32967.62
ORD001067,Wallet,Paid,2025-12-23,47844.6
ORD001068,Credit Card,Paid,2024-11-06,48679.53
ORD001069,Debit Card,Refunded,2025-06-24,39782.57
ORD001070,Debit Card,Paid,2024-12-21,13599.41
ORD001071,Credit Card,Paid,2024-07-28,28631
ORD001072,Net Banking,Paid,2025-07-21,30213.41
ORD001073,Debit Card,Paid,2024-02-07,39764.66
ORD001074,UPI,Paid,2024-04-27,2382.97
ORD001075,UPI,Paid,2025-01-29,25446.44
ORD001076,COD,Paid,2025-09-17,34496.98
ORD001077,UPI,Paid,2024-02-16,31507.46
ORD001078,Net Banking,Paid,2024-02-24,9851.65
ORD001079,COD,Paid,2026-07-21,34690.89
ORD001080,Credit Card,Paid,2025-08-28,14491.9
ORD001081,COD,Paid,2025-03-20,47811.35
ORD001082,COD,Paid,2026-04-07,34201.32
ORD001083,Debit Card,Paid,2024-10-21,20624.73
ORD001084,Credit Card,Paid,2025-06-16,6595.91
ORD001085,UPI,Paid,2026-08-05,15058.68
ORD001086,UPI,Paid,2026-09-01,22822.95
ORD001087,Debit Card,Paid,2024-12-12,34780.8
ORD001088,Wallet,Paid,2025-11-07,13733.8
ORD001089,Credit Card,Paid,2024-05-08,4053.63
ORD001090,Credit Card,Paid,2024-07-03,16580.46
ORD001091,Debit Card,Paid,2025-01-02,47407.11
ORD001092,Debit Card,Paid,2025-08-16,46268.3
ORD001093,Net Banking,Paid,2024-03-06,21963.71
ORD001094,Debit Card,Paid,2026-06-09,49009.38
ORD001095,Debit Card,Paid,2025-09-24,39981.84
ORD001096,UPI,Paid,2025-06-03,38480.22
ORD001097,UPI,Paid,2024-03-04,993.28
ORD001098,UPI,Paid,2026-05-19,18062.71
ORD001099,UPI,Paid,2024-04-22,35038.31
ORD001100,Wallet,Paid,2024-07-27,14034.13
ORD001101,UPI,Paid,2024-03-14,7748.69
ORD001102,Credit Card,Paid,2026-03-18,14870.13
ORD001103,UPI,Failed,2025-04-26,27834.13
ORD001104,UPI,Paid,2026-08-10,19541.36
ORD001105,Wallet,Paid,2026-04-08,27071.22
ORD001106,Credit Card,Paid,2025-08-19,35935.51
ORD001107,COD,Paid,2025-11-03,48060.42
ORD001108,COD,Refunded,2024-03-20,5635.48
ORD001109,UPI,Paid,2026-01-22,48989.61
ORD001110,Debit Card,Paid,2026-03-29,27873.3
ORD001111,Debit Card,Paid,2024-11-20,8847.5
ORD001112,COD,Paid,2024-12-03,39324.79
ORD001113,Credit Card,Paid,2024-11-18,1148.12
ORD001114,Debit Card,Paid,2025-02-23,39362.03
ORD001115,Credit Card,Paid,2025-01-06,6070.66
ORD001116,UPI,Paid,2025-08-06,39475.81
ORD001117,Debit Card,Paid,2025-11-21,23761
ORD001118,Credit Card,Paid,2024-12-16,4781.92
ORD001119,COD,Paid,2024-05-31,44970.44
ORD001120,UPI,Paid,2024-07-03,40373.76
ORD001121,UPI,Paid,2025-07-22,15269.59
ORD001122,COD,Paid,2025-03-18,25600.1
ORD001123,COD,Paid,2026-06-07,37892.3
ORD001124,Credit Card,Paid,2025-02-15,36194.5
ORD001125,Debit Card,Paid,2026-04-24,49055.46
ORD001126,Credit Card,Paid,2024-02-16,40996.28
ORD001127,Credit Card,Paid,2025-02-23,29236.22
ORD001128,Net Banking,Paid,2025-12-17,28942.82
ORD001129,COD,Paid,2026-04-19,29588.28
ORD001130,Credit Card,Paid,2025-01-14,46627.7
ORD001131,UPI,Paid,2025-08-26,48986.36
ORD001132,COD,Paid,2024-12-15,2731.33
ORD001133,Credit Card,Paid,2026-05-14,49896.53
ORD001134,Net Banking,Paid,2024-05-27,19413.67
ORD001135,Debit Card,Paid,2024-08-03,1908.52
ORD001136,UPI,Paid,2024-04-11,19529.82
ORD001137,Credit Card,Paid,2025-03-26,43523.86
ORD001138,Debit Card,Paid,2025-09-12,14916.08
ORD001139,Net Banking,Paid,2024-07-30,26591.23
ORD001140,Debit Card,Paid,2026-07-13,40729.04
ORD001141,UPI,Refunded,2024-01-08,30447.34
ORD001142,Credit Card,Paid,2026-08-23,43565.71
ORD001143,Net Banking,Paid,2025-04-10,38882.67
ORD001144,Credit Card,Paid,2024-05-03,5040.86
ORD001145,UPI,Paid,2024-05-21,3130.49
ORD001146,Credit Card,Paid,2024-03-21,6688.52
ORD001147,Credit Card,Paid,2024-10-09,43670.43
ORD001148,UPI,Paid,2025-12-24,46282.36
ORD001149,Wallet,Paid,2025-12-23,7466.09
ORD001150,Debit Card,Paid,2026-06-18,28293.03
ORD001151,UPI,Failed,2025-08-23,45912.52
ORD001152,UPI,Paid,2025-04-26,4921.66
ORD001153,UPI,Paid,2024-05-15,28978.45
ORD001154,UPI,Failed,2026-01-10,29435.19
ORD001155,Net Banking,Paid,2024-08-02,5090.67
ORD001156,Credit Card,Paid,2025-10-09,42975.38
ORD001157,COD,Paid,2024-07-04,13136.07
ORD001158,Debit Card,Paid,2025-05-16,7136.69
ORD001159,COD,Paid,2024-08-12,27941.88
ORD001160,Debit Card,Refunded,2025-03-06,43989.27
ORD001161,Credit Card,Paid,2025-04-20,37500.59
ORD001162,COD,Paid,2024-05-12,25231.88
ORD001163,UPI,Paid,2025-12-04,42046.86
ORD001164,Net Banking,Paid,2026-05-21,5032.46
ORD001165,Credit Card,Refunded,2024-11-21,49874
ORD001166,Net Banking,Paid,2026-07-23,28290.89
ORD001167,Credit Card,Paid,2026-04-18,10538.64
ORD001168,Debit Card,Paid,2024-06-19,33169.32
ORD001169,Debit Card,Paid,2025-09-20,8416.63
ORD001170,Net Banking,Paid,2024-01-23,39925.77
ORD001171,UPI,Paid,2026-02-25,11745.51
ORD001172,Wallet,Paid,2025-07-03,1570.97
ORD001173,UPI,Paid,2026-01-06,38743.62
ORD001174,UPI,Paid,2025-02-27,29427.87
ORD001175,Credit Card,Paid,2026-05-15,18370.44
ORD001176,Credit Card,Paid,2026-03-21,31271.92
ORD001177,Net Banking,Paid,2025-10-08,44689.16
ORD001178,Net Banking,Paid,2025-01-21,12142.12
ORD001179,Net Banking,Paid,2024-03-27,31617.28
ORD001180,Wallet,Paid,2025-03-02,47125.71
ORD001181,Wallet,Paid,2024-06-04,37252.02
ORD001182,Credit Card,Paid,2025-09-12,8015.83
ORD001183,UPI,Paid,2024-11-05,27689.08
ORD001184,Credit Card,Paid,2025-08-13,41241.34
ORD001185,Credit Card,Paid,2025-02-20,1539.71
ORD001186,COD,Paid,2025-06-03,13665.36
ORD001187,Net Banking,Paid,2026-09-02,27345.93
ORD001188,UPI,Refunded,2025-08-15,27366.15
ORD001189,Credit Card,Paid,2025-07-30,23135.24
ORD001190,UPI,Paid,2024-03-27,8346.09
ORD001191,Credit Card,Paid,2025-08-31,47354.51
ORD001192,UPI,Paid,2025-06-19,45407.84
ORD001193,Wallet,Paid,2025-02-26,27846.38
ORD001194,COD,Paid,2025-12-06,9916.25
ORD001195,Debit Card,Paid,2024-08-02,25720.07
ORD001196,Net Banking,Paid,2025-10-30,12981.29
ORD001197,Credit Card,Paid,2026-05-29,44246.75
ORD001198,Net Banking,Paid,2024-05-10,34277.47
ORD001199,Credit Card,Paid,2025-03-24,44211.51
ORD001200,Net Banking,Paid,2026-04-03,19754.87
ORD001201,Credit Card,Paid,2025-02-12,2932.25
ORD001202,Debit Card,Paid,2026-08-03,11096.42
ORD001203,Credit Card,Paid,2025-10-28,9094.36
ORD001204,UPI,Paid,2025-09-21,22027.95
ORD001205,Net Banking,Paid,2026-08-17,3782.85
ORD001206,Wallet,Paid,2024-05-18,26401.46
ORD001207,UPI,Paid,2025-03-03,45610.36
ORD001208,UPI,Paid,2024-11-16,38286.98
ORD001209,Debit Card,Paid,2024-04-07,46687.58
ORD001210,Credit Card,Refunded,2025-10-13,5954.92
ORD001211,COD,Paid,2024-07-16,49094.98
ORD001212,Net Banking,Paid,2026-01-17,21407.32
ORD001213,UPI,Paid,2025-07-29,2905.04
ORD001214,UPI,Paid,2024-04-15,8876.56
ORD001215,Net Banking,Paid,2026-03-28,25959.94
ORD001216,Net Banking,Paid,2026-03-01,7155.4
ORD001217,UPI,Paid,2026-07-20,9062.58
ORD001218,Debit Card,Paid,2024-08-10,27513.16
ORD001219,COD,Paid,2025-05-01,45591.59
ORD001220,Credit Card,Paid,2025-06-07,39670.11
ORD001221,Credit Card,Paid,2026-02-17,37134.05
ORD001222,Wallet,Paid,2025-12-24,39872.12
ORD001223,COD,Paid,2024-03-21,34776.43
ORD001224,Debit Card,Paid,2025-12-30,41971.64
ORD001225,Debit Card,Paid,2026-03-19,13574.22
ORD001226,Credit Card,Paid,2024-12-22,32701.65
ORD001227,UPI,Paid,2025-11-17,22439.52
ORD001228,UPI,Paid,2026-07-31,39984.89
ORD001229,Credit Card,Paid,2024-01-11,35221.21
ORD001230,Credit Card,Paid,2024-11-13,27255.42
ORD001231,UPI,Paid,2026-08-01,18710.05
ORD001232,Net Banking,Failed,2025-05-06,37996.26
ORD001233,Wallet,Refunded,2025-10-03,40364.36
ORD001234,Debit Card,Paid,2026-08-08,35644.17
ORD001235,UPI,Paid,2025-04-29,28829.06
ORD001236,UPI,Paid,2026-07-05,35877.64
ORD001237,UPI,Paid,2024-03-25,28566.97
ORD001238,Wallet,Paid,2025-12-28,35127.81
ORD001239,Net Banking,Paid,2026-05-23,14383.52
ORD001240,UPI,Paid,2025-11-20,35489.03
ORD001241,COD,Failed,2026-01-10,9313.11
ORD001242,Wallet,Paid,2026-05-08,26357.63
ORD001243,Credit Card,Paid,2026-01-17,44780.86
ORD001244,Debit Card,Paid,2024-07-22,26892.28
ORD001245,Debit Card,Paid,2026-08-21,5156.75
ORD001246,UPI,Paid,2025-04-22,33141.84
ORD001247,UPI,Paid,2024-04-01,8267.16
ORD001248,Wallet,Paid,2024-11-22,21253.95
ORD001249,Net Banking,Failed,2025-01-18,5900.71
ORD001250,Net Banking,Paid,2026-05-07,34139.86
ORD001251,UPI,Paid,2025-01-23,7931.69
ORD001252,UPI,Paid,2024-08-20,42339.79
ORD001253,Credit Card,Refunded,2024-09-22,20744.99
ORD001254,Debit Card,Paid,2024-12-23,2445.82
ORD001255,Debit Card,Paid,2024-02-07,36646.77
ORD001256,Wallet,Paid,2025-12-20,36066.93
ORD001257,Credit Card,Paid,2024-07-31,16228.61
ORD001258,Net Banking,Paid,2026-03-25,589.98
ORD001259,UPI,Paid,2025-04-23,48432.01
ORD001260,Debit Card,Paid,2024-07-10,35748.95
ORD001261,UPI,Paid,2025-01-21,10137.68
ORD001262,Credit Card,Paid,2026-07-11,27242.15
ORD001263,Credit Card,Paid,2026-07-14,2293.02
ORD001264,Credit Card,Paid,2025-07-13,5108.36
ORD001265,Net Banking,Paid,2025-08-31,7526.59
ORD001266,Debit Card,Paid,2024-09-06,39627.18
ORD001267,COD,Paid,2025-02-15,42112.89
ORD001268,Credit Card,Paid,2026-08-16,39514.36
ORD001269,UPI,Paid,2025-08-14,32945.58
ORD001270,COD,Paid,2024-11-03,40786.2
ORD001271,UPI,Paid,2024-05-14,560.95
ORD001272,Credit Card,Paid,2026-03-23,20618.38
ORD001273,UPI,Paid,2024-01-01,30999.67
ORD001274,Credit Card,Paid,2024-07-08,7681.82
ORD001275,Credit Card,Paid,2024-06-07,36615.04
ORD001276,Net Banking,Paid,2024-12-19,5181.89
ORD001277,Wallet,Paid,2026-07-24,40478.81
ORD001278,Credit Card,Refunded,2026-02-21,1575.93
ORD001279,Wallet,Paid,2025-02-14,29373.69
ORD001280,Credit Card,Paid,2025-03-11,43398.12
ORD001281,Debit Card,Paid,2025-08-23,41357.11
ORD001282,Wallet,Paid,2025-01-12,13771.15
ORD001283,Debit Card,Paid,2026-02-09,3506.37
ORD001284,Credit Card,Paid,2024-07-11,27264.44
ORD001285,Credit Card,Paid,2025-11-01,37547.58
ORD001286,COD,Paid,2026-04-21,17404.35
ORD001287,Wallet,Paid,2024-06-17,7706.37
ORD001288,UPI,Failed,2024-03-26,11529.42
ORD001289,UPI,Paid,2026-04-03,1535.4
ORD001290,Debit Card,Paid,2025-12-03,2994.22
ORD001291,UPI,Paid,2025-03-08,18479.7
ORD001292,Wallet,Paid,2025-09-11,27087.09
ORD001293,UPI,Paid,2026-05-14,23805.23
ORD001294,COD,Paid,2025-03-11,43842.39
ORD001295,Net Banking,Paid,2024-01-09,1365.95
ORD001296,Credit Card,Paid,2025-06-11,26552
ORD001297,UPI,Paid,2026-06-07,29391.63
ORD001298,Debit Card,Paid,2025-01-14,31963.5
ORD001299,Credit Card,Paid,2024-01-26,48105.78
ORD001300,UPI,Paid,2025-04-02,16378.19
ORD001301,Credit Card,Paid,2026-01-19,33861.84
ORD001302,UPI,Paid,2025-07-02,45946.91
ORD001303,Credit Card,Paid,2026-07-04,8625.55
ORD001304,UPI,Paid,2026-07-30,21986.27
ORD001305,Net Banking,Paid,2024-02-09,31631.4
ORD001306,Net Banking,Paid,2024-04-13,40720.28
ORD001307,UPI,Paid,2025-10-15,33482.08
ORD001308,Credit Card,Refunded,2024-09-21,45502.61
ORD001309,Credit Card,Paid,2024-07-15,41784.27
ORD001310,UPI,Paid,2026-05-25,5522.26
ORD001311,Net Banking,Paid,2024-08-09,37687.03
ORD001312,COD,Paid,2025-05-28,18199.5
ORD001313,UPI,Paid,2024-10-07,41268.37
ORD001314,Debit Card,Paid,2024-05-12,29439.77
ORD001315,UPI,Paid,2024-11-21,4633.32
ORD001316,Debit Card,Paid,2024-03-06,31726.79
ORD001317,Credit Card,Paid,2025-03-07,3262.09
ORD001318,Wallet,Paid,2024-12-18,34331.75
ORD001319,Net Banking,Paid,2026-05-24,46578.86
ORD001320,Wallet,Paid,2024-09-18,30742.82
ORD001321,Credit Card,Paid,2025-10-08,39527.23
ORD001322,Net Banking,Paid,2025-06-26,45133.1
ORD001323,Debit Card,Paid,2025-04-24,44129.68
ORD001324,Net Banking,Paid,2025-08-01,31272.13
ORD001325,COD,Paid,2024-10-18,17163.13
ORD001326,COD,Paid,2025-07-05,34172.84
ORD001327,UPI,Paid,2025-02-10,46390.04
ORD001328,COD,Paid,2026-06-05,13312.75
ORD001329,UPI,Paid,2025-07-17,8242.87
ORD001330,Debit Card,Paid,2024-10-13,17298
ORD001331,Debit Card,Paid,2025-12-04,13908.76
ORD001332,Credit Card,Paid,2025-02-18,29974.71
ORD001333,UPI,Paid,2024-06-09,32071.37
ORD001334,Net Banking,Refunded,2026-02-20,38328.54
ORD001335,Credit Card,Paid,2025-08-17,16745.42
ORD001336,Debit Card,Paid,2025-09-26,20428.54
ORD001337,COD,Paid,2025-09-06,41653.11
ORD001338,Credit Card,Paid,2024-09-13,3222.11
ORD001339,COD,Refunded,2025-01-14,31978.45
ORD001340,Wallet,Paid,2025-07-20,14562.75
ORD001341,COD,Paid,2025-01-12,39427.84
ORD001342,COD,Paid,2024-11-27,49776.13
ORD001343,Debit Card,Paid,2025-04-17,42554.92
ORD001344,Credit Card,Paid,2026-03-27,11882.04
ORD001345,COD,Paid,2025-09-10,36862.6
ORD001346,UPI,Paid,2026-01-10,4209.64
ORD001347,COD,Paid,2026-06-07,18704.35
ORD001348,Debit Card,Paid,2025-03-04,7344.56
ORD001349,Credit Card,Paid,2025-09-13,4918.54
ORD001350,Wallet,Paid,2024-03-03,31649.17
ORD001351,COD,Paid,2024-02-10,16797.93
ORD001352,UPI,Paid,2025-03-27,9271.68
ORD001353,UPI,Failed,2026-02-15,12345.29
ORD001354,UPI,Paid,2025-02-26,16473.43
ORD001355,Net Banking,Paid,2024-09-28,25458.84
ORD001356,Net Banking,Paid,2025-12-28,49158.89
ORD001357,Credit Card,Paid,2025-12-07,33945.04
ORD001358,UPI,Refunded,2024-10-09,1243.17
ORD001359,Net Banking,Paid,2024-08-15,13562.47
ORD001360,Credit Card,Failed,2026-01-03,47677.23
ORD001361,Wallet,Paid,2025-11-21,18452.93
ORD001362,UPI,Paid,2025-09-14,47913.56
ORD001363,UPI,Paid,2026-05-22,9401.05
ORD001364,COD,Paid,2025-01-07,49917.33
ORD001365,Debit Card,Paid,2025-09-25,10759.32
ORD001366,Credit Card,Paid,2025-05-29,37418.39
ORD001367,Credit Card,Paid,2025-10-26,45600.7
ORD001368,UPI,Paid,2025-01-24,4111.48
ORD001369,Debit Card,Paid,2024-07-30,17635.31
ORD001370,Credit Card,Refunded,2024-05-03,46863.66
ORD001371,Wallet,Paid,2026-07-18,3195.64
ORD001372,Credit Card,Paid,2025-06-21,47888.48
ORD001373,Credit Card,Paid,2025-10-03,17412.29
ORD001374,COD,Paid,2025-07-02,45035.06
ORD001375,UPI,Failed,2025-08-04,25837.81
ORD001376,Net Banking,Paid,2025-12-08,27425.02
ORD001377,UPI,Paid,2025-09-15,29708.23
ORD001378,UPI,Paid,2026-05-01,1918.52
ORD001379,Net Banking,Paid,2024-08-01,36475.1
ORD001380,UPI,Paid,2024-04-11,47864.98
ORD001381,Credit Card,Refunded,2024-03-16,20854.21
ORD001382,Debit Card,Paid,2024-04-12,34253.68
ORD001383,COD,Paid,2024-01-10,20844.18
ORD001384,Debit Card,Paid,2025-03-30,2515.92
ORD001385,Debit Card,Paid,2024-01-02,34417.01
ORD001386,Credit Card,Paid,2024-06-29,9726.04
ORD001387,UPI,Paid,2024-11-02,28867.72
ORD001388,Credit Card,Paid,2025-07-29,20290.11
ORD001389,Credit Card,Paid,2026-08-27,3595.61
ORD001390,UPI,Paid,2025-04-27,20863.03
ORD001391,Credit Card,Paid,2024-11-08,46232.48
ORD001392,UPI,Paid,2025-07-06,21019.88
ORD001393,Net Banking,Paid,2024-11-10,45125.11
ORD001394,UPI,Paid,2025-12-03,33978.8
ORD001395,Credit Card,Paid,2024-11-28,24383.43
ORD001396,Credit Card,Paid,2024-06-11,17730.11
ORD001397,UPI,Paid,2025-09-01,21239.13
ORD001398,Credit Card,Paid,2025-04-28,48740.7
ORD001399,Credit Card,Refunded,2026-04-29,24791.43
ORD001400,Credit Card,Paid,2025-03-03,48022.99
ORD001401,Net Banking,Paid,2024-12-29,3990.17
ORD001402,Net Banking,Paid,2025-12-22,34550.2
ORD001403,Wallet,Paid,2025-01-18,36917.6
ORD001404,Debit Card,Paid,2025-07-27,28900.27
ORD001405,UPI,Paid,2024-10-07,6964.86
ORD001406,COD,Paid,2026-08-23,44929.47
ORD001407,COD,Paid,2025-02-04,15616.69
ORD001408,Credit Card,Paid,2024-03-02,570.49
ORD001409,UPI,Paid,2025-03-25,19737.39
ORD001410,COD,Paid,2024-11-28,20761.81
ORD001411,Credit Card,Paid,2025-08-10,41373.37
ORD001412,Wallet,Paid,2025-07-14,9810.9
ORD001413,Net Banking,Paid,2024-05-23,15311.36
ORD001414,Credit Card,Paid,2026-05-24,7453.46
ORD001415,Credit Card,Paid,2024-07-08,24087.23
ORD001416,Net Banking,Paid,2025-11-25,41435.96
ORD001417,Wallet,Paid,2024-05-03,15999.96
ORD001418,COD,Paid,2026-05-02,49475.11
ORD001419,COD,Paid,2025-08-03,17961.15
ORD001420,Debit Card,Paid,2024-11-30,47650.49
ORD001421,COD,Paid,2026-01-23,21020.5
ORD001422,Wallet,Paid,2025-06-28,2875.18
ORD001423,COD,Paid,2026-08-02,48571.63
ORD001424,Credit Card,Paid,2026-02-24,34545
ORD001425,UPI,Paid,2026-01-26,34978.63
ORD001426,Net Banking,Paid,2024-12-14,27551.07
ORD001427,Credit Card,Paid,2025-03-19,29684.54
ORD001428,Credit Card,Paid,2025-02-04,13732.47
ORD001429,Net Banking,Refunded,2026-05-26,42972.32
ORD001430,Debit Card,Paid,2025-10-31,13288.76
ORD001431,Net Banking,Paid,2026-06-21,16761.57
ORD001432,Debit Card,Paid,2024-07-05,22487.98
ORD001433,COD,Paid,2026-03-09,10660.14
ORD001434,UPI,Refunded,2024-11-18,23807.55
ORD001435,UPI,Paid,2024-10-05,12231.62
ORD001436,COD,Paid,2024-05-21,1391.18
ORD001437,Credit Card,Paid,2026-06-07,6876.24
ORD001438,UPI,Refunded,2024-07-30,5148.88
ORD001439,UPI,Paid,2025-06-03,7788
ORD001440,Credit Card,Paid,2024-05-04,1382.8
ORD001441,UPI,Paid,2025-03-02,46345.03
ORD001442,COD,Paid,2025-05-04,45966.22
ORD001443,Wallet,Paid,2025-01-24,25168.97
ORD001444,Credit Card,Paid,2026-08-26,38206.93
ORD001445,UPI,Paid,2024-11-03,42205.66
ORD001446,COD,Paid,2025-02-04,46175.97
ORD001447,Wallet,Paid,2026-07-07,17918.3
ORD001448,UPI,Paid,2024-01-11,2193.49
ORD001449,UPI,Paid,2024-02-09,1123.62
ORD001450,Wallet,Paid,2024-10-27,21324.98
ORD001451,Net Banking,Paid,2024-06-28,38899.87
ORD001452,UPI,Paid,2024-07-04,43146.24
ORD001453,Debit Card,Paid,2025-05-24,34566.51
ORD001454,UPI,Paid,2024-09-28,47493.1
ORD001455,UPI,Paid,2025-04-26,16066.28
ORD001456,Net Banking,Paid,2025-07-07,5271.68
ORD001457,UPI,Failed,2024-04-12,15942.91
ORD001458,Credit Card,Paid,2024-03-09,49772.45
ORD001459,Wallet,Paid,2026-07-09,10663.42
ORD001460,COD,Paid,2024-01-02,6947.5
ORD001461,Debit Card,Paid,2024-11-26,811.08
ORD001462,Wallet,Paid,2025-05-04,38951.47
ORD001463,COD,Paid,2024-08-12,17005.47
ORD001464,Credit Card,Paid,2024-03-25,21281.55
ORD001465,Net Banking,Paid,2024-09-12,33011.33
ORD001466,Credit Card,Paid,2025-12-29,7889.94
ORD001467,UPI,Paid,2026-06-24,30952.37
ORD001468,COD,Paid,2025-11-09,34186.38
ORD001469,Wallet,Paid,2026-07-16,11120.71
ORD001470,Wallet,Paid,2024-01-16,23028.39
ORD001471,Credit Card,Paid,2025-02-11,24732.32
ORD001472,COD,Paid,2024-07-12,22237.7
ORD001473,Net Banking,Paid,2024-09-27,5159.21
ORD001474,COD,Paid,2025-06-10,42424.33
ORD001475,Credit Card,Paid,2026-04-07,1565.13
ORD001476,UPI,Paid,2026-05-26,4702.54
ORD001477,UPI,Paid,2025-03-12,35221.97
ORD001478,Net Banking,Paid,2025-04-13,15944.88
ORD001479,Debit Card,Paid,2024-12-21,17651.11
ORD001480,Wallet,Paid,2026-06-06,22362.23
ORD001481,Net Banking,Paid,2025-06-07,48964.75
ORD001482,Net Banking,Paid,2024-07-22,16702.35
ORD001483,Debit Card,Paid,2025-06-27,45932.92
ORD001484,UPI,Paid,2025-12-11,4284.77
ORD001485,Net Banking,Paid,2025-10-13,38011.66
ORD001486,UPI,Paid,2026-08-23,2070.97
ORD001487,COD,Paid,2026-08-30,4458.94
ORD001488,UPI,Paid,2026-07-05,48597.3
ORD001489,Debit Card,Paid,2024-01-01,3450.07
ORD001490,Credit Card,Paid,2026-08-03,26304.14
ORD001491,Wallet,Paid,2026-04-22,909.77
ORD001492,Debit Card,Paid,2024-09-05,14155.01
ORD001493,UPI,Paid,2024-07-17,16244.07
ORD001494,UPI,Paid,2024-10-09,17295.89
ORD001495,UPI,Paid,2026-08-25,15408.2
ORD001496,Credit Card,Paid,2024-12-02,33195.08
ORD001497,Credit Card,Paid,2026-03-02,27757.4
ORD001498,COD,Paid,2025-07-09,13871.96
ORD001499,COD,Paid,2026-01-07,18869.74
ORD001500,Credit Card,Paid,2026-05-09,18361.84
ORD001501,UPI,Paid,2026-06-16,40676.9
ORD001502,Wallet,Paid,2026-01-20,10734.34
ORD001503,Debit Card,Paid,2025-12-20,3742.1
ORD001504,Debit Card,Paid,2024-10-13,32765.28
ORD001505,UPI,Paid,2025-11-14,26275.68
ORD001506,Credit Card,Paid,2026-04-06,26482.22
ORD001507,Wallet,Paid,2025-11-13,37392.06
ORD001508,Credit Card,Paid,2025-07-28,48242.89
ORD001509,Debit Card,Paid,2025-01-27,35178.78
ORD001510,COD,Paid,2024-04-10,28904.54
ORD001511,Net Banking,Paid,2025-08-18,18790.75
ORD001512,Debit Card,Paid,2025-10-25,10648.92
ORD001513,Debit Card,Paid,2026-08-20,39376.98
ORD001514,UPI,Paid,2025-11-17,46171.06
ORD001515,Credit Card,Paid,2024-12-02,39671.78
ORD001516,Net Banking,Paid,2025-04-13,49857.28
ORD001517,UPI,Paid,2024-09-11,43340.48
ORD001518,UPI,Paid,2025-10-13,36839.59
ORD001519,Net Banking,Paid,2026-06-03,33117.62
ORD001520,Wallet,Paid,2026-03-10,20810.39
ORD001521,Wallet,Paid,2025-09-23,28719.18
ORD001522,Net Banking,Paid,2026-04-28,40588.78
ORD001523,Net Banking,Paid,2024-11-17,42472.87
ORD001524,Wallet,Paid,2026-05-26,37172.26
ORD001525,Credit Card,Paid,2026-02-12,37839.86
ORD001526,Net Banking,Paid,2025-08-19,18229.11
ORD001527,Credit Card,Paid,2026-02-13,13204.25
ORD001528,Debit Card,Paid,2024-07-22,2204.15
ORD001529,Credit Card,Paid,2025-02-19,9089.91
ORD001530,COD,Paid,2024-05-16,24873.32
ORD001531,COD,Paid,2026-06-28,39369.72
ORD001532,UPI,Paid,2024-08-19,23578.99
ORD001533,Wallet,Paid,2024-10-07,7826.49
ORD001534,Wallet,Paid,2024-09-08,25871.96
ORD001535,Wallet,Paid,2024-10-31,3409.69
ORD001536,COD,Refunded,2025-03-25,18344.69
ORD001537,Debit Card,Refunded,2024-07-10,41785.61
ORD001538,COD,Paid,2025-01-31,47626.98
ORD001539,COD,Paid,2024-09-27,30666.64
ORD001540,COD,Paid,2024-11-24,13851.01
ORD001541,Debit Card,Paid,2026-05-31,26335.77
ORD001542,Debit Card,Paid,2026-07-29,22900.76
ORD001543,Net Banking,Paid,2026-04-26,29300.69
ORD001544,Debit Card,Refunded,2025-07-21,972.25
ORD001545,Credit Card,Paid,2025-09-25,14848.37
ORD001546,Debit Card,Paid,2024-06-25,13477.75
ORD001547,UPI,Paid,2024-12-22,26980.09
ORD001548,COD,Paid,2024-03-07,31435.64
ORD001549,Net Banking,Paid,2025-12-31,45741.73
ORD001550,Credit Card,Paid,2025-02-09,9427.31
ORD001551,Wallet,Paid,2024-11-08,43374.76
ORD001552,COD,Paid,2025-02-20,31998.66
ORD001553,UPI,Paid,2026-06-03,47097.45
ORD001554,UPI,Paid,2025-08-25,4395.52
ORD001555,UPI,Paid,2025-02-27,23972.72
ORD001556,UPI,Paid,2026-02-17,31245.73
ORD001557,UPI,Paid,2026-01-17,40066.2
ORD001558,Credit Card,Paid,2025-12-18,1309.57
ORD001559,Credit Card,Paid,2026-05-17,18614.39
ORD001560,UPI,Paid,2025-03-16,14756.97
ORD001561,Debit Card,Failed,2024-08-21,9782.74
ORD001562,UPI,Paid,2026-02-09,18596.83
ORD001563,UPI,Paid,2025-07-24,34502.86
ORD001564,Credit Card,Paid,2025-06-26,5963.4
ORD001565,Wallet,Paid,2026-07-16,11052.77
ORD001566,UPI,Paid,2024-07-13,36309.76
ORD001567,Debit Card,Refunded,2026-06-13,11981.65
ORD001568,Wallet,Paid,2025-12-24,28252.69
ORD001569,COD,Paid,2025-09-30,19891.71
ORD001570,UPI,Paid,2024-05-04,27773.63
ORD001571,UPI,Paid,2025-08-28,15380.83
ORD001572,COD,Paid,2024-06-07,34290.62
ORD001573,Debit Card,Paid,2025-02-02,36407.12
ORD001574,COD,Paid,2024-09-10,30296.69
ORD001575,UPI,Paid,2026-03-24,34706.49
ORD001576,UPI,Paid,2025-05-06,7275.34
ORD001577,Net Banking,Refunded,2026-07-22,30778.92
ORD001578,Credit Card,Paid,2026-02-14,41116.94
ORD001579,Debit Card,Paid,2026-02-21,29807.17
ORD001580,Credit Card,Paid,2025-01-21,23853.91
ORD001581,COD,Paid,2025-05-10,47980.47
ORD001582,UPI,Paid,2026-02-28,45463.19
ORD001583,Debit Card,Paid,2024-11-11,12975.29
ORD001584,Credit Card,Paid,2025-07-02,47976.54
ORD001585,Net Banking,Paid,2025-07-05,23957.7
ORD001586,Credit Card,Paid,2025-06-05,9025.69
ORD001587,COD,Paid,2024-02-16,12747.92
ORD001588,UPI,Paid,2025-12-30,44350.89
ORD001589,Credit Card,Paid,2025-10-18,5464.97
ORD001590,UPI,Paid,2024-04-29,4044.98
ORD001591,COD,Paid,2026-05-01,26019.42
ORD001592,UPI,Paid,2025-01-16,40718.5
ORD001593,Credit Card,Paid,2025-11-15,7299.57
ORD001594,COD,Paid,2026-06-03,38532.49
ORD001595,Credit Card,Paid,2024-10-07,20671.65
ORD001596,Credit Card,Paid,2024-10-12,38619.34
ORD001597,Net Banking,Paid,2025-10-03,30222.65
ORD001598,UPI,Refunded,2025-12-08,11941.17
ORD001599,Debit Card,Paid,2026-03-21,18909.82
ORD001600,Net Banking,Refunded,2026-01-27,29914.73
ORD001601,Wallet,Paid,2024-10-19,7681.81
ORD001602,COD,Paid,2026-02-19,17923.7
ORD001603,UPI,Paid,2024-03-29,32458.73
ORD001604,UPI,Paid,2024-02-07,8761.34
ORD001605,Net Banking,Paid,2025-02-01,27776.64
ORD001606,UPI,Paid,2025-03-22,44820.14
ORD001607,UPI,Failed,2024-02-12,4609.58
ORD001608,COD,Paid,2024-11-21,31721.35
ORD001609,Credit Card,Paid,2026-09-01,43626.31
ORD001610,UPI,Paid,2025-10-22,31312.75
ORD001611,UPI,Paid,2024-03-07,46157.3
ORD001612,UPI,Paid,2025-03-25,31436.8
ORD001613,UPI,Paid,2025-06-25,26511.69
ORD001614,Credit Card,Paid,2024-02-29,18770.54
ORD001615,Credit Card,Paid,2025-09-25,34519.01
ORD001616,UPI,Paid,2026-07-12,41926.02
ORD001617,UPI,Paid,2024-02-29,48328.67
ORD001618,UPI,Paid,2025-10-05,34288.42
ORD001619,Debit Card,Paid,2026-07-22,35232.87
ORD001620,Net Banking,Paid,2025-09-23,21059.96
ORD001621,COD,Paid,2025-09-19,1231.4
ORD001622,COD,Paid,2026-07-31,1134.61
ORD001623,Credit Card,Paid,2024-10-21,4502.95
ORD001624,Credit Card,Refunded,2024-06-13,41411.79
ORD001625,COD,Paid,2024-02-14,8468.47
ORD001626,Credit Card,Paid,2025-02-15,43922.08
ORD001627,Credit Card,Paid,2025-03-07,31264.11
ORD001628,Debit Card,Paid,2025-04-20,18413.7
ORD001629,Net Banking,Paid,2025-06-26,15472.83
ORD001630,Debit Card,Paid,2026-08-29,29290.05
ORD001631,UPI,Refunded,2025-02-22,12433.07
ORD001632,Credit Card,Paid,2024-04-22,30043.05
ORD001633,UPI,Paid,2026-03-04,40516.18
ORD001634,Credit Card,Paid,2024-06-10,17631.14
ORD001635,Debit Card,Paid,2024-01-26,33275.22
ORD001636,Debit Card,Failed,2026-02-03,39088
ORD001637,Credit Card,Paid,2026-04-01,49482.54
ORD001638,Credit Card,Paid,2026-01-27,2032.02
ORD001639,COD,Paid,2026-02-21,27489.82
ORD001640,UPI,Paid,2026-03-16,5561.56
ORD001641,Credit Card,Paid,2024-02-24,27981.78
ORD001642,Credit Card,Paid,2024-07-26,7245.89
ORD001643,Wallet,Paid,2025-09-30,6990.79
ORD001644,UPI,Paid,2025-12-22,7485.43
ORD001645,UPI,Paid,2026-07-12,22873.72
ORD001646,Debit Card,Paid,2025-02-24,6651.15
ORD001647,Debit Card,Paid,2024-10-14,31050.46
ORD001648,UPI,Paid,2025-04-01,5463.7
ORD001649,UPI,Paid,2025-01-24,7925.43
ORD001650,Debit Card,Paid,2026-04-18,31515.7
ORD001651,COD,Failed,2026-07-05,14376.35
ORD001652,COD,Paid,2026-06-26,29493.45
ORD001653,COD,Paid,2024-05-18,18696.39
ORD001654,Credit Card,Paid,2026-08-16,23019.66
ORD001655,COD,Paid,2026-08-30,14902.06
ORD001656,Credit Card,Paid,2025-09-28,49869.27
ORD001657,COD,Paid,2025-06-09,18421.34
ORD001658,UPI,Paid,2024-11-22,6889.25
ORD001659,UPI,Paid,2025-04-05,43843.84
ORD001660,Credit Card,Paid,2025-11-03,10048.54
ORD001661,UPI,Paid,2026-06-12,13789.16
ORD001662,UPI,Paid,2026-07-16,6943.51
ORD001663,Wallet,Paid,2025-12-15,15788.16
ORD001664,Credit Card,Paid,2026-03-13,24533.79
ORD001665,Credit Card,Paid,2026-01-07,22773.07
ORD001666,UPI,Refunded,2026-07-25,39875.6
ORD001667,UPI,Paid,2024-11-23,49787.34
ORD001668,UPI,Paid,2026-02-20,8632.07
ORD001669,COD,Paid,2025-08-09,22206.06
ORD001670,Debit Card,Paid,2024-01-14,17384.41
ORD001671,Credit Card,Paid,2025-10-03,31462.01
ORD001672,UPI,Paid,2025-09-19,44428.95
ORD001673,Net Banking,Paid,2026-08-06,48206.69
ORD001674,Net Banking,Paid,2025-03-19,40246.52
ORD001675,Wallet,Paid,2025-10-02,21254.02
ORD001676,Net Banking,Paid,2025-05-23,22717.56
ORD001677,Credit Card,Paid,2026-05-31,17163.88
ORD001678,Debit Card,Paid,2024-07-21,9814.08
ORD001679,UPI,Paid,2025-12-17,22214.98
ORD001680,Debit Card,Paid,2024-11-26,17148.05
ORD001681,Credit Card,Failed,2025-09-07,49862.45
ORD001682,Debit Card,Paid,2026-04-25,1739.27
ORD001683,UPI,Refunded,2025-12-01,19343.92
ORD001684,UPI,Paid,2025-05-20,43363.76
ORD001685,COD,Paid,2025-03-17,11368.69
ORD001686,Net Banking,Paid,2026-02-02,5218.55
ORD001687,Net Banking,Paid,2025-12-15,31958.08
ORD001688,Credit Card,Paid,2025-01-01,23583.18
ORD001689,UPI,Paid,2025-07-13,22224.07
ORD001690,Credit Card,Paid,2025-02-23,22262.67
ORD001691,COD,Paid,2026-08-26,13644.36
ORD001692,UPI,Paid,2024-05-26,24665.68
ORD001693,Debit Card,Paid,2024-11-21,6101.39
ORD001694,Debit Card,Paid,2024-01-16,32436.82
ORD001695,UPI,Paid,2025-08-31,17393.51
ORD001696,Credit Card,Paid,2024-10-05,29309.9
ORD001697,UPI,Paid,2026-04-30,45403.02
ORD001698,Wallet,Paid,2025-05-27,19534.2
ORD001699,UPI,Paid,2025-11-12,4146.69
ORD001700,UPI,Paid,2025-12-23,2430.84
ORD001701,UPI,Paid,2025-05-21,22606.89
ORD001702,Net Banking,Paid,2024-06-12,17658.82
ORD001703,Credit Card,Paid,2024-05-04,36207.84
ORD001704,COD,Paid,2025-12-06,21488.59
ORD001705,UPI,Paid,2025-04-02,46512.66
ORD001706,COD,Paid,2024-08-27,46245.81
ORD001707,Wallet,Refunded,2024-10-15,18442.98
ORD001708,Wallet,Paid,2026-07-12,43622.22
ORD001709,Debit Card,Paid,2026-07-22,33221.66
ORD001710,COD,Paid,2024-09-13,8762.73
ORD001711,UPI,Paid,2026-06-21,33396.34
ORD001712,COD,Paid,2025-06-25,666.1
ORD001713,Credit Card,Paid,2026-01-15,723.9
ORD001714,Credit Card,Paid,2026-02-27,39014.75
ORD001715,UPI,Paid,2025-04-30,3267.39
ORD001716,Wallet,Paid,2025-09-28,27263.74
ORD001717,Debit Card,Paid,2025-05-12,32240.23
ORD001718,Debit Card,Paid,2025-10-23,45374.04
ORD001719,UPI,Refunded,2026-01-21,12050.29
ORD001720,Credit Card,Paid,2024-10-17,24908.41
ORD001721,UPI,Paid,2024-01-13,33922.87
ORD001722,Credit Card,Paid,2025-10-29,31674.92
ORD001723,Debit Card,Paid,2024-05-31,38960.39
ORD001724,UPI,Failed,2026-02-16,12452.4
ORD001725,Debit Card,Paid,2025-12-25,29298.69
ORD001726,Credit Card,Paid,2024-01-19,38909.97
ORD001727,Credit Card,Paid,2024-05-25,1506.69
ORD001728,Credit Card,Paid,2025-03-21,45750.89
ORD001729,Net Banking,Paid,2024-02-05,49267.24
ORD001730,Net Banking,Paid,2025-06-08,11868.62
ORD001731,UPI,Paid,2026-08-07,45510.24
ORD001732,Credit Card,Paid,2025-12-31,41916.54
ORD001733,UPI,Paid,2024-03-24,11342.17
ORD001734,Wallet,Paid,2024-03-04,30124.36
ORD001735,Credit Card,Paid,2025-07-16,40825.37
ORD001736,UPI,Paid,2026-07-22,9908
ORD001737,Net Banking,Paid,2024-01-26,29702.61
ORD001738,COD,Paid,2024-02-14,30585.91
ORD001739,Credit Card,Paid,2024-05-21,19852.33
ORD001740,Credit Card,Paid,2025-02-09,43432.67
ORD001741,UPI,Paid,2026-01-01,37761.45
ORD001742,UPI,Paid,2024-08-01,39545.44
ORD001743,Wallet,Paid,2025-08-19,14887.81
ORD001744,Debit Card,Paid,2024-06-04,44671.99
ORD001745,Credit Card,Paid,2024-09-29,30649.54
ORD001746,Credit Card,Paid,2026-02-12,29970.13
ORD001747,Credit Card,Paid,2024-05-03,17582.28
ORD001748,UPI,Paid,2025-11-19,44161.57
ORD001749,COD,Paid,2025-01-31,40905.05
ORD001750,Debit Card,Paid,2025-08-06,9869.89
ORD001751,UPI,Paid,2026-04-17,26311.71
ORD001752,UPI,Refunded,2025-08-04,22280.74
ORD001753,UPI,Paid,2026-04-30,44344.25
ORD001754,Credit Card,Paid,2025-02-02,15480.99
ORD001755,Debit Card,Paid,2026-08-01,46381.07
ORD001756,UPI,Paid,2025-11-15,35928.82
ORD001757,COD,Paid,2024-02-01,4126.65
ORD001758,Debit Card,Paid,2024-11-07,30598.62
ORD001759,UPI,Paid,2024-02-25,23359.51
ORD001760,Credit Card,Failed,2026-06-17,35186.7
ORD001761,Credit Card,Paid,2026-02-28,25892.42
ORD001762,Debit Card,Paid,2026-08-11,15401.53
ORD001763,COD,Paid,2026-03-22,18607.43
ORD001764,Credit Card,Failed,2024-04-26,20684.5
ORD001765,UPI,Paid,2025-12-13,45495.33
ORD001766,Credit Card,Paid,2024-03-05,9689.44
ORD001767,Credit Card,Paid,2024-02-09,689.35
ORD001768,Debit Card,Paid,2024-01-14,2160.49
ORD001769,Net Banking,Paid,2026-06-16,24662.72
ORD001770,COD,Paid,2024-10-01,35093.21
ORD001771,COD,Paid,2025-12-07,8525.14
ORD001772,Net Banking,Paid,2025-07-30,21570.01
ORD001773,UPI,Paid,2026-01-02,42029.98
ORD001774,Credit Card,Paid,2026-04-21,25566.94
ORD001775,Credit Card,Paid,2026-01-14,11000.54
ORD001776,Credit Card,Paid,2025-02-21,5929.13
ORD001777,Debit Card,Paid,2026-02-24,24738.53
ORD001778,COD,Paid,2025-11-22,34632.86
ORD001779,Credit Card,Refunded,2024-09-16,45583.96
ORD001780,UPI,Paid,2026-02-11,18038.72
ORD001781,Debit Card,Paid,2025-06-03,23205.58
ORD001782,Wallet,Paid,2024-06-13,13316.09
ORD001783,Credit Card,Paid,2025-12-10,15361.66
ORD001784,UPI,Paid,2025-05-28,19188.6
ORD001785,UPI,Refunded,2026-08-15,34022.87
ORD001786,Credit Card,Paid,2025-12-27,42987.43
ORD001787,Credit Card,Paid,2025-01-17,7691.85
ORD001788,Credit Card,Paid,2024-08-12,44428.64
ORD001789,Credit Card,Paid,2024-04-18,16145.98
ORD001790,COD,Paid,2026-07-05,29591.68
ORD001791,COD,Paid,2026-03-30,9960.15
ORD001792,Credit Card,Paid,2024-11-10,40167.2
ORD001793,UPI,Paid,2025-10-15,38681.22
ORD001794,Wallet,Paid,2024-10-30,7271.12
ORD001795,UPI,Paid,2024-03-09,37217.35
ORD001796,Debit Card,Paid,2025-11-08,35008.69
ORD001797,Debit Card,Paid,2025-01-18,6326.53
ORD001798,COD,Paid,2025-10-12,30839.6
ORD001799,Credit Card,Paid,2024-12-25,36508.9
ORD001800,Credit Card,Paid,2026-02-09,39891.71
ORD001801,Net Banking,Paid,2026-06-20,41726.88
ORD001802,Net Banking,Paid,2025-01-25,11724.3
ORD001803,UPI,Paid,2024-09-15,47760.43
ORD001804,Net Banking,Paid,2025-10-09,47235.21
ORD001805,Debit Card,Paid,2025-04-26,40792.8
ORD001806,UPI,Paid,2025-04-07,3192.48
ORD001807,Credit Card,Paid,2025-08-30,19158.97
ORD001808,Credit Card,Paid,2025-04-19,19555.16
ORD001809,UPI,Paid,2025-11-01,41899.36
ORD001810,UPI,Paid,2024-06-28,48605.33
ORD001811,UPI,Paid,2024-12-06,27969.05
ORD001812,UPI,Paid,2024-07-23,38434.48
ORD001813,UPI,Paid,2026-04-06,42289.45
ORD001814,UPI,Paid,2024-12-15,48649.13
ORD001815,UPI,Paid,2025-12-19,7153.63
ORD001816,Credit Card,Refunded,2026-08-27,39491.47
ORD001817,COD,Paid,2025-03-17,35390.24
ORD001818,UPI,Paid,2025-07-10,48365.18
ORD001819,UPI,Paid,2025-12-19,37653.94
ORD001820,Credit Card,Paid,2025-11-12,1085.95
ORD001821,UPI,Paid,2026-08-08,33141.34
ORD001822,COD,Paid,2025-11-11,20687.36
ORD001823,Wallet,Paid,2024-09-26,5499.34
ORD001824,UPI,Paid,2025-02-28,46519.12
ORD001825,UPI,Paid,2024-05-17,17084.19
ORD001826,Debit Card,Paid,2024-04-26,9302.43
ORD001827,UPI,Paid,2026-06-20,38046.39
ORD001828,Credit Card,Paid,2024-08-06,3896.92
ORD001829,Debit Card,Paid,2024-06-25,8157.92
ORD001830,Wallet,Paid,2024-03-14,13087.32
ORD001831,COD,Paid,2026-02-17,3063.85
ORD001832,Credit Card,Paid,2024-06-17,36690.36
ORD001833,Credit Card,Paid,2026-08-19,12985.63
ORD001834,UPI,Paid,2024-02-14,5909.31
ORD001835,Debit Card,Paid,2026-08-11,5143.54
ORD001836,COD,Paid,2026-02-06,8790.1
ORD001837,Credit Card,Paid,2025-02-21,25457.77
ORD001838,Credit Card,Paid,2024-03-18,48143.63
ORD001839,UPI,Paid,2025-12-22,40386.54
ORD001840,COD,Paid,2024-10-14,47940.01
ORD001841,COD,Paid,2026-05-07,21591.53
ORD001842,Net Banking,Paid,2025-04-27,16663.14
ORD001843,Debit Card,Paid,2025-08-26,5562.41
ORD001844,UPI,Paid,2025-08-11,7932.33
ORD001845,Debit Card,Paid,2024-12-17,34833.44
ORD001846,Debit Card,Paid,2024-10-01,44686.96
ORD001847,Debit Card,Paid,2026-08-07,44743.97
ORD001848,Credit Card,Paid,2024-11-09,19016.41
ORD001849,UPI,Paid,2024-09-27,30026.64
ORD001850,Net Banking,Paid,2026-03-17,19792.68
ORD001851,Debit Card,Paid,2025-12-03,3209.92
ORD001852,UPI,Failed,2025-04-19,538.47
ORD001853,Wallet,Paid,2024-10-26,37407.03
ORD001854,Credit Card,Refunded,2024-07-06,25644.01
ORD001855,Credit Card,Paid,2026-08-12,30896.54
ORD001856,Credit Card,Paid,2024-03-14,17392.73
ORD001857,Wallet,Paid,2025-02-06,39752.25
ORD001858,Debit Card,Paid,2025-05-21,47561.18
ORD001859,UPI,Paid,2025-06-08,48212.26
ORD001860,Credit Card,Paid,2025-10-06,21766.27
ORD001861,Credit Card,Paid,2024-05-02,36220.42
ORD001862,UPI,Paid,2024-02-26,40467.29
ORD001863,COD,Failed,2024-10-02,2937.02
ORD001864,Debit Card,Paid,2024-07-29,3518.65
ORD001865,UPI,Paid,2024-12-11,43635.35
ORD001866,COD,Paid,2025-09-10,29273.49
ORD001867,Debit Card,Paid,2024-08-30,6352.01
ORD001868,Debit Card,Paid,2024-06-24,24434.1
ORD001869,COD,Paid,2024-04-04,44326.45
ORD001870,Wallet,Paid,2025-05-12,12014.09
ORD001871,COD,Paid,2025-04-15,26258.63
ORD001872,Credit Card,Paid,2024-01-05,973.3
ORD001873,UPI,Paid,2026-05-19,23542.34
ORD001874,Net Banking,Paid,2025-02-23,20972.2
ORD001875,Net Banking,Paid,2025-09-21,3649.52
ORD001876,COD,Paid,2025-11-21,4402.21
ORD001877,Credit Card,Paid,2024-01-23,5580.77
ORD001878,UPI,Paid,2024-07-29,43643.23
ORD001879,Credit Card,Paid,2025-12-01,4371.1
ORD001880,Net Banking,Paid,2024-12-28,9862.81
ORD001881,Net Banking,Paid,2025-01-24,38319.18
ORD001882,Wallet,Paid,2025-10-22,44915.85
ORD001883,Credit Card,Paid,2024-12-19,27329.1
ORD001884,UPI,Paid,2026-07-21,26890.85
ORD001885,UPI,Paid,2025-01-10,3573.38
ORD001886,Wallet,Paid,2025-10-22,35777.45
ORD001887,UPI,Paid,2025-01-26,15754.61
ORD001888,Debit Card,Paid,2024-06-12,21508.48
ORD001889,Credit Card,Paid,2025-06-22,10362.15
ORD001890,Credit Card,Paid,2024-10-13,3624.83
ORD001891,Debit Card,Paid,2024-08-26,45584.99
ORD001892,Credit Card,Paid,2026-06-12,25410.26
ORD001893,COD,Paid,2024-06-20,29683.28
ORD001894,UPI,Paid,2024-03-20,46679.98
ORD001895,Debit Card,Paid,2025-06-30,30579.51
ORD001896,UPI,Paid,2024-07-02,40348.94
ORD001897,Credit Card,Paid,2024-11-30,41832.66
ORD001898,UPI,Paid,2025-05-31,28945.57
ORD001899,Debit Card,Paid,2026-05-16,5163.9
ORD001900,Credit Card,Paid,2026-03-13,45192.86
ORD001901,Debit Card,Paid,2025-12-31,14939.94
ORD001902,Credit Card,Paid,2025-01-22,46654.26
ORD001903,Net Banking,Paid,2025-11-25,10838.08
ORD001904,Debit Card,Paid,2025-04-23,48802.7
ORD001905,Credit Card,Failed,2026-02-06,18304.92
ORD001906,UPI,Paid,2025-05-31,45136.56
ORD001907,COD,Paid,2025-01-12,31158.24
ORD001908,Credit Card,Paid,2024-11-02,18540.3
ORD001909,Net Banking,Paid,2024-08-08,22879.45
ORD001910,Credit Card,Paid,2025-08-28,7196.93
ORD001911,UPI,Paid,2024-01-18,24209.37
ORD001912,UPI,Paid,2025-12-31,43945.8
ORD001913,COD,Paid,2024-02-23,20098.85
ORD001914,Credit Card,Paid,2024-10-30,44523.5
ORD001915,Credit Card,Paid,2025-11-01,27995.01
ORD001916,COD,Paid,2025-07-18,37197.28
ORD001917,Credit Card,Paid,2024-03-11,47889.87
ORD001918,Net Banking,Paid,2024-01-12,46273.54
ORD001919,Credit Card,Paid,2024-01-27,33961.89
ORD001920,Credit Card,Paid,2025-02-18,22288.56
ORD001921,Credit Card,Paid,2024-10-18,27044.12
ORD001922,Credit Card,Paid,2025-03-25,10055.25
ORD001923,COD,Paid,2025-07-15,18089.62
ORD001924,Net Banking,Paid,2026-04-25,3782.92
ORD001925,Net Banking,Paid,2025-10-13,38078.06
ORD001926,UPI,Paid,2025-09-24,3010.04
ORD001927,Debit Card,Paid,2024-01-14,39678.1
ORD001928,Debit Card,Paid,2026-04-25,10806.91
ORD001929,UPI,Paid,2024-08-03,19536.9
ORD001930,UPI,Paid,2026-01-14,22219.62
ORD001931,Debit Card,Failed,2024-06-18,23503.87
ORD001932,COD,Paid,2024-12-16,48684.77
ORD001933,Wallet,Paid,2025-07-25,22678.21
ORD001934,Debit Card,Paid,2025-11-12,27160.11
ORD001935,Wallet,Paid,2025-08-27,37994.02
ORD001936,Credit Card,Paid,2024-09-08,16607.68
ORD001937,COD,Paid,2026-08-20,7676.89
ORD001938,UPI,Paid,2024-02-22,12258.7
ORD001939,UPI,Paid,2025-07-23,2222.71
ORD001940,Net Banking,Paid,2025-04-20,24678.29
ORD001941,Credit Card,Paid,2025-02-26,30895.08
ORD001942,Debit Card,Paid,2024-06-15,10222.45
ORD001943,Wallet,Paid,2026-08-06,10686.05
ORD001944,Credit Card,Paid,2025-04-30,7804.5
ORD001945,Credit Card,Paid,2025-05-13,24678.92
ORD001946,Debit Card,Paid,2025-03-16,41398.75
ORD001947,Wallet,Paid,2024-06-12,33861.6
ORD001948,Credit Card,Paid,2024-03-25,36482.01
ORD001949,UPI,Paid,2026-08-15,23219.95
ORD001950,Credit Card,Paid,2024-05-16,34700.7
ORD001951,UPI,Paid,2026-04-26,13200.43
ORD001952,COD,Paid,2024-11-13,26085.85
ORD001953,UPI,Paid,2024-02-11,24018.48
ORD001954,Debit Card,Paid,2025-02-04,3844.16
ORD001955,Credit Card,Paid,2025-06-22,3676.25
ORD001956,Net Banking,Refunded,2025-09-13,43841.44
ORD001957,UPI,Paid,2025-05-24,9719.58
ORD001958,Wallet,Paid,2025-11-11,13050.94
ORD001959,Net Banking,Paid,2025-06-05,39255.17
ORD001960,Wallet,Paid,2026-04-06,26152.01
ORD001961,Net Banking,Paid,2024-08-03,48752.03
ORD001962,COD,Paid,2024-03-01,15258.53
ORD001963,Credit Card,Paid,2026-01-10,16181.45
ORD001964,UPI,Paid,2024-09-01,38119.48
ORD001965,Credit Card,Paid,2026-08-23,43818.54
ORD001966,Credit Card,Failed,2026-07-07,28009.7
ORD001967,Wallet,Paid,2024-12-19,9476.98
ORD001968,Credit Card,Paid,2025-02-02,6360.12
ORD001969,Wallet,Paid,2026-03-14,22226.74
ORD001970,COD,Paid,2025-12-25,12026.4
ORD001971,Wallet,Paid,2026-06-08,22363.99
ORD001972,COD,Paid,2025-03-02,14943.8
ORD001973,Debit Card,Paid,2026-06-24,39073.09
ORD001974,Credit Card,Paid,2026-07-18,596.55
ORD001975,Wallet,Paid,2025-10-09,7911.1
ORD001976,Wallet,Paid,2024-01-04,45575.47
ORD001977,Debit Card,Paid,2024-08-05,33105.39
ORD001978,COD,Paid,2025-06-01,24123.47
ORD001979,COD,Paid,2025-09-20,5605.8
ORD001980,COD,Paid,2025-04-11,38818.81
ORD001981,Debit Card,Paid,2024-10-19,28796.92
ORD001982,Credit Card,Paid,2024-03-06,23333.31
ORD001983,Credit Card,Paid,2026-06-25,44529.43
ORD001984,Debit Card,Paid,2025-04-05,23034.98
ORD001985,UPI,Paid,2024-08-22,21043.14
ORD001986,Credit Card,Paid,2024-02-11,45699.66
ORD001987,Wallet,Paid,2025-03-16,23712.74
ORD001988,UPI,Paid,2026-04-13,49003.27
ORD001989,Debit Card,Paid,2026-01-20,5830.47
ORD001990,Debit Card,Refunded,2025-08-17,3057.07
ORD001991,Credit Card,Paid,2026-05-26,1081.57
ORD001992,UPI,Paid,2024-06-30,21871.86
ORD001993,UPI,Paid,2024-12-03,17690.21
ORD001994,Credit Card,Paid,2026-02-06,20684.08
ORD001995,UPI,Paid,2024-06-15,21259.24
ORD001996,Debit Card,Paid,2026-08-13,12975.87
ORD001997,COD,Paid,2024-03-11,8314.46
ORD001998,Net Banking,Paid,2024-01-05,31151.1
ORD001999,Credit Card,Paid,2024-10-03,45142.73
ORD002000,UPI,Paid,2026-02-24,3594.17
ORD002001,UPI,Paid,2024-10-11,26346.86
ORD002002,UPI,Paid,2026-04-06,9951.87
ORD002003,UPI,Paid,2026-07-25,14598.97
ORD002004,COD,Paid,2025-06-18,12957.24
ORD002005,Credit Card,Paid,2024-12-25,12040.65
ORD002006,Credit Card,Paid,2024-04-16,48212.22
ORD002007,Net Banking,Paid,2025-09-27,37536.24
ORD002008,COD,Paid,2026-02-02,10230.39
ORD002009,Debit Card,Paid,2025-07-24,26455.64
ORD002010,UPI,Paid,2024-02-12,25437.03
ORD002011,Credit Card,Paid,2025-11-12,17439.23
ORD002012,Wallet,Paid,2024-11-19,2341.29
ORD002013,Credit Card,Paid,2025-07-28,41818.11
ORD002014,Wallet,Paid,2025-07-19,31216.46
ORD002015,Debit Card,Paid,2025-10-15,23038.52
ORD002016,Credit Card,Paid,2024-02-09,6116.8
ORD002017,COD,Paid,2024-05-21,36999.53
ORD002018,COD,Paid,2026-05-20,42342.14
ORD002019,Credit Card,Paid,2025-05-26,3946.29
ORD002020,UPI,Paid,2024-10-18,26256.18
ORD002021,UPI,Paid,2025-06-22,11412.06
ORD002022,UPI,Paid,2024-12-08,21951.95
ORD002023,UPI,Refunded,2026-03-31,29292.95
ORD002024,UPI,Paid,2025-07-18,28092.9
ORD002025,Debit Card,Paid,2026-08-15,25674.15
ORD002026,Credit Card,Paid,2025-11-05,15802
ORD002027,Credit Card,Paid,2024-11-15,3767.17
ORD002028,COD,Paid,2024-05-21,11606.89
ORD002029,Wallet,Paid,2026-07-02,15373.73
ORD002030,COD,Paid,2024-04-19,7025.7
ORD002031,UPI,Paid,2024-09-11,45102.33
ORD002032,UPI,Paid,2025-12-18,42842.61
ORD002033,COD,Paid,2025-12-26,49972.21
ORD002034,UPI,Paid,2025-06-05,5633.96
ORD002035,Net Banking,Paid,2024-10-07,49091.23
ORD002036,UPI,Paid,2025-07-14,9308.18
ORD002037,UPI,Paid,2024-07-17,39712.8
ORD002038,UPI,Paid,2025-02-25,11419.04
ORD002039,Debit Card,Paid,2024-05-08,34091.71
ORD002040,Net Banking,Paid,2024-04-27,41460.32
ORD002041,Debit Card,Paid,2025-08-13,32755.83
ORD002042,UPI,Paid,2024-09-12,975.43
ORD002043,UPI,Paid,2024-02-18,10457.85
ORD002044,UPI,Paid,2024-04-26,3144.07
ORD002045,Credit Card,Paid,2025-12-13,3712.48
ORD002046,Credit Card,Paid,2024-05-30,15667.05
ORD002047,Credit Card,Paid,2025-11-06,24724.11
ORD002048,Credit Card,Paid,2025-10-13,45849.38
ORD002049,COD,Paid,2026-05-29,29055.5
ORD002050,UPI,Paid,2024-09-15,24873.04
ORD002051,Credit Card,Paid,2026-05-04,24153.1
ORD002052,UPI,Paid,2024-04-23,44287.67
ORD002053,Credit Card,Paid,2024-01-16,36459.58
ORD002054,Credit Card,Paid,2024-12-22,10909.85
ORD002055,UPI,Paid,2024-10-10,22431.19
ORD002056,UPI,Paid,2025-03-24,28038.67
ORD002057,COD,Paid,2024-08-13,40034.84
ORD002058,Net Banking,Paid,2026-01-09,15272.18
ORD002059,Net Banking,Paid,2025-11-06,3259.28
ORD002060,Credit Card,Paid,2025-08-04,8813.56
ORD002061,Debit Card,Paid,2026-02-14,44123.79
ORD002062,COD,Paid,2026-08-02,17475.75
ORD002063,Net Banking,Paid,2024-01-22,30532.48
ORD002064,UPI,Paid,2024-12-15,42191.98
ORD002065,Wallet,Paid,2026-01-09,39722.69
ORD002066,COD,Paid,2025-10-05,28769.67
ORD002067,Debit Card,Paid,2025-01-01,7652.65
ORD002068,Credit Card,Paid,2024-11-29,40831.17
ORD002069,Credit Card,Paid,2025-06-30,36991.45
ORD002070,COD,Paid,2025-12-07,41915.59
ORD002071,Credit Card,Paid,2026-06-06,32316.78
ORD002072,COD,Paid,2024-03-15,20453.85
ORD002073,UPI,Paid,2024-05-18,8879.19
ORD002074,Credit Card,Refunded,2024-09-20,4943.56
ORD002075,UPI,Paid,2025-10-20,30330.3
ORD002076,UPI,Paid,2025-09-18,15320.78
ORD002077,Net Banking,Paid,2026-02-03,983.37
ORD002078,Credit Card,Paid,2025-11-05,19637.4
ORD002079,UPI,Failed,2026-03-25,2947.54
ORD002080,Credit Card,Refunded,2024-08-23,33183.43
ORD002081,UPI,Paid,2025-01-01,22798.1
ORD002082,UPI,Paid,2025-10-04,1987.02
ORD002083,Net Banking,Paid,2024-06-10,38005.03
ORD002084,Credit Card,Paid,2024-08-02,4748.91
ORD002085,Net Banking,Paid,2024-08-20,44191.76
ORD002086,Credit Card,Paid,2025-01-10,10542.34
ORD002087,UPI,Paid,2026-05-03,38103.64
ORD002088,COD,Paid,2025-06-29,20611.35
ORD002089,UPI,Paid,2026-02-21,38807.74
ORD002090,Credit Card,Paid,2024-08-22,30275.39
ORD002091,COD,Paid,2025-11-25,7121.64
ORD002092,COD,Paid,2026-07-28,7556.23
ORD002093,UPI,Paid,2025-08-31,10909.67
ORD002094,UPI,Paid,2024-06-26,47781.42
ORD002095,Credit Card,Paid,2026-01-22,24771.69
ORD002096,UPI,Paid,2025-04-22,27096.83
ORD002097,Net Banking,Paid,2026-07-11,1653.94
ORD002098,COD,Paid,2024-04-26,7141.21
ORD002099,UPI,Paid,2026-01-26,2783.19
ORD002100,UPI,Paid,2026-03-29,37917.74
ORD002101,Debit Card,Paid,2025-07-11,34811.7
ORD002102,Credit Card,Paid,2025-07-05,35452.88
ORD002103,Wallet,Paid,2024-07-02,48245.47
ORD002104,UPI,Paid,2026-04-03,20797.19
ORD002105,Debit Card,Paid,2025-03-28,2008.97
ORD002106,Net Banking,Paid,2026-02-17,33184.14
ORD002107,UPI,Paid,2024-12-11,7616.91
ORD002108,Net Banking,Paid,2025-11-11,46004.4
ORD002109,Net Banking,Paid,2024-06-18,3162.21
ORD002110,COD,Paid,2026-04-04,19571.98
ORD002111,COD,Paid,2024-02-29,48459.57
ORD002112,Credit Card,Paid,2025-11-19,4010.23
ORD002113,Debit Card,Paid,2024-10-27,47481.47
ORD002114,Credit Card,Failed,2025-11-16,38579.27
ORD002115,Wallet,Paid,2026-02-26,36844.98
ORD002116,Credit Card,Paid,2025-09-28,26208.58
ORD002117,UPI,Paid,2025-04-24,1531.89
ORD002118,Debit Card,Paid,2026-06-27,5520.4
ORD002119,UPI,Paid,2026-01-11,23061.23
ORD002120,Wallet,Paid,2024-05-05,1743.93
ORD002121,Credit Card,Paid,2024-11-26,12702.86
ORD002122,UPI,Paid,2026-03-14,39645.19
ORD002123,UPI,Paid,2025-10-02,42411.6
ORD002124,Credit Card,Paid,2026-05-27,31098.99
ORD002125,UPI,Paid,2026-03-01,18012.93
ORD002126,UPI,Refunded,2024-02-19,26181.56
ORD002127,Net Banking,Paid,2026-07-01,44061.13
ORD002128,Debit Card,Paid,2026-01-21,3155.58
ORD002129,UPI,Paid,2025-04-30,22722.6
ORD002130,UPI,Paid,2026-01-06,25686.03
ORD002131,Credit Card,Paid,2024-06-08,15934.71
ORD002132,Debit Card,Paid,2026-01-13,36273.05
ORD002133,UPI,Paid,2024-11-11,10289.23
ORD002134,Net Banking,Paid,2026-02-13,11981.72
ORD002135,Net Banking,Paid,2024-08-07,45231.64
ORD002136,Credit Card,Paid,2026-06-14,19310.66
ORD002137,Net Banking,Paid,2025-02-04,34564.17
ORD002138,Wallet,Paid,2026-06-07,26131.3
ORD002139,UPI,Paid,2025-01-13,42782.38
ORD002140,Credit Card,Paid,2026-06-05,49969.53
ORD002141,Credit Card,Paid,2026-03-22,25530.32
ORD002142,UPI,Paid,2025-06-27,44273.25
ORD002143,Net Banking,Paid,2024-04-21,26400.04
ORD002144,COD,Failed,2026-04-30,22654.19
ORD002145,Credit Card,Paid,2026-05-02,23065.69
ORD002146,Credit Card,Paid,2025-10-16,23833.32
ORD002147,Wallet,Paid,2024-08-09,35502.72
ORD002148,COD,Paid,2025-06-22,39462.93
ORD002149,Wallet,Paid,2026-01-15,21846.84
ORD002150,Net Banking,Paid,2025-12-30,48172.2
ORD002151,UPI,Paid,2025-07-12,1617.92
ORD002152,UPI,Paid,2025-10-08,3828.6
ORD002153,Wallet,Refunded,2024-08-19,12506.85
ORD002154,COD,Paid,2024-03-26,14886.52
ORD002155,Wallet,Paid,2024-04-08,49522.99
ORD002156,UPI,Paid,2026-01-08,22697.11
ORD002157,UPI,Refunded,2026-04-20,26623.16
ORD002158,UPI,Paid,2026-03-09,38860.95
ORD002159,Credit Card,Paid,2026-08-04,3784.76
ORD002160,Credit Card,Paid,2025-12-21,10491.17
ORD002161,COD,Paid,2024-05-03,34570.29
ORD002162,Credit Card,Paid,2025-02-06,22249.88
ORD002163,Wallet,Paid,2024-03-20,43418.93
ORD002164,Debit Card,Paid,2025-10-17,44253.98
ORD002165,Wallet,Paid,2025-02-11,30379.47
ORD002166,Wallet,Paid,2026-02-13,17104.11
ORD002167,UPI,Paid,2024-08-08,41267.98
ORD002168,UPI,Paid,2024-12-12,26897.16
ORD002169,Debit Card,Paid,2026-02-02,42661.21
ORD002170,Net Banking,Paid,2024-02-13,37002.31
ORD002171,COD,Paid,2025-05-20,33796.63
ORD002172,UPI,Paid,2025-06-16,15536.43
ORD002173,COD,Paid,2024-01-19,24329.52
ORD002174,Credit Card,Paid,2026-06-26,49331.64
ORD002175,Net Banking,Paid,2026-04-17,49759.06
ORD002176,UPI,Paid,2026-08-21,42822.65
ORD002177,Wallet,Paid,2026-07-08,35878.04
ORD002178,Credit Card,Paid,2024-07-06,11598.19
ORD002179,UPI,Paid,2025-03-10,9234.93
ORD002180,COD,Paid,2025-06-21,20164.31
ORD002181,Credit Card,Paid,2024-11-08,46622.53
ORD002182,Credit Card,Paid,2024-07-17,36067.03
ORD002183,UPI,Paid,2025-07-18,13937.22
ORD002184,Debit Card,Paid,2025-01-18,42469.14
ORD002185,UPI,Paid,2025-12-11,4376.04
ORD002186,Wallet,Refunded,2025-08-01,39850.82
ORD002187,Credit Card,Paid,2024-07-06,29266.23
ORD002188,Debit Card,Paid,2026-04-07,26869.22
ORD002189,Debit Card,Paid,2026-08-24,1964.68
ORD002190,Debit Card,Paid,2026-03-11,47884.63
ORD002191,Credit Card,Paid,2026-02-02,27764.15
ORD002192,Debit Card,Paid,2026-03-13,5321.64
ORD002193,Credit Card,Paid,2024-05-30,1073.38
ORD002194,Wallet,Paid,2026-06-27,27594.3
ORD002195,Wallet,Paid,2024-06-29,33015.39
ORD002196,Net Banking,Paid,2024-08-16,37839.63
ORD002197,UPI,Paid,2025-07-31,23236.67
ORD002198,Credit Card,Paid,2024-01-25,20427.91
ORD002199,UPI,Paid,2026-02-22,43917.39
ORD002200,COD,Paid,2026-02-07,23294.68
ORD002201,Debit Card,Paid,2025-06-16,23188.32
ORD002202,Credit Card,Paid,2025-10-27,13174.91
ORD002203,COD,Paid,2025-07-28,13254.84
ORD002204,COD,Paid,2026-07-08,34409.63
ORD002205,Credit Card,Paid,2024-05-25,5644.93
ORD002206,Net Banking,Failed,2026-05-20,3564.24
ORD002207,UPI,Paid,2024-05-30,21529.05
ORD002208,Debit Card,Paid,2025-08-09,17679.28
ORD002209,Wallet,Paid,2024-08-09,7436.22
ORD002210,Wallet,Paid,2026-05-01,21425.28
ORD002211,UPI,Paid,2024-12-10,13855.64
ORD002212,Wallet,Paid,2025-07-08,35110.6
ORD002213,UPI,Paid,2025-06-05,17908.8
ORD002214,UPI,Paid,2024-06-18,10754.76
ORD002215,COD,Paid,2025-06-10,22236.56
ORD002216,Net Banking,Paid,2024-02-26,40036.42
ORD002217,Wallet,Paid,2024-03-17,22404.25
ORD002218,UPI,Paid,2026-04-23,21448.43
ORD002219,Debit Card,Paid,2025-09-19,21949.17
ORD002220,Credit Card,Paid,2026-01-26,7190.57
ORD002221,Debit Card,Paid,2025-10-06,5681.95
ORD002222,Credit Card,Paid,2025-02-26,44471.72
ORD002223,Credit Card,Paid,2024-10-04,24885.13
ORD002224,COD,Paid,2025-02-05,14025.8
ORD002225,Credit Card,Paid,2026-01-14,15792.2
ORD002226,Wallet,Paid,2024-05-20,1928.47
ORD002227,COD,Paid,2025-05-19,7176.84
ORD002228,UPI,Paid,2025-08-01,21822.83
ORD002229,COD,Paid,2025-06-21,31091.72
ORD002230,UPI,Paid,2025-04-09,8563.78
ORD002231,COD,Paid,2025-01-02,35528.11
ORD002232,Credit Card,Paid,2025-04-23,40631.85
ORD002233,UPI,Paid,2026-07-10,12011.64
ORD002234,Credit Card,Paid,2025-01-24,37744.07
ORD002235,Credit Card,Paid,2025-11-17,28109.55
ORD002236,UPI,Paid,2024-12-20,23058.75
ORD002237,UPI,Paid,2025-11-14,42508.53
ORD002238,UPI,Paid,2024-06-21,14305
ORD002239,UPI,Paid,2025-06-07,37935.96
ORD002240,Net Banking,Paid,2024-02-24,48838.31
ORD002241,COD,Paid,2025-02-11,7359.08
ORD002242,UPI,Paid,2026-01-28,3339.24
ORD002243,COD,Paid,2024-01-15,21667.21
ORD002244,UPI,Paid,2025-08-27,27983.93
ORD002245,Debit Card,Failed,2025-06-15,31770.42
ORD002246,Credit Card,Paid,2025-05-18,27378.17
ORD002247,UPI,Paid,2026-06-14,24249.73
ORD002248,Credit Card,Paid,2025-07-11,3277.66
ORD002249,Net Banking,Paid,2025-04-06,22414.01
ORD002250,COD,Paid,2025-10-14,2100.65
ORD002251,COD,Paid,2025-05-04,33950.17
ORD002252,UPI,Paid,2025-02-19,40555.42
ORD002253,UPI,Refunded,2025-01-08,37166.26
ORD002254,Credit Card,Paid,2024-06-24,33719.47
ORD002255,Debit Card,Failed,2024-03-30,49702.88
ORD002256,COD,Refunded,2024-12-10,40790.94
ORD002257,UPI,Paid,2025-02-18,7427.65
ORD002258,Debit Card,Paid,2026-08-17,39323.23
ORD002259,COD,Paid,2025-02-11,17551.42
ORD002260,Debit Card,Paid,2025-07-02,32173.25
ORD002261,COD,Paid,2026-03-14,13377.77
ORD002262,Wallet,Paid,2026-07-29,33835.81
ORD002263,Debit Card,Paid,2025-12-09,5061.39
ORD002264,Credit Card,Paid,2025-09-04,46259.32
ORD002265,Debit Card,Paid,2026-06-22,36133.14
ORD002266,Credit Card,Paid,2024-03-08,23806.77
ORD002267,Credit Card,Paid,2025-04-14,27856.31
ORD002268,Credit Card,Paid,2024-07-03,14764.91
ORD002269,Debit Card,Paid,2024-07-20,25576.19
ORD002270,Wallet,Paid,2025-09-22,5274.63
ORD002271,Debit Card,Paid,2024-03-07,36264.08
ORD002272,Credit Card,Paid,2024-06-02,4175.33
ORD002273,Debit Card,Paid,2024-06-07,20021.01
ORD002274,Debit Card,Paid,2026-02-07,47048.1
ORD002275,Net Banking,Paid,2024-01-02,29498.84
ORD002276,COD,Paid,2025-01-12,48057.49
ORD002277,Credit Card,Paid,2026-06-08,35181.81
ORD002278,UPI,Paid,2024-12-05,6686.79
ORD002279,Net Banking,Paid,2024-10-14,3478.05
ORD002280,Credit Card,Paid,2024-10-01,20404
ORD002281,Wallet,Paid,2025-02-07,38848.92
ORD002282,UPI,Paid,2024-07-10,20930.15
ORD002283,Wallet,Paid,2025-08-13,31503.23
ORD002284,COD,Paid,2026-08-21,45949.33
ORD002285,UPI,Refunded,2024-04-16,29524.81
ORD002286,Net Banking,Paid,2026-07-27,8526.13
ORD002287,COD,Paid,2026-08-13,36326.77
ORD002288,Debit Card,Paid,2025-08-13,8311.67
ORD002289,Wallet,Paid,2024-08-16,28080.54
ORD002290,Net Banking,Paid,2024-08-17,14283.6
ORD002291,COD,Paid,2024-01-27,33823.35
ORD002292,Credit Card,Paid,2025-07-27,44964.29
ORD002293,UPI,Paid,2025-11-28,41692.75
ORD002294,COD,Paid,2025-10-06,21982.42
ORD002295,Debit Card,Paid,2024-03-18,19031.5
ORD002296,Credit Card,Paid,2024-07-23,43426.5
ORD002297,Credit Card,Paid,2026-03-24,46992.6
ORD002298,UPI,Paid,2024-03-31,1188.39
ORD002299,UPI,Refunded,2024-07-27,15004.06
ORD002300,Wallet,Paid,2024-08-07,31982.96
ORD002301,Credit Card,Paid,2024-08-31,41723.14
ORD002302,UPI,Paid,2025-09-28,22732.79
ORD002303,Net Banking,Paid,2026-04-01,15513.98
ORD002304,Credit Card,Paid,2026-03-06,45829.23
ORD002305,UPI,Paid,2024-05-04,23482.12
ORD002306,Credit Card,Paid,2024-05-15,19081.6
ORD002307,Net Banking,Refunded,2025-06-10,23989.15
ORD002308,Debit Card,Paid,2026-06-30,2019.56
ORD002309,COD,Paid,2026-03-06,10590.32
ORD002310,Net Banking,Refunded,2025-08-21,8057.17
ORD002311,UPI,Paid,2024-10-14,35236.18
ORD002312,COD,Paid,2025-06-07,13970.92
ORD002313,Credit Card,Paid,2025-10-09,29340.58
ORD002314,Wallet,Paid,2026-06-07,30789.23
ORD002315,Debit Card,Paid,2025-05-30,36702.25
ORD002316,UPI,Paid,2024-03-25,21165.08
ORD002317,Wallet,Paid,2024-01-08,1941.53
ORD002318,UPI,Paid,2024-08-24,34429.03
ORD002319,COD,Paid,2026-04-26,34354.97
ORD002320,UPI,Paid,2024-01-07,22096.96
ORD002321,UPI,Paid,2025-10-10,45266.51
ORD002322,Credit Card,Failed,2024-11-06,7328.03
ORD002323,COD,Paid,2025-08-24,34124.29
ORD002324,COD,Paid,2026-08-18,3709.19
ORD002325,UPI,Paid,2026-01-06,5020.98
ORD002326,Net Banking,Paid,2025-01-10,10354.78
ORD002327,UPI,Paid,2024-10-21,43881.14
ORD002328,Wallet,Paid,2026-04-14,17891.85
ORD002329,UPI,Paid,2024-05-16,29156.53
ORD002330,Debit Card,Paid,2026-06-19,6988.49
ORD002331,Credit Card,Paid,2026-01-26,8970.52
ORD002332,Debit Card,Paid,2025-05-17,10355.54
ORD002333,Credit Card,Paid,2025-06-29,1321.46
ORD002334,UPI,Paid,2025-11-13,36833.3
ORD002335,COD,Paid,2025-04-20,13550.42
ORD002336,UPI,Paid,2024-09-29,2017.97
ORD002337,UPI,Paid,2024-02-04,19352.26
ORD002338,Debit Card,Paid,2026-05-26,9963.62
ORD002339,COD,Paid,2024-04-14,3954.4
ORD002340,Credit Card,Paid,2024-05-04,10628.06
ORD002341,Debit Card,Paid,2025-03-30,12544.8
ORD002342,UPI,Refunded,2026-05-08,42051.47
ORD002343,COD,Paid,2025-08-03,43562.44
ORD002344,Debit Card,Paid,2026-01-21,12195.83
ORD002345,Debit Card,Paid,2025-10-18,22789.36
ORD002346,Net Banking,Paid,2024-06-20,1304.64
ORD002347,Debit Card,Paid,2025-08-15,28643.58
ORD002348,Debit Card,Paid,2025-03-04,23658.63
ORD002349,Wallet,Paid,2026-06-22,33878.74
ORD002350,UPI,Paid,2026-08-22,44504.13
ORD002351,Net Banking,Paid,2026-04-11,8750.6
ORD002352,UPI,Paid,2025-04-02,12522.12
ORD002353,UPI,Paid,2024-03-13,45989.89
ORD002354,Net Banking,Paid,2025-04-25,34284.77
ORD002355,COD,Paid,2025-12-25,22923.98
ORD002356,UPI,Paid,2025-06-15,21898.47
ORD002357,Credit Card,Paid,2024-04-10,26576.06
ORD002358,UPI,Paid,2026-06-02,48764.67
ORD002359,Wallet,Refunded,2024-09-29,36918
ORD002360,COD,Paid,2025-04-22,23166.07
ORD002361,Net Banking,Failed,2025-12-01,4889.47
ORD002362,UPI,Paid,2025-11-15,18440.25
ORD002363,COD,Paid,2026-08-05,15215.94
ORD002364,UPI,Paid,2026-04-13,18712.77
ORD002365,Wallet,Paid,2026-08-02,29515.87
ORD002366,UPI,Paid,2025-08-11,35049.75
ORD002367,Debit Card,Paid,2024-06-15,27481.8
ORD002368,Debit Card,Paid,2024-04-06,32261.77
ORD002369,UPI,Paid,2026-08-08,20562.18
ORD002370,Debit Card,Paid,2024-10-11,26127.38
ORD002371,Credit Card,Paid,2024-01-07,11970.62
ORD002372,COD,Paid,2025-08-31,27262.49
ORD002373,UPI,Paid,2024-02-20,10599.86
ORD002374,Net Banking,Paid,2026-06-07,21920.22
ORD002375,Credit Card,Paid,2024-04-27,24806.63
ORD002376,Debit Card,Paid,2026-07-25,7038.8
ORD002377,COD,Paid,2024-05-20,44492.45
ORD002378,Debit Card,Paid,2026-08-12,11573.63
ORD002379,Credit Card,Paid,2024-02-08,25173.23
ORD002380,Credit Card,Paid,2025-07-04,37150.22
ORD002381,UPI,Paid,2026-04-11,3202.96
ORD002382,Credit Card,Paid,2024-10-15,15165.7
ORD002383,UPI,Paid,2025-11-30,25662.84
ORD002384,COD,Paid,2024-01-10,15386.14
ORD002385,Wallet,Paid,2024-10-20,3870.99
ORD002386,Credit Card,Paid,2025-12-18,3426.7
ORD002387,Net Banking,Paid,2026-03-21,6431.76
ORD002388,Debit Card,Paid,2026-08-11,21813.77
ORD002389,UPI,Paid,2026-03-09,21784.15
ORD002390,UPI,Paid,2025-04-10,28072.55
ORD002391,Credit Card,Paid,2025-07-16,24331.27
ORD002392,UPI,Paid,2024-05-14,10351.34
ORD002393,COD,Paid,2026-01-30,38493.77
ORD002394,UPI,Paid,2025-03-09,36735.49
ORD002395,Debit Card,Paid,2025-05-21,35096.6
ORD002396,COD,Paid,2026-01-07,35785.24
ORD002397,Credit Card,Paid,2024-08-21,14293.54
ORD002398,UPI,Paid,2026-07-12,12386.81
ORD002399,Net Banking,Paid,2026-04-28,40672.79
ORD002400,Debit Card,Paid,2024-09-12,34415.56
ORD002401,Net Banking,Paid,2025-02-20,3301.83
ORD002402,Credit Card,Paid,2025-03-10,17758.09
ORD002403,Credit Card,Paid,2026-03-08,37719.87
ORD002404,UPI,Paid,2024-09-10,14527
ORD002405,UPI,Paid,2024-09-14,1035.51
ORD002406,Credit Card,Refunded,2026-02-26,11967.9
ORD002407,UPI,Paid,2024-01-28,43598.54
ORD002408,Credit Card,Refunded,2026-02-20,23126.07
ORD002409,Net Banking,Paid,2024-01-15,5709.5
ORD002410,COD,Paid,2024-04-20,1689.75
ORD002411,UPI,Paid,2024-12-16,28370.04
ORD002412,Credit Card,Paid,2025-04-08,4999.43
ORD002413,Credit Card,Paid,2024-03-22,49227.02
ORD002414,Wallet,Paid,2024-10-10,21426.16
ORD002415,Debit Card,Paid,2025-12-22,17234.9
ORD002416,Credit Card,Failed,2025-06-29,21026.17
ORD002417,UPI,Paid,2025-09-02,30433.74
ORD002418,Wallet,Paid,2024-12-08,4147.77
ORD002419,Wallet,Failed,2025-09-13,12005.61
ORD002420,COD,Paid,2026-08-02,16341.1
ORD002421,UPI,Paid,2024-06-01,29141.56
ORD002422,UPI,Paid,2024-05-22,23996.58
ORD002423,COD,Paid,2025-03-01,8460.97
ORD002424,UPI,Paid,2024-01-26,800.94
ORD002425,UPI,Paid,2025-11-14,42252.8
ORD002426,Debit Card,Paid,2025-11-02,2658.38
ORD002427,Wallet,Paid,2024-03-11,17196.99
ORD002428,UPI,Paid,2024-10-03,26589.29
ORD002429,UPI,Paid,2024-03-08,11789.37
ORD002430,Credit Card,Paid,2025-05-28,31075.47
ORD002431,Credit Card,Paid,2026-04-21,1010.55
ORD002432,UPI,Paid,2025-05-19,39214.13
ORD002433,Credit Card,Paid,2025-12-02,6083.82
ORD002434,Credit Card,Paid,2024-10-26,40097.76
ORD002435,UPI,Paid,2024-08-09,30344.69
ORD002436,UPI,Paid,2024-09-30,28911.25
ORD002437,COD,Paid,2024-07-07,45889.36
ORD002438,COD,Paid,2025-09-01,1191.82
ORD002439,Wallet,Paid,2025-04-01,27857.66
ORD002440,COD,Refunded,2026-06-24,34117.06
ORD002441,Credit Card,Paid,2024-08-08,16190.51
ORD002442,Credit Card,Paid,2026-05-15,38649.07
ORD002443,Debit Card,Paid,2025-11-07,39185.98
ORD002444,Wallet,Paid,2026-05-20,25380.8
ORD002445,Credit Card,Paid,2025-12-02,11029.85
ORD002446,COD,Paid,2025-08-21,29510.46
ORD002447,Debit Card,Paid,2025-04-01,3747.99
ORD002448,Wallet,Paid,2024-10-24,4304.4
ORD002449,Credit Card,Paid,2025-07-13,27273.52
ORD002450,COD,Paid,2026-02-15,34833.79
ORD002451,Credit Card,Paid,2025-06-10,27959.72
ORD002452,UPI,Refunded,2025-03-25,45670.12
ORD002453,Credit Card,Paid,2025-07-07,43251.28
ORD002454,Credit Card,Paid,2026-04-28,18268.36
ORD002455,Debit Card,Paid,2025-09-02,37844.51
ORD002456,Debit Card,Paid,2024-06-11,29864.38
ORD002457,Credit Card,Paid,2026-03-21,46680.27
ORD002458,Credit Card,Paid,2024-06-04,28223.78
ORD002459,UPI,Paid,2025-11-17,15876.94
ORD002460,UPI,Paid,2024-12-30,8221.17
ORD002461,Credit Card,Paid,2026-03-20,36444.25
ORD002462,UPI,Paid,2026-07-10,19400.38
ORD002463,Credit Card,Paid,2026-07-04,11590.64
ORD002464,Wallet,Paid,2024-04-20,23346.06
ORD002465,Debit Card,Paid,2025-10-18,7852.78
ORD002466,Credit Card,Paid,2026-08-07,28121.09
ORD002467,UPI,Paid,2025-01-28,13744.72
ORD002468,Credit Card,Paid,2024-01-28,49164.75
ORD002469,UPI,Paid,2024-01-12,33992.54
ORD002470,UPI,Failed,2026-08-14,41013.77
ORD002471,UPI,Paid,2024-10-08,47436.41
ORD002472,Credit Card,Paid,2026-03-19,2876.89
ORD002473,UPI,Paid,2024-08-21,36020.72
ORD002474,Net Banking,Paid,2025-05-07,26929.36
ORD002475,Debit Card,Paid,2025-08-12,28675.85
ORD002476,Wallet,Paid,2024-11-03,16539.66
ORD002477,Net Banking,Failed,2026-02-14,40602.26
ORD002478,COD,Paid,2026-04-14,42941.27
ORD002479,Net Banking,Refunded,2024-04-21,508.48
ORD002480,UPI,Paid,2024-12-16,18376.54
ORD002481,Credit Card,Paid,2025-07-24,3918.63
ORD002482,COD,Paid,2024-01-23,35646.64
ORD002483,Debit Card,Paid,2025-05-22,27113.92
ORD002484,Net Banking,Failed,2025-10-28,19875.1
ORD002485,Wallet,Paid,2026-03-18,40627.94
ORD002486,COD,Paid,2026-01-29,35199.42
ORD002487,Debit Card,Paid,2025-06-12,22855.42
ORD002488,COD,Paid,2025-07-13,46466.49
ORD002489,Debit Card,Paid,2026-06-06,24497.81
ORD002490,Credit Card,Paid,2024-03-23,19317.96
ORD002491,Debit Card,Paid,2026-03-17,16601.9
ORD002492,Debit Card,Failed,2025-10-04,5941.47
ORD002493,Debit Card,Paid,2025-07-05,30610.61
ORD002494,Credit Card,Paid,2025-07-17,27290.12
ORD002495,Debit Card,Paid,2025-12-07,2696.7
ORD002496,Debit Card,Paid,2026-04-03,37149.65
ORD002497,Net Banking,Paid,2025-11-26,3211.88
ORD002498,Credit Card,Paid,2025-01-05,31876.94
ORD002499,UPI,Paid,2024-12-25,49748.62
ORD002500,Debit Card,Paid,2024-03-05,1160.69
ORD002501,Credit Card,Paid,2026-04-07,28860.61
ORD002502,Debit Card,Refunded,2025-12-27,19138.92
ORD002503,UPI,Paid,2025-09-05,9069.73
ORD002504,UPI,Paid,2025-11-03,2821.83
ORD002505,Credit Card,Refunded,2025-08-18,39537.14
ORD002506,Net Banking,Paid,2025-01-20,1510.41
ORD002507,UPI,Paid,2025-03-21,24507.65
ORD002508,Wallet,Paid,2024-09-26,18085.57
ORD002509,Credit Card,Paid,2025-03-10,13578.39
ORD002510,COD,Paid,2024-01-31,41651.54
ORD002511,Wallet,Paid,2024-08-14,20457.27
ORD002512,Credit Card,Paid,2024-05-13,22196.45
ORD002513,Wallet,Paid,2026-06-16,2098.38
ORD002514,UPI,Paid,2025-03-05,16190.42
ORD002515,UPI,Paid,2024-12-09,36843.77
ORD002516,UPI,Paid,2025-11-22,16496.47
ORD002517,Wallet,Paid,2024-10-29,29451.66
ORD002518,Credit Card,Paid,2026-06-21,7101.06
ORD002519,Credit Card,Paid,2026-02-22,8492.77
ORD002520,UPI,Paid,2024-06-30,15447.88
ORD002521,UPI,Paid,2026-05-23,7120.15
ORD002522,UPI,Paid,2025-10-16,16737.4
ORD002523,Debit Card,Paid,2025-07-03,15537.92
ORD002524,UPI,Refunded,2025-05-07,46203.09
ORD002525,COD,Paid,2024-06-26,18108.56
ORD002526,UPI,Paid,2026-03-16,41956.73
ORD002527,Wallet,Paid,2026-01-05,25390.19
ORD002528,UPI,Paid,2025-03-11,43196.44
ORD002529,Net Banking,Paid,2024-07-28,40645.9
ORD002530,Net Banking,Paid,2024-12-17,18040.96
ORD002531,Debit Card,Failed,2026-06-06,11634.84
ORD002532,UPI,Paid,2025-10-12,43859.35
ORD002533,Debit Card,Paid,2024-11-13,35034.93
ORD002534,Credit Card,Paid,2025-05-31,17134.39
ORD002535,Debit Card,Paid,2026-08-31,22124.06
ORD002536,Credit Card,Paid,2024-11-09,13281.55
ORD002537,UPI,Paid,2026-06-10,42294.01
ORD002538,COD,Paid,2024-07-17,26879.89
ORD002539,Debit Card,Paid,2025-07-05,30988.86
ORD002540,Net Banking,Paid,2024-03-27,16574.44
ORD002541,Debit Card,Paid,2024-09-05,46442.94
ORD002542,Wallet,Refunded,2024-06-23,15898.85
ORD002543,COD,Paid,2025-12-02,10947.28
ORD002544,Wallet,Paid,2024-01-14,8077.98
ORD002545,UPI,Paid,2025-01-31,11592.75
ORD002546,COD,Paid,2024-07-18,34299.3
ORD002547,UPI,Paid,2024-11-28,13096.23
ORD002548,COD,Paid,2024-08-22,46522.46
ORD002549,Net Banking,Paid,2026-05-28,47306.84
ORD002550,COD,Paid,2025-05-01,14921.62
ORD002551,UPI,Paid,2024-12-20,26973.32
ORD002552,UPI,Paid,2025-01-04,47813.77
ORD002553,Net Banking,Paid,2026-04-20,24214.33
ORD002554,Wallet,Paid,2025-09-27,8076.8
ORD002555,Debit Card,Paid,2025-10-19,35723.93
ORD002556,UPI,Paid,2025-04-12,6419.59
ORD002557,COD,Paid,2025-01-31,24750.38
ORD002558,Net Banking,Paid,2026-03-06,15312.89
ORD002559,Net Banking,Paid,2024-11-09,6855.96
ORD002560,Net Banking,Paid,2024-04-17,21103.84
ORD002561,COD,Paid,2024-08-27,3736.86
ORD002562,UPI,Paid,2025-07-08,37496.89
ORD002563,Debit Card,Paid,2024-07-28,17244.99
ORD002564,UPI,Paid,2024-08-30,14700.28
ORD002565,Credit Card,Refunded,2025-10-24,28170.97
ORD002566,UPI,Paid,2026-08-25,9286.76
ORD002567,Debit Card,Paid,2026-08-05,17481.88
ORD002568,UPI,Paid,2024-05-29,4886.79
ORD002569,Net Banking,Paid,2024-06-29,49612.65
ORD002570,COD,Paid,2025-03-21,34565.07
ORD002571,Debit Card,Refunded,2025-10-08,19139.93
ORD002572,Wallet,Paid,2024-05-05,40931.43
ORD002573,COD,Paid,2025-01-27,1314.14
ORD002574,Debit Card,Paid,2025-07-21,48155.53
ORD002575,Wallet,Paid,2024-03-29,13221.9
ORD002576,UPI,Paid,2026-03-13,20937.34
ORD002577,Wallet,Paid,2026-06-07,19086.8
ORD002578,Net Banking,Paid,2024-07-23,9611.44
ORD002579,UPI,Failed,2024-01-05,30682.07
ORD002580,UPI,Paid,2026-01-31,36057.62
ORD002581,COD,Paid,2025-12-06,30075.08
ORD002582,UPI,Paid,2025-03-08,22794.11
ORD002583,UPI,Paid,2026-07-28,16504.54
ORD002584,UPI,Paid,2026-05-10,16505.27
ORD002585,Wallet,Paid,2024-11-27,28045.78
ORD002586,Debit Card,Paid,2024-10-03,46315.67
ORD002587,Debit Card,Paid,2025-07-30,36899.59
ORD002588,Debit Card,Paid,2024-05-24,22914.63
ORD002589,Wallet,Failed,2024-06-13,49554.86
ORD002590,Credit Card,Paid,2025-07-07,30275.13
ORD002591,Net Banking,Paid,2024-05-02,17506.26
ORD002592,Credit Card,Paid,2026-03-11,8661.63
ORD002593,UPI,Paid,2024-07-04,38792.04
ORD002594,UPI,Paid,2025-01-21,36729.57
ORD002595,Net Banking,Paid,2024-03-30,15902.66
ORD002596,Wallet,Paid,2025-04-10,48841.36
ORD002597,Debit Card,Paid,2024-01-17,31271.94
ORD002598,UPI,Paid,2026-08-25,6614.99
ORD002599,Credit Card,Paid,2025-04-17,46004
ORD002600,Net Banking,Paid,2025-04-16,17360.55
ORD002601,Debit Card,Paid,2024-05-22,9742.59
ORD002602,Wallet,Paid,2024-04-08,25612.34
ORD002603,Debit Card,Paid,2024-10-15,1261.68
ORD002604,UPI,Paid,2025-03-22,19408.94
ORD002605,Credit Card,Paid,2024-12-08,16299.93
ORD002606,Credit Card,Paid,2026-06-22,22441.52
ORD002607,Credit Card,Paid,2024-04-18,19004.01
ORD002608,Net Banking,Paid,2026-05-05,41312.47
ORD002609,Wallet,Paid,2026-05-16,46090.92
ORD002610,UPI,Paid,2026-05-01,43438.58
ORD002611,Net Banking,Paid,2024-03-06,30635.72
ORD002612,UPI,Paid,2024-10-08,24473.77
ORD002613,Credit Card,Paid,2026-05-17,39452.27
ORD002614,COD,Paid,2025-09-17,26154.99
ORD002615,Debit Card,Paid,2024-02-29,42855.21
ORD002616,UPI,Paid,2025-06-13,9010.16
ORD002617,UPI,Paid,2024-04-02,31450.9
ORD002618,UPI,Paid,2025-07-10,824.91
ORD002619,Net Banking,Paid,2026-08-24,17896.11
ORD002620,UPI,Paid,2024-04-28,29759.47
ORD002621,Debit Card,Paid,2025-04-19,13324.22
ORD002622,UPI,Paid,2025-03-14,34554.63
ORD002623,Debit Card,Paid,2026-08-28,7561.47
ORD002624,Credit Card,Refunded,2024-02-03,14785.97
ORD002625,UPI,Paid,2024-01-16,29399.97
ORD002626,Debit Card,Paid,2025-11-01,49098.16
ORD002627,UPI,Paid,2025-12-30,17796.63
ORD002628,Credit Card,Paid,2026-03-28,11724.87
ORD002629,Debit Card,Refunded,2024-08-06,29207.65
ORD002630,Net Banking,Paid,2025-04-28,5126.52
ORD002631,COD,Paid,2026-03-23,20572.96
ORD002632,COD,Paid,2024-11-15,47510.63
ORD002633,UPI,Paid,2024-03-13,17831.1
ORD002634,UPI,Paid,2025-07-29,36955.29
ORD002635,Wallet,Paid,2024-10-30,25557.73
ORD002636,COD,Paid,2025-03-24,39238.89
ORD002637,UPI,Paid,2026-06-12,44177.67
ORD002638,Credit Card,Paid,2025-07-12,10693.9
ORD002639,COD,Failed,2025-07-15,41024.85
ORD002640,Debit Card,Paid,2026-08-12,10976.82
ORD002641,COD,Paid,2024-11-21,10243.31
ORD002642,UPI,Paid,2026-05-21,9728.91
ORD002643,Credit Card,Paid,2024-12-08,835.06
ORD002644,Debit Card,Paid,2024-02-22,49273.47
ORD002645,Debit Card,Paid,2025-01-07,2330.9
ORD002646,Credit Card,Paid,2024-01-10,45204.41
ORD002647,Net Banking,Paid,2024-04-19,3654.34
ORD002648,UPI,Paid,2025-11-13,48860.7
ORD002649,COD,Paid,2024-04-12,45524.32
ORD002650,Wallet,Paid,2025-12-04,17241.7
ORD002651,Net Banking,Paid,2025-03-31,44783.87
ORD002652,Credit Card,Paid,2024-01-26,42568.9
ORD002653,UPI,Paid,2026-04-17,13871.01
ORD002654,UPI,Paid,2024-01-02,8736.31
ORD002655,COD,Paid,2026-03-14,35224.52
ORD002656,Net Banking,Paid,2026-05-31,34566.44
ORD002657,COD,Paid,2024-11-24,35617.27
ORD002658,Debit Card,Paid,2026-07-18,37302.57
ORD002659,Debit Card,Paid,2024-09-23,10557.19
ORD002660,Credit Card,Paid,2024-10-17,10210.08
ORD002661,Credit Card,Paid,2025-12-22,1117.26
ORD002662,Debit Card,Paid,2026-08-12,10467.37
ORD002663,Wallet,Paid,2024-01-29,39785.58
ORD002664,Debit Card,Paid,2025-02-07,46632.78
ORD002665,COD,Paid,2026-03-02,18755.86
ORD002666,UPI,Paid,2024-10-11,49133.51
ORD002667,COD,Paid,2024-02-17,33076.2
ORD002668,Debit Card,Paid,2024-03-14,43847.91
ORD002669,Debit Card,Paid,2024-08-15,1502.64
ORD002670,Net Banking,Paid,2025-07-13,44261.12
ORD002671,UPI,Paid,2025-12-04,36300.87
ORD002672,Credit Card,Paid,2024-02-05,6192.47
ORD002673,Credit Card,Refunded,2024-01-14,40586.15
ORD002674,Debit Card,Paid,2026-04-25,48395.03
ORD002675,Net Banking,Paid,2025-05-04,16135.18
ORD002676,Net Banking,Paid,2025-05-06,27573.49
ORD002677,Credit Card,Paid,2024-08-12,18762.67
ORD002678,Credit Card,Paid,2025-01-19,24098.91
ORD002679,UPI,Paid,2026-02-15,704
ORD002680,UPI,Paid,2024-12-23,38162.83
ORD002681,UPI,Paid,2024-09-19,33318.33
ORD002682,UPI,Paid,2025-07-04,36149.09
ORD002683,UPI,Paid,2026-08-27,7178.81
ORD002684,UPI,Paid,2024-11-11,31345.62
ORD002685,COD,Paid,2024-02-02,7880.35
ORD002686,UPI,Paid,2025-11-25,4391.85
ORD002687,Credit Card,Paid,2025-07-07,25795.16
ORD002688,Credit Card,Paid,2024-06-05,29795.29
ORD002689,Debit Card,Paid,2024-05-19,23804.08
ORD002690,COD,Paid,2026-08-03,41405.35
ORD002691,Wallet,Paid,2026-03-20,14805.98
ORD002692,Debit Card,Failed,2024-03-31,26772.47
ORD002693,COD,Failed,2024-06-21,38280.46
ORD002694,COD,Failed,2025-11-19,25825.3
ORD002695,UPI,Paid,2025-01-14,6292.16
ORD002696,UPI,Paid,2025-04-20,32880.97
ORD002697,Wallet,Refunded,2024-04-27,10138.56
ORD002698,UPI,Paid,2026-02-09,22730.13
ORD002699,Debit Card,Refunded,2024-06-21,35574.97
ORD002700,Credit Card,Paid,2024-03-11,28608.77
ORD002701,Net Banking,Paid,2025-08-10,42986.12
ORD002702,Credit Card,Paid,2025-03-20,4727.88
ORD002703,UPI,Paid,2025-01-16,8396.73
ORD002704,Net Banking,Paid,2024-11-17,13342.51
ORD002705,Credit Card,Paid,2025-12-22,7306.55
ORD002706,Credit Card,Paid,2026-02-08,11414.23
ORD002707,COD,Paid,2025-12-18,48011.61
ORD002708,Credit Card,Paid,2024-06-07,21668.52
ORD002709,COD,Paid,2025-06-05,39874.71
ORD002710,UPI,Paid,2025-11-04,37200.79
ORD002711,UPI,Paid,2025-05-04,41433.65
ORD002712,COD,Paid,2024-10-28,3620.13
ORD002713,UPI,Paid,2024-05-19,18917.83
ORD002714,COD,Refunded,2024-10-12,16302.4
ORD002715,COD,Paid,2026-02-05,46113.29
ORD002716,Debit Card,Paid,2025-08-15,31280.65
ORD002717,Debit Card,Paid,2026-01-23,26643.06
ORD002718,UPI,Paid,2024-10-11,10036.46
ORD002719,UPI,Paid,2025-05-25,39635.9
ORD002720,UPI,Paid,2024-09-06,4973.39
ORD002721,Credit Card,Paid,2024-05-13,19086.1
ORD002722,Net Banking,Paid,2024-09-16,8282.45
ORD002723,Credit Card,Paid,2024-12-18,21688.73
ORD002724,Debit Card,Paid,2025-02-11,42329.39
ORD002725,COD,Paid,2024-03-14,990.4
ORD002726,Credit Card,Paid,2025-11-30,33409.56
ORD002727,COD,Paid,2026-06-01,31360.01
ORD002728,Wallet,Paid,2026-08-25,46302.33
ORD002729,Credit Card,Paid,2026-04-21,26791.99
ORD002730,UPI,Paid,2025-08-04,6907.81
ORD002731,Credit Card,Paid,2025-05-13,10312.09
ORD002732,COD,Paid,2025-01-12,31234.78
ORD002733,Net Banking,Paid,2026-02-10,45498.81
ORD002734,Credit Card,Paid,2024-03-28,44368.74
ORD002735,Net Banking,Paid,2024-11-06,10351.41
ORD002736,Credit Card,Paid,2025-11-03,37830.46
ORD002737,UPI,Paid,2025-12-02,24187.84
ORD002738,Debit Card,Paid,2025-03-03,49350.78
ORD002739,UPI,Paid,2025-04-10,11060.07
ORD002740,COD,Paid,2026-06-22,29302.61
ORD002741,COD,Paid,2026-03-15,48848.15
ORD002742,UPI,Paid,2026-08-22,15161.54
ORD002743,Debit Card,Paid,2025-11-27,5910.45
ORD002744,Debit Card,Paid,2025-06-30,33620.17
ORD002745,UPI,Paid,2024-04-11,40998.84
ORD002746,Debit Card,Paid,2026-04-20,10257.09
ORD002747,Wallet,Paid,2024-08-13,12540.34
ORD002748,COD,Paid,2026-01-07,33364.47
ORD002749,UPI,Paid,2025-01-10,15808.11
ORD002750,UPI,Paid,2026-08-31,8947.43
ORD002751,Credit Card,Paid,2024-03-20,44133.96
ORD002752,COD,Refunded,2025-05-27,49395.39
ORD002753,Credit Card,Paid,2026-06-03,18183.24
ORD002754,Wallet,Paid,2025-11-23,9207.82
ORD002755,COD,Paid,2025-12-30,15592.37
ORD002756,UPI,Paid,2024-12-09,2168.34
ORD002757,COD,Paid,2025-04-28,33370.9
ORD002758,UPI,Paid,2025-05-29,16203.89
ORD002759,Credit Card,Paid,2024-10-15,36840.85
ORD002760,COD,Paid,2025-07-03,20242.53
ORD002761,Wallet,Paid,2026-07-29,28081.72
ORD002762,COD,Paid,2025-02-12,7083.28
ORD002763,UPI,Paid,2025-02-11,49872.76
ORD002764,COD,Paid,2024-09-02,24960.99
ORD002765,Credit Card,Paid,2025-01-12,22256.6
ORD002766,COD,Paid,2024-10-20,9877.22
ORD002767,COD,Paid,2025-08-20,40533.64
ORD002768,Credit Card,Paid,2026-04-17,44295.34
ORD002769,Credit Card,Refunded,2026-01-06,38695.38
ORD002770,COD,Paid,2025-04-14,11224.62
ORD002771,Net Banking,Refunded,2024-02-01,23853.56
ORD002772,UPI,Paid,2025-06-28,31912.93
ORD002773,COD,Failed,2025-01-13,5610.29
ORD002774,Wallet,Paid,2024-11-22,27388.51
ORD002775,COD,Paid,2026-01-27,38089.31
ORD002776,Debit Card,Paid,2024-09-22,11572.69
ORD002777,Debit Card,Paid,2024-02-20,18538.27
ORD002778,Credit Card,Paid,2025-10-26,45799.89
ORD002779,Credit Card,Paid,2026-01-30,18400.96
ORD002780,Credit Card,Paid,2025-08-14,37985.54
ORD002781,COD,Paid,2025-04-24,34628.14
ORD002782,Wallet,Paid,2024-02-18,14249.14
ORD002783,Credit Card,Paid,2024-03-05,1082.1
ORD002784,COD,Paid,2025-11-05,36148.08
ORD002785,UPI,Paid,2025-11-30,46252.58
ORD002786,UPI,Paid,2025-04-20,18633.29
ORD002787,UPI,Paid,2025-08-10,24253.88
ORD002788,UPI,Paid,2026-04-06,47869.63
ORD002789,Credit Card,Paid,2024-05-05,27657.65
ORD002790,Net Banking,Paid,2025-06-14,15215.58
ORD002791,Wallet,Paid,2024-07-10,48500.67
ORD002792,COD,Paid,2024-12-19,26344.65
ORD002793,UPI,Paid,2026-07-04,42132.19
ORD002794,Debit Card,Paid,2025-12-10,37648.54
ORD002795,Credit Card,Paid,2025-09-09,7890.47
ORD002796,UPI,Paid,2025-12-12,9116.35
ORD002797,COD,Paid,2025-03-14,39559.45
ORD002798,Credit Card,Paid,2024-04-04,38168.26
ORD002799,UPI,Paid,2025-02-02,41527.23
ORD002800,UPI,Paid,2024-06-12,22088.57
ORD002801,Debit Card,Paid,2024-06-09,36392.61
ORD002802,Debit Card,Paid,2025-07-21,41378.95
ORD002803,Credit Card,Paid,2024-07-06,1340.87
ORD002804,Net Banking,Paid,2025-10-07,24186.38
ORD002805,Credit Card,Paid,2024-09-22,40112.29
ORD002806,COD,Paid,2024-05-14,27359.03
ORD002807,UPI,Paid,2025-12-08,19233.64
ORD002808,Credit Card,Failed,2024-01-18,12033.6
ORD002809,Wallet,Paid,2024-12-21,41873.81
ORD002810,COD,Paid,2026-01-05,13361.03
ORD002811,Debit Card,Paid,2025-01-22,8986.15
ORD002812,COD,Paid,2024-08-04,45102.18
ORD002813,UPI,Paid,2026-07-08,36547.37
ORD002814,Credit Card,Paid,2024-04-27,10641.9
ORD002815,UPI,Paid,2024-10-09,2305.04
ORD002816,Net Banking,Paid,2024-08-23,23577
ORD002817,Debit Card,Paid,2024-11-28,5359.45
ORD002818,UPI,Paid,2025-01-29,7913.29
ORD002819,Wallet,Paid,2025-11-10,15741.03
ORD002820,Net Banking,Paid,2025-01-09,10366.01
ORD002821,Debit Card,Paid,2024-02-16,41507.56
ORD002822,Credit Card,Paid,2026-08-18,19924.71
ORD002823,COD,Paid,2024-03-14,18809.37
ORD002824,COD,Paid,2025-03-14,42087.27
ORD002825,UPI,Paid,2026-01-08,16880.56
ORD002826,UPI,Paid,2025-07-15,44618.99
ORD002827,UPI,Paid,2024-01-01,30753.73
ORD002828,COD,Paid,2025-11-13,48066.43
ORD002829,UPI,Paid,2024-05-20,43067.98
ORD002830,Debit Card,Paid,2024-09-06,48326.54
ORD002831,Debit Card,Paid,2025-08-03,6394.29
ORD002832,Credit Card,Refunded,2024-08-08,12237.15
ORD002833,Debit Card,Paid,2024-03-23,42329.35
ORD002834,Net Banking,Failed,2024-01-30,11954.53
ORD002835,Credit Card,Paid,2025-07-02,33779.53
ORD002836,Net Banking,Paid,2025-10-14,22661.5
ORD002837,Debit Card,Paid,2025-12-17,27394.64
ORD002838,UPI,Paid,2025-01-26,39271.44
ORD002839,UPI,Paid,2026-01-12,16690.36
ORD002840,UPI,Paid,2024-02-17,14629.63
ORD002841,Credit Card,Paid,2026-03-04,45322.93
ORD002842,Credit Card,Paid,2025-07-31,5038.63
ORD002843,COD,Paid,2024-02-22,25905.32
ORD002844,Net Banking,Paid,2024-11-09,44091.4
ORD002845,Credit Card,Paid,2024-10-31,17340.6
ORD002846,UPI,Paid,2026-08-21,7649.38
ORD002847,Credit Card,Paid,2025-03-12,37900.65
ORD002848,UPI,Paid,2024-09-07,26350.89
ORD002849,Debit Card,Paid,2025-08-26,3445
ORD002850,COD,Paid,2025-04-20,24863.61
ORD002851,Credit Card,Paid,2025-01-01,34190.81
ORD002852,Net Banking,Paid,2024-02-20,14293.33
ORD002853,UPI,Paid,2024-12-24,37515.47
ORD002854,COD,Paid,2024-07-31,33217.48
ORD002855,Debit Card,Paid,2025-09-21,16374.01
ORD002856,Credit Card,Paid,2025-08-06,11155.26
ORD002857,COD,Paid,2025-11-05,16851.17
ORD002858,Credit Card,Paid,2026-06-14,49974.07
ORD002859,Credit Card,Paid,2024-03-16,47106
ORD002860,UPI,Paid,2025-08-27,18390.84
ORD002861,Credit Card,Paid,2026-05-29,15431.36
ORD002862,UPI,Paid,2026-06-22,28003.09
ORD002863,UPI,Paid,2025-11-24,40664.52
ORD002864,Net Banking,Paid,2025-05-27,5279.24
ORD002865,Debit Card,Paid,2024-08-11,19670.79
ORD002866,UPI,Paid,2025-06-18,47146.37
ORD002867,Net Banking,Paid,2024-04-17,45751.58
ORD002868,Credit Card,Paid,2024-03-03,39230.46
ORD002869,Credit Card,Paid,2024-11-30,11766.55
ORD002870,Credit Card,Paid,2025-10-08,30917.79
ORD002871,UPI,Paid,2026-05-30,8757.9
ORD002872,Credit Card,Paid,2025-08-03,27339.64
ORD002873,Wallet,Paid,2026-01-10,41711.83
ORD002874,Net Banking,Paid,2026-01-25,17837.49
ORD002875,Credit Card,Paid,2026-06-04,24433.75
ORD002876,Debit Card,Paid,2025-12-25,36470.66
ORD002877,Debit Card,Paid,2026-05-10,32541.75
ORD002878,Debit Card,Paid,2026-04-06,2844.34
ORD002879,UPI,Paid,2024-09-25,4112.15
ORD002880,UPI,Paid,2025-02-11,17136.39
ORD002881,UPI,Paid,2025-07-18,23533.65
ORD002882,Debit Card,Paid,2024-07-14,31590.63
ORD002883,Credit Card,Failed,2026-05-29,16273.56
ORD002884,UPI,Paid,2025-02-20,13362.81
ORD002885,Net Banking,Paid,2025-04-07,46620.36
ORD002886,Debit Card,Paid,2025-11-05,49952.25
ORD002887,COD,Paid,2025-07-19,10727
ORD002888,COD,Paid,2024-10-14,26531.35
ORD002889,COD,Paid,2026-04-04,20948.87
ORD002890,UPI,Paid,2024-10-20,2451.45
ORD002891,UPI,Paid,2024-07-31,16974.32
ORD002892,UPI,Paid,2026-05-04,26834.02
ORD002893,Credit Card,Paid,2025-09-17,25862.48
ORD002894,UPI,Refunded,2024-12-10,41848.37
ORD002895,UPI,Paid,2025-09-30,34684.72
ORD002896,COD,Paid,2025-08-11,12529.44
ORD002897,Credit Card,Paid,2024-08-13,24044.92
ORD002898,Credit Card,Paid,2025-12-09,41179.45
ORD002899,Credit Card,Paid,2026-08-13,20724.78
ORD002900,Credit Card,Paid,2025-09-17,38512.67
ORD002901,Credit Card,Paid,2024-02-29,15715.52
ORD002902,Net Banking,Paid,2026-08-22,26577.05
ORD002903,UPI,Paid,2024-09-21,34710.89
ORD002904,Debit Card,Paid,2026-07-29,31440.03
ORD002905,Wallet,Paid,2026-08-27,9198.01
ORD002906,UPI,Paid,2024-01-18,17135.83
ORD002907,COD,Paid,2026-03-28,10400.21
ORD002908,UPI,Paid,2026-04-13,32516.15
ORD002909,Credit Card,Paid,2025-04-18,18743.69
ORD002910,Credit Card,Paid,2025-05-23,5888.91
ORD002911,UPI,Paid,2026-05-03,37393.47
ORD002912,COD,Paid,2025-07-08,38956.31
ORD002913,Credit Card,Paid,2025-11-24,35125.95
ORD002914,Debit Card,Paid,2024-03-07,23789.63
ORD002915,Net Banking,Paid,2025-08-22,43226.99
ORD002916,UPI,Paid,2024-09-18,890.94
ORD002917,Net Banking,Paid,2024-09-13,26547.48
ORD002918,UPI,Paid,2024-07-09,40658.83
ORD002919,UPI,Paid,2025-06-28,37004.21
ORD002920,COD,Paid,2025-12-05,23796.17
ORD002921,UPI,Paid,2025-11-16,25564.34
ORD002922,COD,Paid,2024-10-26,46478.26
ORD002923,Debit Card,Paid,2024-12-27,32368.44
ORD002924,Net Banking,Paid,2024-12-29,2134.24
ORD002925,UPI,Failed,2024-04-23,8026.01
ORD002926,UPI,Paid,2026-08-27,888.18
ORD002927,Wallet,Paid,2024-07-05,39948.04
ORD002928,Debit Card,Paid,2024-04-26,14393.82
ORD002929,UPI,Paid,2024-09-24,35319.49
ORD002930,Wallet,Paid,2026-01-23,7497.67
ORD002931,COD,Paid,2024-10-24,1785.22
ORD002932,Credit Card,Paid,2024-11-08,8024.55
ORD002933,Credit Card,Paid,2026-08-03,23752.61
ORD002934,Credit Card,Paid,2024-01-12,32127.04
ORD002935,COD,Paid,2024-12-24,25971.89
ORD002936,Debit Card,Paid,2025-11-30,32519.04
ORD002937,UPI,Refunded,2025-02-11,19091.56
ORD002938,UPI,Paid,2025-09-05,45950.11
ORD002939,UPI,Paid,2025-05-24,1308.93
ORD002940,UPI,Paid,2025-08-04,4985.79
ORD002941,Debit Card,Paid,2025-07-10,26320.24
ORD002942,UPI,Paid,2025-01-13,5315.4
ORD002943,COD,Paid,2024-04-30,12856.71
ORD002944,Debit Card,Paid,2025-02-25,41701.97
ORD002945,Credit Card,Paid,2025-11-12,49609.09
ORD002946,UPI,Paid,2026-01-08,32414.18
ORD002947,Credit Card,Refunded,2024-10-30,34906.24
ORD002948,Debit Card,Paid,2024-09-23,45587.01
ORD002949,UPI,Paid,2024-07-19,9328.71
ORD002950,Debit Card,Paid,2026-05-21,29865.56
ORD002951,Debit Card,Paid,2024-08-17,26901.12
ORD002952,UPI,Paid,2024-06-05,6476.78
ORD002953,COD,Paid,2026-02-07,49394.5
ORD002954,Credit Card,Paid,2025-01-17,29237.31
ORD002955,UPI,Paid,2025-05-27,38252.33
ORD002956,Debit Card,Paid,2024-04-22,29328.69
ORD002957,Wallet,Paid,2024-11-13,11230.84
ORD002958,COD,Paid,2024-02-14,7925.95
ORD002959,Credit Card,Paid,2025-05-25,32167.87
ORD002960,COD,Paid,2025-06-17,26820.6
ORD002961,Net Banking,Paid,2024-10-16,5271.88
ORD002962,Debit Card,Paid,2025-03-21,40576.94
ORD002963,UPI,Paid,2024-05-25,12646.98
ORD002964,UPI,Paid,2024-01-19,26731.7
ORD002965,COD,Refunded,2024-09-16,35015.61
ORD002966,Debit Card,Paid,2025-05-13,30580.34
ORD002967,COD,Paid,2026-06-05,4000.89
ORD002968,Debit Card,Paid,2026-04-25,23744.73
ORD002969,UPI,Paid,2025-08-12,6695.67
ORD002970,UPI,Paid,2024-04-24,30547.91
ORD002971,Net Banking,Paid,2025-02-23,30685.02
ORD002972,UPI,Paid,2024-03-04,42598.95
ORD002973,UPI,Paid,2024-12-11,17125.83
ORD002974,UPI,Paid,2024-11-26,24716.09
ORD002975,UPI,Refunded,2025-06-27,49947.27
ORD002976,Wallet,Paid,2025-12-06,41647.1
ORD002977,UPI,Paid,2025-11-06,10200.91
ORD002978,Credit Card,Paid,2025-06-30,32779.24
ORD002979,Debit Card,Paid,2024-09-07,23849.87
ORD002980,Credit Card,Paid,2026-06-23,9299.24
ORD002981,Credit Card,Paid,2024-07-27,21749.34
ORD002982,COD,Paid,2025-06-02,46593.63
ORD002983,Credit Card,Paid,2026-07-24,32729.23
ORD002984,UPI,Paid,2025-07-20,22627.39
ORD002985,Wallet,Failed,2024-07-14,5594.96
ORD002986,Debit Card,Paid,2024-08-20,45463.8
ORD002987,Credit Card,Paid,2024-08-18,48582.43
ORD002988,Credit Card,Paid,2026-05-27,19167.56
ORD002989,COD,Paid,2026-01-24,16609.49
ORD002990,Debit Card,Paid,2024-04-07,6832.52
ORD002991,COD,Paid,2025-08-18,18541.19
ORD002992,UPI,Paid,2024-04-12,41591.56
ORD002993,UPI,Paid,2025-09-13,42248.99
ORD002994,Debit Card,Paid,2025-12-12,35442.8
ORD002995,Credit Card,Paid,2025-07-01,1704.99
ORD002996,Wallet,Paid,2024-07-02,10284.12
ORD002997,COD,Paid,2025-02-05,4948.95
ORD002998,Credit Card,Failed,2025-01-29,26150.52
ORD002999,Credit Card,Paid,2024-05-21,49602.21
ORD003000,UPI,Paid,2025-08-02,45431.98
ORD003001,Net Banking,Paid,2025-03-21,20310.78
ORD003002,Debit Card,Paid,2025-08-16,17567.61
ORD003003,COD,Paid,2025-09-24,2918.81
ORD003004,Credit Card,Paid,2026-02-21,9043.64
ORD003005,Credit Card,Paid,2024-01-04,2530.49
ORD003006,Net Banking,Paid,2025-05-24,6463.55
ORD003007,COD,Paid,2024-10-18,17380.65
ORD003008,UPI,Paid,2025-09-15,26127.37
ORD003009,Debit Card,Paid,2024-10-23,29337.77
ORD003010,Debit Card,Paid,2026-01-21,15331.1
ORD003011,UPI,Paid,2024-10-26,46104.82
ORD003012,Credit Card,Paid,2026-03-22,28421.76
ORD003013,UPI,Paid,2024-01-12,11671.74
ORD003014,COD,Paid,2024-02-03,43223.5
ORD003015,COD,Paid,2025-02-14,16361.62
ORD003016,Wallet,Paid,2025-07-11,45177.45
ORD003017,COD,Paid,2024-04-16,21737.86
ORD003018,Credit Card,Paid,2024-07-13,15640.35
ORD003019,Net Banking,Paid,2025-07-19,34267.85
ORD003020,Credit Card,Paid,2026-05-26,37208.7
ORD003021,Credit Card,Paid,2024-01-16,44812.59
ORD003022,UPI,Paid,2024-01-14,27997.09
ORD003023,COD,Paid,2025-02-03,26905.63
ORD003024,COD,Paid,2024-12-31,36094.8
ORD003025,Net Banking,Paid,2024-10-26,47882.69
ORD003026,COD,Paid,2025-03-24,39466.59
ORD003027,Net Banking,Paid,2025-04-04,41244.33
ORD003028,Debit Card,Paid,2026-07-24,30272.68
ORD003029,Debit Card,Paid,2026-06-18,47217.55
ORD003030,UPI,Paid,2025-01-17,29544.66
ORD003031,Debit Card,Paid,2026-08-30,14838
ORD003032,COD,Paid,2025-05-11,42893.51
ORD003033,Credit Card,Paid,2026-08-09,6808.57
ORD003034,Net Banking,Paid,2024-02-10,9543.79
ORD003035,Credit Card,Paid,2026-07-22,24951.2
ORD003036,UPI,Paid,2024-11-18,17950.87
ORD003037,UPI,Paid,2024-05-07,6588.22
ORD003038,UPI,Paid,2025-11-06,19435.53
ORD003039,Credit Card,Paid,2025-05-06,36298.07
ORD003040,Credit Card,Paid,2025-01-17,20880.29
ORD003041,Credit Card,Paid,2026-04-24,34763.83
ORD003042,Net Banking,Paid,2024-03-25,29927.17
ORD003043,UPI,Paid,2024-06-19,27536.35
ORD003044,UPI,Paid,2024-07-08,5313.89
ORD003045,Debit Card,Paid,2025-04-28,4790.98
ORD003046,Net Banking,Paid,2025-04-19,10847.88
ORD003047,Debit Card,Paid,2025-07-12,23721.98
ORD003048,UPI,Paid,2024-11-25,41313.62
ORD003049,Wallet,Paid,2024-06-23,9859.67
ORD003050,Credit Card,Paid,2024-04-29,32260.68
ORD003051,UPI,Paid,2024-03-09,32385.17
ORD003052,UPI,Paid,2024-02-19,2795.8
ORD003053,Net Banking,Paid,2024-11-10,9306.31
ORD003054,COD,Paid,2024-12-31,27484.06
ORD003055,Wallet,Paid,2026-05-23,37715.96
ORD003056,Wallet,Paid,2024-12-30,33929.44
ORD003057,COD,Paid,2024-07-23,1870.05
ORD003058,Debit Card,Paid,2024-12-07,11212.31
ORD003059,UPI,Paid,2024-05-08,29621.43
ORD003060,Debit Card,Paid,2025-12-06,46764.27
ORD003061,Credit Card,Paid,2024-07-06,18357.83
ORD003062,Debit Card,Paid,2026-06-30,1458.38
ORD003063,UPI,Paid,2024-06-28,26944.03
ORD003064,Net Banking,Paid,2025-07-22,48518.03
ORD003065,Credit Card,Paid,2024-05-06,20010.79
ORD003066,Credit Card,Refunded,2024-08-05,24854.84
ORD003067,Debit Card,Paid,2025-06-09,21805.88
ORD003068,UPI,Paid,2025-03-11,45493.43
ORD003069,Credit Card,Paid,2024-03-30,25508.79
ORD003070,UPI,Paid,2026-04-09,20592.48
ORD003071,Debit Card,Paid,2024-08-03,18406.04
ORD003072,COD,Paid,2025-01-21,37675.04
ORD003073,UPI,Paid,2025-08-25,48167.57
ORD003074,Credit Card,Paid,2024-02-20,13128.55
ORD003075,Wallet,Paid,2024-01-18,2342.35
ORD003076,UPI,Paid,2024-12-15,3553.01
ORD003077,Credit Card,Paid,2025-11-10,32215.49
ORD003078,Credit Card,Paid,2025-02-04,4845.47
ORD003079,Credit Card,Paid,2025-09-26,48574.27
ORD003080,COD,Paid,2026-06-17,46237.26
ORD003081,Credit Card,Paid,2025-12-29,46607.78
ORD003082,UPI,Paid,2026-01-30,6065.14
ORD003083,Debit Card,Paid,2025-03-27,4629.39
ORD003084,Credit Card,Paid,2025-11-09,48354.98
ORD003085,Credit Card,Paid,2025-10-16,43348.8
ORD003086,COD,Paid,2026-02-07,3919.99
ORD003087,Wallet,Paid,2024-12-03,11578.95
ORD003088,Credit Card,Failed,2025-05-23,26613.77
ORD003089,Debit Card,Paid,2024-03-25,46602.11
ORD003090,Wallet,Paid,2025-05-29,1102.66
ORD003091,COD,Paid,2024-03-24,13747.98
ORD003092,COD,Paid,2025-07-05,37247.7
ORD003093,Debit Card,Paid,2026-06-27,34694.77
ORD003094,UPI,Paid,2026-05-13,29500.87
ORD003095,Credit Card,Paid,2025-04-24,48512.08
ORD003096,UPI,Paid,2025-03-12,8673.46
ORD003097,Debit Card,Paid,2024-04-02,26528.53
ORD003098,UPI,Paid,2026-01-10,4217.91
ORD003099,Credit Card,Paid,2024-11-23,10314.74
ORD003100,Wallet,Paid,2024-05-04,49404.13
ORD003101,Debit Card,Refunded,2024-09-12,47016.46
ORD003102,UPI,Paid,2024-05-17,37231.71
ORD003103,Credit Card,Paid,2025-08-10,46865.49
ORD003104,UPI,Paid,2024-04-13,33237.52
ORD003105,Net Banking,Paid,2026-06-20,10022.29
ORD003106,Wallet,Paid,2024-03-13,12963.78
ORD003107,UPI,Paid,2024-07-29,34289.73
ORD003108,Debit Card,Paid,2024-08-11,31800.69
ORD003109,Debit Card,Paid,2024-08-02,2572.52
ORD003110,COD,Paid,2025-10-04,43548.45
ORD003111,Debit Card,Paid,2026-05-11,35721.69
ORD003112,Credit Card,Paid,2025-11-12,3402.65
ORD003113,Debit Card,Paid,2025-01-19,28176.87
ORD003114,Credit Card,Paid,2026-03-20,46084.12
ORD003115,Wallet,Paid,2025-11-26,5702.53
ORD003116,UPI,Paid,2025-04-27,43703.12
ORD003117,Debit Card,Paid,2025-08-31,44889.28
ORD003118,Credit Card,Paid,2024-12-17,4918.2
ORD003119,Net Banking,Failed,2024-09-18,33267.05
ORD003120,Net Banking,Paid,2024-02-06,45796.57
ORD003121,COD,Paid,2024-11-28,19897.25
ORD003122,UPI,Paid,2024-11-02,44879.37
ORD003123,Debit Card,Failed,2024-05-07,49286.58
ORD003124,UPI,Paid,2025-05-17,37002.89
ORD003125,Credit Card,Failed,2025-03-08,5910.04
ORD003126,Credit Card,Paid,2025-10-11,42111.53
ORD003127,Wallet,Paid,2025-08-15,27723.12
ORD003128,UPI,Paid,2025-08-12,32127.13
ORD003129,UPI,Paid,2024-09-23,43966.79
ORD003130,Credit Card,Paid,2026-05-29,33100.28
ORD003131,Credit Card,Paid,2026-06-11,15458.49
ORD003132,COD,Paid,2024-08-31,40521.55
ORD003133,COD,Paid,2025-05-17,28974.5
ORD003134,COD,Paid,2025-03-12,8018.29
ORD003135,Wallet,Paid,2026-02-15,16331.94
ORD003136,COD,Paid,2026-02-24,22457.05
ORD003137,Credit Card,Paid,2026-02-17,41999.36
ORD003138,Credit Card,Paid,2025-04-27,21228.19
ORD003139,Credit Card,Paid,2026-01-20,8283.69
ORD003140,Net Banking,Paid,2024-01-15,38800.2
ORD003141,Credit Card,Paid,2025-09-30,18130.44
ORD003142,UPI,Paid,2025-10-15,39335.71
ORD003143,UPI,Paid,2024-05-17,18125.7
ORD003144,UPI,Paid,2024-09-25,4259.23
ORD003145,Net Banking,Failed,2026-07-04,45256.36
ORD003146,Net Banking,Paid,2025-04-18,32687.76
ORD003147,Wallet,Paid,2024-02-28,652.89
ORD003148,Credit Card,Paid,2025-08-01,524.31
ORD003149,UPI,Paid,2026-05-11,18049.41
ORD003150,Debit Card,Paid,2025-09-22,26755.54
ORD003151,Credit Card,Paid,2026-02-07,10136.75
ORD003152,Net Banking,Paid,2026-01-23,16303.15
ORD003153,UPI,Paid,2026-06-06,29499.85
ORD003154,UPI,Paid,2025-05-22,19578.27
ORD003155,UPI,Paid,2026-05-03,28097.95
ORD003156,Credit Card,Paid,2025-09-29,48290.22
ORD003157,Credit Card,Paid,2024-04-12,37775.24
ORD003158,UPI,Paid,2025-02-12,5535.89
ORD003159,Credit Card,Refunded,2024-06-04,11445.81
ORD003160,UPI,Refunded,2025-02-04,8939.65
ORD003161,UPI,Paid,2025-02-23,47768.55
ORD003162,UPI,Paid,2025-09-12,25685.07
ORD003163,UPI,Paid,2024-12-07,38879.89
ORD003164,Net Banking,Paid,2025-09-23,7635.68
ORD003165,UPI,Paid,2025-04-07,1216.61
ORD003166,Credit Card,Paid,2025-01-25,6111.23
ORD003167,UPI,Paid,2025-11-01,38866.61
ORD003168,COD,Paid,2026-04-23,24895.52
ORD003169,COD,Paid,2026-01-31,35287.93
ORD003170,COD,Paid,2024-06-20,49242.65
ORD003171,UPI,Paid,2024-01-08,36599.14
ORD003172,Credit Card,Paid,2024-05-29,14342.54
ORD003173,UPI,Paid,2026-07-14,19915
ORD003174,UPI,Paid,2024-01-16,36357.34
ORD003175,Net Banking,Paid,2026-02-13,21051.55
ORD003176,Credit Card,Paid,2026-01-18,48424.51
ORD003177,Credit Card,Paid,2026-03-27,15743.23
ORD003178,Debit Card,Paid,2025-11-22,18149.81
ORD003179,UPI,Paid,2024-08-18,32371.15
ORD003180,UPI,Paid,2026-04-18,40078.02
ORD003181,Wallet,Paid,2024-05-18,4926.77
ORD003182,UPI,Paid,2025-07-08,18193.29
ORD003183,COD,Paid,2025-08-12,42893.8
ORD003184,Credit Card,Paid,2026-05-11,46981.47
ORD003185,Wallet,Paid,2026-02-14,49698.43
ORD003186,Wallet,Paid,2024-09-18,44127.31
ORD003187,Credit Card,Paid,2025-06-11,21276.09
ORD003188,UPI,Paid,2026-07-18,36921.14
ORD003189,Credit Card,Refunded,2024-01-26,10768.46
ORD003190,UPI,Paid,2024-04-01,49581.97
ORD003191,Credit Card,Paid,2026-05-16,39332.84
ORD003192,Net Banking,Paid,2025-02-17,34780.28
ORD003193,COD,Paid,2026-02-26,8891.15
ORD003194,COD,Refunded,2026-05-04,46784.97
ORD003195,Credit Card,Failed,2024-10-03,40768.55
ORD003196,Debit Card,Paid,2025-06-01,4781.14
ORD003197,UPI,Paid,2024-11-23,43857.64
ORD003198,UPI,Paid,2024-06-22,43961.87
ORD003199,Credit Card,Paid,2025-12-03,24636.05
ORD003200,UPI,Paid,2026-06-18,29232.81
ORD003201,Wallet,Paid,2025-07-15,26417.38
ORD003202,UPI,Paid,2025-02-17,43328.22
ORD003203,Net Banking,Paid,2025-06-13,6321.34
ORD003204,Wallet,Paid,2024-05-04,45659.8
ORD003205,Net Banking,Paid,2026-05-27,34329.62
ORD003206,Credit Card,Paid,2026-04-21,36576.07
ORD003207,COD,Paid,2026-01-29,49067.43
ORD003208,Debit Card,Paid,2025-04-16,34888.64
ORD003209,COD,Paid,2024-11-03,42884.9
ORD003210,COD,Refunded,2026-06-07,19802.54
ORD003211,Debit Card,Paid,2024-02-11,10337.97
ORD003212,UPI,Paid,2025-08-26,12743.84
ORD003213,UPI,Paid,2026-07-01,31783.69
ORD003214,UPI,Paid,2026-08-09,5889.02
ORD003215,Net Banking,Paid,2025-09-11,17779.27
ORD003216,Credit Card,Paid,2024-05-25,29138.86
ORD003217,Debit Card,Paid,2024-07-13,1646.82
ORD003218,UPI,Paid,2024-07-27,6432.47
ORD003219,Debit Card,Paid,2025-04-02,38100.23
ORD003220,UPI,Paid,2024-10-18,38464.56
ORD003221,UPI,Refunded,2025-03-29,14172.51
ORD003222,Net Banking,Paid,2024-09-30,7247.81
ORD003223,UPI,Paid,2024-04-04,29945.64
ORD003224,UPI,Paid,2025-04-02,31658.61
ORD003225,Credit Card,Paid,2024-05-24,9490.67
ORD003226,Credit Card,Paid,2024-09-26,3281.27
ORD003227,UPI,Paid,2025-01-03,8662.14
ORD003228,Credit Card,Paid,2024-12-19,10998.32
ORD003229,Debit Card,Paid,2024-04-07,29964.78
ORD003230,COD,Paid,2025-07-17,18231.03
ORD003231,UPI,Paid,2026-03-17,23652.45
ORD003232,UPI,Paid,2026-07-02,11286.03
ORD003233,Credit Card,Paid,2024-06-27,49570.28
ORD003234,Credit Card,Paid,2024-03-29,7705.55
ORD003235,Net Banking,Paid,2024-02-01,30279.7
ORD003236,COD,Paid,2026-07-15,4393.03
ORD003237,UPI,Paid,2024-03-12,2260.37
ORD003238,UPI,Paid,2026-08-27,44572.18
ORD003239,Wallet,Paid,2025-03-22,10313.35
ORD003240,Net Banking,Paid,2026-07-25,49815.8
ORD003241,COD,Paid,2024-11-09,38891.5
ORD003242,COD,Paid,2024-08-13,10902.74
ORD003243,Credit Card,Paid,2024-04-01,10780.19
ORD003244,Credit Card,Paid,2026-03-28,30706.02
ORD003245,COD,Paid,2024-09-22,30904.97
ORD003246,COD,Paid,2025-02-23,4965.44
ORD003247,Debit Card,Paid,2026-02-07,8188.43
ORD003248,Wallet,Refunded,2025-04-09,5812.48
ORD003249,Wallet,Paid,2025-01-31,45821.6
ORD003250,UPI,Paid,2026-05-26,23239.03
ORD003251,Credit Card,Paid,2026-06-20,22616.17
ORD003252,Credit Card,Paid,2025-06-07,22502.16
ORD003253,Debit Card,Paid,2024-03-24,7713.3
ORD003254,UPI,Paid,2024-02-08,18884.42
ORD003255,Credit Card,Paid,2025-05-27,30386.14
ORD003256,Wallet,Paid,2024-08-28,33803.52
ORD003257,Net Banking,Paid,2024-11-10,11141.92
ORD003258,Credit Card,Paid,2026-08-29,10825.7
ORD003259,Net Banking,Paid,2026-05-14,26048.34
ORD003260,UPI,Failed,2024-09-19,22671.16
ORD003261,Debit Card,Paid,2025-12-09,6448.05
ORD003262,Debit Card,Paid,2024-05-06,5643.87
ORD003263,UPI,Paid,2025-07-14,27424.55
ORD003264,UPI,Paid,2026-05-27,1508.11
ORD003265,COD,Paid,2026-03-19,23109.66
ORD003266,UPI,Paid,2026-01-12,15812.24
ORD003267,Credit Card,Paid,2025-07-03,17844.93
ORD003268,Wallet,Paid,2024-01-20,45993.11
ORD003269,COD,Paid,2024-07-06,35942.86
ORD003270,Net Banking,Failed,2025-11-04,33300.3
ORD003271,UPI,Failed,2024-01-31,19851.76
ORD003272,Wallet,Paid,2026-09-01,10724.28
ORD003273,Debit Card,Paid,2024-05-26,17597.56
ORD003274,UPI,Paid,2024-02-25,9308.3
ORD003275,Debit Card,Paid,2024-04-17,20415.91
ORD003276,UPI,Paid,2024-02-21,34383.93
ORD003277,Credit Card,Paid,2024-08-03,5762.38
ORD003278,Debit Card,Paid,2024-04-20,23312.18
ORD003279,Wallet,Paid,2025-10-29,20736.21
ORD003280,UPI,Paid,2025-10-08,28346.53
ORD003281,UPI,Paid,2024-12-30,5748.15
ORD003282,Credit Card,Paid,2024-10-19,6562.27
ORD003283,COD,Paid,2024-01-11,5965.57
ORD003284,UPI,Paid,2024-12-12,40655.14
ORD003285,COD,Paid,2024-06-20,17691.04
ORD003286,Net Banking,Paid,2026-02-02,38488.87
ORD003287,COD,Paid,2024-02-28,16138.04
ORD003288,UPI,Refunded,2024-01-30,41071.79
ORD003289,UPI,Paid,2026-05-04,4827.61
ORD003290,Credit Card,Paid,2026-02-15,20230.69
ORD003291,UPI,Paid,2024-07-22,39828.71
ORD003292,COD,Paid,2025-03-06,37309.93
ORD003293,Debit Card,Paid,2026-03-29,39383.47
ORD003294,COD,Paid,2025-01-11,38877.83
ORD003295,Credit Card,Paid,2024-06-22,16717.77
ORD003296,COD,Paid,2024-05-18,11339.77
ORD003297,UPI,Paid,2026-04-24,33320.01
ORD003298,Wallet,Paid,2025-09-09,27837.5
ORD003299,Wallet,Paid,2025-11-13,48338.2
ORD003300,Net Banking,Paid,2024-12-31,49806.19
ORD003301,COD,Paid,2026-05-21,35094.96
ORD003302,UPI,Paid,2024-04-02,44698.5
ORD003303,UPI,Paid,2024-11-01,13385.87
ORD003304,COD,Paid,2024-08-11,30962.17
ORD003305,COD,Paid,2025-10-26,47886.03
ORD003306,Net Banking,Paid,2026-05-19,21686.64
ORD003307,Credit Card,Refunded,2026-06-06,15778.22
ORD003308,UPI,Paid,2025-05-31,34973.1
ORD003309,Wallet,Failed,2026-01-27,3562.9
ORD003310,UPI,Paid,2024-11-20,35939.7
ORD003311,Net Banking,Paid,2025-01-21,33883.1
ORD003312,Wallet,Paid,2025-02-01,1234.4
ORD003313,Debit Card,Paid,2026-06-07,49727.88
ORD003314,COD,Failed,2024-11-29,31753.04
ORD003315,COD,Paid,2025-05-25,32231.63
ORD003316,Wallet,Paid,2026-04-19,42067.39
ORD003317,Credit Card,Paid,2025-04-28,16495.86
ORD003318,Net Banking,Paid,2026-06-04,29997.42
ORD003319,UPI,Paid,2026-07-19,49831.36
ORD003320,UPI,Paid,2025-01-16,814.85
ORD003321,Debit Card,Paid,2024-06-08,12510.81
ORD003322,Net Banking,Paid,2026-04-12,43433.78
ORD003323,Net Banking,Paid,2024-10-30,40820.13
ORD003324,Credit Card,Paid,2026-03-01,35351.13
ORD003325,UPI,Paid,2025-01-02,6578.14
ORD003326,Credit Card,Paid,2026-04-27,10765.21
ORD003327,Debit Card,Paid,2026-02-12,42235.71
ORD003328,Credit Card,Paid,2025-11-12,44995.93
ORD003329,UPI,Paid,2024-08-21,23634.32
ORD003330,Credit Card,Paid,2026-04-22,12566.05
ORD003331,UPI,Paid,2025-04-15,48232.83
ORD003332,Credit Card,Paid,2024-09-22,12299.99
ORD003333,Wallet,Paid,2025-04-07,27163.57
ORD003334,UPI,Paid,2025-04-05,34350.86
ORD003335,UPI,Paid,2026-07-02,10241.12
ORD003336,UPI,Paid,2026-05-30,22821.44
ORD003337,Net Banking,Paid,2026-07-31,31509.95
ORD003338,Credit Card,Paid,2024-05-09,35728.77
ORD003339,Debit Card,Refunded,2025-05-02,46997.09
ORD003340,Credit Card,Paid,2024-09-27,35359.71
ORD003341,Net Banking,Paid,2025-11-26,36679.95
ORD003342,Credit Card,Paid,2026-03-08,17376.02
ORD003343,Debit Card,Paid,2025-06-22,25718.08
ORD003344,Credit Card,Refunded,2026-07-15,46527.14
ORD003345,Net Banking,Paid,2026-03-06,17162.06
ORD003346,Credit Card,Paid,2025-02-26,16951.32
ORD003347,Credit Card,Paid,2025-04-19,4240.11
ORD003348,COD,Paid,2026-05-20,32876
ORD003349,Wallet,Paid,2026-03-12,30931.71
ORD003350,UPI,Paid,2026-05-30,30958
ORD003351,UPI,Paid,2024-07-04,7509.05
ORD003352,UPI,Paid,2025-05-08,40198.28
ORD003353,UPI,Paid,2025-01-15,30841.5
ORD003354,Credit Card,Paid,2025-03-09,4499.16
ORD003355,UPI,Paid,2025-07-10,46388.94
ORD003356,Credit Card,Paid,2025-08-13,26263.11
ORD003357,UPI,Paid,2026-05-05,10509.73
ORD003358,COD,Paid,2026-04-06,34368.94
ORD003359,COD,Paid,2025-08-06,36070.12
ORD003360,Wallet,Paid,2024-07-08,13419.7
ORD003361,Credit Card,Paid,2025-07-13,44849.79
ORD003362,Wallet,Paid,2026-02-16,13514.72
ORD003363,Net Banking,Paid,2026-08-04,2310.06
ORD003364,Credit Card,Paid,2025-12-03,24288.53
ORD003365,UPI,Failed,2024-07-09,3840.15
ORD003366,UPI,Paid,2025-01-20,25675
ORD003367,Credit Card,Paid,2024-06-13,39546.28
ORD003368,UPI,Paid,2026-07-27,48273.16
ORD003369,Credit Card,Paid,2026-01-29,6984.09
ORD003370,Debit Card,Failed,2026-06-21,24750.94
ORD003371,UPI,Paid,2024-11-28,9498.37
ORD003372,COD,Paid,2024-05-10,25778.27
ORD003373,Debit Card,Paid,2025-07-08,16543.3
ORD003374,Credit Card,Paid,2024-08-15,20120.07
ORD003375,Wallet,Failed,2026-04-16,30715.06
ORD003376,Wallet,Paid,2025-04-09,16640.49
ORD003377,Credit Card,Paid,2024-06-19,30362.89
ORD003378,Debit Card,Paid,2025-05-15,16330.98
ORD003379,Debit Card,Refunded,2025-04-09,13644.73
ORD003380,COD,Paid,2024-01-03,21850.44
ORD003381,Debit Card,Paid,2026-05-17,36831.56
ORD003382,Wallet,Paid,2026-08-02,45168.84
ORD003383,UPI,Refunded,2024-02-17,2161.48
ORD003384,UPI,Paid,2026-04-26,11112.67
ORD003385,UPI,Paid,2024-09-23,7225.29
ORD003386,UPI,Paid,2026-07-10,21635.32
ORD003387,UPI,Refunded,2024-01-08,2899.79
ORD003388,COD,Refunded,2025-01-19,31694.89
ORD003389,Credit Card,Paid,2026-06-24,33334.87
ORD003390,Credit Card,Paid,2025-12-01,7270.22
ORD003391,Wallet,Paid,2025-07-21,26310.67
ORD003392,UPI,Paid,2026-02-13,32683.56
ORD003393,UPI,Paid,2025-02-07,22974.28
ORD003394,Net Banking,Paid,2024-01-28,7016.94
ORD003395,COD,Paid,2024-08-24,10897.11
ORD003396,Debit Card,Paid,2024-10-03,1729.05
ORD003397,COD,Paid,2024-12-07,9657.03
ORD003398,UPI,Paid,2024-05-18,14164.28
ORD003399,Credit Card,Paid,2024-07-22,46045.58
ORD003400,Credit Card,Paid,2024-06-12,7714.08
ORD003401,Debit Card,Paid,2026-06-07,14768.38
ORD003402,UPI,Paid,2024-12-17,27789.03
ORD003403,Credit Card,Paid,2025-12-21,40130.3
ORD003404,UPI,Paid,2024-05-12,38497.53
ORD003405,Credit Card,Paid,2025-11-15,13563.25
ORD003406,COD,Paid,2026-07-08,42271.46
ORD003407,Debit Card,Paid,2025-04-05,1057.05
ORD003408,Credit Card,Refunded,2026-01-29,15974.43
ORD003409,UPI,Paid,2024-03-03,37790.88
ORD003410,Credit Card,Paid,2024-08-24,40362.99
ORD003411,Debit Card,Paid,2026-01-08,14801.09
ORD003412,Credit Card,Paid,2025-11-14,46753.51
ORD003413,Debit Card,Paid,2025-04-17,23347.64
ORD003414,UPI,Paid,2025-12-11,36664.72
ORD003415,UPI,Paid,2025-07-13,25987.29
ORD003416,Debit Card,Paid,2024-11-26,3545.73
ORD003417,Credit Card,Failed,2024-01-08,27943.85
ORD003418,UPI,Paid,2025-05-19,48224.13
ORD003419,COD,Paid,2024-08-29,36557.65
ORD003420,COD,Paid,2024-04-08,38981.53
ORD003421,COD,Paid,2025-04-24,8631.18
ORD003422,Credit Card,Paid,2026-06-23,32047.06
ORD003423,Wallet,Failed,2026-01-22,36456.61
ORD003424,Net Banking,Paid,2026-03-05,3342.09
ORD003425,Credit Card,Paid,2025-02-19,30190.68
ORD003426,Credit Card,Paid,2024-05-09,26207.04
ORD003427,UPI,Paid,2026-06-02,48174.41
ORD003428,UPI,Paid,2024-06-21,10241.26
ORD003429,Credit Card,Failed,2026-02-12,38644.41
ORD003430,COD,Paid,2026-08-15,49438.88
ORD003431,Debit Card,Refunded,2024-06-26,26947.52
ORD003432,COD,Paid,2024-07-03,19578
ORD003433,Debit Card,Paid,2024-09-08,7499.4
ORD003434,Debit Card,Paid,2024-01-13,37654.55
ORD003435,Credit Card,Paid,2026-05-02,40132.01
ORD003436,UPI,Paid,2026-07-29,12361.36
ORD003437,Credit Card,Paid,2025-03-16,37412.89
ORD003438,Debit Card,Paid,2024-02-11,41306.4
ORD003439,UPI,Paid,2026-02-17,6107.99
ORD003440,Credit Card,Paid,2025-07-05,46504.49
ORD003441,UPI,Paid,2024-03-29,32308.53
ORD003442,Credit Card,Paid,2024-01-22,27323.43
ORD003443,COD,Paid,2025-02-13,34882.71
ORD003444,Credit Card,Paid,2026-05-01,6792.82
ORD003445,Net Banking,Paid,2024-10-15,22826.51
ORD003446,Credit Card,Paid,2024-01-17,33630.59
ORD003447,Credit Card,Paid,2025-03-09,37423.18
ORD003448,COD,Paid,2024-08-17,16154.29
ORD003449,COD,Paid,2025-02-24,19631.14
ORD003450,Credit Card,Paid,2024-10-17,33496.26
ORD003451,UPI,Paid,2026-01-03,4485.71
ORD003452,Credit Card,Paid,2024-04-30,35052.12
ORD003453,COD,Paid,2025-02-02,21797.34
ORD003454,Net Banking,Paid,2026-02-09,25751.84
ORD003455,COD,Paid,2025-09-10,20945.94
ORD003456,Credit Card,Paid,2026-06-20,36039.65
ORD003457,UPI,Paid,2024-04-13,8283.46
ORD003458,Debit Card,Paid,2026-05-16,47301.37
ORD003459,UPI,Failed,2025-12-16,49702.26
ORD003460,UPI,Paid,2025-03-31,37470.22
ORD003461,Credit Card,Paid,2024-06-21,41199.92
ORD003462,Debit Card,Paid,2024-07-21,21087.75
ORD003463,COD,Refunded,2026-02-18,7745.87
ORD003464,Net Banking,Paid,2025-01-13,1770.67
ORD003465,Credit Card,Paid,2025-08-05,18743.69
ORD003466,UPI,Paid,2025-03-20,24074.57
ORD003467,COD,Paid,2025-09-01,10996.14
ORD003468,UPI,Paid,2024-11-16,33493.5
ORD003469,Wallet,Paid,2026-01-13,25902.76
ORD003470,UPI,Paid,2026-05-05,17855.06
ORD003471,Credit Card,Paid,2024-09-25,3294.79
ORD003472,Credit Card,Paid,2025-02-24,7812.29
ORD003473,Credit Card,Paid,2025-06-20,6320.94
ORD003474,Credit Card,Paid,2025-01-19,30491.45
ORD003475,UPI,Paid,2026-05-26,49231.38
ORD003476,Credit Card,Paid,2025-04-23,45052.45
ORD003477,Credit Card,Paid,2025-07-21,27939.79
ORD003478,Net Banking,Paid,2025-06-15,21936.35
ORD003479,Credit Card,Paid,2026-08-18,35057.55
ORD003480,Credit Card,Paid,2025-08-14,46084.43
ORD003481,Wallet,Paid,2025-12-16,33210.89
ORD003482,Net Banking,Paid,2024-10-24,16288.85
ORD003483,UPI,Refunded,2024-12-11,45297.08
ORD003484,UPI,Paid,2025-03-12,28338.51
ORD003485,Credit Card,Paid,2025-03-26,8149.59
ORD003486,UPI,Paid,2026-06-28,8970.46
ORD003487,Credit Card,Paid,2025-03-07,8250.48
ORD003488,Net Banking,Paid,2024-10-14,39047.08
ORD003489,UPI,Paid,2025-10-24,17752.32
ORD003490,Net Banking,Paid,2025-11-24,18175.82
ORD003491,UPI,Failed,2024-07-28,8614.71
ORD003492,COD,Paid,2025-09-25,25489.73
ORD003493,Debit Card,Paid,2026-05-14,41845.76
ORD003494,UPI,Paid,2026-05-15,11962.01
ORD003495,Wallet,Paid,2025-04-11,47887.64
ORD003496,Credit Card,Paid,2025-12-18,36378.93
ORD003497,UPI,Paid,2024-02-01,39714.61
ORD003498,Debit Card,Paid,2024-03-12,11198.55
ORD003499,COD,Paid,2026-07-07,49238.32
ORD003500,UPI,Paid,2024-06-30,36044.33
ORD003501,Credit Card,Paid,2026-04-15,16745.25
ORD003502,Net Banking,Paid,2025-03-05,5667.56
ORD003503,Net Banking,Paid,2024-08-26,4137.54
ORD003504,Credit Card,Paid,2025-06-30,48030.97
ORD003505,UPI,Paid,2025-02-19,46443.84
ORD003506,UPI,Paid,2025-07-03,27710.6
ORD003507,Debit Card,Paid,2024-12-01,26046.17
ORD003508,Debit Card,Paid,2024-04-26,16456.6
ORD003509,Debit Card,Refunded,2025-04-05,1252.91
ORD003510,UPI,Paid,2024-12-14,19215.29
ORD003511,COD,Paid,2025-09-13,21290
ORD003512,UPI,Paid,2026-07-24,6033.68
ORD003513,Wallet,Paid,2026-04-12,16072.48
ORD003514,Debit Card,Paid,2026-04-21,14127.04
ORD003515,Credit Card,Paid,2025-05-29,31201.88
ORD003516,Credit Card,Paid,2025-11-10,14088.3
ORD003517,Debit Card,Paid,2025-08-17,49319.36
ORD003518,Debit Card,Paid,2026-03-02,49264.13
ORD003519,UPI,Paid,2025-10-31,36255.81
ORD003520,UPI,Paid,2026-03-05,14093.93
ORD003521,UPI,Paid,2024-06-09,46074.09
ORD003522,Debit Card,Failed,2024-07-28,33809.23
ORD003523,Credit Card,Paid,2026-07-09,43939.97
ORD003524,Debit Card,Paid,2025-09-08,42297.36
ORD003525,Credit Card,Paid,2026-05-03,23885.64
ORD003526,Credit Card,Paid,2025-11-08,10906.23
ORD003527,Debit Card,Paid,2024-12-13,49939.66
ORD003528,UPI,Paid,2024-03-31,5615.03
ORD003529,COD,Refunded,2025-12-03,23001.6
ORD003530,Credit Card,Refunded,2024-04-22,28317.03
ORD003531,Wallet,Paid,2025-07-24,36680.93
ORD003532,Net Banking,Paid,2024-05-02,36592.18
ORD003533,COD,Paid,2026-08-02,13418.78
ORD003534,Debit Card,Paid,2024-10-02,22167.09
ORD003535,Credit Card,Paid,2024-07-07,42834.79
ORD003536,UPI,Paid,2025-05-12,21240.54
ORD003537,Debit Card,Paid,2026-04-09,29051.54
ORD003538,COD,Paid,2025-02-21,27565.72
ORD003539,UPI,Paid,2024-08-16,2662.49
ORD003540,Wallet,Paid,2024-09-29,18584.46
ORD003541,Debit Card,Paid,2024-03-02,14516.83
ORD003542,Credit Card,Paid,2024-05-16,12864.57
ORD003543,Credit Card,Paid,2026-07-01,22366.79
ORD003544,UPI,Paid,2025-03-12,35276.36
ORD003545,UPI,Refunded,2025-03-27,7329.29
ORD003546,UPI,Paid,2024-09-06,16904.86
ORD003547,Credit Card,Paid,2025-06-07,45412.49
ORD003548,Credit Card,Paid,2025-04-08,46292.85
ORD003549,UPI,Paid,2025-02-13,35143.84
ORD003550,Wallet,Paid,2025-03-15,10175.83
ORD003551,Debit Card,Refunded,2025-10-01,47751.3
ORD003552,Credit Card,Paid,2025-08-18,44455.07
ORD003553,UPI,Paid,2026-06-27,1646
ORD003554,UPI,Paid,2025-09-11,4765.98
ORD003555,Credit Card,Paid,2025-09-26,34600.84
ORD003556,UPI,Paid,2025-04-10,42600.17
ORD003557,Net Banking,Paid,2025-01-22,40477.2
ORD003558,Credit Card,Paid,2026-01-22,43439.5
ORD003559,Credit Card,Paid,2025-05-04,12863.44
ORD003560,Wallet,Paid,2025-09-17,7305.84
ORD003561,UPI,Paid,2024-05-05,13703.9
ORD003562,Wallet,Paid,2026-06-07,46800.12
ORD003563,COD,Paid,2024-07-24,10951.2
ORD003564,UPI,Paid,2024-06-07,17152.03
ORD003565,COD,Paid,2024-10-24,27842.63
ORD003566,Debit Card,Paid,2026-08-11,1357.65
ORD003567,Debit Card,Paid,2024-03-10,6773.38
ORD003568,Debit Card,Paid,2026-06-10,34437.3
ORD003569,Wallet,Paid,2024-05-01,9939.66
ORD003570,UPI,Paid,2024-06-05,31299.95
ORD003571,Credit Card,Paid,2025-03-21,15834.15
ORD003572,UPI,Paid,2026-03-16,21052.69
ORD003573,UPI,Paid,2025-12-27,13842.55
ORD003574,Credit Card,Paid,2024-08-25,5689.04
ORD003575,UPI,Paid,2025-09-16,7865.37
ORD003576,Debit Card,Refunded,2025-02-15,14852.37
ORD003577,COD,Paid,2026-03-06,20650.23
ORD003578,UPI,Paid,2026-05-28,18456.38
ORD003579,COD,Paid,2025-05-01,2002.18
ORD003580,Credit Card,Paid,2025-02-23,37341.78
ORD003581,Debit Card,Paid,2025-05-07,9748.84
ORD003582,UPI,Paid,2026-03-01,15235.42
ORD003583,UPI,Paid,2026-08-20,5633.12
ORD003584,Credit Card,Paid,2024-08-19,22853.09
ORD003585,UPI,Paid,2026-05-20,7353.88
ORD003586,COD,Paid,2024-07-21,9584.67
ORD003587,Debit Card,Paid,2024-08-20,38073.51
ORD003588,Wallet,Failed,2024-02-16,25564.47
ORD003589,Credit Card,Paid,2025-08-20,15163.24
ORD003590,Net Banking,Paid,2025-04-15,47627.13
ORD003591,Credit Card,Paid,2026-05-23,18350.94
ORD003592,UPI,Paid,2024-01-02,33118.29
ORD003593,Net Banking,Paid,2025-07-02,15875.74
ORD003594,Credit Card,Paid,2024-03-08,4129.44
ORD003595,Debit Card,Refunded,2026-03-07,46780.42
ORD003596,COD,Paid,2025-12-05,32553.56
ORD003597,UPI,Paid,2025-12-13,48002.65
ORD003598,Credit Card,Paid,2024-12-22,13080.77
ORD003599,Credit Card,Paid,2024-02-08,3478.79
ORD003600,Net Banking,Refunded,2024-12-21,31416.83
ORD003601,Net Banking,Paid,2024-11-24,28092.9
ORD003602,Debit Card,Paid,2025-11-16,23736.31
ORD003603,UPI,Paid,2024-02-19,34825.68
ORD003604,Wallet,Paid,2025-08-24,31248.68
ORD003605,UPI,Paid,2024-11-22,40775.1
ORD003606,Wallet,Paid,2026-02-18,38210.29
ORD003607,UPI,Paid,2024-07-02,46204.92
ORD003608,Net Banking,Paid,2025-01-27,48178.29
ORD003609,COD,Paid,2024-02-10,27960.71
ORD003610,Net Banking,Paid,2025-02-13,21247.79
ORD003611,UPI,Paid,2025-03-31,26997.41
ORD003612,COD,Paid,2025-09-14,26380.62
ORD003613,Net Banking,Paid,2025-03-23,39808.96
ORD003614,COD,Paid,2025-03-03,9290.36
ORD003615,UPI,Paid,2025-04-24,49443.68
ORD003616,Wallet,Paid,2026-07-10,23157.8
ORD003617,COD,Paid,2025-06-01,49834.91
ORD003618,Debit Card,Paid,2024-02-13,29909.57
ORD003619,UPI,Paid,2026-01-10,44293.56
ORD003620,Credit Card,Refunded,2026-05-27,10566.99
ORD003621,Debit Card,Paid,2025-07-05,46021.48
ORD003622,Debit Card,Paid,2026-03-30,14479.67
ORD003623,COD,Paid,2025-11-03,36697.02
ORD003624,Credit Card,Paid,2025-11-20,2533.24
ORD003625,COD,Paid,2025-04-27,10901.24
ORD003626,Net Banking,Paid,2024-10-13,2252.24
ORD003627,Debit Card,Paid,2026-06-04,48905.28
ORD003628,Net Banking,Paid,2025-10-17,10325.74
ORD003629,Debit Card,Paid,2026-02-02,42827.33
ORD003630,Wallet,Paid,2025-08-14,33369.02
ORD003631,UPI,Paid,2025-02-22,34377.42
ORD003632,UPI,Paid,2026-02-17,9788.42
ORD003633,UPI,Paid,2024-01-15,25512.84
ORD003634,Wallet,Paid,2024-01-18,34848.84
ORD003635,Credit Card,Paid,2024-01-08,16681.47
ORD003636,UPI,Paid,2026-08-09,5567.91
ORD003637,UPI,Paid,2025-03-21,34991.88
ORD003638,Credit Card,Paid,2025-10-19,11901.9
ORD003639,UPI,Paid,2025-10-01,41396.21
ORD003640,UPI,Paid,2024-02-14,4316.08
ORD003641,UPI,Paid,2025-10-17,23388.09
ORD003642,Net Banking,Paid,2024-12-13,5662.74
ORD003643,Debit Card,Paid,2025-01-15,6193
ORD003644,UPI,Paid,2024-04-24,11687.1
ORD003645,UPI,Paid,2024-02-21,13411.08
ORD003646,Debit Card,Paid,2024-12-23,48812.39
ORD003647,Credit Card,Paid,2024-10-07,44486.64
ORD003648,COD,Paid,2025-09-12,38572.86
ORD003649,Debit Card,Paid,2024-04-03,35405.34
ORD003650,Credit Card,Paid,2025-07-16,11139.21
ORD003651,Credit Card,Paid,2026-06-26,24378.56
ORD003652,Net Banking,Paid,2026-06-06,2480.26
ORD003653,Net Banking,Paid,2025-05-20,9348.24
ORD003654,Credit Card,Paid,2024-08-28,9334.94
ORD003655,UPI,Refunded,2025-07-09,49505.47
ORD003656,COD,Paid,2025-10-17,30210.14
ORD003657,COD,Paid,2024-05-15,35460.62
ORD003658,COD,Paid,2025-01-09,1147.84
ORD003659,Net Banking,Refunded,2024-03-11,4719.85
ORD003660,Credit Card,Paid,2025-03-10,6081.55
ORD003661,Credit Card,Paid,2025-06-24,15058.88
ORD003662,Debit Card,Paid,2024-11-06,36059.51
ORD003663,Credit Card,Paid,2025-08-03,37828.23
ORD003664,Net Banking,Paid,2026-02-02,35339.58
ORD003665,Credit Card,Paid,2026-08-20,31792.2
ORD003666,COD,Paid,2025-08-09,16757.99
ORD003667,Net Banking,Paid,2025-06-29,16298.36
ORD003668,Credit Card,Paid,2026-01-05,23726.45
ORD003669,COD,Paid,2024-05-06,5931.14
ORD003670,Debit Card,Paid,2025-05-22,32533.71
ORD003671,UPI,Paid,2024-01-08,31272.87
ORD003672,Wallet,Paid,2024-09-06,9448.56
ORD003673,Wallet,Paid,2024-09-28,21857.12
ORD003674,Credit Card,Paid,2024-07-10,29902.02
ORD003675,UPI,Paid,2024-08-10,43567.12
ORD003676,Net Banking,Paid,2025-12-17,32293.13
ORD003677,UPI,Paid,2026-06-01,43014.7
ORD003678,Net Banking,Paid,2026-08-02,32493.37
ORD003679,Wallet,Paid,2026-08-16,2540.86
ORD003680,COD,Paid,2024-09-21,14744.58
ORD003681,Debit Card,Paid,2025-12-28,33440.77
ORD003682,Net Banking,Paid,2024-05-24,12597.01
ORD003683,UPI,Paid,2024-04-06,15272.41
ORD003684,UPI,Paid,2024-07-12,10958.76
ORD003685,Credit Card,Paid,2024-05-22,8541.03
ORD003686,Debit Card,Paid,2025-08-28,30194.97
ORD003687,COD,Paid,2025-05-09,40844.08
ORD003688,Credit Card,Paid,2024-10-02,11775.68
ORD003689,Net Banking,Paid,2025-03-29,40006.92
ORD003690,UPI,Paid,2024-07-26,33322.45
ORD003691,COD,Paid,2026-05-03,43195.46
ORD003692,Credit Card,Paid,2024-06-08,25678.78
ORD003693,Credit Card,Refunded,2026-03-09,39177.83
ORD003694,Credit Card,Paid,2024-08-11,2582.27
ORD003695,Credit Card,Paid,2025-12-18,46852.01
ORD003696,Credit Card,Paid,2025-05-05,27906.29
ORD003697,Wallet,Paid,2025-01-06,47765.85
ORD003698,Wallet,Paid,2024-11-17,49090.83
ORD003699,UPI,Paid,2024-10-22,7845.25
ORD003700,UPI,Paid,2025-12-26,3194.47
ORD003701,Net Banking,Paid,2024-01-20,30763.07
ORD003702,Credit Card,Paid,2025-03-15,11328.33
ORD003703,UPI,Paid,2026-05-12,24477.32
ORD003704,Credit Card,Paid,2025-12-25,7044.01
ORD003705,Wallet,Paid,2025-10-11,47644.53
ORD003706,Credit Card,Paid,2026-01-17,7791.2
ORD003707,COD,Paid,2025-05-13,17290.42
ORD003708,Net Banking,Paid,2025-12-17,26664.62
ORD003709,Debit Card,Paid,2025-12-26,32619.72
ORD003710,Debit Card,Refunded,2025-09-05,10247.4
ORD003711,Credit Card,Paid,2024-11-18,8792.35
ORD003712,Credit Card,Paid,2025-11-08,2911.46
ORD003713,Net Banking,Refunded,2024-10-30,14688.25
ORD003714,UPI,Paid,2024-09-21,3665.08
ORD003715,UPI,Paid,2025-08-23,41171.34
ORD003716,Debit Card,Paid,2024-04-16,48705.74
ORD003717,UPI,Paid,2024-09-14,11707.81
ORD003718,UPI,Failed,2025-03-23,12166.08
ORD003719,Credit Card,Refunded,2025-06-27,6859.81
ORD003720,Net Banking,Paid,2026-08-09,43042.8
ORD003721,Credit Card,Paid,2025-12-13,22195.35
ORD003722,Credit Card,Paid,2024-05-24,2723.93
ORD003723,Debit Card,Refunded,2025-05-09,21997.25
ORD003724,Credit Card,Paid,2024-03-10,49664.81
ORD003725,UPI,Paid,2026-01-18,13937.2
ORD003726,COD,Paid,2025-02-15,5400.54
ORD003727,Net Banking,Paid,2026-06-10,9457.92
ORD003728,Debit Card,Paid,2025-03-15,5243.01
ORD003729,UPI,Paid,2024-07-16,23774.28
ORD003730,Credit Card,Paid,2026-07-29,32818.93
ORD003731,COD,Paid,2026-05-09,18526.9
ORD003732,UPI,Paid,2025-01-28,7954.11
ORD003733,Net Banking,Paid,2026-07-11,32915.23
ORD003734,COD,Paid,2024-10-12,21699.49
ORD003735,Credit Card,Paid,2024-11-27,29969.84
ORD003736,Credit Card,Paid,2024-04-12,17660.32
ORD003737,Credit Card,Paid,2024-02-24,17154.26
ORD003738,Credit Card,Paid,2025-03-01,18584.49
ORD003739,UPI,Paid,2024-03-15,8168.87
ORD003740,UPI,Paid,2024-06-28,49027.09
ORD003741,UPI,Refunded,2025-08-26,43663.15
ORD003742,Credit Card,Paid,2026-05-04,12291.22
ORD003743,UPI,Paid,2025-03-13,2168.31
ORD003744,Credit Card,Paid,2025-04-27,38623
ORD003745,Debit Card,Paid,2025-02-22,37213.56
ORD003746,Credit Card,Paid,2024-10-02,47925.1
ORD003747,Credit Card,Paid,2024-06-27,10361.34
ORD003748,COD,Paid,2025-09-19,31590.97
ORD003749,Debit Card,Paid,2024-10-11,30532.36
ORD003750,Wallet,Paid,2026-02-28,37310.02
ORD003751,UPI,Paid,2025-05-12,19560.85
ORD003752,UPI,Paid,2024-06-05,30350.48
ORD003753,Credit Card,Paid,2024-10-03,38586.35
ORD003754,Credit Card,Paid,2024-07-28,28898.76
ORD003755,UPI,Paid,2024-11-03,11617.57
ORD003756,Debit Card,Paid,2025-10-18,15052.05
ORD003757,Debit Card,Paid,2025-08-21,29763.15
ORD003758,Debit Card,Paid,2024-06-22,6665.24
ORD003759,Credit Card,Paid,2024-02-16,15062.9
ORD003760,Credit Card,Paid,2026-02-21,42978.46
ORD003761,Credit Card,Paid,2024-01-19,39221.71
ORD003762,Debit Card,Failed,2024-04-09,1772.83
ORD003763,Debit Card,Paid,2025-06-30,5816.47
ORD003764,COD,Paid,2024-04-26,5427.3
ORD003765,UPI,Paid,2026-07-20,36289.58
ORD003766,Credit Card,Paid,2026-02-12,33713.74
ORD003767,Wallet,Paid,2026-06-14,2687.43
ORD003768,Debit Card,Paid,2025-08-08,4294.74
ORD003769,Debit Card,Paid,2026-07-01,11225.68
ORD003770,Credit Card,Paid,2025-01-21,37360.82
ORD003771,Wallet,Paid,2026-08-08,39692.95
ORD003772,UPI,Paid,2025-12-18,12426.26
ORD003773,COD,Paid,2025-11-03,47066.89
ORD003774,Credit Card,Paid,2026-07-04,42817.83
ORD003775,Wallet,Paid,2024-05-30,49369.19
ORD003776,UPI,Paid,2025-03-01,45299.51
ORD003777,Net Banking,Paid,2024-06-05,22245.35
ORD003778,Credit Card,Paid,2025-05-01,15082.55
ORD003779,Debit Card,Paid,2024-06-05,49257.21
ORD003780,UPI,Refunded,2024-02-07,46591.6
ORD003781,COD,Paid,2025-07-09,5363.39
ORD003782,Net Banking,Paid,2025-04-23,41839.82
ORD003783,Credit Card,Refunded,2026-03-21,17160.49
ORD003784,COD,Paid,2025-06-22,20529.18
ORD003785,Net Banking,Paid,2025-10-02,10655.88
ORD003786,Credit Card,Paid,2024-03-08,23113.57
ORD003787,Credit Card,Paid,2025-07-25,30405.75
ORD003788,Wallet,Paid,2025-12-31,41270.32
ORD003789,Credit Card,Paid,2024-09-27,1828.53
ORD003790,Net Banking,Paid,2026-05-31,15475.05
ORD003791,Net Banking,Paid,2024-06-03,33085.73
ORD003792,Credit Card,Paid,2026-08-17,23534.39
ORD003793,COD,Paid,2026-06-18,17405.22
ORD003794,Wallet,Paid,2025-07-07,22645.49
ORD003795,Wallet,Paid,2024-04-11,703.62
ORD003796,Credit Card,Paid,2026-04-28,32276.37
ORD003797,UPI,Paid,2026-05-20,25575.39
ORD003798,Debit Card,Paid,2024-08-13,33163.93
ORD003799,COD,Paid,2025-07-21,14184.76
ORD003800,Debit Card,Paid,2026-08-10,49270.99
ORD003801,UPI,Paid,2024-02-17,7349.66
ORD003802,COD,Paid,2025-04-16,32395.95
ORD003803,UPI,Paid,2026-06-04,27835.53
ORD003804,Credit Card,Paid,2025-04-01,32021.29
ORD003805,Debit Card,Paid,2026-02-23,36772.88
ORD003806,Debit Card,Paid,2024-04-13,35896.21
ORD003807,COD,Paid,2026-02-26,14708
ORD003808,Debit Card,Paid,2025-10-22,12653.43
ORD003809,Net Banking,Paid,2026-01-27,18712.18
ORD003810,Credit Card,Paid,2024-02-15,13215.04
ORD003811,COD,Paid,2024-03-19,20201.73
ORD003812,COD,Paid,2025-10-29,27086.4
ORD003813,UPI,Paid,2026-03-23,42397.71
ORD003814,Net Banking,Refunded,2025-03-31,37893.6
ORD003815,Net Banking,Paid,2026-03-07,3083.73
ORD003816,Debit Card,Paid,2025-03-25,16722.23
ORD003817,Credit Card,Paid,2024-05-26,14980.93
ORD003818,Credit Card,Paid,2024-09-30,10008.31
ORD003819,UPI,Paid,2025-04-30,15831.56
ORD003820,Credit Card,Failed,2024-08-25,49651.26
ORD003821,COD,Failed,2024-01-24,46642.83
ORD003822,Credit Card,Paid,2025-05-06,36929.76
ORD003823,Credit Card,Paid,2024-05-01,24300.27
ORD003824,Net Banking,Paid,2026-07-29,31379.09
ORD003825,Credit Card,Paid,2025-03-25,47704.24
ORD003826,UPI,Paid,2026-01-30,3100.4
ORD003827,Net Banking,Paid,2024-12-05,46779.69
ORD003828,Credit Card,Paid,2024-06-16,49167.39
ORD003829,Credit Card,Paid,2026-01-25,9751.71
ORD003830,Wallet,Paid,2025-07-04,29895.77
ORD003831,Wallet,Failed,2025-04-23,32938.6
ORD003832,Net Banking,Paid,2025-12-28,40530.38
ORD003833,Credit Card,Paid,2025-10-10,43634.42
ORD003834,COD,Paid,2025-10-05,31954.66
ORD003835,UPI,Paid,2024-04-27,3520.35
ORD003836,Debit Card,Paid,2024-06-14,6820.65
ORD003837,COD,Paid,2025-07-20,49368.16
ORD003838,Credit Card,Paid,2024-04-12,1179.61
ORD003839,UPI,Paid,2025-05-07,20322.45
ORD003840,Credit Card,Paid,2026-04-16,40111.17
ORD003841,Net Banking,Paid,2024-01-27,46409.87
ORD003842,COD,Paid,2025-02-19,30101.56
ORD003843,Credit Card,Paid,2026-03-01,34776.88
ORD003844,Debit Card,Paid,2024-12-23,29528.64
ORD003845,COD,Paid,2026-04-18,44281.67
ORD003846,Net Banking,Paid,2025-04-09,27903.57
ORD003847,UPI,Paid,2025-02-28,2815.07
ORD003848,UPI,Paid,2026-02-04,20777.69
ORD003849,Wallet,Failed,2026-08-02,42222.4
ORD003850,Debit Card,Paid,2025-11-28,8672.25
ORD003851,COD,Paid,2026-07-11,14439.76
ORD003852,Debit Card,Paid,2026-07-02,28476.82
ORD003853,Credit Card,Paid,2025-04-30,17037.47
ORD003854,Credit Card,Paid,2024-10-09,12189.78
ORD003855,Credit Card,Failed,2024-08-05,30413.7
ORD003856,Credit Card,Paid,2026-05-21,39136.52
ORD003857,UPI,Paid,2026-06-08,9722.91
ORD003858,UPI,Paid,2025-05-16,30750.28
ORD003859,Debit Card,Paid,2026-02-07,43142.1
ORD003860,Net Banking,Paid,2025-10-11,41620.72
ORD003861,COD,Failed,2025-05-12,5631.62
ORD003862,COD,Paid,2024-11-02,42570.67
ORD003863,COD,Paid,2026-07-30,32037.84
ORD003864,Net Banking,Paid,2024-12-09,14537.3
ORD003865,COD,Paid,2026-08-17,32525.28
ORD003866,UPI,Refunded,2025-07-16,35206.92
ORD003867,Credit Card,Paid,2024-08-22,42914.4
ORD003868,Credit Card,Paid,2024-08-28,4282.38
ORD003869,Credit Card,Paid,2026-01-27,18645.64
ORD003870,UPI,Paid,2024-07-22,42953.21
ORD003871,Credit Card,Paid,2025-08-26,31583.35
ORD003872,Net Banking,Paid,2024-08-07,34637.13
ORD003873,Credit Card,Refunded,2025-08-20,20634.54
ORD003874,UPI,Paid,2025-03-12,6095.15
ORD003875,UPI,Paid,2025-01-17,48193.88
ORD003876,UPI,Paid,2025-05-06,10138.32
ORD003877,Credit Card,Paid,2024-04-04,21188.23
ORD003878,UPI,Paid,2024-06-24,36494.63
ORD003879,UPI,Paid,2024-03-20,7246.36
ORD003880,Credit Card,Paid,2025-10-08,17695.22
ORD003881,Debit Card,Paid,2025-04-11,40138.28
ORD003882,Debit Card,Paid,2024-05-27,18265.01
ORD003883,UPI,Paid,2026-04-08,37985.4
ORD003884,UPI,Paid,2024-07-19,27908.95
ORD003885,Credit Card,Paid,2024-07-09,1120.94
ORD003886,UPI,Paid,2026-08-23,19398.42
ORD003887,Net Banking,Paid,2026-05-01,9408.33
ORD003888,Credit Card,Paid,2026-03-19,44458.28
ORD003889,Net Banking,Paid,2024-11-18,6032.95
ORD003890,Credit Card,Failed,2024-01-20,15564.51
ORD003891,UPI,Paid,2024-07-30,44413.05
ORD003892,UPI,Paid,2024-02-09,18059.12
ORD003893,UPI,Paid,2024-05-13,31362.72
ORD003894,Debit Card,Paid,2025-11-02,13178.77
ORD003895,UPI,Paid,2024-02-18,47711.37
ORD003896,UPI,Paid,2024-08-02,39741.99
ORD003897,COD,Paid,2025-01-07,28682.12
ORD003898,Debit Card,Paid,2024-08-07,33159.9
ORD003899,Credit Card,Paid,2026-05-31,20756.38
ORD003900,Net Banking,Paid,2024-07-10,19138.24
ORD003901,UPI,Paid,2025-03-29,35153.25
ORD003902,UPI,Paid,2025-03-17,28365.05
ORD003903,UPI,Refunded,2026-04-09,26055.97
ORD003904,COD,Paid,2025-10-13,21668.61
ORD003905,Debit Card,Paid,2025-11-09,18868.66
ORD003906,Wallet,Paid,2025-04-29,9534.85
ORD003907,COD,Paid,2025-12-06,48489.98
ORD003908,UPI,Paid,2026-04-13,11946.8
ORD003909,Credit Card,Paid,2026-07-08,25827.97
ORD003910,COD,Paid,2025-10-17,29887.49
ORD003911,COD,Paid,2024-04-18,33582.16
ORD003912,UPI,Paid,2025-02-19,48425.47
ORD003913,Credit Card,Paid,2026-03-07,32642.75
ORD003914,Debit Card,Paid,2025-11-14,49335.13
ORD003915,Debit Card,Paid,2025-12-17,31656.85
ORD003916,UPI,Paid,2025-07-19,31874.48
ORD003917,Debit Card,Paid,2026-07-22,23210.27
ORD003918,Debit Card,Paid,2024-12-12,39913.76
ORD003919,Net Banking,Paid,2025-12-16,7327.55
ORD003920,COD,Paid,2024-08-17,17358.23
ORD003921,Credit Card,Paid,2025-07-15,31643.31
ORD003922,Credit Card,Paid,2024-01-28,10915.33
ORD003923,Debit Card,Refunded,2024-10-31,23023.72
ORD003924,UPI,Paid,2026-02-09,2409.48
ORD003925,Credit Card,Failed,2026-05-31,33231.52
ORD003926,Net Banking,Paid,2026-07-08,36139.38
ORD003927,UPI,Paid,2024-09-08,29017.06
ORD003928,Net Banking,Paid,2024-03-02,10256.27
ORD003929,Debit Card,Paid,2026-08-23,26453.31
ORD003930,UPI,Paid,2025-07-21,28987.83
ORD003931,COD,Paid,2025-08-10,29524.58
ORD003932,Credit Card,Failed,2025-02-11,12697.52
ORD003933,UPI,Paid,2025-02-11,35430.21
ORD003934,Net Banking,Paid,2025-08-16,18682.47
ORD003935,UPI,Paid,2025-02-19,33113.99
ORD003936,Debit Card,Paid,2024-05-23,23486.57
ORD003937,Debit Card,Paid,2024-01-12,34254.07
ORD003938,UPI,Paid,2025-11-12,6715.43
ORD003939,Debit Card,Paid,2025-12-21,19619.89
ORD003940,UPI,Paid,2025-02-23,3256.61
ORD003941,UPI,Paid,2025-07-18,46625.19
ORD003942,Credit Card,Paid,2024-04-18,28800.62
ORD003943,Net Banking,Paid,2024-01-29,20936.71
ORD003944,Net Banking,Paid,2024-10-06,20846.95
ORD003945,UPI,Paid,2024-08-25,31842.45
ORD003946,UPI,Paid,2025-03-05,46269.38
ORD003947,Wallet,Paid,2025-06-30,7444.72
ORD003948,UPI,Refunded,2025-12-09,10984.69
ORD003949,UPI,Paid,2025-03-20,17258.51
ORD003950,Credit Card,Paid,2026-07-20,35248.96
ORD003951,UPI,Paid,2025-08-16,23779.04
ORD003952,UPI,Paid,2026-07-09,26452.02
ORD003953,COD,Paid,2026-05-01,26793.2
ORD003954,UPI,Paid,2025-07-11,6690.87
ORD003955,UPI,Paid,2024-02-11,36721.03
ORD003956,Net Banking,Failed,2024-07-25,31903.72
ORD003957,COD,Paid,2025-07-20,39195.36
ORD003958,Net Banking,Paid,2024-07-22,29007.15
ORD003959,COD,Paid,2025-11-19,6929.28
ORD003960,UPI,Paid,2024-07-30,43420.88
ORD003961,UPI,Paid,2024-04-12,28619.86
ORD003962,Credit Card,Paid,2026-03-13,40597.49
ORD003963,Credit Card,Paid,2024-01-17,36122.9
ORD003964,Debit Card,Refunded,2024-06-14,48747.58
ORD003965,Credit Card,Paid,2024-05-02,25731.76
ORD003966,COD,Paid,2024-11-21,22731.37
ORD003967,Credit Card,Refunded,2026-08-10,48727.3
ORD003968,Credit Card,Paid,2025-05-17,15535.18
ORD003969,UPI,Paid,2024-09-01,27348.62
ORD003970,UPI,Paid,2025-05-27,7522.12
ORD003971,UPI,Paid,2024-05-06,38178.98
ORD003972,UPI,Paid,2024-05-02,27403.83
ORD003973,UPI,Paid,2024-03-26,5154.87
ORD003974,Credit Card,Refunded,2025-03-19,38079.46
ORD003975,Credit Card,Failed,2024-12-18,15908.44
ORD003976,UPI,Paid,2025-05-24,17462.01
ORD003977,UPI,Paid,2024-10-17,43395.74
ORD003978,Debit Card,Paid,2025-08-20,45433.14
ORD003979,Debit Card,Paid,2026-07-26,39377.8
ORD003980,UPI,Paid,2026-08-30,23539.64
ORD003981,Credit Card,Refunded,2025-10-05,20999.89
ORD003982,Net Banking,Refunded,2025-02-16,12217.3
ORD003983,Net Banking,Failed,2024-05-30,606.84
ORD003984,Debit Card,Paid,2025-02-04,40376.7
ORD003985,UPI,Paid,2024-01-28,42200.64
ORD003986,COD,Paid,2024-02-13,717.77
ORD003987,Wallet,Paid,2024-04-23,44083.54
ORD003988,Wallet,Paid,2025-03-07,12567.09
ORD003989,UPI,Paid,2026-03-07,48327.81
ORD003990,Debit Card,Paid,2026-04-13,35443.81
ORD003991,Debit Card,Paid,2026-04-03,6915.73
ORD003992,Net Banking,Paid,2025-02-21,12845.63
ORD003993,UPI,Paid,2026-06-11,39210.99
ORD003994,UPI,Paid,2024-06-28,35700.8
ORD003995,Credit Card,Paid,2024-12-01,3212.51
ORD003996,UPI,Paid,2025-09-01,35660.81
ORD003997,Debit Card,Failed,2026-02-08,8358.84
ORD003998,COD,Paid,2025-01-17,6035.35
ORD003999,COD,Failed,2024-01-31,34922.86
ORD004000,Debit Card,Paid,2026-08-08,560.42
ORD004001,Credit Card,Paid,2026-08-04,13669.42
ORD004002,Debit Card,Paid,2025-12-18,29433.81
ORD004003,UPI,Paid,2026-02-16,36704.11
ORD004004,Credit Card,Paid,2024-01-18,20529.55
ORD004005,UPI,Paid,2026-07-21,38926.57
ORD004006,Credit Card,Paid,2026-02-16,4645.52
ORD004007,Debit Card,Paid,2026-08-10,42033.44
ORD004008,UPI,Paid,2024-10-22,17132.41
ORD004009,UPI,Paid,2025-11-21,42108.08
ORD004010,COD,Paid,2026-02-13,17779.97
ORD004011,Debit Card,Paid,2024-01-27,932.36
ORD004012,Debit Card,Paid,2024-05-29,14513.59
ORD004013,COD,Paid,2026-01-05,13051.58
ORD004014,UPI,Paid,2026-01-07,19409.39
ORD004015,COD,Paid,2025-07-19,33564.72
ORD004016,Net Banking,Paid,2025-08-30,44873.98
ORD004017,Net Banking,Paid,2024-10-12,31898.91
ORD004018,UPI,Paid,2025-09-09,5642.94
ORD004019,Wallet,Paid,2026-07-05,22148.56
ORD004020,Credit Card,Paid,2025-01-22,46394.06
ORD004021,UPI,Paid,2024-09-04,19742.01
ORD004022,UPI,Paid,2024-02-14,43912.25
ORD004023,Debit Card,Paid,2026-08-06,11937.18
ORD004024,Credit Card,Paid,2026-07-10,4797.84
ORD004025,Net Banking,Paid,2025-06-08,16317.15
ORD004026,Credit Card,Paid,2024-06-14,3139.6
ORD004027,COD,Paid,2025-05-26,47135.27
ORD004028,UPI,Paid,2024-10-15,13824.31
ORD004029,Net Banking,Paid,2024-08-06,17722.19
ORD004030,Net Banking,Paid,2025-04-10,3122.82
ORD004031,Credit Card,Paid,2026-08-22,38965.76
ORD004032,Debit Card,Paid,2025-04-15,33479.76
ORD004033,Credit Card,Paid,2024-06-27,3208.38
ORD004034,UPI,Paid,2024-06-18,2509.64
ORD004035,Credit Card,Paid,2024-08-14,49269.76
ORD004036,Wallet,Paid,2025-01-03,23368.2
ORD004037,UPI,Paid,2025-07-04,2662.81
ORD004038,Credit Card,Paid,2026-07-22,45373.38
ORD004039,UPI,Refunded,2025-12-07,18954.29
ORD004040,UPI,Paid,2024-06-10,33120.13
ORD004041,UPI,Paid,2025-04-20,41147.99
ORD004042,COD,Paid,2025-12-01,8635.41
ORD004043,Wallet,Paid,2024-08-02,28783.76
ORD004044,COD,Paid,2024-05-10,25848.22
ORD004045,Credit Card,Paid,2024-08-25,23589.41
ORD004046,UPI,Paid,2026-04-22,5012.17
ORD004047,Debit Card,Paid,2025-11-18,34247.17
ORD004048,Credit Card,Paid,2024-08-05,32714.39
ORD004049,Debit Card,Paid,2025-09-11,31740.12
ORD004050,Credit Card,Paid,2025-08-18,42179.56
ORD004051,Debit Card,Refunded,2024-12-14,48715.18
ORD004052,Credit Card,Paid,2024-03-06,35991.29
ORD004053,Debit Card,Paid,2024-01-03,30206.68
ORD004054,Net Banking,Paid,2024-08-21,47769.79
ORD004055,UPI,Paid,2024-08-10,37590.91
ORD004056,Wallet,Paid,2025-10-05,46472.9
ORD004057,Credit Card,Paid,2024-10-18,28008.2
ORD004058,Net Banking,Paid,2024-09-08,19466.2
ORD004059,Debit Card,Paid,2026-08-25,12835.41
ORD004060,COD,Paid,2026-08-01,8150.7
ORD004061,Credit Card,Paid,2025-03-06,20652.37
ORD004062,UPI,Paid,2025-10-25,16081.91
ORD004063,Debit Card,Paid,2025-07-21,6299.27
ORD004064,Wallet,Paid,2024-02-27,38581.69
ORD004065,Debit Card,Paid,2024-06-08,24424.86
ORD004066,Credit Card,Paid,2025-10-03,33534.89
ORD004067,UPI,Failed,2026-04-25,18290.37
ORD004068,UPI,Failed,2024-06-04,41258.74
ORD004069,Credit Card,Paid,2024-06-09,30721.99
ORD004070,Credit Card,Paid,2026-01-08,29318.92
ORD004071,Wallet,Paid,2025-05-24,43253.18
ORD004072,COD,Refunded,2024-07-16,28859.4
ORD004073,UPI,Paid,2026-05-01,31152.84
ORD004074,Net Banking,Paid,2025-08-02,5803.72
ORD004075,Debit Card,Paid,2024-05-26,46189.84
ORD004076,UPI,Paid,2026-05-21,27147.98
ORD004077,UPI,Paid,2026-02-13,24620.1
ORD004078,Debit Card,Paid,2024-07-26,6708.88
ORD004079,UPI,Paid,2024-12-16,44442.66
ORD004080,UPI,Paid,2026-03-09,41909.27
ORD004081,Credit Card,Paid,2024-12-28,23001.92
ORD004082,Credit Card,Paid,2025-03-31,30726.9
ORD004083,Credit Card,Paid,2025-05-15,9973.31
ORD004084,Wallet,Paid,2026-04-08,9923.7
ORD004085,COD,Paid,2024-11-18,14118.65
ORD004086,Credit Card,Paid,2025-03-27,12295.84
ORD004087,Credit Card,Paid,2026-04-13,16207.79
ORD004088,Credit Card,Paid,2024-11-11,10603.45
ORD004089,Credit Card,Paid,2025-08-15,32613.14
ORD004090,UPI,Paid,2026-08-10,3037.5
ORD004091,Net Banking,Paid,2026-06-06,8760.56
ORD004092,COD,Paid,2025-12-29,15740.26
ORD004093,Debit Card,Paid,2025-12-20,9113.29
ORD004094,UPI,Paid,2025-12-02,47346.1
ORD004095,Debit Card,Paid,2024-11-05,31518.18
ORD004096,Credit Card,Paid,2024-07-10,26141.62
ORD004097,Credit Card,Paid,2025-07-17,47069.6
ORD004098,UPI,Paid,2025-08-03,12837.55
ORD004099,UPI,Paid,2025-06-16,29770.18
ORD004100,Credit Card,Paid,2024-08-23,5052.61
ORD004101,UPI,Paid,2026-05-11,38537.96
ORD004102,COD,Paid,2026-06-20,33314.03
ORD004103,COD,Paid,2024-10-04,17145.78
ORD004104,UPI,Paid,2026-02-23,7059.71
ORD004105,Wallet,Paid,2025-11-18,44657.12
ORD004106,UPI,Failed,2025-03-12,735.33
ORD004107,COD,Paid,2026-03-23,29303.69
ORD004108,COD,Paid,2026-06-29,8047.76
ORD004109,COD,Paid,2026-04-17,1065.91
ORD004110,Credit Card,Paid,2026-02-09,40033.7
ORD004111,COD,Paid,2024-01-25,47853.36
ORD004112,Debit Card,Paid,2025-02-19,15293.06
ORD004113,Debit Card,Paid,2025-01-25,14778.22
ORD004114,COD,Paid,2026-07-29,44222.28
ORD004115,COD,Paid,2024-01-25,40685.19
ORD004116,UPI,Paid,2026-01-02,1812.6
ORD004117,COD,Paid,2025-01-13,32724.99
ORD004118,COD,Paid,2026-04-24,16635.3
ORD004119,COD,Paid,2024-04-23,14444.96
ORD004120,UPI,Paid,2026-07-06,10169.32
ORD004121,Net Banking,Paid,2026-01-21,41518.71
ORD004122,UPI,Paid,2024-10-19,43367.1
ORD004123,Credit Card,Paid,2024-09-04,32716.15
ORD004124,UPI,Paid,2024-03-18,6029.2
ORD004125,UPI,Paid,2024-04-16,23309.67
ORD004126,UPI,Paid,2024-11-23,24958.84
ORD004127,Credit Card,Failed,2024-01-14,27780.81
ORD004128,Wallet,Paid,2024-10-16,1935.47
ORD004129,COD,Paid,2024-09-25,30677.67
ORD004130,Debit Card,Paid,2026-06-28,4007.26
ORD004131,Debit Card,Paid,2025-09-12,44058.61
ORD004132,UPI,Paid,2025-12-19,7028.05
ORD004133,Credit Card,Paid,2025-02-02,49446.85
ORD004134,Wallet,Paid,2024-03-28,42338.42
ORD004135,Credit Card,Paid,2024-12-30,45633.03
ORD004136,COD,Paid,2024-06-12,1843.48
ORD004137,COD,Failed,2026-06-04,29962.83
ORD004138,Debit Card,Paid,2024-07-13,20905.22
ORD004139,UPI,Failed,2025-03-09,9740.07
ORD004140,Debit Card,Paid,2025-01-08,49543.72
ORD004141,UPI,Failed,2026-02-18,14693.85
ORD004142,Net Banking,Paid,2024-05-25,6102.18
ORD004143,Credit Card,Paid,2025-07-27,7272.04
ORD004144,Credit Card,Paid,2026-08-09,20572.42
ORD004145,Wallet,Paid,2024-01-06,16926.91
ORD004146,Net Banking,Paid,2024-06-11,15080.45
ORD004147,UPI,Paid,2025-07-28,24449.44
ORD004148,UPI,Paid,2026-01-27,46722.16
ORD004149,COD,Paid,2026-08-24,3828.53
ORD004150,COD,Paid,2025-07-11,34299.37
ORD004151,UPI,Paid,2026-07-28,23186.52
ORD004152,UPI,Paid,2024-01-09,48129.04
ORD004153,Wallet,Paid,2026-05-14,12484.96
ORD004154,Net Banking,Paid,2026-07-31,46559.6
ORD004155,Credit Card,Paid,2024-11-23,520.46
ORD004156,Debit Card,Paid,2025-02-04,24361.93
ORD004157,UPI,Paid,2026-07-19,12185.25
ORD004158,Credit Card,Paid,2026-05-28,48932.21
ORD004159,Debit Card,Paid,2024-08-10,10431.74
ORD004160,UPI,Paid,2025-12-10,23580.03
ORD004161,Debit Card,Paid,2026-08-08,47963.5
ORD004162,Net Banking,Paid,2025-05-01,22899.19
ORD004163,Credit Card,Paid,2026-03-02,6724.25
ORD004164,UPI,Paid,2025-09-14,24463.58
ORD004165,Net Banking,Paid,2024-09-30,16071.04
ORD004166,COD,Paid,2026-08-16,44698.09
ORD004167,Credit Card,Paid,2025-12-30,37301.7
ORD004168,UPI,Paid,2025-12-13,44433.37
ORD004169,Net Banking,Paid,2024-09-21,20282.05
ORD004170,UPI,Paid,2025-01-06,20499.6
ORD004171,Debit Card,Paid,2024-04-26,36304.09
ORD004172,Net Banking,Paid,2026-07-18,27123.27
ORD004173,UPI,Paid,2025-02-10,508.32
ORD004174,Net Banking,Failed,2025-02-14,11423.67
ORD004175,Debit Card,Paid,2026-05-14,8375.26
ORD004176,Credit Card,Paid,2026-07-29,27964.64
ORD004177,UPI,Failed,2024-07-31,22158.53
ORD004178,Debit Card,Paid,2024-10-18,34782
ORD004179,Net Banking,Paid,2025-01-28,8769.07
ORD004180,Debit Card,Paid,2025-10-11,13636.97
ORD004181,UPI,Paid,2024-06-09,16952.62
ORD004182,Credit Card,Paid,2025-05-22,15905.23
ORD004183,Credit Card,Paid,2026-03-08,30411.25
ORD004184,Credit Card,Paid,2026-05-29,14069.47
ORD004185,Net Banking,Paid,2024-01-03,36213.78
ORD004186,Credit Card,Paid,2025-11-04,34340.62
ORD004187,Credit Card,Paid,2024-11-08,31059.96
ORD004188,Wallet,Paid,2025-07-26,47228.76
ORD004189,UPI,Paid,2024-04-27,35854.13
ORD004190,Credit Card,Paid,2025-10-23,8469.19
ORD004191,Net Banking,Paid,2025-11-03,9387.77
ORD004192,UPI,Paid,2024-07-24,46774.91
ORD004193,Debit Card,Paid,2025-08-27,47950.96
ORD004194,Net Banking,Failed,2025-07-21,30657.19
ORD004195,UPI,Failed,2024-11-14,791.97
ORD004196,COD,Paid,2026-08-29,5054.38
ORD004197,UPI,Paid,2025-07-10,7585.32
ORD004198,Debit Card,Paid,2024-02-20,36697.16
ORD004199,Credit Card,Paid,2024-03-31,30569.35
ORD004200,Wallet,Paid,2025-10-20,5949.6
ORD004201,Credit Card,Paid,2024-05-21,7541.74
ORD004202,Credit Card,Paid,2026-02-18,35341.92
ORD004203,COD,Paid,2024-09-20,22540.45
ORD004204,COD,Paid,2024-08-14,37048.6
ORD004205,Debit Card,Paid,2024-12-24,9432.68
ORD004206,UPI,Paid,2024-01-10,40078.12
ORD004207,UPI,Paid,2025-05-31,30560.38
ORD004208,Credit Card,Paid,2024-05-08,39295.06
ORD004209,Net Banking,Paid,2025-02-22,26664.14
ORD004210,Net Banking,Paid,2026-04-12,15076.95
ORD004211,COD,Paid,2025-05-22,12967.66
ORD004212,UPI,Paid,2025-07-10,38688.97
ORD004213,Net Banking,Paid,2026-07-16,1239.03
ORD004214,Credit Card,Paid,2026-03-05,36656.83
ORD004215,Credit Card,Paid,2024-07-08,33292.28
ORD004216,Net Banking,Paid,2025-06-12,24764.41
ORD004217,COD,Paid,2025-02-11,30392.08
ORD004218,Debit Card,Paid,2024-07-10,24991.42
ORD004219,Debit Card,Paid,2025-07-04,8367.42
ORD004220,UPI,Paid,2024-11-21,14737.34
ORD004221,Credit Card,Paid,2025-05-03,26358.14
ORD004222,UPI,Refunded,2026-05-06,34760.08
ORD004223,Net Banking,Paid,2026-07-24,13048.71
ORD004224,COD,Paid,2024-01-31,24323.32
ORD004225,COD,Paid,2026-03-03,41166.08
ORD004226,Debit Card,Paid,2025-05-09,1339.74
ORD004227,Credit Card,Paid,2024-05-23,39816.59
ORD004228,UPI,Paid,2025-06-29,13659.85
ORD004229,COD,Paid,2025-06-23,45450.8
ORD004230,UPI,Paid,2024-02-14,24814.27
ORD004231,Credit Card,Paid,2025-12-22,38501.09
ORD004232,COD,Paid,2025-05-19,27587.19
ORD004233,Debit Card,Paid,2025-10-19,13751.4
ORD004234,UPI,Paid,2024-04-14,31648.96
ORD004235,UPI,Paid,2025-02-05,14164.1
ORD004236,Debit Card,Paid,2024-01-25,32012.42
ORD004237,UPI,Paid,2024-07-05,10261.91
ORD004238,UPI,Paid,2026-04-21,6300.82
ORD004239,Credit Card,Paid,2024-02-13,35302.65
ORD004240,Wallet,Paid,2026-08-20,46207.52
ORD004241,Net Banking,Paid,2025-10-28,21550.08
ORD004242,Wallet,Paid,2025-01-08,12284.55
ORD004243,Wallet,Paid,2024-01-26,47177.89
ORD004244,COD,Paid,2025-10-20,3779.98
ORD004245,COD,Paid,2025-01-11,20814.94
ORD004246,Credit Card,Paid,2026-01-07,33890.92
ORD004247,Credit Card,Paid,2025-10-23,20098.38
ORD004248,Debit Card,Paid,2026-01-11,36046.89
ORD004249,COD,Refunded,2025-07-03,11134.66
ORD004250,Wallet,Paid,2026-02-04,36282.63
ORD004251,COD,Paid,2026-05-27,13109.42
ORD004252,Wallet,Paid,2026-08-26,12630.14
ORD004253,Wallet,Paid,2024-08-09,38887.39
ORD004254,Debit Card,Paid,2024-09-04,49572.41
ORD004255,COD,Paid,2025-01-09,5205.66
ORD004256,COD,Paid,2024-10-24,33243.58
ORD004257,Wallet,Paid,2026-04-03,13719.77
ORD004258,Net Banking,Paid,2024-09-06,46830.52
ORD004259,Net Banking,Paid,2024-02-03,41213.59
ORD004260,Net Banking,Paid,2026-03-29,38309.03
ORD004261,UPI,Paid,2025-06-28,38489.61
ORD004262,UPI,Paid,2024-02-23,36805.09
ORD004263,Net Banking,Paid,2025-09-09,42009.31
ORD004264,Wallet,Refunded,2026-07-25,33644.68
ORD004265,COD,Paid,2024-10-04,889.58
ORD004266,UPI,Paid,2025-07-30,43340.27
ORD004267,Debit Card,Paid,2024-12-26,38872.34
ORD004268,Credit Card,Paid,2025-10-13,26051.93
ORD004269,Credit Card,Paid,2025-07-29,19288.95
ORD004270,Net Banking,Paid,2024-05-23,44783.18
ORD004271,Net Banking,Paid,2025-12-02,19923.22
ORD004272,Wallet,Paid,2026-05-03,13212.11
ORD004273,Debit Card,Paid,2024-04-13,42652.35
ORD004274,UPI,Paid,2024-10-09,28341.5
ORD004275,Wallet,Paid,2024-09-28,2504.05
ORD004276,UPI,Paid,2024-07-06,31466.38
ORD004277,Net Banking,Paid,2024-08-17,6224.54
ORD004278,UPI,Paid,2024-10-27,9356.36
ORD004279,Credit Card,Paid,2024-02-11,6189.4
ORD004280,Credit Card,Paid,2025-11-12,11741.88
ORD004281,COD,Paid,2024-08-13,27897.78
ORD004282,UPI,Paid,2025-04-30,33643.5
ORD004283,UPI,Paid,2024-09-10,12889.15
ORD004284,Wallet,Paid,2026-05-17,797.11
ORD004285,UPI,Paid,2025-03-09,2850.5
ORD004286,UPI,Refunded,2026-02-10,47847
ORD004287,UPI,Failed,2026-03-14,13103.16
ORD004288,UPI,Paid,2024-03-01,17502.75
ORD004289,UPI,Paid,2024-09-03,37664.12
ORD004290,Credit Card,Paid,2024-12-11,13587.62
ORD004291,Net Banking,Paid,2024-12-10,44578.95
ORD004292,UPI,Paid,2025-07-07,33368.84
ORD004293,Debit Card,Paid,2026-01-11,44824.27
ORD004294,UPI,Paid,2024-06-26,23101.56
ORD004295,UPI,Paid,2026-07-31,44180.88
ORD004296,Debit Card,Paid,2026-05-20,23591.67
ORD004297,Credit Card,Paid,2025-01-13,24512.17
ORD004298,Net Banking,Paid,2024-05-29,24480.68
ORD004299,Net Banking,Paid,2024-09-18,23721.96
ORD004300,UPI,Paid,2025-04-23,40774.81
ORD004301,Debit Card,Paid,2024-10-27,31911.17
ORD004302,UPI,Paid,2024-03-29,13836.65
ORD004303,Wallet,Paid,2025-03-22,47376.15
ORD004304,Debit Card,Paid,2025-12-04,34194.42
ORD004305,Credit Card,Paid,2025-11-25,19405.52
ORD004306,Credit Card,Paid,2024-04-28,13657.82
ORD004307,UPI,Paid,2024-12-13,42991.27
ORD004308,Debit Card,Paid,2024-04-25,22023.91
ORD004309,Wallet,Paid,2026-01-19,23560.38
ORD004310,Debit Card,Paid,2024-04-11,10186.21
ORD004311,Credit Card,Paid,2024-11-26,23325.42
ORD004312,Debit Card,Paid,2024-04-26,10631.03
ORD004313,Credit Card,Paid,2025-05-15,8041.28
ORD004314,UPI,Paid,2026-01-29,25499.97
ORD004315,COD,Paid,2024-11-21,29656.42
ORD004316,Credit Card,Paid,2026-03-05,33819.14
ORD004317,Net Banking,Paid,2025-07-23,25830.66
ORD004318,Credit Card,Paid,2024-12-21,24115.48
ORD004319,Debit Card,Paid,2026-02-18,38691.93
ORD004320,Net Banking,Refunded,2024-01-10,12151.96
ORD004321,Debit Card,Paid,2024-12-23,45847.33
ORD004322,UPI,Paid,2024-09-03,2068.88
ORD004323,Credit Card,Refunded,2024-09-06,19802.78
ORD004324,UPI,Paid,2026-06-11,2118.08
ORD004325,UPI,Paid,2024-04-12,34221.22
ORD004326,Wallet,Paid,2025-07-02,48219.14
ORD004327,Net Banking,Paid,2026-03-01,49970.85
ORD004328,Net Banking,Paid,2026-02-10,17201.5
ORD004329,UPI,Paid,2024-08-16,22286.78
ORD004330,Net Banking,Paid,2025-11-15,49052.35
ORD004331,Credit Card,Paid,2026-01-26,36273
ORD004332,Credit Card,Refunded,2025-12-24,33923.15
ORD004333,UPI,Paid,2024-02-13,9164.51
ORD004334,COD,Paid,2024-04-13,15223.2
ORD004335,Credit Card,Paid,2025-03-20,2089.1
ORD004336,Credit Card,Paid,2026-03-24,1153.87
ORD004337,UPI,Paid,2025-04-14,40721.31
ORD004338,Debit Card,Paid,2026-03-10,46886.9
ORD004339,Credit Card,Paid,2024-11-08,2424.47
ORD004340,Credit Card,Paid,2024-05-25,36959.49
ORD004341,UPI,Paid,2024-07-09,6849.33
ORD004342,Debit Card,Paid,2026-01-22,46726.98
ORD004343,UPI,Paid,2026-02-08,8539.54
ORD004344,Net Banking,Refunded,2024-04-20,13833.42
ORD004345,COD,Paid,2026-03-05,42652.94
ORD004346,UPI,Paid,2025-05-21,23173.08
ORD004347,Wallet,Paid,2025-06-22,39213.18
ORD004348,Debit Card,Paid,2026-01-16,37314.91
ORD004349,Credit Card,Paid,2024-10-22,29020.19
ORD004350,Credit Card,Paid,2026-06-26,15224.17
ORD004351,UPI,Paid,2024-01-02,46723.95
ORD004352,UPI,Paid,2025-03-03,41916.81
ORD004353,UPI,Paid,2025-01-18,23216.89
ORD004354,COD,Paid,2025-06-28,48426.41
ORD004355,Credit Card,Paid,2024-01-29,38664.2
ORD004356,COD,Paid,2025-02-01,20747.84
ORD004357,UPI,Paid,2025-07-18,26389.57
ORD004358,Debit Card,Paid,2025-07-09,25788.78
ORD004359,UPI,Paid,2025-02-15,49530.79
ORD004360,Net Banking,Paid,2024-07-04,2821.3
ORD004361,UPI,Paid,2024-04-27,29135.94
ORD004362,COD,Paid,2024-08-16,45829.82
ORD004363,UPI,Paid,2026-01-30,2322.7
ORD004364,Credit Card,Paid,2024-05-12,47400.68
ORD004365,Credit Card,Paid,2024-01-22,30775.87
ORD004366,Wallet,Paid,2026-08-27,13487.41
ORD004367,Net Banking,Paid,2025-11-24,37806.93
ORD004368,Credit Card,Paid,2025-06-18,2700.95
ORD004369,UPI,Paid,2025-09-22,49348.73
ORD004370,UPI,Paid,2026-06-08,24640.66
ORD004371,COD,Paid,2026-05-25,18886.37
ORD004372,Debit Card,Paid,2026-01-26,46958.69
ORD004373,Credit Card,Paid,2026-08-22,10241.8
ORD004374,UPI,Paid,2025-12-02,11002.89
ORD004375,Credit Card,Paid,2024-07-24,12072.3
ORD004376,UPI,Failed,2026-05-02,10509.34
ORD004377,Credit Card,Paid,2025-02-28,41039.28
ORD004378,UPI,Paid,2025-05-15,48884.76
ORD004379,Net Banking,Paid,2024-08-05,22510.5
ORD004380,Debit Card,Paid,2026-06-28,964.62
ORD004381,UPI,Paid,2025-12-15,9534.21
ORD004382,Credit Card,Paid,2025-05-27,9741.95
ORD004383,UPI,Paid,2025-12-01,31960.38
ORD004384,Wallet,Paid,2024-07-19,14461.13
ORD004385,Debit Card,Paid,2025-04-27,45650.68
ORD004386,Wallet,Paid,2024-02-17,40175.35
ORD004387,Net Banking,Paid,2025-11-19,27909.99
ORD004388,Credit Card,Paid,2026-03-07,48490.87
ORD004389,COD,Paid,2026-04-21,10405.88
ORD004390,Wallet,Paid,2026-04-30,11018.97
ORD004391,Credit Card,Paid,2024-08-12,26554.93
ORD004392,UPI,Paid,2024-12-17,17010.3
ORD004393,COD,Paid,2025-12-18,25011.56
ORD004394,COD,Paid,2026-01-26,16987.69
ORD004395,COD,Paid,2026-07-16,38293.83
ORD004396,Debit Card,Paid,2025-02-20,39565.36
ORD004397,UPI,Paid,2025-09-05,46640.65
ORD004398,UPI,Paid,2026-03-03,42255.77
ORD004399,UPI,Paid,2024-08-10,48174.52
ORD004400,Net Banking,Paid,2025-04-26,40816.07
ORD004401,Credit Card,Paid,2025-09-29,30493.79
ORD004402,UPI,Paid,2025-01-07,26325.1
ORD004403,Net Banking,Paid,2026-01-17,9407.62
ORD004404,Debit Card,Paid,2024-06-30,14069.53
ORD004405,Credit Card,Refunded,2024-12-03,6847.86
ORD004406,Credit Card,Paid,2024-07-31,43866.27
ORD004407,UPI,Paid,2025-04-08,19349.74
ORD004408,Net Banking,Refunded,2024-08-20,38885.82
ORD004409,Net Banking,Failed,2024-05-16,1029.85
ORD004410,Wallet,Paid,2024-04-07,34027.27
ORD004411,COD,Paid,2026-04-08,33938.16
ORD004412,COD,Paid,2024-08-28,1364.97
ORD004413,Credit Card,Paid,2025-07-12,35272.5
ORD004414,UPI,Paid,2024-10-30,37294.72
ORD004415,UPI,Paid,2025-11-16,42497.86
ORD004416,Debit Card,Paid,2026-02-12,19387.56
ORD004417,Net Banking,Paid,2024-12-25,1953.95
ORD004418,UPI,Paid,2024-03-07,13357.81
ORD004419,Credit Card,Paid,2025-08-12,37135.34
ORD004420,Credit Card,Paid,2025-07-06,38099.75
ORD004421,Credit Card,Paid,2026-05-01,29761.57
ORD004422,Wallet,Paid,2025-10-11,37904.85
ORD004423,UPI,Failed,2024-03-19,24001.16
ORD004424,Debit Card,Paid,2025-09-23,906.38
ORD004425,Credit Card,Paid,2024-02-06,28153.87
ORD004426,Net Banking,Paid,2025-08-21,48997.25
ORD004427,UPI,Refunded,2024-08-27,27095.59
ORD004428,Debit Card,Paid,2026-05-05,10877.33
ORD004429,Wallet,Paid,2025-09-15,39645.86
ORD004430,Debit Card,Paid,2024-11-08,28672.74
ORD004431,UPI,Paid,2024-01-04,11080.62
ORD004432,Wallet,Failed,2024-10-04,45269.91
ORD004433,UPI,Paid,2025-07-05,26066.32
ORD004434,COD,Paid,2024-04-14,20755.22
ORD004435,Wallet,Paid,2024-02-08,35261.24
ORD004436,Debit Card,Paid,2024-06-29,19879.05
ORD004437,Credit Card,Paid,2025-09-28,22375.93
ORD004438,UPI,Paid,2024-07-28,17151.4
ORD004439,COD,Paid,2024-06-17,27416.28
ORD004440,COD,Paid,2025-01-18,43413.25
ORD004441,Credit Card,Paid,2026-06-05,32172.69
ORD004442,UPI,Paid,2026-06-13,44961.67
ORD004443,UPI,Paid,2026-05-09,20144.28
ORD004444,UPI,Paid,2026-04-01,19240.76
ORD004445,Debit Card,Refunded,2026-03-28,5743.06
ORD004446,Net Banking,Paid,2024-08-06,21914.15
ORD004447,Credit Card,Paid,2025-02-16,24056.91
ORD004448,UPI,Paid,2025-07-06,27164.5
ORD004449,COD,Paid,2025-04-14,757.4
ORD004450,Debit Card,Paid,2024-02-23,16238.48
ORD004451,UPI,Paid,2024-03-23,46965.67
ORD004452,Credit Card,Paid,2026-03-27,41828.92
ORD004453,UPI,Paid,2025-03-04,33604.31
ORD004454,UPI,Paid,2025-07-10,2695.74
ORD004455,COD,Paid,2025-05-18,35701.32
ORD004456,COD,Paid,2024-07-29,17369.52
ORD004457,Credit Card,Paid,2026-06-27,18479.06
ORD004458,COD,Paid,2026-08-07,14097.38
ORD004459,Net Banking,Paid,2026-03-11,3108.15
ORD004460,UPI,Paid,2024-08-23,31947.38
ORD004461,Wallet,Paid,2026-02-06,16783.74
ORD004462,COD,Paid,2025-04-28,17810.53
ORD004463,Wallet,Paid,2024-05-07,39621.64
ORD004464,COD,Paid,2026-06-02,27432.87
ORD004465,COD,Paid,2025-03-14,43270.51
ORD004466,Net Banking,Paid,2026-03-20,2353.83
ORD004467,Net Banking,Paid,2025-10-25,35528.57
ORD004468,UPI,Paid,2025-07-26,38309.77
ORD004469,UPI,Paid,2024-08-15,25764.01
ORD004470,Debit Card,Paid,2026-05-20,22887.08
ORD004471,Credit Card,Paid,2024-03-27,48004.68
ORD004472,COD,Paid,2026-05-31,18417.81
ORD004473,Net Banking,Paid,2025-04-15,37474.17
ORD004474,UPI,Paid,2024-08-10,10982.55
ORD004475,Credit Card,Paid,2026-02-04,20416.04
ORD004476,Wallet,Paid,2025-10-05,43857.18
ORD004477,Debit Card,Failed,2026-01-26,38844.84
ORD004478,Credit Card,Paid,2024-06-04,42008.01
ORD004479,UPI,Paid,2025-05-03,14130.26
ORD004480,Credit Card,Paid,2025-04-02,13941.7
ORD004481,COD,Paid,2025-03-15,47475.39
ORD004482,Credit Card,Paid,2026-08-24,10774.94
ORD004483,Debit Card,Paid,2025-09-21,8043.19
ORD004484,Wallet,Paid,2024-09-29,41773.27
ORD004485,COD,Paid,2025-12-01,43289.69
ORD004486,Credit Card,Paid,2025-12-31,26527.54
ORD004487,COD,Paid,2026-02-07,18656.37
ORD004488,Credit Card,Paid,2026-02-10,29545.98
ORD004489,UPI,Paid,2024-10-15,16512.55
ORD004490,UPI,Paid,2025-05-06,35134.62
ORD004491,UPI,Paid,2024-12-26,2773
ORD004492,UPI,Paid,2026-02-23,23570.04
ORD004493,UPI,Paid,2024-03-01,13833.82
ORD004494,Credit Card,Paid,2026-01-26,19828.19
ORD004495,Credit Card,Paid,2025-06-02,2928.55
ORD004496,Wallet,Paid,2024-09-07,6770.23
ORD004497,COD,Paid,2025-03-08,32449.65
ORD004498,Credit Card,Paid,2026-06-05,37720.4
ORD004499,UPI,Paid,2025-12-01,31582.96
ORD004500,UPI,Paid,2026-05-25,18565.84
ORD004501,Net Banking,Paid,2026-04-15,12233.67
ORD004502,Net Banking,Paid,2025-03-07,13628.52
ORD004503,COD,Paid,2025-08-04,47945.36
ORD004504,Net Banking,Paid,2024-04-14,39574.39
ORD004505,UPI,Paid,2026-08-10,21530.32
ORD004506,UPI,Paid,2025-04-27,41871.59
ORD004507,Debit Card,Paid,2025-10-26,23109.93
ORD004508,Debit Card,Paid,2025-04-18,47419.22
ORD004509,UPI,Paid,2026-05-03,14788.79
ORD004510,Credit Card,Paid,2026-01-28,44726.22
ORD004511,Debit Card,Paid,2025-09-06,15208.23
ORD004512,Net Banking,Failed,2026-01-05,45990.07
ORD004513,Credit Card,Paid,2024-07-04,40478.07
ORD004514,Wallet,Paid,2026-05-25,8368.95
ORD004515,COD,Paid,2025-09-30,32070.32
ORD004516,COD,Paid,2024-02-26,38308.04
ORD004517,Credit Card,Paid,2025-01-21,19611.31
ORD004518,UPI,Paid,2024-08-06,41634.76
ORD004519,UPI,Paid,2026-01-29,23957.37
ORD004520,Credit Card,Paid,2024-11-06,5196.93
ORD004521,Net Banking,Paid,2024-04-16,13717.28
ORD004522,Credit Card,Paid,2026-07-27,6709.35
ORD004523,Net Banking,Paid,2024-12-31,7486.01
ORD004524,COD,Paid,2026-05-30,32555.59
ORD004525,UPI,Paid,2025-05-06,8486.91
ORD004526,UPI,Paid,2025-01-11,29466.23
ORD004527,COD,Paid,2025-06-10,18575.14
ORD004528,UPI,Paid,2026-03-01,22761.74
ORD004529,Credit Card,Paid,2025-09-28,38814.02
ORD004530,Credit Card,Paid,2024-05-01,12044.7
ORD004531,Credit Card,Paid,2026-04-06,48780.67
ORD004532,COD,Paid,2025-11-24,13604.32
ORD004533,Credit Card,Paid,2025-01-20,7690.34
ORD004534,Credit Card,Paid,2026-06-05,4471.68
ORD004535,Wallet,Paid,2024-08-08,26851.51
ORD004536,Debit Card,Paid,2024-11-15,35183.36
ORD004537,COD,Paid,2026-01-03,25951.1
ORD004538,UPI,Paid,2024-03-08,25327.87
ORD004539,UPI,Paid,2025-09-14,48693.61
ORD004540,Net Banking,Paid,2026-06-16,42255.85
ORD004541,Net Banking,Paid,2026-02-20,27773.39
ORD004542,Credit Card,Paid,2024-03-05,19606.88
ORD004543,Credit Card,Failed,2024-04-03,12976.87
ORD004544,Credit Card,Paid,2024-03-27,13724.53
ORD004545,UPI,Paid,2024-02-26,12589.5
ORD004546,Credit Card,Paid,2024-11-10,40227.42
ORD004547,Debit Card,Paid,2025-12-31,49310.42
ORD004548,Credit Card,Paid,2025-02-22,38603.37
ORD004549,Wallet,Paid,2024-11-24,24047.8
ORD004550,COD,Paid,2026-02-06,25472.41
ORD004551,UPI,Paid,2025-07-25,19833.6
ORD004552,UPI,Paid,2025-09-20,26960.43
ORD004553,COD,Refunded,2024-03-26,47681.32
ORD004554,Credit Card,Refunded,2026-02-05,26690.84
ORD004555,COD,Paid,2024-01-19,48277.56
ORD004556,UPI,Refunded,2026-01-14,1324.03
ORD004557,UPI,Paid,2026-03-31,18785.8
ORD004558,UPI,Paid,2026-08-06,18321.67
ORD004559,Wallet,Paid,2024-12-30,13213.95
ORD004560,UPI,Refunded,2025-08-05,39690.81
ORD004561,COD,Refunded,2024-10-05,44791.03
ORD004562,UPI,Paid,2024-01-04,42726.33
ORD004563,Net Banking,Failed,2025-10-11,27014.06
ORD004564,UPI,Paid,2025-04-12,34614.29
ORD004565,UPI,Paid,2025-10-23,3448.4
ORD004566,UPI,Paid,2025-05-21,1096.31
ORD004567,UPI,Paid,2024-05-06,42513.33
ORD004568,COD,Paid,2026-07-12,32754.36
ORD004569,UPI,Paid,2026-04-03,31219.98
ORD004570,Credit Card,Paid,2025-06-13,33095.74
ORD004571,Wallet,Paid,2024-01-30,34780.57
ORD004572,COD,Paid,2025-03-04,17439.79
ORD004573,Debit Card,Paid,2026-04-04,15193.8
ORD004574,COD,Paid,2026-01-05,49050.33
ORD004575,Credit Card,Paid,2026-01-16,25894.81
ORD004576,COD,Paid,2024-09-23,28070.65
ORD004577,UPI,Paid,2026-05-12,3379.63
ORD004578,Credit Card,Paid,2025-05-18,13171.75
ORD004579,COD,Paid,2025-01-26,18377.63
ORD004580,Credit Card,Paid,2025-09-30,13921.49
ORD004581,UPI,Paid,2025-03-03,21592.05
ORD004582,Wallet,Paid,2026-06-24,29413.96
ORD004583,UPI,Paid,2025-07-23,38874.32
ORD004584,UPI,Paid,2024-10-10,20603.76
ORD004585,UPI,Paid,2024-01-16,19202.4
ORD004586,Credit Card,Paid,2026-01-08,36720.62
ORD004587,Debit Card,Paid,2026-02-22,19647.56
ORD004588,Debit Card,Paid,2025-08-06,28614.15
ORD004589,Net Banking,Paid,2024-09-23,4758.44
ORD004590,Debit Card,Paid,2024-08-27,11105.24
ORD004591,Credit Card,Paid,2026-06-23,34110.85
ORD004592,UPI,Paid,2024-02-27,46158.58
ORD004593,Debit Card,Paid,2025-02-08,17015.68
ORD004594,Debit Card,Paid,2026-02-17,30244.55
ORD004595,Debit Card,Paid,2025-02-27,39310.62
ORD004596,COD,Paid,2024-06-20,35513.08
ORD004597,UPI,Paid,2024-07-10,24406.09
ORD004598,UPI,Paid,2024-01-02,22010.07
ORD004599,Credit Card,Paid,2024-02-12,29488.92
ORD004600,Wallet,Paid,2026-01-15,48367.97
ORD004601,Debit Card,Paid,2025-02-23,21489.4
ORD004602,COD,Paid,2024-11-28,5509.28
ORD004603,Credit Card,Paid,2025-08-12,7978.3
ORD004604,UPI,Paid,2024-08-25,47538.33
ORD004605,Net Banking,Paid,2026-07-07,2366.52
ORD004606,Credit Card,Paid,2024-06-12,38998.71
ORD004607,Net Banking,Paid,2025-04-14,8260.56
ORD004608,COD,Paid,2024-10-26,17956.6
ORD004609,UPI,Paid,2025-03-15,31008.42
ORD004610,Credit Card,Paid,2024-04-30,19576.78
ORD004611,UPI,Paid,2025-02-21,30330.84
ORD004612,UPI,Paid,2025-10-19,1877.29
ORD004613,Net Banking,Paid,2025-06-27,18754.57
ORD004614,Credit Card,Paid,2024-02-22,19831.11
ORD004615,Credit Card,Paid,2024-07-07,27971.96
ORD004616,Credit Card,Paid,2024-02-08,27868.45
ORD004617,Credit Card,Paid,2025-10-17,45279.76
ORD004618,UPI,Paid,2024-10-14,29669.45
ORD004619,Credit Card,Paid,2025-09-06,13800.06
ORD004620,Credit Card,Paid,2025-10-06,48536.14
ORD004621,UPI,Paid,2024-03-26,1941.91
ORD004622,UPI,Paid,2024-07-20,9500.49
ORD004623,UPI,Paid,2026-06-11,2029.7
ORD004624,Net Banking,Paid,2025-06-24,28977.16
ORD004625,Credit Card,Paid,2024-12-21,41721.59
ORD004626,Credit Card,Paid,2024-09-07,47934.59
ORD004627,COD,Paid,2025-03-24,38293.43
ORD004628,UPI,Paid,2025-02-16,24956.9
ORD004629,Wallet,Paid,2024-07-31,22912.96
ORD004630,Net Banking,Paid,2025-08-10,42702.02
ORD004631,Net Banking,Paid,2026-04-20,5622.57
ORD004632,UPI,Paid,2024-06-06,19823.91
ORD004633,Net Banking,Paid,2026-06-19,34351.09
ORD004634,COD,Paid,2025-10-27,27543.92
ORD004635,Debit Card,Paid,2025-04-09,7211.29
ORD004636,UPI,Paid,2024-06-11,12640.31
ORD004637,Credit Card,Paid,2025-01-15,12580.31
ORD004638,Debit Card,Paid,2025-02-08,19311.05
ORD004639,UPI,Paid,2026-05-02,44500.4
ORD004640,Debit Card,Paid,2025-07-30,11409.81
ORD004641,UPI,Paid,2025-05-09,17877.02
ORD004642,Credit Card,Paid,2024-10-10,25398.1
ORD004643,Credit Card,Refunded,2024-12-14,48107.68
ORD004644,Debit Card,Paid,2025-07-09,25709.24
ORD004645,Credit Card,Paid,2026-03-11,8684.65
ORD004646,Credit Card,Paid,2025-03-20,3549.48
ORD004647,Credit Card,Paid,2025-05-07,17109.61
ORD004648,Credit Card,Paid,2025-10-26,22166.38
ORD004649,Credit Card,Paid,2025-03-18,25247.73
ORD004650,UPI,Paid,2025-02-24,37056.07
ORD004651,Wallet,Paid,2025-08-19,11887.55
ORD004652,UPI,Paid,2025-02-18,39125.32
ORD004653,COD,Paid,2025-08-30,22357.82
ORD004654,Debit Card,Paid,2024-04-22,4430.23
ORD004655,Debit Card,Paid,2026-05-29,4527.16
ORD004656,Debit Card,Paid,2025-11-11,44505.42
ORD004657,COD,Paid,2025-05-10,7518.92
ORD004658,UPI,Paid,2025-05-28,8876.06
ORD004659,Credit Card,Paid,2025-10-25,38441.59
ORD004660,Debit Card,Paid,2025-10-26,36834.44
ORD004661,COD,Paid,2024-09-01,1441.92
ORD004662,Wallet,Paid,2024-01-20,15107.31
ORD004663,Credit Card,Paid,2025-09-05,7600.83
ORD004664,UPI,Paid,2025-10-31,24337.79
ORD004665,UPI,Failed,2025-06-28,2953.91
ORD004666,Net Banking,Paid,2024-06-21,46064.54
ORD004667,Credit Card,Refunded,2025-10-16,23878.87
ORD004668,COD,Paid,2024-09-15,22900.23
ORD004669,COD,Paid,2026-01-03,48043.46
ORD004670,UPI,Paid,2025-05-15,12854.17
ORD004671,UPI,Paid,2024-11-23,20503.56
ORD004672,Net Banking,Paid,2025-05-26,15414.03
ORD004673,Wallet,Paid,2025-04-17,33708.43
ORD004674,Debit Card,Paid,2024-03-20,19656.18
ORD004675,UPI,Paid,2024-02-11,49445.31
ORD004676,Credit Card,Paid,2025-08-10,29595.51
ORD004677,Credit Card,Paid,2025-09-04,37507.09
ORD004678,Wallet,Paid,2025-02-11,48979.12
ORD004679,Net Banking,Paid,2026-03-11,16647.33
ORD004680,UPI,Paid,2025-03-11,36217.24
ORD004681,UPI,Paid,2026-03-21,45039.18
ORD004682,Debit Card,Paid,2026-03-25,49315.57
ORD004683,Debit Card,Paid,2024-03-01,21262.35
ORD004684,UPI,Failed,2026-03-09,36853.95
ORD004685,UPI,Paid,2024-04-20,27661.97
ORD004686,Credit Card,Paid,2025-09-10,21587.71
ORD004687,Wallet,Paid,2024-11-13,3624.83
ORD004688,Net Banking,Paid,2024-11-17,6107.02
ORD004689,UPI,Paid,2026-02-27,29845.26
ORD004690,COD,Paid,2024-07-20,20963.2
ORD004691,Credit Card,Paid,2024-08-22,32424.97
ORD004692,UPI,Paid,2026-04-13,48518.02
ORD004693,COD,Paid,2026-05-21,23680.64
ORD004694,COD,Paid,2026-07-08,32699.18
ORD004695,Credit Card,Paid,2026-03-30,27526.97
ORD004696,UPI,Paid,2025-02-03,49634.26
ORD004697,Wallet,Failed,2025-11-20,42452.03
ORD004698,UPI,Paid,2024-09-27,13932.73
ORD004699,Wallet,Paid,2026-08-04,19971.35
ORD004700,Wallet,Paid,2026-04-06,14326.14
ORD004701,UPI,Paid,2025-02-08,7814.75
ORD004702,UPI,Paid,2025-01-22,37627.88
ORD004703,UPI,Refunded,2024-11-20,46919.26
ORD004704,Net Banking,Refunded,2026-03-27,27012.28
ORD004705,Credit Card,Paid,2024-03-29,29754.77
ORD004706,UPI,Paid,2024-01-19,35784.57
ORD004707,Debit Card,Paid,2025-10-20,17730.82
ORD004708,Wallet,Paid,2026-09-01,36466.75
ORD004709,COD,Paid,2026-07-09,7992.88
ORD004710,COD,Paid,2025-11-18,43458.79
ORD004711,Credit Card,Paid,2025-06-18,8691.13
ORD004712,Credit Card,Paid,2026-07-09,11135.58
ORD004713,UPI,Paid,2026-07-23,18412.34
ORD004714,Credit Card,Paid,2026-03-08,32700.27
ORD004715,Credit Card,Paid,2026-01-20,3128.13
ORD004716,UPI,Paid,2025-03-21,23356.03
ORD004717,Credit Card,Paid,2024-05-28,36079.29
ORD004718,UPI,Paid,2026-05-08,39340.83
ORD004719,Credit Card,Paid,2024-05-31,24198.07
ORD004720,UPI,Paid,2025-07-28,23727.62
ORD004721,COD,Paid,2025-08-12,10160.63
ORD004722,Wallet,Paid,2025-02-01,25879.51
ORD004723,Debit Card,Paid,2025-03-15,43171.72
ORD004724,Net Banking,Paid,2024-02-08,47880.89
ORD004725,COD,Paid,2025-11-30,23199.41
ORD004726,Net Banking,Paid,2025-08-06,4642.75
ORD004727,UPI,Paid,2025-10-23,34775.47
ORD004728,UPI,Paid,2024-04-28,42203.16
ORD004729,UPI,Paid,2026-06-03,23267.2
ORD004730,Credit Card,Paid,2025-07-11,21500.11
ORD004731,Credit Card,Paid,2024-10-11,43319.2
ORD004732,Credit Card,Paid,2025-09-05,14521.1
ORD004733,Credit Card,Paid,2026-06-15,49169.56
ORD004734,Net Banking,Paid,2024-06-27,2476.51
ORD004735,Wallet,Paid,2025-07-18,20104.43
ORD004736,COD,Paid,2024-05-25,41648.79
ORD004737,UPI,Failed,2026-02-13,46450.39
ORD004738,Credit Card,Paid,2025-10-16,26948.36
ORD004739,Credit Card,Paid,2026-04-03,18807.59
ORD004740,Net Banking,Paid,2024-09-16,30218.92
ORD004741,Net Banking,Paid,2024-05-05,26681.16
ORD004742,Debit Card,Paid,2026-07-18,44609.91
ORD004743,COD,Paid,2025-08-08,31114.83
ORD004744,COD,Paid,2025-05-09,7537.19
ORD004745,COD,Failed,2026-02-15,13115.04
ORD004746,Credit Card,Paid,2025-05-13,25171.41
ORD004747,Credit Card,Paid,2026-07-19,13137.39
ORD004748,UPI,Paid,2026-07-20,2232.7
ORD004749,Debit Card,Paid,2025-07-08,8844.64
ORD004750,Debit Card,Paid,2024-08-02,21606.16
ORD004751,Credit Card,Paid,2025-07-24,14166.09
ORD004752,UPI,Paid,2025-11-15,48924.37
ORD004753,Debit Card,Paid,2024-11-14,31686.81
ORD004754,Debit Card,Paid,2025-08-24,12439.75
ORD004755,UPI,Paid,2024-03-22,6966.3
ORD004756,Net Banking,Refunded,2024-09-28,11506.66
ORD004757,COD,Paid,2025-04-08,35117.45
ORD004758,UPI,Refunded,2024-09-28,41851.96
ORD004759,Debit Card,Paid,2026-07-07,16225.11
ORD004760,Debit Card,Paid,2025-03-26,25668.98
ORD004761,Wallet,Paid,2025-02-01,680.05
ORD004762,Wallet,Paid,2024-02-23,39086.14
ORD004763,Credit Card,Paid,2025-01-03,31576.04
ORD004764,UPI,Paid,2026-05-02,28511.59
ORD004765,COD,Paid,2025-08-12,13788.4
ORD004766,Credit Card,Failed,2025-11-20,17328
ORD004767,Credit Card,Paid,2026-03-20,39376.39
ORD004768,COD,Paid,2024-10-30,35706.6
ORD004769,Debit Card,Paid,2026-02-15,45380.37
ORD004770,Credit Card,Refunded,2025-12-03,5908.5
ORD004771,Debit Card,Paid,2026-05-14,26190.81
ORD004772,Credit Card,Paid,2026-08-03,908.69
ORD004773,Debit Card,Paid,2026-03-12,13997.32
ORD004774,Credit Card,Paid,2026-06-23,49016.73
ORD004775,COD,Paid,2024-02-12,30885.18
ORD004776,Debit Card,Paid,2025-01-20,42503.95
ORD004777,Wallet,Paid,2026-04-07,43501.76
ORD004778,UPI,Failed,2025-03-25,16763.91
ORD004779,Wallet,Paid,2025-03-06,41637.55
ORD004780,UPI,Paid,2026-07-12,44514.02
ORD004781,UPI,Paid,2026-08-23,38634.93
ORD004782,Credit Card,Paid,2026-08-09,3510.3
ORD004783,COD,Paid,2026-04-14,38908.8
ORD004784,UPI,Paid,2024-09-22,37961.25
ORD004785,Credit Card,Paid,2025-11-02,39093.69
ORD004786,UPI,Paid,2024-11-26,46361.61
ORD004787,UPI,Paid,2024-09-06,31161.96
ORD004788,COD,Paid,2026-06-02,31607.46
ORD004789,COD,Paid,2024-10-21,4319.42
ORD004790,Net Banking,Paid,2024-04-29,36897.41
ORD004791,Credit Card,Paid,2024-01-11,40568.84
ORD004792,Credit Card,Paid,2024-05-26,13447.65
ORD004793,Credit Card,Paid,2025-02-24,19049.92
ORD004794,COD,Paid,2025-05-07,24311.12
ORD004795,UPI,Paid,2025-10-14,34717.51
ORD004796,UPI,Paid,2024-08-22,38666.76
ORD004797,UPI,Paid,2025-05-07,31520.98
ORD004798,COD,Paid,2026-07-14,2336.05
ORD004799,Debit Card,Paid,2026-09-02,9099.71
ORD004800,COD,Paid,2025-06-22,47183.86
ORD004801,UPI,Paid,2026-04-26,14526.78
ORD004802,Wallet,Paid,2025-01-06,27842.25
ORD004803,Credit Card,Paid,2025-11-14,46353.64
ORD004804,Debit Card,Paid,2024-08-28,10642.99
ORD004805,UPI,Paid,2025-04-27,6308.86
ORD004806,Net Banking,Paid,2025-06-24,20779.86
ORD004807,Net Banking,Paid,2024-01-23,44670
ORD004808,Credit Card,Refunded,2024-01-05,27377.81
ORD004809,UPI,Paid,2026-08-27,12114.22
ORD004810,COD,Paid,2024-05-20,18751.1
ORD004811,Net Banking,Paid,2024-05-14,30796.05
ORD004812,Net Banking,Paid,2024-12-31,46796.07
ORD004813,UPI,Paid,2024-10-09,29495.17
ORD004814,Net Banking,Paid,2024-02-26,48109.45
ORD004815,Debit Card,Paid,2025-07-10,14052.04
ORD004816,Net Banking,Paid,2025-05-20,42325.88
ORD004817,Wallet,Failed,2025-07-02,20168.55
ORD004818,UPI,Paid,2024-12-10,6632.7
ORD004819,Debit Card,Paid,2025-05-13,45884.47
ORD004820,Credit Card,Paid,2025-12-22,30250.74
ORD004821,Credit Card,Paid,2024-02-16,41670.57
ORD004822,UPI,Paid,2025-05-09,28987.75
ORD004823,Debit Card,Paid,2024-05-13,12425.89
ORD004824,UPI,Paid,2026-01-08,42389.31
ORD004825,Wallet,Paid,2025-08-01,33847.39
ORD004826,Debit Card,Paid,2026-05-22,5739.33
ORD004827,COD,Paid,2025-08-30,26792
ORD004828,UPI,Paid,2025-01-15,14280.35
ORD004829,Debit Card,Paid,2026-04-01,46068.19
ORD004830,COD,Paid,2026-07-14,31910.04
ORD004831,COD,Paid,2026-05-29,46192.63
ORD004832,Wallet,Paid,2024-11-02,13281.94
ORD004833,Debit Card,Paid,2024-06-12,17541.81
ORD004834,UPI,Paid,2025-07-13,19901.35
ORD004835,UPI,Paid,2026-03-21,13210.27
ORD004836,COD,Paid,2025-03-21,36435.39
ORD004837,COD,Paid,2024-07-15,1635.44
ORD004838,UPI,Failed,2025-09-29,23415.51
ORD004839,Credit Card,Failed,2025-01-21,21691.95
ORD004840,Credit Card,Paid,2025-12-30,30347.59
ORD004841,Debit Card,Paid,2024-02-15,43415.94
ORD004842,Debit Card,Paid,2024-08-19,32778.98
ORD004843,COD,Paid,2024-05-09,6742.17
ORD004844,Debit Card,Paid,2025-10-04,24048.46
ORD004845,Credit Card,Refunded,2024-03-08,18425.63
ORD004846,Credit Card,Paid,2024-05-10,10273.52
ORD004847,UPI,Paid,2025-12-12,33020.57
ORD004848,Debit Card,Paid,2024-02-04,31551.61
ORD004849,UPI,Paid,2026-02-18,11478.59
ORD004850,UPI,Paid,2024-03-02,21438.99
ORD004851,UPI,Paid,2026-08-24,32809.32
ORD004852,COD,Paid,2024-11-14,48282.13
ORD004853,Debit Card,Paid,2025-08-09,7478.6
ORD004854,Credit Card,Paid,2024-05-09,14210.93
ORD004855,Credit Card,Paid,2026-01-24,3931.73
ORD004856,COD,Paid,2025-07-05,20387.34
ORD004857,COD,Paid,2024-11-26,16926.91
ORD004858,UPI,Paid,2025-05-03,27131.31
ORD004859,Net Banking,Paid,2026-03-19,5749.8
ORD004860,UPI,Paid,2024-11-04,34146.73
ORD004861,Debit Card,Paid,2024-02-14,9916.19
ORD004862,Wallet,Paid,2025-12-21,44293.48
ORD004863,Credit Card,Paid,2026-06-04,29823.33
ORD004864,Debit Card,Paid,2026-05-12,5735.64
ORD004865,UPI,Paid,2026-08-02,6596.35
ORD004866,Net Banking,Paid,2025-05-20,49574.19
ORD004867,UPI,Refunded,2025-03-30,8162.24
ORD004868,UPI,Paid,2025-09-29,16508.38
ORD004869,Wallet,Paid,2025-08-24,26315.32
ORD004870,Net Banking,Paid,2025-11-19,22538
ORD004871,Credit Card,Paid,2025-04-25,49366.17
ORD004872,UPI,Paid,2026-04-28,11876.81
ORD004873,UPI,Paid,2025-05-07,26276.62
ORD004874,COD,Paid,2025-11-27,30170.49
ORD004875,Net Banking,Paid,2024-04-14,44637.95
ORD004876,UPI,Paid,2024-01-24,10538.08
ORD004877,Credit Card,Paid,2024-06-11,37071.21
ORD004878,UPI,Paid,2024-03-16,25919.48
ORD004879,UPI,Paid,2024-04-09,23478.97
ORD004880,UPI,Paid,2024-11-29,34710.69
ORD004881,UPI,Paid,2024-10-01,31483.84
ORD004882,Credit Card,Paid,2025-12-05,35533.15
ORD004883,Credit Card,Paid,2025-08-30,45385.74
ORD004884,Wallet,Paid,2024-11-25,35329.67
ORD004885,UPI,Paid,2026-03-01,33577.96
ORD004886,Credit Card,Paid,2026-01-20,16685.13
ORD004887,UPI,Paid,2026-01-16,40928.27
ORD004888,Net Banking,Paid,2024-03-11,1907.12
ORD004889,UPI,Paid,2024-11-17,46592.62
ORD004890,Credit Card,Paid,2025-03-18,46123.67
ORD004891,Wallet,Paid,2024-10-12,12210.58
ORD004892,Wallet,Paid,2026-02-02,9810.07
ORD004893,COD,Paid,2026-06-12,37463.44
ORD004894,COD,Paid,2024-08-31,31435.29
ORD004895,Credit Card,Paid,2025-03-23,25121.04
ORD004896,Credit Card,Paid,2025-09-14,1454.75
ORD004897,Credit Card,Paid,2025-10-29,32524.6
ORD004898,Credit Card,Paid,2024-07-14,45551.36
ORD004899,Debit Card,Paid,2025-06-01,49565.57
ORD004900,Credit Card,Paid,2024-03-22,18733.38
ORD004901,Credit Card,Paid,2024-02-22,30057.56
ORD004902,Debit Card,Paid,2025-05-28,42231.82
ORD004903,Credit Card,Paid,2026-03-30,22757.44
ORD004904,Credit Card,Paid,2025-06-19,10047.69
ORD004905,Wallet,Paid,2026-01-22,45159.69
ORD004906,Debit Card,Paid,2025-03-07,19254.99
ORD004907,Net Banking,Paid,2025-01-25,40401.79
ORD004908,Credit Card,Paid,2024-06-13,552.74
ORD004909,UPI,Paid,2026-08-30,2718.58
ORD004910,Debit Card,Paid,2025-10-16,18527.13
ORD004911,Credit Card,Paid,2025-04-03,25738.49
ORD004912,UPI,Paid,2024-10-16,45790.5
ORD004913,UPI,Paid,2026-03-10,33411.75
ORD004914,Credit Card,Paid,2025-09-10,45428.34
ORD004915,Debit Card,Paid,2025-10-06,17582.06
ORD004916,Credit Card,Paid,2024-10-17,37529.16
ORD004917,UPI,Paid,2025-01-31,26839.73
ORD004918,Credit Card,Paid,2025-06-24,22894.35
ORD004919,COD,Paid,2025-07-28,3303.84
ORD004920,Credit Card,Paid,2024-11-08,48019.63
ORD004921,Credit Card,Paid,2025-01-10,16253.07
ORD004922,Debit Card,Paid,2024-04-01,18573.35
ORD004923,UPI,Paid,2025-08-26,5838.66
ORD004924,Net Banking,Paid,2026-05-05,11393.56
ORD004925,Credit Card,Paid,2026-02-28,27893.07
ORD004926,Credit Card,Failed,2025-11-24,6909.79
ORD004927,UPI,Paid,2024-04-20,29868.05
ORD004928,UPI,Paid,2025-05-07,19700.81
ORD004929,COD,Paid,2024-02-28,2269.87
ORD004930,COD,Paid,2024-11-25,36762.6
ORD004931,Net Banking,Paid,2024-02-03,36026.25
ORD004932,Debit Card,Paid,2025-08-24,4098.69
ORD004933,Credit Card,Paid,2025-10-08,38573.63
ORD004934,UPI,Paid,2025-01-21,21784.49
ORD004935,UPI,Paid,2026-03-01,8150.27
ORD004936,Credit Card,Paid,2024-01-29,39958.03
ORD004937,UPI,Paid,2025-09-21,7159.82
ORD004938,COD,Paid,2025-12-10,36816.89
ORD004939,UPI,Paid,2025-10-21,8409.06
ORD004940,Net Banking,Paid,2024-06-05,35387.9
ORD004941,Credit Card,Paid,2025-06-18,49719.22
ORD004942,UPI,Paid,2024-12-01,13741.67
ORD004943,Credit Card,Paid,2024-05-13,12300.84
ORD004944,Wallet,Refunded,2026-02-01,40432.27
ORD004945,Credit Card,Paid,2024-07-07,32226.09
ORD004946,Credit Card,Paid,2024-02-15,20885.38
ORD004947,UPI,Paid,2026-03-02,30472.66
ORD004948,Debit Card,Paid,2025-02-17,32526.03
ORD004949,Credit Card,Paid,2024-07-03,6566.94
ORD004950,Debit Card,Paid,2026-03-01,23993.97
ORD004951,Credit Card,Paid,2025-01-25,26876.24
ORD004952,Wallet,Paid,2025-09-18,26565.6
ORD004953,UPI,Paid,2024-10-15,19023.66
ORD004954,Debit Card,Paid,2024-09-23,38204.91
ORD004955,Credit Card,Paid,2024-07-14,15552.72
ORD004956,COD,Paid,2024-11-04,29689.79
ORD004957,UPI,Paid,2026-06-12,44580.99
ORD004958,Wallet,Paid,2025-11-26,23691.5
ORD004959,UPI,Refunded,2026-03-18,32277.69
ORD004960,UPI,Refunded,2024-01-08,47527.53
ORD004961,Debit Card,Paid,2026-03-17,31579.73
ORD004962,Wallet,Paid,2026-05-01,43425.62
ORD004963,Credit Card,Paid,2026-01-22,39356.15
ORD004964,Net Banking,Paid,2025-09-05,42516.53
ORD004965,COD,Paid,2025-07-20,12377.66
ORD004966,Net Banking,Paid,2024-03-22,47033.93
ORD004967,Credit Card,Paid,2024-04-23,23108.14
ORD004968,UPI,Paid,2024-12-16,804.66
ORD004969,Debit Card,Paid,2024-04-28,15332.21
ORD004970,Credit Card,Paid,2025-04-06,18560.77
ORD004971,COD,Paid,2024-10-09,43566.13
ORD004972,UPI,Paid,2024-10-31,9609.55
ORD004973,Credit Card,Paid,2024-04-18,35053.1
ORD004974,COD,Paid,2024-10-06,48028.45
ORD004975,Wallet,Paid,2024-12-01,27439.16
ORD004976,Wallet,Paid,2024-10-02,48114.13
ORD004977,Debit Card,Paid,2024-09-29,27166.28
ORD004978,COD,Paid,2025-06-21,20877.47
ORD004979,COD,Paid,2024-04-20,27205.34
ORD004980,Credit Card,Paid,2024-04-01,9432.49
ORD004981,UPI,Paid,2024-01-06,15602.05
ORD004982,UPI,Paid,2025-04-06,23318.75
ORD004983,COD,Paid,2024-02-16,46155.56
ORD004984,COD,Paid,2025-12-02,9948.52
ORD004985,Wallet,Paid,2025-10-22,37063.28
ORD004986,COD,Paid,2024-08-19,8574.08
ORD004987,Credit Card,Paid,2024-10-15,37316.14
ORD004988,Debit Card,Paid,2024-11-03,32461.07
ORD004989,Credit Card,Paid,2025-06-16,46548.73
ORD004990,UPI,Paid,2026-07-09,31871.7
ORD004991,UPI,Paid,2026-08-01,12411.03
ORD004992,Credit Card,Paid,2025-05-12,10199.16
ORD004993,Wallet,Paid,2025-09-02,557.91
ORD004994,COD,Paid,2025-03-31,27815.69
ORD004995,Credit Card,Paid,2024-04-20,863.81
ORD004996,UPI,Paid,2024-02-07,32877.37
ORD004997,COD,Paid,2024-10-21,4443.46
ORD004998,UPI,Paid,2026-05-20,17977.54
ORD004999,Debit Card,Paid,2025-11-08,45659.62
ORD005000,UPI,Paid,2025-12-19,39979.04
