order_id,shipping_mode,dispatch_date,delivery_date,shipping_cost
ORD000001,Standard,2026-05-29,2026-06-06,273.27
ORD000002,Express,2025-11-03,2025-11-09,184.51
ORD000003,Express,2026-01-23,2026-01-29,260.56
ORD000004,Standard,2024-11-19,2024-11-23,136.19
ORD000005,Standard,2025-02-27,2025-02-28,49.44
ORD000006,Standard,2026-01-14,2026-01-15,52.04
ORD000007,Standard,2024-03-01,2024-03-02,248.87
ORD000008,Standard,2024-05-05,2024-05-07,252.9
ORD000009,Standard,2026-07-12,2026-07-19,107.8
ORD000010,Standard,2024-07-08,2024-07-09,212.19
ORD000011,Express,2025-04-11,2025-04-12,356.09
ORD000012,Express,2026-03-01,2026-03-08,201.46
ORD000013,Standard,2024-03-05,2024-03-10,198.83
ORD000014,Express,2026-04-14,2026-04-18,360.98
ORD000015,Express,2024-07-26,2024-07-27,351.4
ORD000016,Standard,2026-03-01,2026-03-04,209.59
ORD000017,Standard,2026-01-03,2026-01-06,265.86
ORD000018,Standard,2024-09-16,2024-09-19,222.7
ORD000019,Standard,2024-01-04,2024-01-08,35.69
ORD000020,Express,2026-07-16,2026-07-20,346.53
ORD000021,Standard,2025-05-18,2025-05-25,37.09
ORD000022,Standard,2026-03-16,2026-03-20,95.53
ORD000023,Same Day,2026-04-18,2026-04-24,299.42
ORD000024,Express,2024-12-10,2024-12-11,257.25
ORD000025,Standard,2024-04-05,2024-04-08,55.54
ORD000026,Standard,2025-04-16,2025-04-23,86.57
ORD000027,Standard,2025-01-31,2025-02-05,205.62
ORD000028,Express,2025-12-07,2025-12-10,162.69
ORD000029,Express,2024-07-14,2024-07-22,366.01
ORD000030,Standard,2024-09-03,2024-09-09,299.79
ORD000031,Standard,2025-05-29,2025-05-30,108.54
ORD000032,Standard,2024-01-18,2024-01-24,156.43
ORD000033,Express,2025-02-20,2025-02-26,162.49
ORD000034,Standard,2026-08-22,2026-08-26,108.61
ORD000035,Standard,2024-02-08,2024-02-16,162.95
ORD000036,Express,2025-09-26,2025-10-02,282.23
ORD000037,Standard,2025-10-12,2025-10-13,62.44
ORD000038,Standard,2025-09-20,2025-09-28,152.54
ORD000039,Standard,2024-04-28,2024-05-01,109.66
ORD000040,Standard,2024-07-27,2024-07-31,36.54
ORD000041,Express,2025-02-18,2025-02-19,239.81
ORD000042,Express,2024-11-28,2024-12-01,150.33
ORD000043,Standard,2024-05-04,2024-05-05,206.39
ORD000044,Standard,2025-07-22,2025-07-27,165.15
ORD000045,Standard,2024-04-15,2024-04-18,190.68
ORD000046,Standard,2024-01-08,2024-01-11,79.88
ORD000047,Express,2026-06-29,2026-07-03,193.23
ORD000048,Same Day,2025-12-10,2025-12-17,394.32
ORD000049,Standard,2025-02-26,2025-03-06,160.51
ORD000050,Standard,2024-07-05,2024-07-06,272.5
ORD000051,Standard,2024-11-07,2024-11-13,252.79
ORD000052,Standard,2025-06-28,2025-06-30,241.89
ORD000053,Standard,2025-06-06,2025-06-14,291.18
ORD000054,Standard,2024-02-26,2024-02-28,133.92
ORD000055,Standard,2026-07-25,2026-08-02,100.75
ORD000056,Express,2024-02-26,2024-03-03,264.58
ORD000057,Standard,2026-04-05,2026-04-08,296.24
ORD000058,Express,2024-06-30,2024-07-06,187.74
ORD000059,Express,2026-07-08,2026-07-14,283.39
ORD000060,Express,2024-07-23,2024-07-28,221.42
ORD000061,Standard,2024-08-31,2024-09-02,231.55
ORD000062,Standard,2025-04-28,2025-05-05,250.91
ORD000063,Express,2026-08-10,2026-08-13,158.53
ORD000064,Standard,2024-07-20,2024-07-27,146.42
ORD000065,Express,2025-12-12,2025-12-20,119.96
ORD000066,Express,2025-04-15,2025-04-17,328.68
ORD000067,Express,2025-09-13,2025-09-15,270.35
ORD000068,Standard,2024-06-24,2024-06-28,139.39
ORD000069,Standard,2026-05-28,2026-06-01,244.09
ORD000070,Express,2026-05-10,2026-05-11,341
ORD000071,Standard,2024-09-10,2024-09-13,107.53
ORD000072,Express,2025-08-31,2025-09-06,126.28
ORD000073,Express,2024-02-17,2024-02-23,332.56
ORD000074,Standard,2025-03-12,2025-03-19,188.46
ORD000075,Standard,2024-04-13,2024-04-18,176.47
ORD000076,Express,2025-12-11,2025-12-12,266.2
ORD000077,Express,2025-10-27,2025-10-29,264.76
ORD000078,Standard,2025-04-17,2025-04-20,138.18
ORD000079,Express,2026-03-03,2026-03-09,105.77
ORD000080,Express,2025-01-16,2025-01-21,110.45
ORD000081,Standard,2025-01-30,2025-02-07,200.32
ORD000082,Express,2025-12-16,2025-12-23,191.96
ORD000083,Standard,2025-09-29,2025-10-03,192.4
ORD000084,Standard,2025-11-24,2025-11-28,102.78
ORD000085,Express,2025-09-27,2025-09-29,106.91
ORD000086,Same Day,2024-03-12,2024-03-16,231.6
ORD000087,Express,2024-09-04,2024-09-06,228.02
ORD000088,Standard,2025-08-20,2025-08-22,78.83
ORD000089,Express,2026-07-11,2026-07-12,224.21
ORD000090,Standard,2025-01-18,2025-01-25,242.55
ORD000091,Express,2025-04-27,2025-05-03,266.19
ORD000092,Standard,2025-09-29,2025-10-04,266.75
ORD000093,Standard,2026-08-23,2026-08-25,192.7
ORD000094,Same Day,2025-02-05,2025-02-10,192.43
ORD000095,Standard,2024-10-12,2024-10-17,117.48
ORD000096,Standard,2025-06-18,2025-06-25,127.58
ORD000097,Express,2024-05-18,2024-05-22,315.45
ORD000098,Standard,2024-10-27,2024-11-03,231.9
ORD000099,Express,2026-08-29,2026-08-30,361.35
ORD000100,Standard,2025-10-26,2025-11-03,37.4
ORD000101,Standard,2025-07-16,2025-07-21,132.72
ORD000102,Standard,2024-11-11,2024-11-12,214.04
ORD000103,Express,2024-10-25,2024-10-28,367.83
ORD000104,Standard,2025-09-27,2025-09-28,57.49
ORD000105,Standard,2026-05-11,2026-05-13,85.33
ORD000106,Express,2025-08-14,2025-08-17,161.67
ORD000107,Standard,2025-12-27,2025-12-31,46.42
ORD000108,Standard,2025-04-06,2025-04-07,241.92
ORD000109,Standard,2024-01-27,2024-01-29,125.13
ORD000110,Standard,2026-08-11,2026-08-13,240.81
ORD000111,Standard,2025-06-05,2025-06-08,64.35
ORD000112,Standard,2026-08-27,2026-09-04,234.19
ORD000113,Express,2026-08-03,2026-08-06,147.66
ORD000114,Standard,2024-02-12,2024-02-15,265.38
ORD000115,Standard,2025-09-26,2025-09-28,272.89
ORD000116,Standard,2025-10-21,2025-10-25,290.1
ORD000117,Express,2024-10-13,2024-10-18,368.35
ORD000118,Express,2025-11-21,2025-11-28,350.9
ORD000119,Standard,2025-09-11,2025-09-13,62.14
ORD000120,Standard,2024-06-02,2024-06-10,218.37
ORD000121,Standard,2024-12-27,2024-12-30,90.17
ORD000122,Standard,2026-01-16,2026-01-19,96.21
ORD000123,Standard,2024-06-17,2024-06-21,230.03
ORD000124,Express,2025-09-07,2025-09-15,271.12
ORD000125,Standard,2025-06-22,2025-06-26,227.24
ORD000126,Standard,2024-04-03,2024-04-05,227.84
ORD000127,Standard,2025-07-24,2025-07-25,197.33
ORD000128,Standard,2024-07-10,2024-07-16,84.27
ORD000129,Express,2024-11-07,2024-11-14,293.17
ORD000130,Standard,2024-01-31,2024-02-03,70.9
ORD000131,Express,2025-10-14,2025-10-15,149.13
ORD000132,Standard,2024-07-05,2024-07-06,165.3
ORD000133,Standard,2026-02-24,2026-03-03,118.33
ORD000134,Standard,2025-01-06,2025-01-11,147.28
ORD000135,Standard,2025-12-04,2025-12-09,155.2
ORD000136,Same Day,2026-01-22,2026-01-23,377.67
ORD000137,Standard,2024-05-30,2024-06-02,91.57
ORD000138,Standard,2024-02-27,2024-03-03,177
ORD000139,Standard,2024-02-21,2024-02-23,220.41
ORD000140,Standard,2024-07-20,2024-07-22,103.03
ORD000141,Standard,2024-11-29,2024-12-01,106.5
ORD000142,Express,2025-12-05,2025-12-12,135.54
ORD000143,Standard,2024-01-16,2024-01-19,272.53
ORD000144,Standard,2024-12-15,2024-12-22,245.4
ORD000145,Standard,2024-07-14,2024-07-22,183.83
ORD000146,Standard,2025-07-01,2025-07-08,77.64
ORD000147,Standard,2026-07-30,2026-08-01,236.6
ORD000148,Standard,2024-12-23,2024-12-25,170.17
ORD000149,Standard,2025-09-04,2025-09-09,176.04
ORD000150,Standard,2024-02-02,2024-02-04,126.62
ORD000151,Standard,2024-08-23,2024-08-29,139.75
ORD000152,Standard,2025-12-11,2025-12-18,280.38
ORD000153,Standard,2024-02-16,2024-02-18,288.97
ORD000154,Express,2024-03-03,2024-03-05,293.01
ORD000155,Standard,2025-11-17,2025-11-18,53.47
ORD000156,Standard,2024-07-31,2024-08-06,110.24
ORD000157,Standard,2026-05-19,2026-05-24,183.36
ORD000158,Same Day,2025-05-30,2025-06-03,199.82
ORD000159,Standard,2026-02-23,2026-02-26,208.24
ORD000160,Express,2024-06-26,2024-07-03,213
ORD000161,Express,2026-08-01,2026-08-04,251.46
ORD000162,Standard,2024-07-09,2024-07-10,193.56
ORD000163,Standard,2025-01-25,2025-02-01,84.1
ORD000164,Express,2024-11-18,2024-11-20,162.61
ORD000165,Standard,2025-01-05,2025-01-10,216.41
ORD000166,Standard,2024-04-29,2024-05-07,51.31
ORD000167,Standard,2026-05-12,2026-05-16,201.91
ORD000168,Same Day,2025-03-16,2025-03-24,232.84
ORD000169,Same Day,2026-08-20,2026-08-22,290.11
ORD000170,Express,2024-04-19,2024-04-25,105.21
ORD000171,Express,2024-05-27,2024-06-02,361.25
ORD000172,Standard,2026-08-06,2026-08-11,242.15
ORD000173,Express,2025-09-04,2025-09-11,337.27
ORD000174,Standard,2024-10-15,2024-10-21,284.26
ORD000175,Standard,2026-08-25,2026-08-29,43.48
ORD000176,Express,2025-05-12,2025-05-19,324.68
ORD000177,Standard,2024-09-16,2024-09-19,166.6
ORD000178,Standard,2024-04-14,2024-04-20,49.03
ORD000179,Express,2024-07-04,2024-07-08,264.56
ORD000180,Standard,2025-10-02,2025-10-08,190.21
ORD000181,Express,2025-05-21,2025-05-24,338.74
ORD000182,Express,2024-09-26,2024-09-28,308.44
ORD000183,Express,2026-02-24,2026-03-04,234.31
ORD000184,Standard,2025-04-07,2025-04-10,70.46
ORD000185,Express,2024-07-03,2024-07-04,271.57
ORD000186,Standard,2024-06-19,2024-06-26,217.75
ORD000187,Standard,2026-02-24,2026-02-26,115.76
ORD000188,Express,2025-07-09,2025-07-14,141.73
ORD000189,Express,2024-02-29,2024-03-05,132.15
ORD000190,Same Day,2025-11-26,2025-12-03,387.28
ORD000191,Standard,2025-08-29,2025-08-31,135.15
ORD000192,Standard,2025-08-22,2025-08-28,190.73
ORD000193,Standard,2025-03-16,2025-03-18,149.02
ORD000194,Standard,2024-09-10,2024-09-14,107.31
ORD000195,Standard,2025-12-06,2025-12-07,78.87
ORD000196,Express,2025-07-07,2025-07-09,176.51
ORD000197,Standard,2025-06-12,2025-06-20,250.25
ORD000198,Same Day,2024-11-23,2024-12-01,335.7
ORD000199,Express,2025-05-16,2025-05-17,154.32
ORD000200,Standard,2026-04-12,2026-04-13,169.86
ORD000201,Standard,2024-07-28,2024-08-01,143.58
ORD000202,Express,2026-05-23,2026-05-31,121.1
ORD000203,Express,2025-08-13,2025-08-18,210.6
ORD000204,Standard,2026-01-05,2026-01-08,242.68
ORD000205,Same Day,2026-04-03,2026-04-10,434.63
ORD000206,Express,2025-10-31,2025-11-06,166.1
ORD000207,Standard,2024-11-19,2024-11-20,217.37
ORD000208,Standard,2025-11-21,2025-11-22,288.44
ORD000209,Standard,2026-06-03,2026-06-10,218.44
ORD000210,Standard,2026-02-02,2026-02-07,249.02
ORD000211,Standard,2026-05-24,2026-05-30,97.13
ORD000212,Express,2024-07-25,2024-08-01,110.58
ORD000213,Standard,2026-02-25,2026-02-28,38.02
ORD000214,Express,2026-07-25,2026-07-26,216.63
ORD000215,Express,2024-10-22,2024-10-28,272.35
ORD000216,Standard,2024-04-27,2024-04-29,68.86
ORD000217,Standard,2025-04-22,2025-04-26,240
ORD000218,Standard,2024-02-09,2024-02-12,94.76
ORD000219,Express,2026-04-05,2026-04-09,252.39
ORD000220,Express,2026-01-12,2026-01-17,248.62
ORD000221,Standard,2024-11-18,2024-11-21,81.76
ORD000222,Standard,2025-01-10,2025-01-18,56.49
ORD000223,Standard,2024-08-30,2024-09-03,205.44
ORD000224,Express,2025-11-14,2025-11-17,126.38
ORD000225,Standard,2026-06-25,2026-06-28,161.69
ORD000226,Express,2024-12-05,2024-12-08,345.77
ORD000227,Standard,2026-08-16,2026-08-24,102.06
ORD000228,Standard,2024-10-10,2024-10-15,259.35
ORD000229,Standard,2025-07-01,2025-07-05,35.52
ORD000230,Express,2025-05-03,2025-05-11,306.52
ORD000231,Express,2025-01-09,2025-01-15,228.97
ORD000232,Standard,2026-07-17,2026-07-18,83.85
ORD000233,Express,2025-12-09,2025-12-15,220.76
ORD000234,Standard,2025-12-19,2025-12-22,157.78
ORD000235,Express,2024-08-31,2024-09-08,265.48
ORD000236,Express,2026-07-31,2026-08-06,146.94
ORD000237,Standard,2024-11-01,2024-11-09,224.91
ORD000238,Standard,2024-11-23,2024-11-24,51.87
ORD000239,Express,2026-03-11,2026-03-19,336.21
ORD000240,Express,2026-01-06,2026-01-11,334.62
ORD000241,Express,2025-12-18,2025-12-20,290.76
ORD000242,Standard,2026-04-13,2026-04-18,295.8
ORD000243,Same Day,2024-02-24,2024-02-28,244.45
ORD000244,Express,2025-02-17,2025-02-23,314.35
ORD000245,Standard,2024-06-11,2024-06-12,85.45
ORD000246,Standard,2026-02-21,2026-02-23,75.02
ORD000247,Express,2024-11-25,2024-11-27,309.36
ORD000248,Standard,2025-12-07,2025-12-10,205.17
ORD000249,Express,2024-07-06,2024-07-10,338.87
ORD000250,Standard,2024-08-20,2024-08-22,201.7
ORD000251,Express,2025-10-06,2025-10-13,346.32
ORD000252,Express,2025-12-22,2025-12-24,347.03
ORD000253,Standard,2024-06-04,2024-06-11,220.11
ORD000254,Standard,2024-01-17,2024-01-19,66.8
ORD000255,Standard,2025-11-21,2025-11-29,241.22
ORD000256,Standard,2026-06-04,2026-06-06,297.85
ORD000257,Standard,2026-05-28,2026-05-31,261.38
ORD000258,Same Day,2025-11-25,2025-12-03,368.19
ORD000259,Express,2024-10-25,2024-11-02,311.32
ORD000260,Standard,2025-08-20,2025-08-25,93.73
ORD000261,Standard,2025-12-12,2025-12-20,151.37
ORD000262,Standard,2026-01-25,2026-01-27,208.17
ORD000263,Standard,2026-08-14,2026-08-19,287.45
ORD000264,Standard,2025-11-18,2025-11-25,244.98
ORD000265,Express,2025-02-11,2025-02-19,129.87
ORD000266,Express,2024-07-05,2024-07-08,254.7
ORD000267,Standard,2025-04-25,2025-05-01,98.98
ORD000268,Standard,2024-09-24,2024-09-25,43.47
ORD000269,Same Day,2026-05-05,2026-05-08,379.1
ORD000270,Express,2026-06-18,2026-06-19,160.06
ORD000271,Express,2024-11-17,2024-11-20,147.64
ORD000272,Express,2026-02-23,2026-02-28,346.73
ORD000273,Express,2025-03-27,2025-04-01,179.91
ORD000274,Same Day,2025-04-27,2025-05-05,267.63
ORD000275,Standard,2026-07-08,2026-07-13,68.3
ORD000276,Standard,2025-05-13,2025-05-16,85.63
ORD000277,Standard,2024-05-09,2024-05-13,276.67
ORD000278,Standard,2024-06-24,2024-06-26,81.85
ORD000279,Same Day,2024-08-07,2024-08-11,268.76
ORD000280,Standard,2024-07-05,2024-07-07,43.9
ORD000281,Express,2024-04-09,2024-04-11,266.08
ORD000282,Standard,2025-02-09,2025-02-12,246.35
ORD000283,Standard,2024-06-07,2024-06-10,129.03
ORD000284,Standard,2025-04-10,2025-04-12,178.33
ORD000285,Express,2025-11-04,2025-11-12,240.96
ORD000286,Standard,2026-03-30,2026-04-04,48.3
ORD000287,Standard,2024-10-17,2024-10-25,145.21
ORD000288,Standard,2025-09-10,2025-09-12,223.94
ORD000289,Standard,2026-03-02,2026-03-04,200.27
ORD000290,Same Day,2026-03-12,2026-03-19,277.82
ORD000291,Standard,2024-05-05,2024-05-10,234.76
ORD000292,Express,2024-11-14,2024-11-16,117.46
ORD000293,Express,2024-07-26,2024-08-03,148.62
ORD000294,Express,2025-09-09,2025-09-15,117.54
ORD000295,Express,2024-07-10,2024-07-13,339.83
ORD000296,Standard,2025-04-21,2025-04-27,281.26
ORD000297,Standard,2025-06-25,2025-07-03,291.19
ORD000298,Express,2026-04-03,2026-04-07,254.34
ORD000299,Standard,2024-11-06,2024-11-07,141.18
ORD000300,Standard,2024-03-22,2024-03-23,156.63
ORD000301,Standard,2025-04-22,2025-04-23,92.64
ORD000302,Standard,2026-02-27,2026-03-02,192.7
ORD000303,Standard,2026-03-19,2026-03-25,233.08
ORD000304,Standard,2025-12-23,2025-12-27,256.82
ORD000305,Standard,2025-04-08,2025-04-12,293.52
ORD000306,Express,2024-08-07,2024-08-14,155.19
ORD000307,Standard,2025-11-22,2025-11-29,290.35
ORD000308,Standard,2024-01-17,2024-01-19,164.04
ORD000309,Standard,2025-11-05,2025-11-06,178.4
ORD000310,Same Day,2025-12-09,2025-12-14,303.42
ORD000311,Standard,2024-07-15,2024-07-23,130.44
ORD000312,Express,2024-01-31,2024-02-08,368.49
ORD000313,Express,2026-05-15,2026-05-16,270.33
ORD000314,Standard,2025-05-02,2025-05-10,86.45
ORD000315,Same Day,2025-12-22,2025-12-27,269.28
ORD000316,Standard,2025-08-23,2025-08-29,230.47
ORD000317,Standard,2024-02-24,2024-03-02,110.15
ORD000318,Express,2025-03-04,2025-03-10,186.67
ORD000319,Standard,2024-10-25,2024-11-02,155.29
ORD000320,Express,2025-09-20,2025-09-23,208.28
ORD000321,Standard,2025-08-15,2025-08-18,154.41
ORD000322,Standard,2026-07-01,2026-07-08,98.11
ORD000323,Same Day,2025-04-06,2025-04-07,290.93
ORD000324,Express,2024-12-19,2024-12-27,193.7
ORD000325,Express,2024-12-14,2024-12-18,278.29
ORD000326,Standard,2025-03-04,2025-03-10,281.73
ORD000327,Express,2025-09-30,2025-10-07,220.21
ORD000328,Same Day,2024-05-13,2024-05-14,335.36
ORD000329,Standard,2025-03-02,2025-03-06,272.41
ORD000330,Standard,2024-01-20,2024-01-27,245.98
ORD000331,Standard,2026-04-28,2026-05-06,219.12
ORD000332,Express,2025-09-27,2025-10-02,352.46
ORD000333,Standard,2024-12-17,2024-12-19,130.81
ORD000334,Same Day,2026-07-07,2026-07-15,204.35
ORD000335,Same Day,2024-04-18,2024-04-21,261.49
ORD000336,Standard,2026-05-12,2026-05-13,237.42
ORD000337,Standard,2026-05-30,2026-06-04,140
ORD000338,Standard,2025-10-08,2025-10-16,231.99
ORD000339,Standard,2024-10-27,2024-10-31,94
ORD000340,Standard,2024-06-08,2024-06-15,80.86
ORD000341,Express,2025-03-28,2025-04-01,224.92
ORD000342,Standard,2025-05-03,2025-05-10,219.1
ORD000343,Same Day,2026-01-03,2026-01-11,363.6
ORD000344,Standard,2026-02-12,2026-02-13,77.23
ORD000345,Standard,2025-03-01,2025-03-07,279.19
ORD000346,Standard,2025-12-02,2025-12-04,104.58
ORD000347,Standard,2026-01-05,2026-01-11,187.82
ORD000348,Standard,2026-03-04,2026-03-12,50.39
ORD000349,Same Day,2026-08-04,2026-08-06,253.84
ORD000350,Standard,2026-01-03,2026-01-07,168.66
ORD000351,Standard,2025-12-21,2025-12-28,40.88
ORD000352,Same Day,2024-12-19,2024-12-20,193.98
ORD000353,Standard,2024-05-31,2024-06-01,272.94
ORD000354,Standard,2026-03-20,2026-03-26,222.52
ORD000355,Standard,2025-02-21,2025-02-22,287.47
ORD000356,Express,2025-02-05,2025-02-07,109.69
ORD000357,Express,2025-06-08,2025-06-12,289.97
ORD000358,Standard,2024-01-25,2024-02-01,101.56
ORD000359,Standard,2026-05-05,2026-05-09,285.95
ORD000360,Standard,2024-03-04,2024-03-07,49.41
ORD000361,Standard,2026-02-16,2026-02-17,217.08
ORD000362,Express,2024-12-15,2024-12-21,161.52
ORD000363,Standard,2026-07-05,2026-07-08,219.64
ORD000364,Standard,2025-11-15,2025-11-19,115.58
ORD000365,Express,2024-09-11,2024-09-12,123.9
ORD000366,Standard,2025-01-05,2025-01-09,175.51
ORD000367,Express,2024-03-25,2024-03-31,289.21
ORD000368,Express,2025-04-02,2025-04-03,178.21
ORD000369,Express,2025-06-18,2025-06-19,321.67
ORD000370,Standard,2025-03-29,2025-04-05,219.67
ORD000371,Express,2025-06-03,2025-06-08,281.74
ORD000372,Standard,2025-06-11,2025-06-19,138.39
ORD000373,Express,2026-02-05,2026-02-10,361.76
ORD000374,Express,2025-09-09,2025-09-16,323.55
ORD000375,Express,2025-06-20,2025-06-22,217.46
ORD000376,Standard,2024-10-31,2024-11-02,293.51
ORD000377,Standard,2025-03-08,2025-03-12,211.1
ORD000378,Standard,2024-07-08,2024-07-09,111.82
ORD000379,Standard,2024-02-16,2024-02-18,278.77
ORD000380,Express,2024-12-12,2024-12-17,346.91
ORD000381,Standard,2026-02-22,2026-03-01,119.87
ORD000382,Express,2025-04-06,2025-04-12,184.51
ORD000383,Standard,2025-11-14,2025-11-22,93.06
ORD000384,Express,2024-02-18,2024-02-20,348.73
ORD000385,Express,2025-12-26,2025-12-30,213.18
ORD000386,Standard,2025-07-29,2025-08-04,139.89
ORD000387,Standard,2025-07-10,2025-07-12,184.04
ORD000388,Express,2026-02-08,2026-02-14,252.02
ORD000389,Express,2025-06-30,2025-07-03,262.06
ORD000390,Express,2026-05-02,2026-05-06,275.06
ORD000391,Standard,2025-02-17,2025-02-18,134.19
ORD000392,Standard,2024-07-05,2024-07-12,196.68
ORD000393,Express,2024-04-06,2024-04-09,299.63
ORD000394,Express,2024-07-07,2024-07-08,288.5
ORD000395,Express,2025-11-26,2025-12-02,356.78
ORD000396,Same Day,2026-01-01,2026-01-02,398.83
ORD000397,Standard,2026-07-06,2026-07-11,288.11
ORD000398,Standard,2024-02-24,2024-02-25,206.2
ORD000399,Express,2025-06-05,2025-06-07,244.13
ORD000400,Express,2025-04-23,2025-04-25,255.08
ORD000401,Standard,2024-08-30,2024-09-05,114.74
ORD000402,Standard,2024-09-10,2024-09-12,74.39
ORD000403,Standard,2025-04-02,2025-04-06,129.84
ORD000404,Standard,2024-05-26,2024-06-03,273.08
ORD000405,Standard,2025-03-12,2025-03-19,218.33
ORD000406,Standard,2026-04-30,2026-05-04,58.36
ORD000407,Express,2026-08-03,2026-08-04,311.36
ORD000408,Express,2024-12-27,2025-01-02,281.61
ORD000409,Standard,2026-01-27,2026-01-30,152.52
ORD000410,Standard,2024-05-08,2024-05-09,147.24
ORD000411,Standard,2024-08-06,2024-08-10,234.05
ORD000412,Standard,2024-12-17,2024-12-18,142.48
ORD000413,Express,2025-11-10,2025-11-14,108.94
ORD000414,Express,2024-01-19,2024-01-21,110.14
ORD000415,Standard,2026-07-15,2026-07-21,299.35
ORD000416,Standard,2025-12-24,2025-12-29,184.86
ORD000417,Standard,2025-10-29,2025-11-02,78.96
ORD000418,Standard,2025-04-01,2025-04-04,153.53
ORD000419,Standard,2025-01-04,2025-01-09,165.42
ORD000420,Standard,2024-01-11,2024-01-19,227.99
ORD000421,Express,2024-08-17,2024-08-20,364.4
ORD000422,Standard,2024-07-16,2024-07-20,210.36
ORD000423,Standard,2024-08-17,2024-08-25,204.76
ORD000424,Standard,2025-05-20,2025-05-21,68.2
ORD000425,Standard,2024-04-25,2024-05-02,145.11
ORD000426,Express,2025-11-09,2025-11-16,298.65
ORD000427,Standard,2025-08-27,2025-08-29,257.5
ORD000428,Express,2026-05-28,2026-06-05,155.32
ORD000429,Standard,2026-05-19,2026-05-26,63.83
ORD000430,Express,2024-09-16,2024-09-17,264.85
ORD000431,Standard,2025-11-21,2025-11-26,195.48
ORD000432,Express,2025-02-22,2025-02-24,123.72
ORD000433,Same Day,2025-06-15,2025-06-21,355.39
ORD000434,Same Day,2025-03-08,2025-03-16,366.33
ORD000435,Standard,2024-03-25,2024-03-31,61.86
ORD000436,Standard,2025-12-10,2025-12-14,93.57
ORD000437,Standard,2024-12-06,2024-12-09,76.04
ORD000438,Express,2025-03-20,2025-03-28,211.3
ORD000439,Same Day,2024-09-15,2024-09-22,207.2
ORD000440,Standard,2024-02-27,2024-03-03,60.87
ORD000441,Express,2025-09-09,2025-09-13,239.95
ORD000442,Express,2024-03-31,2024-04-04,350.32
ORD000443,Express,2025-12-14,2025-12-18,127.27
ORD000444,Standard,2024-02-28,2024-03-04,241.34
ORD000445,Standard,2024-02-28,2024-03-07,51.78
ORD000446,Standard,2025-09-25,2025-09-28,139.38
ORD000447,Standard,2024-01-13,2024-01-14,224.08
ORD000448,Standard,2025-09-27,2025-10-03,234.16
ORD000449,Express,2025-04-12,2025-04-18,279.01
ORD000450,Standard,2025-09-03,2025-09-05,117.55
ORD000451,Standard,2024-05-10,2024-05-13,256.19
ORD000452,Express,2025-04-01,2025-04-03,118.11
ORD000453,Standard,2024-11-16,2024-11-18,44.81
ORD000454,Standard,2024-11-15,2024-11-17,270.57
ORD000455,Standard,2024-11-15,2024-11-23,273.79
ORD000456,Express,2025-11-05,2025-11-07,107.09
ORD000457,Standard,2026-06-01,2026-06-04,230.39
ORD000458,Same Day,2026-07-21,2026-07-26,362.75
ORD000459,Express,2025-12-15,2025-12-18,163.89
ORD000460,Express,2024-12-12,2024-12-20,210.58
ORD000461,Standard,2026-03-22,2026-03-27,55.1
ORD000462,Standard,2025-12-11,2025-12-17,194.6
ORD000463,Express,2026-02-26,2026-03-06,142.95
ORD000464,Standard,2026-04-26,2026-04-30,259.22
ORD000465,Standard,2024-04-29,2024-05-07,62.2
ORD000466,Standard,2026-02-24,2026-03-01,168.5
ORD000467,Standard,2024-06-29,2024-07-06,66.23
ORD000468,Same Day,2025-07-24,2025-07-30,292.31
ORD000469,Standard,2026-07-24,2026-07-31,155.45
ORD000470,Standard,2026-03-18,2026-03-23,198.8
ORD000471,Standard,2025-01-16,2025-01-23,282.02
ORD000472,Same Day,2025-10-03,2025-10-09,376.17
ORD000473,Same Day,2026-08-07,2026-08-11,414.23
ORD000474,Express,2025-01-20,2025-01-22,228.84
ORD000475,Standard,2024-02-19,2024-02-21,217.92
ORD000476,Standard,2024-09-12,2024-09-18,150.04
ORD000477,Standard,2025-06-07,2025-06-09,90.35
ORD000478,Express,2025-04-27,2025-04-28,344.91
ORD000479,Standard,2026-02-11,2026-02-14,274.49
ORD000480,Standard,2025-12-31,2026-01-02,81.22
ORD000481,Express,2025-05-03,2025-05-11,292.7
ORD000482,Express,2025-10-30,2025-11-02,269.06
ORD000483,Standard,2024-08-31,2024-09-05,120.09
ORD000484,Express,2024-06-11,2024-06-12,349.86
ORD000485,Same Day,2024-10-30,2024-11-03,345.06
ORD000486,Standard,2025-06-11,2025-06-16,200.15
ORD000487,Standard,2026-04-04,2026-04-08,180.44
ORD000488,Same Day,2024-08-30,2024-09-03,405.11
ORD000489,Same Day,2026-05-14,2026-05-16,264.28
ORD000490,Standard,2026-08-08,2026-08-14,270.52
ORD000491,Standard,2024-07-27,2024-07-29,205.98
ORD000492,Express,2026-04-16,2026-04-19,148.49
ORD000493,Express,2026-05-28,2026-06-03,294.17
ORD000494,Standard,2026-04-23,2026-04-25,278.42
ORD000495,Express,2025-08-19,2025-08-27,184.5
ORD000496,Standard,2024-06-03,2024-06-08,67.76
ORD000497,Express,2024-08-29,2024-09-03,145.14
ORD000498,Express,2026-04-15,2026-04-17,318.96
ORD000499,Express,2025-03-16,2025-03-19,162.01
ORD000500,Standard,2025-01-21,2025-01-23,134.16
ORD000501,Express,2024-01-13,2024-01-16,351.11
ORD000502,Standard,2025-03-08,2025-03-11,295.52
ORD000503,Express,2025-07-06,2025-07-10,133.19
ORD000504,Express,2026-08-04,2026-08-09,342.35
ORD000505,Express,2025-10-09,2025-10-16,128.16
ORD000506,Express,2025-02-07,2025-02-14,138.21
ORD000507,Standard,2025-08-09,2025-08-11,50.38
ORD000508,Standard,2025-11-25,2025-11-26,174.68
ORD000509,Standard,2024-01-30,2024-02-05,60.62
ORD000510,Express,2024-07-31,2024-08-03,341.45
ORD000511,Standard,2025-01-14,2025-01-15,253.41
ORD000512,Express,2025-02-07,2025-02-12,275.45
ORD000513,Standard,2026-01-31,2026-02-05,68.33
ORD000514,Express,2026-06-13,2026-06-21,253.11
ORD000515,Standard,2024-06-12,2024-06-15,266.02
ORD000516,Standard,2025-12-05,2025-12-09,120.22
ORD000517,Standard,2024-03-08,2024-03-16,38.99
ORD000518,Standard,2025-08-06,2025-08-12,248.24
ORD000519,Standard,2024-10-22,2024-10-28,160.44
ORD000520,Standard,2025-02-06,2025-02-07,104.92
ORD000521,Express,2025-03-19,2025-03-24,260
ORD000522,Express,2024-04-09,2024-04-15,224.94
ORD000523,Express,2024-06-11,2024-06-15,119.96
ORD000524,Express,2024-03-12,2024-03-18,250.09
ORD000525,Standard,2024-05-05,2024-05-12,68.24
ORD000526,Express,2024-12-02,2024-12-07,267.25
ORD000527,Express,2025-04-20,2025-04-24,168.13
ORD000528,Express,2025-01-27,2025-02-02,194.11
ORD000529,Express,2024-01-12,2024-01-13,274.2
ORD000530,Express,2026-02-08,2026-02-11,224.23
ORD000531,Same Day,2024-09-08,2024-09-13,289.99
ORD000532,Express,2024-06-26,2024-06-28,172.58
ORD000533,Express,2026-01-30,2026-02-07,261.25
ORD000534,Standard,2024-10-08,2024-10-10,247.42
ORD000535,Express,2026-07-06,2026-07-10,310.49
ORD000536,Standard,2026-04-13,2026-04-20,88.77
ORD000537,Express,2025-02-05,2025-02-11,158.54
ORD000538,Standard,2025-01-22,2025-01-25,102.67
ORD000539,Standard,2024-04-05,2024-04-09,165.91
ORD000540,Standard,2024-07-17,2024-07-18,204.35
ORD000541,Standard,2026-05-03,2026-05-11,133.57
ORD000542,Express,2026-04-16,2026-04-22,126.48
ORD000543,Express,2026-08-16,2026-08-19,134.3
ORD000544,Standard,2024-04-21,2024-04-25,284.11
ORD000545,Standard,2024-01-16,2024-01-19,163.5
ORD000546,Express,2024-10-13,2024-10-14,196.67
ORD000547,Express,2026-02-26,2026-02-27,314.43
ORD000548,Express,2026-08-03,2026-08-04,181.7
ORD000549,Standard,2025-10-11,2025-10-14,218.02
ORD000550,Standard,2024-12-08,2024-12-12,64.52
ORD000551,Express,2026-05-22,2026-05-23,118.42
ORD000552,Standard,2025-04-05,2025-04-07,65.78
ORD000553,Same Day,2025-12-24,2025-12-31,229.58
ORD000554,Standard,2024-11-15,2024-11-20,97.08
ORD000555,Same Day,2024-03-05,2024-03-13,442.7
ORD000556,Express,2024-07-31,2024-08-03,244.98
ORD000557,Express,2025-04-02,2025-04-08,286.29
ORD000558,Standard,2024-02-11,2024-02-19,67.34
ORD000559,Standard,2026-02-09,2026-02-16,250.91
ORD000560,Standard,2024-07-30,2024-08-02,87.84
ORD000561,Standard,2026-04-01,2026-04-09,291.26
ORD000562,Standard,2025-03-30,2025-04-02,104.51
ORD000563,Standard,2024-02-26,2024-03-03,206.64
ORD000564,Express,2025-07-17,2025-07-22,167.45
ORD000565,Standard,2024-11-17,2024-11-22,274.44
ORD000566,Standard,2024-09-12,2024-09-14,226.33
ORD000567,Standard,2024-10-06,2024-10-11,291.94
ORD000568,Standard,2024-06-23,2024-06-27,160.1
ORD000569,Standard,2026-02-20,2026-02-27,85.61
ORD000570,Standard,2025-01-28,2025-02-03,157.79
ORD000571,Express,2025-09-03,2025-09-06,143.17
ORD000572,Express,2025-04-21,2025-04-28,200.57
ORD000573,Express,2024-03-15,2024-03-16,240.81
ORD000574,Standard,2024-07-16,2024-07-24,107.92
ORD000575,Same Day,2025-05-19,2025-05-27,298.8
ORD000576,Express,2025-01-18,2025-01-24,305.27
ORD000577,Standard,2025-02-23,2025-02-24,167.25
ORD000578,Standard,2024-06-18,2024-06-25,92.49
ORD000579,Standard,2026-02-10,2026-02-18,109.56
ORD000580,Standard,2025-12-16,2025-12-20,121.32
ORD000581,Standard,2024-09-06,2024-09-14,248.25
ORD000582,Standard,2025-11-26,2025-12-03,109.1
ORD000583,Standard,2025-04-14,2025-04-20,264.98
ORD000584,Standard,2026-05-13,2026-05-21,258.99
ORD000585,Same Day,2026-07-30,2026-08-07,201.3
ORD000586,Standard,2025-06-16,2025-06-20,84.39
ORD000587,Express,2025-12-11,2025-12-17,261.27
ORD000588,Standard,2025-08-24,2025-08-25,238.53
ORD000589,Express,2026-06-11,2026-06-19,263.52
ORD000590,Standard,2026-04-15,2026-04-19,187.54
ORD000591,Standard,2025-12-17,2025-12-25,191.22
ORD000592,Express,2024-04-12,2024-04-14,230.58
ORD000593,Express,2024-10-23,2024-10-26,124.68
ORD000594,Express,2024-07-22,2024-07-29,275.32
ORD000595,Standard,2026-04-16,2026-04-18,281.1
ORD000596,Standard,2026-02-18,2026-02-25,173.68
ORD000597,Standard,2025-10-06,2025-10-11,156.01
ORD000598,Express,2025-01-24,2025-01-31,310.55
ORD000599,Express,2025-05-05,2025-05-06,249.33
ORD000600,Standard,2026-02-10,2026-02-14,206.56
ORD000601,Standard,2024-08-06,2024-08-10,200.23
ORD000602,Standard,2026-02-20,2026-02-21,39.89
ORD000603,Standard,2025-03-18,2025-03-23,65.27
ORD000604,Standard,2026-04-17,2026-04-20,36.18
ORD000605,Same Day,2024-03-01,2024-03-08,217.76
ORD000606,Standard,2026-06-12,2026-06-13,270.2
ORD000607,Standard,2025-09-09,2025-09-14,112.96
ORD000608,Standard,2026-04-16,2026-04-22,183.8
ORD000609,Standard,2025-05-03,2025-05-04,114.16
ORD000610,Standard,2026-08-25,2026-08-30,41.7
ORD000611,Express,2026-04-07,2026-04-15,212.38
ORD000612,Standard,2026-01-28,2026-01-31,152.72
ORD000613,Standard,2025-05-04,2025-05-09,159.15
ORD000614,Standard,2024-05-28,2024-06-03,248.72
ORD000615,Same Day,2024-02-03,2024-02-05,370.94
ORD000616,Express,2025-07-16,2025-07-17,112.61
ORD000617,Standard,2025-11-11,2025-11-12,48.88
ORD000618,Express,2025-11-08,2025-11-13,309.84
ORD000619,Standard,2026-08-10,2026-08-13,42.85
ORD000620,Same Day,2024-09-23,2024-09-30,234.27
ORD000621,Standard,2026-08-04,2026-08-05,187.91
ORD000622,Standard,2024-12-08,2024-12-11,122.28
ORD000623,Standard,2025-10-24,2025-10-28,146.78
ORD000624,Express,2025-01-28,2025-01-31,213.02
ORD000625,Standard,2024-09-24,2024-09-27,50.74
ORD000626,Standard,2025-08-30,2025-08-31,142.41
ORD000627,Same Day,2026-05-26,2026-05-31,304.99
ORD000628,Standard,2024-03-07,2024-03-09,181.28
ORD000629,Standard,2026-03-02,2026-03-07,188.3
ORD000630,Express,2025-11-12,2025-11-19,248.21
ORD000631,Express,2024-11-22,2024-11-30,241.41
ORD000632,Standard,2025-11-29,2025-12-07,198.74
ORD000633,Standard,2026-05-22,2026-05-28,91.25
ORD000634,Standard,2024-05-09,2024-05-17,228.97
ORD000635,Express,2026-04-30,2026-05-02,172.89
ORD000636,Express,2026-04-12,2026-04-17,273.45
ORD000637,Express,2026-08-15,2026-08-18,351.92
ORD000638,Standard,2024-07-04,2024-07-07,219.52
ORD000639,Standard,2026-07-26,2026-07-28,198.11
ORD000640,Standard,2025-11-27,2025-12-05,205.86
ORD000641,Standard,2025-06-27,2025-07-03,57.42
ORD000642,Standard,2025-07-16,2025-07-18,82.04
ORD000643,Standard,2026-06-06,2026-06-11,295.02
ORD000644,Standard,2024-06-17,2024-06-21,121.79
ORD000645,Express,2024-05-30,2024-06-04,137.8
ORD000646,Standard,2024-01-13,2024-01-21,249.65
ORD000647,Standard,2026-06-01,2026-06-02,276.87
ORD000648,Same Day,2024-06-24,2024-06-27,219.85
ORD000649,Standard,2024-02-24,2024-02-28,267.79
ORD000650,Standard,2024-06-04,2024-06-11,292.51
ORD000651,Standard,2024-11-06,2024-11-14,84.75
ORD000652,Express,2026-03-28,2026-04-05,283.59
ORD000653,Standard,2024-10-10,2024-10-18,200.48
ORD000654,Express,2025-05-16,2025-05-24,240.97
ORD000655,Express,2025-05-08,2025-05-15,363.85
ORD000656,Same Day,2025-01-30,2025-02-05,431.43
ORD000657,Standard,2024-05-11,2024-05-17,91.19
ORD000658,Express,2025-07-06,2025-07-12,267.54
ORD000659,Standard,2026-04-18,2026-04-21,202.45
ORD000660,Standard,2026-05-08,2026-05-14,201.06
ORD000661,Express,2026-02-12,2026-02-17,360.72
ORD000662,Standard,2025-09-08,2025-09-14,194.16
ORD000663,Standard,2024-02-11,2024-02-16,98.68
ORD000664,Express,2024-09-22,2024-09-27,308.37
ORD000665,Express,2025-07-14,2025-07-15,256.34
ORD000666,Express,2024-11-04,2024-11-06,363.62
ORD000667,Same Day,2025-11-07,2025-11-15,317.17
ORD000668,Standard,2025-06-20,2025-06-23,291.98
ORD000669,Express,2025-11-11,2025-11-19,121.06
ORD000670,Standard,2026-05-05,2026-05-10,61.8
ORD000671,Express,2025-01-03,2025-01-07,143.01
ORD000672,Standard,2024-09-21,2024-09-26,239.18
ORD000673,Express,2024-03-28,2024-03-31,233.85
ORD000674,Standard,2024-07-29,2024-08-03,207.61
ORD000675,Standard,2025-10-26,2025-10-31,235.47
ORD000676,Standard,2025-06-10,2025-06-12,268.23
ORD000677,Standard,2025-03-23,2025-03-29,284.12
ORD000678,Standard,2024-05-08,2024-05-16,80.56
ORD000679,Same Day,2025-10-19,2025-10-20,260.2
ORD000680,Standard,2026-06-10,2026-06-17,290.15
ORD000681,Standard,2024-08-16,2024-08-18,76.44
ORD000682,Standard,2025-06-25,2025-07-02,148.38
ORD000683,Express,2024-12-26,2024-12-30,206.44
ORD000684,Standard,2026-07-10,2026-07-12,142.71
ORD000685,Express,2024-12-21,2024-12-22,122.82
ORD000686,Express,2025-08-30,2025-09-02,231.24
ORD000687,Standard,2025-11-06,2025-11-14,177.61
ORD000688,Standard,2026-07-31,2026-08-01,169.66
ORD000689,Express,2025-12-27,2025-12-31,270.42
ORD000690,Same Day,2025-06-01,2025-06-09,364.62
ORD000691,Express,2026-06-24,2026-06-26,170.44
ORD000692,Express,2025-02-23,2025-02-28,212.11
ORD000693,Same Day,2024-09-04,2024-09-10,192.15
ORD000694,Express,2025-07-22,2025-07-29,127.12
ORD000695,Standard,2025-11-26,2025-11-27,84.13
ORD000696,Standard,2025-12-04,2025-12-05,114.43
ORD000697,Standard,2026-07-22,2026-07-29,118.5
ORD000698,Standard,2024-09-09,2024-09-14,100.26
ORD000699,Standard,2024-06-23,2024-06-30,292.53
ORD000700,Standard,2024-05-17,2024-05-25,235.52
ORD000701,Standard,2024-06-26,2024-06-30,165.64
ORD000702,Standard,2026-05-04,2026-05-07,272.06
ORD000703,Standard,2025-05-12,2025-05-20,204.71
ORD000704,Standard,2025-02-10,2025-02-13,148.07
ORD000705,Standard,2025-06-14,2025-06-19,209.56
ORD000706,Express,2024-02-29,2024-03-07,292.31
ORD000707,Standard,2024-04-20,2024-04-21,112.99
ORD000708,Standard,2024-01-13,2024-01-20,168.38
ORD000709,Express,2026-07-11,2026-07-19,124.67
ORD000710,Express,2026-03-01,2026-03-08,341.53
ORD000711,Standard,2025-03-16,2025-03-19,168.12
ORD000712,Standard,2025-11-05,2025-11-12,299.7
ORD000713,Express,2025-01-03,2025-01-10,138.26
ORD000714,Express,2025-03-08,2025-03-12,320.29
ORD000715,Express,2025-05-06,2025-05-12,183.08
ORD000716,Standard,2025-11-30,2025-12-05,130.24
ORD000717,Express,2025-05-30,2025-06-05,141.56
ORD000718,Standard,2024-05-11,2024-05-13,232.85
ORD000719,Express,2024-02-24,2024-03-01,252.38
ORD000720,Express,2025-05-07,2025-05-09,194.27
ORD000721,Standard,2025-09-26,2025-10-04,49.86
ORD000722,Standard,2024-04-30,2024-05-01,77.59
ORD000723,Standard,2024-07-23,2024-07-28,197.86
ORD000724,Express,2025-06-01,2025-06-03,324.05
ORD000725,Same Day,2024-06-04,2024-06-08,441.05
ORD000726,Standard,2024-07-18,2024-07-22,93.98
ORD000727,Standard,2024-02-23,2024-02-28,158.58
ORD000728,Express,2024-08-26,2024-09-03,250.02
ORD000729,Standard,2025-10-22,2025-10-24,238.37
ORD000730,Express,2024-12-26,2025-01-02,186.45
ORD000731,Express,2024-01-03,2024-01-04,307.04
ORD000732,Express,2024-10-16,2024-10-23,331.11
ORD000733,Standard,2024-12-10,2024-12-15,279.05
ORD000734,Express,2026-03-02,2026-03-05,355.38
ORD000735,Express,2026-03-11,2026-03-18,270.61
ORD000736,Express,2025-08-22,2025-08-24,230.93
ORD000737,Standard,2025-09-11,2025-09-16,86.76
ORD000738,Express,2026-04-20,2026-04-21,281.98
ORD000739,Standard,2026-08-25,2026-08-31,299.61
ORD000740,Standard,2026-02-19,2026-02-25,202.81
ORD000741,Express,2025-03-07,2025-03-09,196.1
ORD000742,Standard,2026-05-19,2026-05-23,262.02
ORD000743,Standard,2026-01-05,2026-01-12,223.47
ORD000744,Standard,2026-08-14,2026-08-22,139.22
ORD000745,Express,2024-05-14,2024-05-19,366.05
ORD000746,Express,2025-12-13,2025-12-19,362.22
ORD000747,Same Day,2026-06-13,2026-06-21,389.64
ORD000748,Standard,2025-01-29,2025-02-03,252.58
ORD000749,Standard,2024-07-08,2024-07-15,250.56
ORD000750,Express,2026-06-21,2026-06-29,148.08
ORD000751,Standard,2024-11-07,2024-11-14,279.45
ORD000752,Express,2024-08-18,2024-08-23,156.27
ORD000753,Express,2026-08-23,2026-08-30,230.27
ORD000754,Standard,2025-10-21,2025-10-28,189.99
ORD000755,Express,2025-10-27,2025-10-29,146.79
ORD000756,Express,2026-08-29,2026-08-31,337.79
ORD000757,Express,2024-10-30,2024-10-31,105.31
ORD000758,Same Day,2025-01-02,2025-01-08,424.74
ORD000759,Standard,2024-01-20,2024-01-27,176.5
ORD000760,Standard,2025-08-22,2025-08-28,226.08
ORD000761,Express,2024-09-21,2024-09-22,160.88
ORD000762,Same Day,2024-07-30,2024-08-07,409.71
ORD000763,Standard,2025-04-04,2025-04-11,145.71
ORD000764,Same Day,2025-05-08,2025-05-10,396.85
ORD000765,Same Day,2024-07-01,2024-07-03,223.91
ORD000766,Standard,2024-10-17,2024-10-23,195.03
ORD000767,Standard,2025-12-06,2025-12-12,179.64
ORD000768,Express,2026-07-22,2026-07-25,149.28
ORD000769,Standard,2026-04-08,2026-04-09,71.93
ORD000770,Standard,2026-04-29,2026-05-06,255.04
ORD000771,Express,2024-09-14,2024-09-16,289.19
ORD000772,Standard,2026-03-24,2026-03-29,39.11
ORD000773,Same Day,2024-12-14,2024-12-19,260.56
ORD000774,Standard,2025-04-01,2025-04-03,255.25
ORD000775,Standard,2025-07-11,2025-07-14,199.45
ORD000776,Express,2024-04-16,2024-04-17,307.47
ORD000777,Express,2024-05-28,2024-05-29,363
ORD000778,Express,2024-06-02,2024-06-08,279.58
ORD000779,Same Day,2025-01-29,2025-01-30,256.71
ORD000780,Express,2024-10-18,2024-10-20,264.2
ORD000781,Standard,2026-08-07,2026-08-13,190.21
ORD000782,Standard,2025-06-30,2025-07-08,267.47
ORD000783,Standard,2025-11-15,2025-11-18,170.32
ORD000784,Same Day,2024-10-07,2024-10-12,218.09
ORD000785,Express,2026-01-01,2026-01-04,147.3
ORD000786,Standard,2026-03-10,2026-03-17,149.51
ORD000787,Standard,2026-03-16,2026-03-19,70.58
ORD000788,Express,2026-01-16,2026-01-23,122.45
ORD000789,Standard,2026-02-26,2026-02-28,113.08
ORD000790,Express,2025-02-28,2025-03-05,197.76
ORD000791,Standard,2025-01-28,2025-01-29,181.39
ORD000792,Standard,2025-07-04,2025-07-08,125.14
ORD000793,Express,2025-08-15,2025-08-20,146.07
ORD000794,Standard,2026-05-24,2026-05-28,149.16
ORD000795,Standard,2024-04-23,2024-05-01,227.85
ORD000796,Express,2026-03-11,2026-03-16,292.73
ORD000797,Express,2026-08-12,2026-08-20,143
ORD000798,Standard,2024-05-24,2024-05-31,226.85
ORD000799,Standard,2024-01-29,2024-01-30,75.03
ORD000800,Standard,2024-03-17,2024-03-18,176.64
ORD000801,Standard,2025-01-12,2025-01-14,115.52
ORD000802,Standard,2026-04-15,2026-04-17,242.24
ORD000803,Express,2026-02-08,2026-02-11,165.89
ORD000804,Express,2024-12-12,2024-12-20,321.36
ORD000805,Standard,2024-06-11,2024-06-12,115.2
ORD000806,Standard,2025-05-31,2025-06-01,38.72
ORD000807,Express,2026-06-17,2026-06-20,295.28
ORD000808,Standard,2025-05-30,2025-06-02,133.87
ORD000809,Standard,2024-04-07,2024-04-13,260.67
ORD000810,Express,2025-02-16,2025-02-21,247.35
ORD000811,Express,2025-07-28,2025-08-02,179.52
ORD000812,Standard,2025-10-20,2025-10-26,225.19
ORD000813,Same Day,2025-10-25,2025-10-28,352.85
ORD000814,Express,2025-09-12,2025-09-20,177.46
ORD000815,Standard,2024-03-09,2024-03-10,183.17
ORD000816,Standard,2025-07-20,2025-07-28,122.61
ORD000817,Express,2025-08-08,2025-08-12,202.67
ORD000818,Express,2024-02-22,2024-02-24,108.06
ORD000819,Standard,2026-02-10,2026-02-17,188.87
ORD000820,Express,2025-02-07,2025-02-13,284.64
ORD000821,Express,2025-02-22,2025-03-02,117.5
ORD000822,Express,2025-08-26,2025-08-31,325.43
ORD000823,Standard,2024-06-16,2024-06-18,260.29
ORD000824,Express,2026-01-08,2026-01-13,148.45
ORD000825,Express,2026-02-28,2026-03-02,263.86
ORD000826,Same Day,2025-09-18,2025-09-19,389.15
ORD000827,Standard,2024-12-15,2024-12-19,122.3
ORD000828,Same Day,2026-07-02,2026-07-06,235.55
ORD000829,Express,2024-06-07,2024-06-12,157.04
ORD000830,Standard,2024-05-27,2024-06-03,198.54
ORD000831,Express,2024-04-01,2024-04-09,316.12
ORD000832,Standard,2024-06-17,2024-06-22,72.55
ORD000833,Standard,2024-07-04,2024-07-10,130.23
ORD000834,Standard,2026-06-17,2026-06-21,285.26
ORD000835,Standard,2025-08-07,2025-08-12,281.51
ORD000836,Standard,2026-05-28,2026-05-31,171.53
ORD000837,Standard,2024-11-20,2024-11-28,81.34
ORD000838,Express,2026-06-18,2026-06-19,289.11
ORD000839,Standard,2024-09-08,2024-09-12,177.28
ORD000840,Standard,2024-06-13,2024-06-15,189.12
ORD000841,Express,2025-04-19,2025-04-26,262.05
ORD000842,Express,2026-04-18,2026-04-23,117.3
ORD000843,Standard,2026-08-03,2026-08-05,170.84
ORD000844,Standard,2024-11-21,2024-11-24,78.73
ORD000845,Express,2025-05-03,2025-05-10,213.02
ORD000846,Standard,2025-04-27,2025-04-29,166.92
ORD000847,Standard,2025-09-10,2025-09-13,288.83
ORD000848,Standard,2025-04-30,2025-05-08,57.76
ORD000849,Express,2025-12-04,2025-12-10,204.9
ORD000850,Express,2024-03-13,2024-03-21,212.05
ORD000851,Standard,2026-06-14,2026-06-21,246.64
ORD000852,Express,2026-05-02,2026-05-09,327.47
ORD000853,Standard,2026-02-11,2026-02-12,94.02
ORD000854,Express,2025-05-02,2025-05-06,180.37
ORD000855,Same Day,2024-12-30,2025-01-01,342.14
ORD000856,Standard,2025-09-05,2025-09-08,48.66
ORD000857,Express,2024-11-29,2024-12-01,185.39
ORD000858,Standard,2025-05-28,2025-06-01,204.66
ORD000859,Express,2025-06-18,2025-06-23,167.54
ORD000860,Express,2025-10-13,2025-10-16,138.4
ORD000861,Standard,2026-02-04,2026-02-11,44.43
ORD000862,Standard,2025-01-22,2025-01-25,135.86
ORD000863,Express,2025-08-15,2025-08-16,120.29
ORD000864,Standard,2024-11-11,2024-11-16,137.46
ORD000865,Same Day,2025-04-14,2025-04-22,438.75
ORD000866,Standard,2025-06-21,2025-06-22,47.03
ORD000867,Standard,2024-07-01,2024-07-06,41.72
ORD000868,Standard,2026-05-18,2026-05-23,80.23
ORD000869,Express,2026-07-17,2026-07-22,151.13
ORD000870,Same Day,2025-10-28,2025-11-03,307.75
ORD000871,Standard,2026-02-11,2026-02-15,289.46
ORD000872,Standard,2024-02-05,2024-02-07,203.94
ORD000873,Standard,2025-07-21,2025-07-29,171.21
ORD000874,Standard,2024-12-27,2024-12-31,249.3
ORD000875,Standard,2026-01-30,2026-02-01,291.9
ORD000876,Standard,2024-10-19,2024-10-22,270.82
ORD000877,Standard,2026-03-27,2026-03-28,147.94
ORD000878,Standard,2024-02-04,2024-02-10,232.81
ORD000879,Standard,2025-06-16,2025-06-24,122.97
ORD000880,Standard,2024-09-05,2024-09-12,88.55
ORD000881,Standard,2026-05-01,2026-05-07,272.71
ORD000882,Standard,2025-10-15,2025-10-16,259.28
ORD000883,Express,2025-06-15,2025-06-22,250.32
ORD000884,Express,2025-06-01,2025-06-06,186.61
ORD000885,Standard,2025-10-06,2025-10-07,67.99
ORD000886,Standard,2024-04-08,2024-04-12,148.37
ORD000887,Standard,2024-06-06,2024-06-08,42.64
ORD000888,Standard,2025-08-10,2025-08-16,84.71
ORD000889,Same Day,2025-10-12,2025-10-17,344.91
ORD000890,Express,2024-07-19,2024-07-27,360.29
ORD000891,Standard,2025-01-25,2025-01-30,85.9
ORD000892,Standard,2025-10-05,2025-10-07,225.38
ORD000893,Standard,2025-04-17,2025-04-25,85.66
ORD000894,Express,2024-04-07,2024-04-15,312.36
ORD000895,Express,2025-02-07,2025-02-14,251.28
ORD000896,Express,2025-10-04,2025-10-09,351.7
ORD000897,Standard,2025-10-13,2025-10-17,94.67
ORD000898,Standard,2024-07-03,2024-07-04,63.64
ORD000899,Standard,2024-12-20,2024-12-24,109.04
ORD000900,Standard,2024-06-12,2024-06-17,100.76
ORD000901,Standard,2024-02-02,2024-02-03,58.95
ORD000902,Standard,2026-06-09,2026-06-16,75.49
ORD000903,Standard,2024-08-14,2024-08-16,276.9
ORD000904,Standard,2025-05-09,2025-05-17,95.72
ORD000905,Standard,2024-10-30,2024-11-01,200.88
ORD000906,Express,2025-02-15,2025-02-17,184.73
ORD000907,Standard,2026-01-06,2026-01-14,161.53
ORD000908,Standard,2025-08-27,2025-08-28,49.14
ORD000909,Express,2025-03-22,2025-03-24,158.77
ORD000910,Express,2025-10-02,2025-10-08,355.15
ORD000911,Standard,2025-01-18,2025-01-20,152.43
ORD000912,Standard,2024-09-18,2024-09-22,271.99
ORD000913,Express,2025-06-30,2025-07-02,268.68
ORD000914,Same Day,2025-03-16,2025-03-21,231.9
ORD000915,Standard,2025-01-17,2025-01-18,138.12
ORD000916,Express,2024-01-14,2024-01-22,249.17
ORD000917,Express,2024-08-28,2024-09-02,151.28
ORD000918,Standard,2024-08-13,2024-08-16,55.61
ORD000919,Standard,2026-04-09,2026-04-11,88.69
ORD000920,Standard,2025-03-23,2025-03-25,202.7
ORD000921,Standard,2025-05-23,2025-05-28,57.95
ORD000922,Standard,2025-04-10,2025-04-14,266.47
ORD000923,Standard,2024-01-25,2024-01-28,221.66
ORD000924,Express,2024-01-07,2024-01-08,182.42
ORD000925,Standard,2026-07-08,2026-07-15,267.93
ORD000926,Standard,2024-03-15,2024-03-22,260.6
ORD000927,Standard,2024-10-10,2024-10-13,256.93
ORD000928,Standard,2024-11-19,2024-11-25,283.48
ORD000929,Express,2025-04-13,2025-04-20,206.81
ORD000930,Standard,2025-01-18,2025-01-24,61.8
ORD000931,Standard,2024-04-20,2024-04-25,187.47
ORD000932,Standard,2024-04-02,2024-04-09,179.65
ORD000933,Same Day,2025-07-07,2025-07-11,405.12
ORD000934,Standard,2026-03-17,2026-03-19,112.52
ORD000935,Standard,2024-12-05,2024-12-11,215.36
ORD000936,Same Day,2025-04-18,2025-04-22,385.78
ORD000937,Express,2026-06-30,2026-07-08,208.91
ORD000938,Express,2024-09-04,2024-09-11,208.61
ORD000939,Standard,2026-03-05,2026-03-07,244.53
ORD000940,Standard,2024-03-26,2024-04-02,49.04
ORD000941,Same Day,2026-01-23,2026-01-26,401.14
ORD000942,Standard,2024-08-06,2024-08-13,222.14
ORD000943,Express,2025-05-15,2025-05-16,312.19
ORD000944,Express,2025-06-13,2025-06-14,281.16
ORD000945,Express,2024-06-08,2024-06-15,288.7
ORD000946,Express,2025-02-01,2025-02-08,192.22
ORD000947,Standard,2024-07-13,2024-07-14,293.77
ORD000948,Standard,2026-06-11,2026-06-13,146.9
ORD000949,Standard,2026-02-02,2026-02-09,149.06
ORD000950,Standard,2024-02-01,2024-02-04,41.13
ORD000951,Standard,2026-08-10,2026-08-16,159.05
ORD000952,Same Day,2025-05-31,2025-06-02,361.62
ORD000953,Standard,2024-04-13,2024-04-15,56.33
ORD000954,Same Day,2024-10-31,2024-11-08,237.92
ORD000955,Standard,2025-05-22,2025-05-29,264.06
ORD000956,Express,2024-04-25,2024-05-01,181.96
ORD000957,Express,2024-09-03,2024-09-06,286.89
ORD000958,Express,2025-12-19,2025-12-27,130.2
ORD000959,Standard,2026-06-20,2026-06-22,146.94
ORD000960,Standard,2025-10-16,2025-10-17,81.15
ORD000961,Standard,2024-07-11,2024-07-13,274.08
ORD000962,Standard,2026-05-26,2026-06-02,266.72
ORD000963,Standard,2024-12-09,2024-12-12,74.91
ORD000964,Standard,2024-12-10,2024-12-13,66.48
ORD000965,Standard,2025-11-29,2025-12-07,69.3
ORD000966,Standard,2025-05-17,2025-05-23,292.09
ORD000967,Same Day,2025-11-29,2025-12-03,440.26
ORD000968,Standard,2024-06-01,2024-06-07,295.43
ORD000969,Standard,2025-05-19,2025-05-22,184.37
ORD000970,Standard,2025-01-11,2025-01-18,164.35
ORD000971,Same Day,2026-07-02,2026-07-09,425.54
ORD000972,Standard,2025-09-04,2025-09-07,35.41
ORD000973,Same Day,2024-01-25,2024-02-02,334.06
ORD000974,Standard,2024-05-26,2024-06-01,211.9
ORD000975,Same Day,2025-03-19,2025-03-23,208.13
ORD000976,Express,2025-01-22,2025-01-23,342.26
ORD000977,Express,2026-07-10,2026-07-13,369.73
ORD000978,Standard,2026-07-22,2026-07-26,63.58
ORD000979,Standard,2024-10-11,2024-10-15,42.77
ORD000980,Express,2026-05-06,2026-05-11,196.5
ORD000981,Standard,2026-03-25,2026-03-27,192.65
ORD000982,Standard,2025-12-04,2025-12-09,179.89
ORD000983,Standard,2025-10-02,2025-10-03,115.23
ORD000984,Standard,2026-03-31,2026-04-06,250.96
ORD000985,Same Day,2025-09-01,2025-09-08,395.32
ORD000986,Standard,2025-11-09,2025-11-10,249.78
ORD000987,Express,2026-03-16,2026-03-18,288.02
ORD000988,Standard,2024-03-31,2024-04-03,143.31
ORD000989,Standard,2026-08-01,2026-08-02,76.47
ORD000990,Standard,2024-09-12,2024-09-15,190.06
ORD000991,Express,2024-09-26,2024-10-03,180.63
ORD000992,Express,2026-06-17,2026-06-20,308.25
ORD000993,Express,2024-09-16,2024-09-20,123.1
ORD000994,Standard,2024-11-01,2024-11-06,105.81
ORD000995,Same Day,2026-03-15,2026-03-21,311.02
ORD000996,Express,2025-05-31,2025-06-05,290.06
ORD000997,Same Day,2025-02-25,2025-03-02,191.56
ORD000998,Express,2025-03-10,2025-03-11,236.07
ORD000999,Standard,2024-09-06,2024-09-10,227.71
ORD001000,Express,2025-08-04,2025-08-07,138.97
ORD001001,Standard,2025-11-19,2025-11-20,245.32
ORD001002,Express,2026-05-11,2026-05-13,175.51
ORD001003,Standard,2024-04-21,2024-04-23,250.67
ORD001004,Standard,2025-12-09,2025-12-15,282.52
ORD001005,Express,2025-06-10,2025-06-18,188.59
ORD001006,Standard,2025-05-24,2025-06-01,134.94
ORD001007,Standard,2024-11-07,2024-11-09,139.15
ORD001008,Same Day,2025-10-01,2025-10-04,264.97
ORD001009,Express,2024-05-04,2024-05-07,336.14
ORD001010,Standard,2026-05-04,2026-05-06,38.5
ORD001011,Same Day,2025-02-19,2025-02-20,273.6
ORD001012,Standard,2025-07-14,2025-07-19,141.09
ORD001013,Standard,2025-09-24,2025-10-02,144.38
ORD001014,Standard,2026-04-20,2026-04-24,237.89
ORD001015,Standard,2025-05-05,2025-05-11,50.61
ORD001016,Same Day,2025-05-20,2025-05-23,377.2
ORD001017,Express,2024-04-20,2024-04-26,260.21
ORD001018,Standard,2025-04-16,2025-04-18,130.37
ORD001019,Standard,2025-10-23,2025-10-28,53.58
ORD001020,Standard,2025-04-25,2025-04-27,179.66
ORD001021,Standard,2026-05-29,2026-05-30,212.7
ORD001022,Standard,2025-06-11,2025-06-16,293.47
ORD001023,Standard,2025-07-31,2025-08-07,124.55
ORD001024,Express,2026-03-15,2026-03-20,342.84
ORD001025,Standard,2025-05-11,2025-05-19,97.15
ORD001026,Standard,2025-12-28,2026-01-03,46.02
ORD001027,Same Day,2024-11-28,2024-11-30,237.69
ORD001028,Same Day,2024-02-17,2024-02-22,237.44
ORD001029,Standard,2024-04-21,2024-04-23,289.4
ORD001030,Standard,2026-03-02,2026-03-07,287.9
ORD001031,Standard,2025-01-30,2025-02-06,227.88
ORD001032,Express,2024-02-10,2024-02-15,352.51
ORD001033,Same Day,2024-02-01,2024-02-09,263.5
ORD001034,Standard,2025-10-15,2025-10-19,287.32
ORD001035,Standard,2025-11-29,2025-11-30,213.51
ORD001036,Standard,2025-06-27,2025-07-03,104.14
ORD001037,Standard,2024-04-09,2024-04-15,238.33
ORD001038,Standard,2026-03-04,2026-03-05,221.15
ORD001039,Standard,2025-12-02,2025-12-08,137.39
ORD001040,Standard,2025-05-01,2025-05-05,235.44
ORD001041,Standard,2024-05-24,2024-06-01,123.52
ORD001042,Standard,2025-08-07,2025-08-11,259.64
ORD001043,Express,2025-05-26,2025-05-31,147.71
ORD001044,Same Day,2026-04-24,2026-04-26,388.64
ORD001045,Standard,2024-03-11,2024-03-14,182.14
ORD001046,Same Day,2026-05-25,2026-05-30,328.89
ORD001047,Express,2024-03-02,2024-03-05,176.06
ORD001048,Express,2026-07-29,2026-08-05,249.77
ORD001049,Express,2024-07-25,2024-08-01,112.03
ORD001050,Standard,2026-04-17,2026-04-21,199.35
ORD001051,Same Day,2024-09-01,2024-09-09,258.83
ORD001052,Express,2025-12-23,2025-12-24,332.89
ORD001053,Standard,2026-01-29,2026-02-04,189.36
ORD001054,Same Day,2026-01-11,2026-01-14,345.62
ORD001055,Standard,2024-12-25,2025-01-02,166.3
ORD001056,Same Day,2024-08-22,2024-08-27,214.32
ORD001057,Express,2024-07-21,2024-07-24,258.29
ORD001058,Express,2024-01-20,2024-01-22,316.3
ORD001059,Same Day,2024-05-09,2024-05-16,214.22
ORD001060,Express,2024-05-03,2024-05-08,287.21
ORD001061,Same Day,2024-09-03,2024-09-04,255.13
ORD001062,Same Day,2026-02-12,2026-02-18,215.71
ORD001063,Same Day,2026-01-10,2026-01-15,399.86
ORD001064,Standard,2024-07-04,2024-07-08,242.64
ORD001065,Express,2024-09-08,2024-09-16,307.37
ORD001066,Standard,2025-11-06,2025-11-09,64.41
ORD001067,Same Day,2025-12-25,2025-12-27,391.84
ORD001068,Same Day,2024-11-08,2024-11-14,206.99
ORD001069,Express,2025-06-26,2025-07-01,204.2
ORD001070,Standard,2024-12-22,2024-12-24,244.37
ORD001071,Express,2024-07-29,2024-08-01,330
ORD001072,Express,2025-07-21,2025-07-27,272.13
ORD001073,Same Day,2024-02-08,2024-02-11,226.8
ORD001074,Same Day,2024-04-29,2024-05-01,234.24
ORD001075,Standard,2025-01-29,2025-02-04,214.18
ORD001076,Express,2025-09-17,2025-09-21,118.56
ORD001077,Same Day,2024-02-17,2024-02-25,395.65
ORD001078,Express,2024-02-24,2024-03-02,331.22
ORD001079,Standard,2026-07-23,2026-07-30,89.36
ORD001080,Express,2025-08-29,2025-09-05,209.19
ORD001081,Standard,2025-03-23,2025-03-31,254.37
ORD001082,Same Day,2026-04-07,2026-04-13,244.99
ORD001083,Standard,2024-10-24,2024-11-01,138.42
ORD001084,Express,2025-06-16,2025-06-17,170.16
ORD001085,Express,2026-08-07,2026-08-10,318.12
ORD001086,Standard,2026-09-01,2026-09-06,212.95
ORD001087,Standard,2024-12-12,2024-12-20,48.18
ORD001088,Standard,2025-11-09,2025-11-17,209.9
ORD001089,Standard,2024-05-09,2024-05-16,63.19
ORD001090,Standard,2024-07-04,2024-07-05,244.64
ORD001091,Standard,2025-01-04,2025-01-06,65.35
ORD001092,Express,2025-08-17,2025-08-19,124.76
ORD001093,Standard,2024-03-07,2024-03-10,269.51
ORD001094,Express,2026-06-09,2026-06-16,112.73
ORD001095,Same Day,2025-09-25,2025-10-03,412.33
ORD001096,Standard,2025-06-05,2025-06-06,136.77
ORD001097,Express,2024-03-04,2024-03-11,181.79
ORD001098,Standard,2026-05-22,2026-05-27,40.83
ORD001099,Express,2024-04-22,2024-04-30,269.38
ORD001100,Standard,2024-07-28,2024-08-05,85.39
ORD001101,Standard,2024-03-17,2024-03-23,76.42
ORD001102,Standard,2026-03-20,2026-03-22,112.79
ORD001103,Standard,2025-04-29,2025-05-02,266.37
ORD001104,Standard,2026-08-13,2026-08-16,160.01
ORD001105,Express,2026-04-10,2026-04-16,213.09
ORD001106,Standard,2025-08-20,2025-08-25,151.36
ORD001107,Express,2025-11-05,2025-11-12,192.56
ORD001108,Express,2024-03-22,2024-03-27,321.96
ORD001109,Express,2026-01-22,2026-01-30,277.83
ORD001110,Standard,2026-03-31,2026-04-01,229.82
ORD001111,Standard,2024-11-22,2024-11-24,267.79
ORD001112,Same Day,2024-12-03,2024-12-06,332.38
ORD001113,Standard,2024-11-20,2024-11-27,256.3
ORD001114,Express,2025-02-24,2025-03-04,244.93
ORD001115,Standard,2025-01-08,2025-01-13,108.45
ORD001116,Express,2025-08-09,2025-08-12,197.52
ORD001117,Standard,2025-11-23,2025-11-25,288.91
ORD001118,Express,2024-12-18,2024-12-21,211.53
ORD001119,Standard,2024-06-02,2024-06-08,58.45
ORD001120,Express,2024-07-04,2024-07-12,275.17
ORD001121,Standard,2025-07-23,2025-07-26,77.43
ORD001122,Express,2025-03-20,2025-03-24,125.72
ORD001123,Standard,2026-06-09,2026-06-11,226.39
ORD001124,Standard,2025-02-18,2025-02-20,191.58
ORD001125,Standard,2026-04-26,2026-05-04,100.47
ORD001126,Express,2024-02-19,2024-02-25,332.38
ORD001127,Standard,2025-02-24,2025-02-26,200.83
ORD001128,Standard,2025-12-19,2025-12-27,70.6
ORD001129,Standard,2026-04-22,2026-04-25,60.51
ORD001130,Standard,2025-01-16,2025-01-17,120.9
ORD001131,Express,2025-08-28,2025-09-05,368.44
ORD001132,Express,2024-12-17,2024-12-24,262.2
ORD001133,Standard,2026-05-16,2026-05-21,190.71
ORD001134,Express,2024-05-27,2024-06-04,161.9
ORD001135,Standard,2024-08-06,2024-08-13,82.67
ORD001136,Standard,2024-04-13,2024-04-16,173.74
ORD001137,Standard,2025-03-28,2025-04-03,230.65
ORD001138,Express,2025-09-15,2025-09-22,369.3
ORD001139,Same Day,2024-07-31,2024-08-02,362.88
ORD001140,Same Day,2026-07-15,2026-07-18,210.16
ORD001141,Same Day,2024-01-10,2024-01-16,295.32
ORD001142,Standard,2026-08-23,2026-08-28,41.57
ORD001143,Same Day,2025-04-10,2025-04-17,431.91
ORD001144,Express,2024-05-04,2024-05-06,234.03
ORD001145,Express,2024-05-22,2024-05-30,175.43
ORD001146,Standard,2024-03-24,2024-03-31,40.69
ORD001147,Express,2024-10-12,2024-10-18,215.98
ORD001148,Express,2025-12-25,2025-12-26,221.32
ORD001149,Standard,2025-12-24,2025-12-25,289.82
ORD001150,Standard,2026-06-19,2026-06-26,240.34
ORD001151,Standard,2025-08-25,2025-09-01,293.05
ORD001152,Standard,2025-04-28,2025-05-04,236.1
ORD001153,Standard,2024-05-16,2024-05-24,243.75
ORD001154,Standard,2026-01-13,2026-01-19,72.57
ORD001155,Standard,2024-08-04,2024-08-11,168.86
ORD001156,Standard,2025-10-09,2025-10-11,239.52
ORD001157,Same Day,2024-07-05,2024-07-07,250.31
ORD001158,Express,2025-05-19,2025-05-26,160.33
ORD001159,Express,2024-08-14,2024-08-18,339.23
ORD001160,Standard,2025-03-08,2025-03-14,100.12
ORD001161,Standard,2025-04-23,2025-04-25,282.94
ORD001162,Standard,2024-05-13,2024-05-20,59.47
ORD001163,Standard,2025-12-07,2025-12-09,245.14
ORD001164,Standard,2026-05-24,2026-05-31,120.92
ORD001165,Standard,2024-11-22,2024-11-24,181.66
ORD001166,Same Day,2026-07-25,2026-07-30,384.35
ORD001167,Standard,2026-04-20,2026-04-23,235.84
ORD001168,Same Day,2024-06-22,2024-06-24,219.56
ORD001169,Express,2025-09-21,2025-09-29,159.81
ORD001170,Express,2024-01-25,2024-01-31,356.01
ORD001171,Standard,2026-02-27,2026-03-04,205.51
ORD001172,Standard,2025-07-03,2025-07-11,68.49
ORD001173,Express,2026-01-06,2026-01-14,207.09
ORD001174,Same Day,2025-02-28,2025-03-05,378.97
ORD001175,Express,2026-05-17,2026-05-22,359.01
ORD001176,Standard,2026-03-23,2026-03-25,103.7
ORD001177,Standard,2025-10-10,2025-10-17,262.04
ORD001178,Standard,2025-01-23,2025-01-25,248.89
ORD001179,Standard,2024-03-30,2024-04-03,165.55
ORD001180,Standard,2025-03-04,2025-03-05,170.58
ORD001181,Express,2024-06-06,2024-06-09,301.11
ORD001182,Standard,2025-09-15,2025-09-16,285.31
ORD001183,Standard,2024-11-08,2024-11-12,269.55
ORD001184,Express,2025-08-16,2025-08-23,322.81
ORD001185,Standard,2025-02-22,2025-02-24,179.58
ORD001186,Same Day,2025-06-05,2025-06-12,232.5
ORD001187,Standard,2026-09-04,2026-09-05,131.02
ORD001188,Standard,2025-08-17,2025-08-24,167.57
ORD001189,Standard,2025-08-01,2025-08-08,104.24
ORD001190,Same Day,2024-03-29,2024-04-05,257.02
ORD001191,Standard,2025-08-31,2025-09-01,248.99
ORD001192,Express,2025-06-20,2025-06-25,251.92
ORD001193,Standard,2025-02-28,2025-03-04,253.58
ORD001194,Standard,2025-12-09,2025-12-16,129.63
ORD001195,Standard,2024-08-03,2024-08-08,177.78
ORD001196,Standard,2025-10-31,2025-11-08,185.17
ORD001197,Same Day,2026-05-30,2026-06-03,254.05
ORD001198,Standard,2024-05-12,2024-05-18,294.82
ORD001199,Same Day,2025-03-26,2025-03-31,359.88
ORD001200,Same Day,2026-04-03,2026-04-09,309.71
ORD001201,Standard,2025-02-13,2025-02-16,79.19
ORD001202,Standard,2026-08-04,2026-08-10,261.32
ORD001203,Standard,2025-10-30,2025-11-04,111.51
ORD001204,Standard,2025-09-22,2025-09-29,225.77
ORD001205,Standard,2026-08-19,2026-08-25,151.92
ORD001206,Express,2024-05-21,2024-05-22,273.36
ORD001207,Same Day,2025-03-03,2025-03-04,243.5
ORD001208,Standard,2024-11-17,2024-11-21,86.72
ORD001209,Standard,2024-04-08,2024-04-14,244.2
ORD001210,Standard,2025-10-15,2025-10-19,232.78
ORD001211,Same Day,2024-07-18,2024-07-23,349.93
ORD001212,Standard,2026-01-18,2026-01-19,237.25
ORD001213,Same Day,2025-07-29,2025-08-05,240.01
ORD001214,Standard,2024-04-18,2024-04-24,159.47
ORD001215,Standard,2026-03-28,2026-04-03,257.35
ORD001216,Standard,2026-03-03,2026-03-10,266.83
ORD001217,Express,2026-07-21,2026-07-23,311.82
ORD001218,Express,2024-08-11,2024-08-16,133.64
ORD001219,Standard,2025-05-04,2025-05-10,287.93
ORD001220,Express,2025-06-10,2025-06-15,244.31
ORD001221,Standard,2026-02-20,2026-02-24,106.58
ORD001222,Standard,2025-12-27,2025-12-29,175.98
ORD001223,Standard,2024-03-23,2024-03-31,290.78
ORD001224,Standard,2026-01-01,2026-01-09,84.04
ORD001225,Express,2026-03-19,2026-03-21,337.11
ORD001226,Standard,2024-12-23,2024-12-27,85.39
ORD001227,Express,2025-11-19,2025-11-25,176.64
ORD001228,Standard,2026-08-03,2026-08-11,154.8
ORD001229,Standard,2024-01-14,2024-01-20,278.09
ORD001230,Standard,2024-11-15,2024-11-19,74.97
ORD001231,Standard,2026-08-02,2026-08-10,154.72
ORD001232,Standard,2025-05-06,2025-05-11,74.74
ORD001233,Express,2025-10-05,2025-10-11,226.66
ORD001234,Express,2026-08-10,2026-08-17,287.09
ORD001235,Standard,2025-05-02,2025-05-06,137.98
ORD001236,Express,2026-07-07,2026-07-08,294.36
ORD001237,Express,2024-03-27,2024-03-31,355.84
ORD001238,Standard,2025-12-29,2026-01-05,268.02
ORD001239,Standard,2026-05-25,2026-05-28,224.6
ORD001240,Standard,2025-11-21,2025-11-27,143.96
ORD001241,Standard,2026-01-11,2026-01-18,158.51
ORD001242,Standard,2026-05-10,2026-05-11,234.29
ORD001243,Standard,2026-01-17,2026-01-18,42.54
ORD001244,Standard,2024-07-23,2024-07-31,264.38
ORD001245,Express,2026-08-23,2026-08-27,284.19
ORD001246,Standard,2025-04-25,2025-05-03,264.49
ORD001247,Express,2024-04-03,2024-04-10,265.83
ORD001248,Standard,2024-11-23,2024-11-29,258.01
ORD001249,Standard,2025-01-19,2025-01-25,246.14
ORD001250,Standard,2026-05-08,2026-05-11,277.35
ORD001251,Standard,2025-01-26,2025-01-28,97.75
ORD001252,Standard,2024-08-20,2024-08-21,137.91
ORD001253,Standard,2024-09-23,2024-09-29,121.55
ORD001254,Standard,2024-12-24,2024-12-25,217.54
ORD001255,Express,2024-02-09,2024-02-14,285.57
ORD001256,Express,2025-12-21,2025-12-22,240.62
ORD001257,Standard,2024-08-03,2024-08-07,143
ORD001258,Standard,2026-03-25,2026-03-31,257.61
ORD001259,Standard,2025-04-25,2025-04-27,94.45
ORD001260,Standard,2024-07-10,2024-07-13,99.85
ORD001261,Standard,2025-01-24,2025-01-27,280.48
ORD001262,Standard,2026-07-12,2026-07-20,96.87
ORD001263,Express,2026-07-16,2026-07-18,209.03
ORD001264,Express,2025-07-16,2025-07-22,164.27
ORD001265,Express,2025-09-02,2025-09-07,369.99
ORD001266,Express,2024-09-09,2024-09-13,273.52
ORD001267,Express,2025-02-15,2025-02-23,355.13
ORD001268,Standard,2026-08-16,2026-08-18,192.57
ORD001269,Standard,2025-08-16,2025-08-20,228.88
ORD001270,Standard,2024-11-05,2024-11-07,285.04
ORD001271,Express,2024-05-16,2024-05-19,321.01
ORD001272,Same Day,2026-03-25,2026-03-26,351.89
ORD001273,Express,2024-01-02,2024-01-09,308.17
ORD001274,Express,2024-07-09,2024-07-15,366.34
ORD001275,Standard,2024-06-08,2024-06-16,199
ORD001276,Same Day,2024-12-19,2024-12-22,307.94
ORD001277,Express,2026-07-26,2026-07-27,130.68
ORD001278,Standard,2026-02-21,2026-02-25,206.88
ORD001279,Express,2025-02-14,2025-02-21,252.38
ORD001280,Express,2025-03-13,2025-03-16,354.61
ORD001281,Express,2025-08-24,2025-08-30,181.56
ORD001282,Standard,2025-01-14,2025-01-19,119.72
ORD001283,Express,2026-02-09,2026-02-12,195.75
ORD001284,Standard,2024-07-13,2024-07-19,254.59
ORD001285,Standard,2025-11-02,2025-11-10,293.63
ORD001286,Express,2026-04-22,2026-04-24,328.51
ORD001287,Standard,2024-06-17,2024-06-23,253.25
ORD001288,Standard,2024-03-28,2024-04-02,251.81
ORD001289,Express,2026-04-05,2026-04-09,160.48
ORD001290,Standard,2025-12-06,2025-12-09,46.47
ORD001291,Same Day,2025-03-10,2025-03-15,198.73
ORD001292,Express,2025-09-12,2025-09-14,259.74
ORD001293,Express,2026-05-16,2026-05-17,171.54
ORD001294,Express,2025-03-13,2025-03-16,305.06
ORD001295,Standard,2024-01-11,2024-01-13,83.38
ORD001296,Express,2025-06-14,2025-06-19,351.21
ORD001297,Standard,2026-06-10,2026-06-14,72.27
ORD001298,Same Day,2025-01-15,2025-01-18,301.15
ORD001299,Express,2024-01-26,2024-01-31,268.01
ORD001300,Standard,2025-04-04,2025-04-12,175.84
ORD001301,Express,2026-01-20,2026-01-23,239.15
ORD001302,Express,2025-07-04,2025-07-07,197.15
ORD001303,Standard,2026-07-04,2026-07-06,289.83
ORD001304,Express,2026-07-31,2026-08-07,164.03
ORD001305,Standard,2024-02-12,2024-02-17,252.42
ORD001306,Standard,2024-04-15,2024-04-20,38.37
ORD001307,Express,2025-10-17,2025-10-22,330.07
ORD001308,Express,2024-09-21,2024-09-25,296.3
ORD001309,Standard,2024-07-17,2024-07-25,104.44
ORD001310,Same Day,2026-05-26,2026-06-02,367.18
ORD001311,Standard,2024-08-10,2024-08-14,99.56
ORD001312,Standard,2025-05-29,2025-05-30,146.94
ORD001313,Express,2024-10-09,2024-10-12,179.39
ORD001314,Standard,2024-05-14,2024-05-18,147.12
ORD001315,Same Day,2024-11-24,2024-11-29,302.65
ORD001316,Standard,2024-03-07,2024-03-14,230.95
ORD001317,Same Day,2025-03-08,2025-03-16,286.52
ORD001318,Express,2024-12-19,2024-12-20,159.3
ORD001319,Standard,2026-05-27,2026-06-02,278.96
ORD001320,Express,2024-09-20,2024-09-22,240.48
ORD001321,Same Day,2025-10-11,2025-10-17,411.78
ORD001322,Standard,2025-06-28,2025-07-02,210.23
ORD001323,Standard,2025-04-24,2025-05-02,61.1
ORD001324,Standard,2025-08-03,2025-08-10,233.16
ORD001325,Standard,2024-10-20,2024-10-21,135.13
ORD001326,Same Day,2025-07-06,2025-07-14,385.81
ORD001327,Standard,2025-02-11,2025-02-18,54.92
ORD001328,Standard,2026-06-07,2026-06-15,201.61
ORD001329,Express,2025-07-19,2025-07-24,320.83
ORD001330,Express,2024-10-15,2024-10-17,225.68
ORD001331,Standard,2025-12-06,2025-12-08,41.84
ORD001332,Standard,2025-02-18,2025-02-22,88.97
ORD001333,Standard,2024-06-10,2024-06-12,127.94
ORD001334,Standard,2026-02-21,2026-02-22,176.19
ORD001335,Standard,2025-08-19,2025-08-20,140.29
ORD001336,Standard,2025-09-28,2025-09-30,51.83
ORD001337,Standard,2025-09-06,2025-09-07,282.31
ORD001338,Standard,2024-09-14,2024-09-16,139.94
ORD001339,Standard,2025-01-15,2025-01-22,88.25
ORD001340,Standard,2025-07-20,2025-07-25,243.04
ORD001341,Standard,2025-01-15,2025-01-23,272.12
ORD001342,Standard,2024-11-29,2024-12-04,242.24
ORD001343,Standard,2025-04-18,2025-04-22,177.69
ORD001344,Express,2026-03-28,2026-03-29,195.61
ORD001345,Express,2025-09-11,2025-09-17,140.04
ORD001346,Express,2026-01-11,2026-01-14,324.95
ORD001347,Standard,2026-06-07,2026-06-08,130.06
ORD001348,Standard,2025-03-05,2025-03-12,95.57
ORD001349,Express,2025-09-14,2025-09-20,209.94
ORD001350,Standard,2024-03-05,2024-03-06,245.23
ORD001351,Standard,2024-02-11,2024-02-18,75.69
ORD001352,Standard,2025-03-27,2025-04-01,250.94
ORD001353,Express,2026-02-16,2026-02-17,340.72
ORD001354,Express,2025-02-27,2025-03-06,105.69
ORD001355,Express,2024-09-30,2024-10-08,113.81
ORD001356,Express,2025-12-29,2026-01-02,341.02
ORD001357,Express,2025-12-09,2025-12-10,231.57
ORD001358,Standard,2024-10-11,2024-10-18,158.19
ORD001359,Same Day,2024-08-17,2024-08-21,258.61
ORD001360,Standard,2026-01-06,2026-01-08,284.16
ORD001361,Standard,2025-11-22,2025-11-23,143.07
ORD001362,Express,2025-09-17,2025-09-20,161.46
ORD001363,Standard,2026-05-23,2026-05-28,151.91
ORD001364,Standard,2025-01-08,2025-01-12,125.8
ORD001365,Standard,2025-09-26,2025-10-02,228.55
ORD001366,Express,2025-05-31,2025-06-06,320.64
ORD001367,Standard,2025-10-28,2025-11-01,189.95
ORD001368,Express,2025-01-26,2025-02-02,236.32
ORD001369,Same Day,2024-08-02,2024-08-07,287.48
ORD001370,Same Day,2024-05-04,2024-05-07,348.17
ORD001371,Standard,2026-07-18,2026-07-22,273.66
ORD001372,Express,2025-06-22,2025-06-26,239.51
ORD001373,Standard,2025-10-05,2025-10-06,109.86
ORD001374,Standard,2025-07-04,2025-07-08,132.31
ORD001375,Standard,2025-08-04,2025-08-09,96.85
ORD001376,Express,2025-12-09,2025-12-14,302.4
ORD001377,Standard,2025-09-17,2025-09-18,276.24
ORD001378,Express,2026-05-01,2026-05-05,279.8
ORD001379,Express,2024-08-02,2024-08-09,312.63
ORD001380,Standard,2024-04-11,2024-04-15,194.6
ORD001381,Express,2024-03-18,2024-03-23,272.46
ORD001382,Same Day,2024-04-14,2024-04-18,431.4
ORD001383,Same Day,2024-01-13,2024-01-20,316.28
ORD001384,Express,2025-04-01,2025-04-02,196.35
ORD001385,Standard,2024-01-02,2024-01-05,133.22
ORD001386,Standard,2024-06-30,2024-07-08,103.61
ORD001387,Standard,2024-11-04,2024-11-11,238.03
ORD001388,Express,2025-07-29,2025-08-03,329.09
ORD001389,Same Day,2026-08-29,2026-09-06,387.18
ORD001390,Same Day,2025-04-28,2025-05-05,242.8
ORD001391,Same Day,2024-11-10,2024-11-18,328.85
ORD001392,Standard,2025-07-07,2025-07-14,138.64
ORD001393,Standard,2024-11-11,2024-11-13,64.47
ORD001394,Standard,2025-12-03,2025-12-09,268.17
ORD001395,Express,2024-11-30,2024-12-02,249.38
ORD001396,Standard,2024-06-13,2024-06-16,162.43
ORD001397,Standard,2025-09-02,2025-09-10,64.04
ORD001398,Standard,2025-05-01,2025-05-05,75.37
ORD001399,Standard,2026-05-02,2026-05-10,279.6
ORD001400,Standard,2025-03-04,2025-03-10,186.94
ORD001401,Standard,2024-12-29,2025-01-05,88.68
ORD001402,Standard,2025-12-25,2026-01-01,72.72
ORD001403,Express,2025-01-18,2025-01-20,242.39
ORD001404,Express,2025-07-29,2025-08-03,114.72
ORD001405,Express,2024-10-08,2024-10-14,280.35
ORD001406,Standard,2026-08-25,2026-08-29,134.3
ORD001407,Express,2025-02-06,2025-02-11,147.18
ORD001408,Express,2024-03-04,2024-03-07,238.48
ORD001409,Standard,2025-03-26,2025-03-30,233.76
ORD001410,Standard,2024-11-30,2024-12-04,235.07
ORD001411,Same Day,2025-08-11,2025-08-15,314.43
ORD001412,Express,2025-07-14,2025-07-16,264.19
ORD001413,Express,2024-05-24,2024-05-25,243.04
ORD001414,Express,2026-05-24,2026-05-27,129.66
ORD001415,Express,2024-07-09,2024-07-14,293.55
ORD001416,Standard,2025-11-25,2025-11-26,244.26
ORD001417,Standard,2024-05-03,2024-05-04,134.82
ORD001418,Standard,2026-05-02,2026-05-05,265.96
ORD001419,Standard,2025-08-04,2025-08-07,257.17
ORD001420,Standard,2024-12-02,2024-12-07,132.28
ORD001421,Express,2026-01-23,2026-01-27,221.7
ORD001422,Standard,2025-06-30,2025-07-06,163.15
ORD001423,Same Day,2026-08-05,2026-08-13,332.24
ORD001424,Standard,2026-02-25,2026-03-03,261.24
ORD001425,Express,2026-01-29,2026-02-06,328.11
ORD001426,Express,2024-12-16,2024-12-18,200.25
ORD001427,Standard,2025-03-21,2025-03-25,158.62
ORD001428,Standard,2025-02-05,2025-02-13,55.94
ORD001429,Express,2026-05-27,2026-05-28,324.55
ORD001430,Express,2025-11-02,2025-11-03,220.07
ORD001431,Express,2026-06-21,2026-06-22,156.33
ORD001432,Same Day,2024-07-05,2024-07-10,297.1
ORD001433,Express,2026-03-11,2026-03-16,150.94
ORD001434,Standard,2024-11-21,2024-11-28,71.54
ORD001435,Standard,2024-10-05,2024-10-08,139.35
ORD001436,Same Day,2024-05-23,2024-05-26,449.52
ORD001437,Express,2026-06-09,2026-06-12,118.83
ORD001438,Standard,2024-07-30,2024-08-04,224.57
ORD001439,Same Day,2025-06-05,2025-06-07,206.48
ORD001440,Express,2024-05-06,2024-05-12,155.9
ORD001441,Standard,2025-03-04,2025-03-09,153.35
ORD001442,Standard,2025-05-07,2025-05-09,196.08
ORD001443,Standard,2025-01-25,2025-02-02,74.37
ORD001444,Express,2026-08-27,2026-08-30,291.46
ORD001445,Express,2024-11-06,2024-11-14,118.13
ORD001446,Standard,2025-02-05,2025-02-10,163.87
ORD001447,Same Day,2026-07-09,2026-07-10,400.3
ORD001448,Express,2024-01-11,2024-01-16,283.73
ORD001449,Standard,2024-02-12,2024-02-20,171.27
ORD001450,Express,2024-10-28,2024-10-29,178.13
ORD001451,Standard,2024-06-30,2024-07-05,72.02
ORD001452,Standard,2024-07-05,2024-07-12,259.98
ORD001453,Standard,2025-05-26,2025-05-31,107.6
ORD001454,Standard,2024-09-29,2024-10-06,275.58
ORD001455,Standard,2025-04-27,2025-04-28,50.93
ORD001456,Express,2025-07-09,2025-07-15,167.47
ORD001457,Express,2024-04-13,2024-04-19,167.56
ORD001458,Standard,2024-03-10,2024-03-15,44.31
ORD001459,Standard,2026-07-10,2026-07-18,182.53
ORD001460,Standard,2024-01-02,2024-01-07,140.39
ORD001461,Standard,2024-11-27,2024-12-02,211.81
ORD001462,Standard,2025-05-07,2025-05-13,242.82
ORD001463,Standard,2024-08-13,2024-08-17,282.58
ORD001464,Standard,2024-03-26,2024-04-02,54.99
ORD001465,Standard,2024-09-13,2024-09-19,99.83
ORD001466,Standard,2025-12-31,2026-01-05,36.61
ORD001467,Standard,2026-06-25,2026-06-29,54.85
ORD001468,Standard,2025-11-11,2025-11-13,146.58
ORD001469,Standard,2026-07-17,2026-07-24,258.73
ORD001470,Standard,2024-01-16,2024-01-24,228.53
ORD001471,Express,2025-02-13,2025-02-17,118.78
ORD001472,Express,2024-07-14,2024-07-21,324.05
ORD001473,Standard,2024-09-27,2024-09-28,44.81
ORD001474,Standard,2025-06-12,2025-06-17,141.49
ORD001475,Standard,2026-04-09,2026-04-13,145.44
ORD001476,Express,2026-05-27,2026-05-30,332.17
ORD001477,Express,2025-03-13,2025-03-14,151.81
ORD001478,Express,2025-04-16,2025-04-17,166.19
ORD001479,Standard,2024-12-23,2024-12-29,205.22
ORD001480,Standard,2026-06-09,2026-06-13,147.42
ORD001481,Standard,2025-06-09,2025-06-13,74.35
ORD001482,Standard,2024-07-23,2024-07-25,270.47
ORD001483,Standard,2025-06-30,2025-07-01,282.61
ORD001484,Standard,2025-12-14,2025-12-18,232.79
ORD001485,Standard,2025-10-13,2025-10-15,50.95
ORD001486,Standard,2026-08-23,2026-08-29,221.53
ORD001487,Standard,2026-09-01,2026-09-02,170.32
ORD001488,Standard,2026-07-07,2026-07-12,63.43
ORD001489,Same Day,2024-01-03,2024-01-09,200.89
ORD001490,Standard,2026-08-04,2026-08-12,100.27
ORD001491,Standard,2026-04-23,2026-05-01,276.46
ORD001492,Standard,2024-09-08,2024-09-10,243.73
ORD001493,Standard,2024-07-20,2024-07-24,245.35
ORD001494,Standard,2024-10-10,2024-10-17,232.44
ORD001495,Standard,2026-08-26,2026-08-30,284.45
ORD001496,Standard,2024-12-04,2024-12-06,271.84
ORD001497,Standard,2026-03-04,2026-03-11,281.46
ORD001498,Standard,2025-07-10,2025-07-12,61.59
ORD001499,Standard,2026-01-08,2026-01-16,258.56
ORD001500,Same Day,2026-05-10,2026-05-12,200.46
ORD001501,Standard,2026-06-17,2026-06-21,40.56
ORD001502,Standard,2026-01-21,2026-01-24,262.73
ORD001503,Standard,2025-12-20,2025-12-28,281.73
ORD001504,Same Day,2024-10-15,2024-10-16,201.46
ORD001505,Standard,2025-11-14,2025-11-22,113.85
ORD001506,Standard,2026-04-08,2026-04-13,109.39
ORD001507,Standard,2025-11-13,2025-11-19,60.38
ORD001508,Standard,2025-07-29,2025-08-02,109.01
ORD001509,Same Day,2025-01-28,2025-02-03,423.97
ORD001510,Standard,2024-04-12,2024-04-20,58.59
ORD001511,Standard,2025-08-19,2025-08-20,50.49
ORD001512,Standard,2025-10-25,2025-11-02,209.49
ORD001513,Standard,2026-08-21,2026-08-22,187.18
ORD001514,Standard,2025-11-18,2025-11-23,47.89
ORD001515,Express,2024-12-03,2024-12-09,111.88
ORD001516,Express,2025-04-13,2025-04-19,339.18
ORD001517,Same Day,2024-09-12,2024-09-18,381.36
ORD001518,Standard,2025-10-15,2025-10-20,41.77
ORD001519,Express,2026-06-04,2026-06-09,322.86
ORD001520,Standard,2026-03-11,2026-03-15,285.47
ORD001521,Standard,2025-09-24,2025-09-30,273.67
ORD001522,Standard,2026-05-01,2026-05-04,122.37
ORD001523,Standard,2024-11-17,2024-11-22,174.98
ORD001524,Standard,2026-05-27,2026-06-04,292.11
ORD001525,Express,2026-02-12,2026-02-18,346.92
ORD001526,Standard,2025-08-21,2025-08-22,37.83
ORD001527,Standard,2026-02-14,2026-02-15,56.7
ORD001528,Same Day,2024-07-23,2024-07-30,433.16
ORD001529,Express,2025-02-21,2025-02-27,293.75
ORD001530,Express,2024-05-19,2024-05-26,339.56
ORD001531,Standard,2026-06-28,2026-07-05,260.12
ORD001532,Express,2024-08-21,2024-08-26,261.2
ORD001533,Standard,2024-10-09,2024-10-11,64.18
ORD001534,Standard,2024-09-10,2024-09-12,275.2
ORD001535,Standard,2024-10-31,2024-11-08,296
ORD001536,Standard,2025-03-28,2025-04-01,247.92
ORD001537,Standard,2024-07-12,2024-07-20,55.5
ORD001538,Express,2025-02-02,2025-02-07,257.03
ORD001539,Same Day,2024-09-27,2024-10-04,255.5
ORD001540,Standard,2024-11-24,2024-11-27,269.91
ORD001541,Express,2026-05-31,2026-06-01,240.47
ORD001542,Standard,2026-07-31,2026-08-04,118.06
ORD001543,Standard,2026-04-29,2026-05-03,77.8
ORD001544,Standard,2025-07-24,2025-07-31,122.17
ORD001545,Standard,2025-09-27,2025-09-30,174.13
ORD001546,Standard,2024-06-27,2024-07-01,117.23
ORD001547,Standard,2024-12-22,2024-12-24,40.9
ORD001548,Standard,2024-03-08,2024-03-10,278.32
ORD001549,Standard,2026-01-01,2026-01-08,123.94
ORD001550,Standard,2025-02-11,2025-02-18,147.14
ORD001551,Standard,2024-11-09,2024-11-10,110.12
ORD001552,Express,2025-02-21,2025-03-01,175.76
ORD001553,Standard,2026-06-04,2026-06-06,77.29
ORD001554,Standard,2025-08-26,2025-08-28,120.2
ORD001555,Standard,2025-02-28,2025-03-02,219.3
ORD001556,Standard,2026-02-17,2026-02-18,79.74
ORD001557,Standard,2026-01-19,2026-01-22,82.36
ORD001558,Express,2025-12-21,2025-12-23,162.07
ORD001559,Standard,2026-05-19,2026-05-24,252.07
ORD001560,Standard,2025-03-18,2025-03-23,113.54
ORD001561,Standard,2024-08-23,2024-08-29,287.34
ORD001562,Standard,2026-02-10,2026-02-13,297.68
ORD001563,Same Day,2025-07-25,2025-07-27,311.71
ORD001564,Standard,2025-06-26,2025-06-30,189.38
ORD001565,Standard,2026-07-16,2026-07-21,79.4
ORD001566,Same Day,2024-07-13,2024-07-14,194.65
ORD001567,Standard,2026-06-15,2026-06-16,135.87
ORD001568,Express,2025-12-27,2026-01-04,274.22
ORD001569,Standard,2025-10-02,2025-10-06,188.05
ORD001570,Express,2024-05-04,2024-05-10,238.06
ORD001571,Standard,2025-08-29,2025-09-05,253.88
ORD001572,Standard,2024-06-10,2024-06-11,257.87
ORD001573,Express,2025-02-04,2025-02-06,304.05
ORD001574,Standard,2024-09-12,2024-09-14,42.77
ORD001575,Same Day,2026-03-26,2026-03-29,203.68
ORD001576,Standard,2025-05-08,2025-05-13,138.28
ORD001577,Express,2026-07-24,2026-07-30,363.17
ORD001578,Standard,2026-02-16,2026-02-22,41.51
ORD001579,Standard,2026-02-22,2026-02-24,75.1
ORD001580,Express,2025-01-24,2025-01-30,168.53
ORD001581,Express,2025-05-11,2025-05-14,262.46
ORD001582,Express,2026-03-01,2026-03-09,178.66
ORD001583,Standard,2024-11-13,2024-11-18,91.17
ORD001584,Standard,2025-07-04,2025-07-08,119.66
ORD001585,Standard,2025-07-05,2025-07-10,252.02
ORD001586,Standard,2025-06-06,2025-06-09,167.91
ORD001587,Express,2024-02-16,2024-02-23,116.66
ORD001588,Standard,2025-12-31,2026-01-08,122.53
ORD001589,Standard,2025-10-19,2025-10-24,212.94
ORD001590,Express,2024-05-02,2024-05-04,298.67
ORD001591,Standard,2026-05-04,2026-05-07,109.19
ORD001592,Same Day,2025-01-17,2025-01-25,283.18
ORD001593,Standard,2025-11-18,2025-11-22,191
ORD001594,Express,2026-06-06,2026-06-09,266.92
ORD001595,Express,2024-10-08,2024-10-14,196.06
ORD001596,Standard,2024-10-13,2024-10-16,243.04
ORD001597,Standard,2025-10-05,2025-10-09,78.35
ORD001598,Standard,2025-12-08,2025-12-16,213.46
ORD001599,Standard,2026-03-23,2026-03-25,96.44
ORD001600,Standard,2026-01-29,2026-02-04,92.13
ORD001601,Standard,2024-10-20,2024-10-27,152.88
ORD001602,Standard,2026-02-20,2026-02-22,130.85
ORD001603,Same Day,2024-03-30,2024-04-03,282
ORD001604,Standard,2024-02-07,2024-02-11,123.84
ORD001605,Express,2025-02-02,2025-02-07,127.04
ORD001606,Standard,2025-03-25,2025-03-28,70.06
ORD001607,Same Day,2024-02-15,2024-02-18,410.25
ORD001608,Same Day,2024-11-23,2024-11-30,351.81
ORD001609,Standard,2026-09-01,2026-09-09,39.37
ORD001610,Standard,2025-10-24,2025-10-31,247.64
ORD001611,Standard,2024-03-08,2024-03-10,187.68
ORD001612,Standard,2025-03-26,2025-03-29,198.85
ORD001613,Standard,2025-06-26,2025-07-02,38.77
ORD001614,Express,2024-03-02,2024-03-09,155.65
ORD001615,Express,2025-09-28,2025-09-29,329.59
ORD001616,Standard,2026-07-15,2026-07-22,277.09
ORD001617,Express,2024-03-02,2024-03-09,186.91
ORD001618,Standard,2025-10-08,2025-10-15,112.76
ORD001619,Same Day,2026-07-23,2026-07-26,235.85
ORD001620,Standard,2025-09-24,2025-09-25,48.72
ORD001621,Standard,2025-09-20,2025-09-27,45.62
ORD001622,Express,2026-08-02,2026-08-06,346.86
ORD001623,Express,2024-10-21,2024-10-23,338.47
ORD001624,Standard,2024-06-16,2024-06-20,61.72
ORD001625,Express,2024-02-16,2024-02-21,147.74
ORD001626,Express,2025-02-16,2025-02-23,113.81
ORD001627,Express,2025-03-08,2025-03-10,138.5
ORD001628,Same Day,2025-04-22,2025-04-30,399.08
ORD001629,Standard,2025-06-29,2025-07-02,220.4
ORD001630,Express,2026-08-30,2026-09-06,282.74
ORD001631,Express,2025-02-24,2025-03-02,158.3
ORD001632,Standard,2024-04-22,2024-04-29,121.66
ORD001633,Standard,2026-03-06,2026-03-09,205.57
ORD001634,Express,2024-06-10,2024-06-14,322.16
ORD001635,Standard,2024-01-26,2024-02-03,282.5
ORD001636,Express,2026-02-03,2026-02-10,107.41
ORD001637,Express,2026-04-02,2026-04-09,164.23
ORD001638,Standard,2026-01-29,2026-02-04,162.48
ORD001639,Standard,2026-02-21,2026-03-01,253.45
ORD001640,Standard,2026-03-19,2026-03-25,253.27
ORD001641,Same Day,2024-02-25,2024-03-02,325.39
ORD001642,Express,2024-07-27,2024-08-01,345.77
ORD001643,Standard,2025-10-02,2025-10-07,287.55
ORD001644,Standard,2025-12-23,2025-12-29,235.06
ORD001645,Standard,2026-07-14,2026-07-17,129.65
ORD001646,Standard,2025-02-24,2025-03-01,97.14
ORD001647,Express,2024-10-17,2024-10-18,170.97
ORD001648,Standard,2025-04-03,2025-04-04,237.89
ORD001649,Standard,2025-01-26,2025-02-01,64.4
ORD001650,Express,2026-04-20,2026-04-27,135.35
ORD001651,Same Day,2026-07-07,2026-07-13,393.15
ORD001652,Express,2026-06-28,2026-07-01,348.69
ORD001653,Standard,2024-05-19,2024-05-27,258.04
ORD001654,Same Day,2026-08-18,2026-08-21,272.99
ORD001655,Standard,2026-08-31,2026-09-08,212.03
ORD001656,Standard,2025-10-01,2025-10-08,170.6
ORD001657,Same Day,2025-06-12,2025-06-14,247.15
ORD001658,Same Day,2024-11-24,2024-11-30,245.23
ORD001659,Express,2025-04-06,2025-04-14,140.64
ORD001660,Standard,2025-11-06,2025-11-07,85.96
ORD001661,Standard,2026-06-12,2026-06-13,203.74
ORD001662,Express,2026-07-16,2026-07-20,238.19
ORD001663,Standard,2025-12-15,2025-12-22,255.95
ORD001664,Standard,2026-03-14,2026-03-20,110.5
ORD001665,Express,2026-01-08,2026-01-11,273.64
ORD001666,Standard,2026-07-26,2026-08-01,57.63
ORD001667,Same Day,2024-11-23,2024-12-01,194.86
ORD001668,Standard,2026-02-20,2026-02-24,182.05
ORD001669,Express,2025-08-09,2025-08-10,255.39
ORD001670,Standard,2024-01-17,2024-01-21,248.5
ORD001671,Standard,2025-10-06,2025-10-08,84.34
ORD001672,Same Day,2025-09-22,2025-09-26,298.99
ORD001673,Standard,2026-08-08,2026-08-09,69.3
ORD001674,Standard,2025-03-21,2025-03-25,273.6
ORD001675,Standard,2025-10-05,2025-10-13,150.38
ORD001676,Express,2025-05-25,2025-06-01,110.78
ORD001677,Express,2026-06-03,2026-06-08,257.03
ORD001678,Express,2024-07-23,2024-07-25,201.46
ORD001679,Standard,2025-12-18,2025-12-21,285.27
ORD001680,Express,2024-11-26,2024-12-01,295.55
ORD001681,Standard,2025-09-10,2025-09-11,149.97
ORD001682,Standard,2026-04-27,2026-04-29,223.03
ORD001683,Standard,2025-12-01,2025-12-05,281.17
ORD001684,Standard,2025-05-21,2025-05-22,106.23
ORD001685,Standard,2025-03-18,2025-03-24,242.67
ORD001686,Standard,2026-02-02,2026-02-08,267.06
ORD001687,Standard,2025-12-18,2025-12-20,130.84
ORD001688,Express,2025-01-04,2025-01-09,256.35
ORD001689,Standard,2025-07-16,2025-07-18,71.88
ORD001690,Standard,2025-02-26,2025-03-01,286.96
ORD001691,Standard,2026-08-27,2026-08-28,297.71
ORD001692,Standard,2024-05-26,2024-05-27,83.38
ORD001693,Express,2024-11-23,2024-11-30,185.41
ORD001694,Express,2024-01-17,2024-01-18,126.75
ORD001695,Standard,2025-08-31,2025-09-06,144.24
ORD001696,Standard,2024-10-05,2024-10-06,81.38
ORD001697,Standard,2026-04-30,2026-05-05,167.27
ORD001698,Express,2025-05-27,2025-06-03,359.53
ORD001699,Express,2025-11-14,2025-11-21,166.47
ORD001700,Same Day,2025-12-25,2025-12-28,346.76
ORD001701,Standard,2025-05-22,2025-05-23,294.17
ORD001702,Standard,2024-06-12,2024-06-19,202.81
ORD001703,Standard,2024-05-05,2024-05-10,190.06
ORD001704,Express,2025-12-07,2025-12-13,355.19
ORD001705,Standard,2025-04-04,2025-04-07,70.49
ORD001706,Standard,2024-08-28,2024-09-01,56.02
ORD001707,Express,2024-10-17,2024-10-25,271.93
ORD001708,Standard,2026-07-15,2026-07-18,39.58
ORD001709,Express,2026-07-24,2026-07-28,305.72
ORD001710,Express,2024-09-13,2024-09-16,325.99
ORD001711,Express,2026-06-23,2026-06-28,158.5
ORD001712,Standard,2025-06-28,2025-07-06,144.86
ORD001713,Standard,2026-01-16,2026-01-24,51.12
ORD001714,Standard,2026-03-02,2026-03-05,250.65
ORD001715,Express,2025-05-01,2025-05-03,310.69
ORD001716,Standard,2025-09-28,2025-09-30,251.01
ORD001717,Standard,2025-05-14,2025-05-15,149.18
ORD001718,Express,2025-10-25,2025-10-31,339.27
ORD001719,Standard,2026-01-22,2026-01-29,215.93
ORD001720,Standard,2024-10-18,2024-10-26,119.14
ORD001721,Standard,2024-01-13,2024-01-15,220.13
ORD001722,Standard,2025-11-01,2025-11-03,269.19
ORD001723,Standard,2024-06-03,2024-06-06,185.15
ORD001724,Express,2026-02-17,2026-02-20,146.55
ORD001725,Standard,2025-12-25,2026-01-01,252.88
ORD001726,Standard,2024-01-21,2024-01-22,59.79
ORD001727,Same Day,2024-05-27,2024-05-31,302.42
ORD001728,Standard,2025-03-22,2025-03-24,196.23
ORD001729,Standard,2024-02-06,2024-02-11,53.34
ORD001730,Standard,2025-06-09,2025-06-17,293.84
ORD001731,Express,2026-08-08,2026-08-16,150.13
ORD001732,Standard,2026-01-01,2026-01-07,197.3
ORD001733,Express,2024-03-25,2024-03-26,113.04
ORD001734,Express,2024-03-07,2024-03-10,365.68
ORD001735,Standard,2025-07-18,2025-07-20,60.69
ORD001736,Standard,2026-07-25,2026-07-27,50.02
ORD001737,Express,2024-01-28,2024-02-01,240.52
ORD001738,Standard,2024-02-16,2024-02-21,120.39
ORD001739,Standard,2024-05-21,2024-05-22,37.4
ORD001740,Standard,2025-02-12,2025-02-18,161.78
ORD001741,Standard,2026-01-04,2026-01-05,284.24
ORD001742,Standard,2024-08-03,2024-08-06,143.78
ORD001743,Standard,2025-08-20,2025-08-26,153.78
ORD001744,Same Day,2024-06-06,2024-06-13,438.04
ORD001745,Standard,2024-10-01,2024-10-03,107.46
ORD001746,Standard,2026-02-14,2026-02-16,215.01
ORD001747,Standard,2024-05-04,2024-05-12,101.65
ORD001748,Express,2025-11-20,2025-11-25,350.28
ORD001749,Standard,2025-02-02,2025-02-05,266.07
ORD001750,Standard,2025-08-07,2025-08-11,43.57
ORD001751,Standard,2026-04-20,2026-04-25,86.56
ORD001752,Same Day,2025-08-04,2025-08-05,224.36
ORD001753,Standard,2026-05-02,2026-05-05,213.28
ORD001754,Express,2025-02-03,2025-02-05,255.33
ORD001755,Standard,2026-08-01,2026-08-03,36.61
ORD001756,Standard,2025-11-15,2025-11-20,200.07
ORD001757,Express,2024-02-04,2024-02-12,275.55
ORD001758,Standard,2024-11-07,2024-11-08,219.15
ORD001759,Express,2024-02-25,2024-02-27,276.7
ORD001760,Express,2026-06-17,2026-06-18,212.16
ORD001761,Standard,2026-03-02,2026-03-10,286.64
ORD001762,Standard,2026-08-12,2026-08-20,86.12
ORD001763,Standard,2026-03-24,2026-04-01,107.64
ORD001764,Standard,2024-04-26,2024-04-28,89.46
ORD001765,Same Day,2025-12-13,2025-12-17,296.29
ORD001766,Express,2024-03-06,2024-03-11,364.91
ORD001767,Standard,2024-02-11,2024-02-19,293.33
ORD001768,Express,2024-01-15,2024-01-23,270.37
ORD001769,Standard,2026-06-18,2026-06-20,119.45
ORD001770,Express,2024-10-01,2024-10-07,299.74
ORD001771,Standard,2025-12-10,2025-12-14,291.69
ORD001772,Standard,2025-08-01,2025-08-02,247.08
ORD001773,Express,2026-01-03,2026-01-10,150.55
ORD001774,Standard,2026-04-21,2026-04-23,244.17
ORD001775,Standard,2026-01-16,2026-01-23,156.25
ORD001776,Express,2025-02-23,2025-03-03,243.93
ORD001777,Standard,2026-02-27,2026-03-02,142.85
ORD001778,Standard,2025-11-23,2025-11-26,297.23
ORD001779,Standard,2024-09-19,2024-09-22,57.58
ORD001780,Express,2026-02-11,2026-02-18,304.97
ORD001781,Standard,2025-06-04,2025-06-07,181.85
ORD001782,Express,2024-06-14,2024-06-19,107.48
ORD001783,Standard,2025-12-12,2025-12-14,68.56
ORD001784,Standard,2025-05-29,2025-06-03,105.55
ORD001785,Standard,2026-08-17,2026-08-23,174.49
ORD001786,Express,2025-12-29,2025-12-31,362.73
ORD001787,Standard,2025-01-20,2025-01-22,191.57
ORD001788,Standard,2024-08-14,2024-08-19,77.08
ORD001789,Express,2024-04-20,2024-04-22,368.56
ORD001790,Standard,2026-07-06,2026-07-14,164.1
ORD001791,Same Day,2026-04-01,2026-04-09,245.5
ORD001792,Same Day,2024-11-10,2024-11-17,360.02
ORD001793,Standard,2025-10-16,2025-10-20,125.18
ORD001794,Standard,2024-10-30,2024-11-07,54.19
ORD001795,Express,2024-03-11,2024-03-18,220.54
ORD001796,Express,2025-11-10,2025-11-15,367.26
ORD001797,Standard,2025-01-20,2025-01-21,226.91
ORD001798,Express,2025-10-14,2025-10-16,158.61
ORD001799,Express,2024-12-26,2024-12-28,279.16
ORD001800,Standard,2026-02-11,2026-02-17,264.35
ORD001801,Same Day,2026-06-23,2026-06-30,407.02
ORD001802,Same Day,2025-01-27,2025-02-01,240.53
ORD001803,Same Day,2024-09-17,2024-09-22,422.94
ORD001804,Express,2025-10-10,2025-10-14,357.14
ORD001805,Express,2025-04-28,2025-05-06,329.66
ORD001806,Standard,2025-04-08,2025-04-09,233.67
ORD001807,Standard,2025-09-01,2025-09-03,133.78
ORD001808,Standard,2025-04-20,2025-04-28,220.99
ORD001809,Same Day,2025-11-01,2025-11-09,272.98
ORD001810,Express,2024-06-30,2024-07-03,130.4
ORD001811,Standard,2024-12-07,2024-12-08,262.25
ORD001812,Express,2024-07-23,2024-07-25,293.77
ORD001813,Express,2026-04-07,2026-04-14,285.54
ORD001814,Standard,2024-12-17,2024-12-20,146.28
ORD001815,Same Day,2025-12-21,2025-12-23,420.85
ORD001816,Express,2026-08-30,2026-08-31,247.36
ORD001817,Standard,2025-03-18,2025-03-21,209.09
ORD001818,Express,2025-07-11,2025-07-18,247.65
ORD001819,Standard,2025-12-20,2025-12-28,148.6
ORD001820,Same Day,2025-11-12,2025-11-19,334.66
ORD001821,Standard,2026-08-11,2026-08-12,169.49
ORD001822,Standard,2025-11-14,2025-11-20,203.11
ORD001823,Express,2024-09-27,2024-09-29,297.64
ORD001824,Express,2025-03-02,2025-03-08,165.73
ORD001825,Standard,2024-05-18,2024-05-25,141.84
ORD001826,Standard,2024-04-27,2024-05-04,144.29
ORD001827,Express,2026-06-23,2026-06-29,315.77
ORD001828,Express,2024-08-07,2024-08-09,200.07
ORD001829,Express,2024-06-27,2024-07-03,336.23
ORD001830,Express,2024-03-14,2024-03-19,122.12
ORD001831,Express,2026-02-20,2026-02-28,212.66
ORD001832,Express,2024-06-20,2024-06-21,292.58
ORD001833,Standard,2026-08-19,2026-08-25,221.45
ORD001834,Express,2024-02-16,2024-02-23,178.28
ORD001835,Express,2026-08-14,2026-08-16,132.96
ORD001836,Standard,2026-02-07,2026-02-11,145.06
ORD001837,Standard,2025-02-23,2025-03-01,235.17
ORD001838,Standard,2024-03-18,2024-03-25,126.87
ORD001839,Standard,2025-12-23,2025-12-28,110.19
ORD001840,Express,2024-10-15,2024-10-17,292.14
ORD001841,Standard,2026-05-09,2026-05-13,184.83
ORD001842,Standard,2025-04-28,2025-04-30,120.93
ORD001843,Standard,2025-08-28,2025-08-31,67.88
ORD001844,Same Day,2025-08-13,2025-08-20,194.64
ORD001845,Standard,2024-12-17,2024-12-23,130.96
ORD001846,Standard,2024-10-03,2024-10-11,145.25
ORD001847,Express,2026-08-09,2026-08-17,240.21
ORD001848,Standard,2024-11-10,2024-11-11,190.41
ORD001849,Standard,2024-09-28,2024-10-02,252.68
ORD001850,Express,2026-03-17,2026-03-23,299.3
ORD001851,Standard,2025-12-05,2025-12-06,98.28
ORD001852,Standard,2025-04-20,2025-04-27,211.1
ORD001853,Express,2024-10-27,2024-11-01,128.79
ORD001854,Standard,2024-07-09,2024-07-12,272.68
ORD001855,Standard,2026-08-15,2026-08-21,128.09
ORD001856,Same Day,2024-03-16,2024-03-20,446.89
ORD001857,Express,2025-02-07,2025-02-11,277.98
ORD001858,Standard,2025-05-24,2025-05-28,207.91
ORD001859,Express,2025-06-09,2025-06-13,270.84
ORD001860,Standard,2025-10-08,2025-10-11,169.43
ORD001861,Standard,2024-05-05,2024-05-07,292.38
ORD001862,Standard,2024-02-26,2024-03-04,128.74
ORD001863,Standard,2024-10-02,2024-10-03,126.49
ORD001864,Standard,2024-07-30,2024-08-02,137.07
ORD001865,Standard,2024-12-12,2024-12-16,44.78
ORD001866,Standard,2025-09-11,2025-09-13,160.65
ORD001867,Standard,2024-09-01,2024-09-05,64.85
ORD001868,Express,2024-06-25,2024-07-01,140.03
ORD001869,Standard,2024-04-04,2024-04-10,131.45
ORD001870,Express,2025-05-15,2025-05-22,309.02
ORD001871,Standard,2025-04-17,2025-04-19,72.29
ORD001872,Standard,2024-01-06,2024-01-11,117.86
ORD001873,Express,2026-05-21,2026-05-24,141.23
ORD001874,Standard,2025-02-23,2025-02-27,64.01
ORD001875,Standard,2025-09-22,2025-09-26,178.39
ORD001876,Standard,2025-11-21,2025-11-29,224.35
ORD001877,Standard,2024-01-24,2024-01-30,185.56
ORD001878,Same Day,2024-07-30,2024-08-07,265.2
ORD001879,Standard,2025-12-03,2025-12-11,169.69
ORD001880,Standard,2024-12-30,2025-01-01,235.79
ORD001881,Standard,2025-01-24,2025-01-29,219.56
ORD001882,Express,2025-10-25,2025-10-29,299.71
ORD001883,Standard,2024-12-20,2024-12-26,218.93
ORD001884,Same Day,2026-07-22,2026-07-27,395.79
ORD001885,Express,2025-01-13,2025-01-16,138.67
ORD001886,Standard,2025-10-24,2025-10-27,113.72
ORD001887,Express,2025-01-26,2025-01-30,185.72
ORD001888,Standard,2024-06-12,2024-06-15,259.85
ORD001889,Express,2025-06-22,2025-06-29,306.07
ORD001890,Standard,2024-10-14,2024-10-16,110.97
ORD001891,Standard,2024-08-26,2024-09-01,125.84
ORD001892,Standard,2026-06-14,2026-06-20,296.01
ORD001893,Standard,2024-06-22,2024-06-30,156.69
ORD001894,Express,2024-03-22,2024-03-28,161.07
ORD001895,Standard,2025-07-01,2025-07-05,267.29
ORD001896,Express,2024-07-03,2024-07-06,132.74
ORD001897,Standard,2024-12-01,2024-12-03,236.33
ORD001898,Express,2025-06-01,2025-06-05,162.9
ORD001899,Express,2026-05-17,2026-05-18,368.02
ORD001900,Standard,2026-03-13,2026-03-19,102.78
ORD001901,Express,2026-01-03,2026-01-04,120.17
ORD001902,Standard,2025-01-24,2025-01-26,118.36
ORD001903,Standard,2025-11-25,2025-11-29,282.89
ORD001904,Standard,2025-04-24,2025-04-29,149.2
ORD001905,Standard,2026-02-08,2026-02-14,48.63
ORD001906,Express,2025-06-01,2025-06-04,280.22
ORD001907,Express,2025-01-12,2025-01-19,265.59
ORD001908,Standard,2024-11-05,2024-11-12,145.74
ORD001909,Standard,2024-08-09,2024-08-17,37.99
ORD001910,Standard,2025-08-29,2025-09-01,69.54
ORD001911,Express,2024-01-18,2024-01-20,236.16
ORD001912,Standard,2025-12-31,2026-01-06,96.71
ORD001913,Standard,2024-02-23,2024-02-27,266.87
ORD001914,Standard,2024-10-31,2024-11-08,252.91
ORD001915,Standard,2025-11-01,2025-11-06,216.35
ORD001916,Standard,2025-07-20,2025-07-28,174.47
ORD001917,Same Day,2024-03-13,2024-03-21,432.84
ORD001918,Standard,2024-01-14,2024-01-17,200.48
ORD001919,Standard,2024-01-29,2024-02-06,245.57
ORD001920,Standard,2025-02-20,2025-02-25,67.18
ORD001921,Standard,2024-10-21,2024-10-22,190.32
ORD001922,Standard,2025-03-27,2025-03-29,161.09
ORD001923,Express,2025-07-18,2025-07-22,264.19
ORD001924,Standard,2026-04-26,2026-04-27,273.78
ORD001925,Same Day,2025-10-15,2025-10-23,415.32
ORD001926,Standard,2025-09-24,2025-09-28,70.31
ORD001927,Express,2024-01-16,2024-01-20,271.79
ORD001928,Standard,2026-04-27,2026-05-04,158.34
ORD001929,Standard,2024-08-04,2024-08-06,282.12
ORD001930,Standard,2026-01-15,2026-01-20,224.28
ORD001931,Express,2024-06-20,2024-06-26,124.08
ORD001932,Express,2024-12-18,2024-12-21,254.71
ORD001933,Standard,2025-07-27,2025-08-03,231.08
ORD001934,Express,2025-11-12,2025-11-20,250.35
ORD001935,Express,2025-08-28,2025-08-30,229.86
ORD001936,Standard,2024-09-11,2024-09-13,143.47
ORD001937,Standard,2026-08-23,2026-08-25,173.27
ORD001938,Standard,2024-02-24,2024-02-27,188.93
ORD001939,Express,2025-07-23,2025-07-28,136.56
ORD001940,Same Day,2025-04-21,2025-04-22,237.48
ORD001941,Same Day,2025-02-28,2025-03-01,411.18
ORD001942,Standard,2024-06-18,2024-06-19,284.11
ORD001943,Express,2026-08-07,2026-08-14,313.5
ORD001944,Standard,2025-05-02,2025-05-08,206.24
ORD001945,Express,2025-05-14,2025-05-18,155.32
ORD001946,Express,2025-03-17,2025-03-20,284.91
ORD001947,Same Day,2024-06-14,2024-06-15,412.59
ORD001948,Same Day,2024-03-26,2024-03-31,199.66
ORD001949,Express,2026-08-17,2026-08-19,149.71
ORD001950,Standard,2024-05-17,2024-05-22,283.41
ORD001951,Express,2026-04-27,2026-05-05,285.3
ORD001952,Express,2024-11-16,2024-11-21,357.63
ORD001953,Standard,2024-02-11,2024-02-19,147.39
ORD001954,Standard,2025-02-06,2025-02-07,214.77
ORD001955,Standard,2025-06-23,2025-06-25,260.85
ORD001956,Same Day,2025-09-14,2025-09-20,436.75
ORD001957,Express,2025-05-26,2025-05-29,313.46
ORD001958,Same Day,2025-11-13,2025-11-20,273.14
ORD001959,Standard,2025-06-08,2025-06-16,196.13
ORD001960,Express,2026-04-07,2026-04-11,293.63
ORD001961,Express,2024-08-06,2024-08-12,158.98
ORD001962,Standard,2024-03-02,2024-03-06,249.68
ORD001963,Express,2026-01-11,2026-01-17,204.15
ORD001964,Standard,2024-09-04,2024-09-08,263.17
ORD001965,Standard,2026-08-24,2026-08-31,59.3
ORD001966,Express,2026-07-07,2026-07-09,291.27
ORD001967,Standard,2024-12-20,2024-12-21,147.66
ORD001968,Express,2025-02-04,2025-02-12,175.88
ORD001969,Standard,2026-03-14,2026-03-16,150.48
ORD001970,Express,2025-12-27,2025-12-31,202.11
ORD001971,Standard,2026-06-09,2026-06-11,165.12
ORD001972,Standard,2025-03-02,2025-03-05,224.03
ORD001973,Standard,2026-06-27,2026-06-29,121.2
ORD001974,Standard,2026-07-20,2026-07-24,48.79
ORD001975,Standard,2025-10-10,2025-10-11,64.53
ORD001976,Express,2024-01-06,2024-01-08,118.44
ORD001977,Standard,2024-08-05,2024-08-08,110.45
ORD001978,Standard,2025-06-04,2025-06-11,238.32
ORD001979,Express,2025-09-22,2025-09-24,355.45
ORD001980,Standard,2025-04-11,2025-04-16,95.65
ORD001981,Express,2024-10-21,2024-10-25,178.18
ORD001982,Standard,2024-03-07,2024-03-12,279.83
ORD001983,Standard,2026-06-27,2026-07-03,134.18
ORD001984,Standard,2025-04-06,2025-04-12,219.13
ORD001985,Standard,2024-08-24,2024-08-29,93.48
ORD001986,Express,2024-02-12,2024-02-13,132.12
ORD001987,Standard,2025-03-19,2025-03-24,279.87
ORD001988,Standard,2026-04-16,2026-04-17,291.28
ORD001989,Express,2026-01-21,2026-01-28,211.03
ORD001990,Standard,2025-08-19,2025-08-24,155.38
ORD001991,Standard,2026-05-27,2026-05-28,155.18
ORD001992,Express,2024-07-02,2024-07-05,220.28
ORD001993,Express,2024-12-04,2024-12-10,352.08
ORD001994,Standard,2026-02-07,2026-02-08,265.58
ORD001995,Standard,2024-06-15,2024-06-16,233.65
ORD001996,Standard,2026-08-15,2026-08-19,175.66
ORD001997,Standard,2024-03-13,2024-03-17,95.22
ORD001998,Standard,2024-01-07,2024-01-12,101.42
ORD001999,Standard,2024-10-04,2024-10-06,232.13
ORD002000,Standard,2026-02-24,2026-02-26,179.56
ORD002001,Standard,2024-10-14,2024-10-20,238.84
ORD002002,Express,2026-04-06,2026-04-09,326.16
ORD002003,Express,2026-07-26,2026-08-03,312.51
ORD002004,Standard,2025-06-19,2025-06-27,93.08
ORD002005,Standard,2024-12-27,2024-12-28,198.08
ORD002006,Standard,2024-04-17,2024-04-23,291.35
ORD002007,Same Day,2025-09-30,2025-10-04,249.41
ORD002008,Standard,2026-02-04,2026-02-08,121.51
ORD002009,Express,2025-07-27,2025-08-02,255.65
ORD002010,Standard,2024-02-15,2024-02-21,52.73
ORD002011,Standard,2025-11-12,2025-11-20,87.71
ORD002012,Standard,2024-11-20,2024-11-28,50.87
ORD002013,Same Day,2025-07-31,2025-08-02,345
ORD002014,Standard,2025-07-19,2025-07-23,203.42
ORD002015,Standard,2025-10-17,2025-10-25,242.85
ORD002016,Same Day,2024-02-11,2024-02-12,427.84
ORD002017,Standard,2024-05-22,2024-05-30,188.59
ORD002018,Standard,2026-05-21,2026-05-24,164.32
ORD002019,Standard,2025-05-26,2025-06-01,132.38
ORD002020,Standard,2024-10-19,2024-10-22,54.64
ORD002021,Express,2025-06-24,2025-06-26,252.04
ORD002022,Standard,2024-12-09,2024-12-11,218.12
ORD002023,Standard,2026-04-01,2026-04-03,279.86
ORD002024,Standard,2025-07-18,2025-07-25,185.14
ORD002025,Same Day,2026-08-17,2026-08-21,378.39
ORD002026,Standard,2025-11-06,2025-11-09,272.8
ORD002027,Standard,2024-11-17,2024-11-23,53.95
ORD002028,Same Day,2024-05-21,2024-05-28,305.5
ORD002029,Express,2026-07-04,2026-07-08,267.93
ORD002030,Standard,2024-04-22,2024-04-23,208.13
ORD002031,Standard,2024-09-11,2024-09-19,97.21
ORD002032,Same Day,2025-12-19,2025-12-26,214.59
ORD002033,Standard,2025-12-29,2026-01-02,124.89
ORD002034,Standard,2025-06-07,2025-06-10,113.99
ORD002035,Standard,2024-10-09,2024-10-13,132.11
ORD002036,Express,2025-07-17,2025-07-23,230.46
ORD002037,Standard,2024-07-17,2024-07-23,156.3
ORD002038,Standard,2025-02-28,2025-03-02,64.2
ORD002039,Standard,2024-05-08,2024-05-15,132.91
ORD002040,Standard,2024-04-30,2024-05-07,244.54
ORD002041,Standard,2025-08-14,2025-08-19,77.33
ORD002042,Standard,2024-09-13,2024-09-14,297.92
ORD002043,Standard,2024-02-20,2024-02-24,72.31
ORD002044,Express,2024-04-28,2024-05-06,190.61
ORD002045,Standard,2025-12-15,2025-12-20,210.25
ORD002046,Express,2024-06-02,2024-06-05,112.15
ORD002047,Express,2025-11-08,2025-11-10,275.64
ORD002048,Standard,2025-10-15,2025-10-18,156.12
ORD002049,Standard,2026-05-29,2026-06-03,172.71
ORD002050,Standard,2024-09-17,2024-09-18,60.26
ORD002051,Standard,2026-05-06,2026-05-08,298.94
ORD002052,Standard,2024-04-24,2024-05-01,148.53
ORD002053,Standard,2024-01-16,2024-01-19,41.87
ORD002054,Express,2024-12-24,2024-12-25,282.81
ORD002055,Standard,2024-10-11,2024-10-12,183.04
ORD002056,Standard,2025-03-26,2025-03-29,52.89
ORD002057,Express,2024-08-15,2024-08-16,242.8
ORD002058,Standard,2026-01-11,2026-01-16,146.27
ORD002059,Standard,2025-11-08,2025-11-13,93.45
ORD002060,Standard,2025-08-05,2025-08-09,295.26
ORD002061,Express,2026-02-15,2026-02-19,239.36
ORD002062,Same Day,2026-08-04,2026-08-07,394.19
ORD002063,Express,2024-01-23,2024-01-29,168.03
ORD002064,Standard,2024-12-17,2024-12-22,54.06
ORD002065,Express,2026-01-10,2026-01-15,170.82
ORD002066,Standard,2025-10-06,2025-10-09,67.71
ORD002067,Express,2025-01-01,2025-01-05,146.37
ORD002068,Express,2024-12-01,2024-12-04,368.79
ORD002069,Standard,2025-07-01,2025-07-03,43.08
ORD002070,Express,2025-12-09,2025-12-17,230.59
ORD002071,Standard,2026-06-08,2026-06-12,211.12
ORD002072,Standard,2024-03-17,2024-03-25,77.52
ORD002073,Express,2024-05-20,2024-05-24,209.94
ORD002074,Same Day,2024-09-20,2024-09-24,331.9
ORD002075,Standard,2025-10-23,2025-10-25,275.99
ORD002076,Express,2025-09-20,2025-09-24,236.39
ORD002077,Same Day,2026-02-04,2026-02-08,243.09
ORD002078,Standard,2025-11-05,2025-11-07,138.91
ORD002079,Express,2026-03-26,2026-03-30,357.05
ORD002080,Express,2024-08-23,2024-08-30,293.66
ORD002081,Standard,2025-01-03,2025-01-07,54.1
ORD002082,Standard,2025-10-06,2025-10-11,37.99
ORD002083,Standard,2024-06-10,2024-06-14,272.41
ORD002084,Standard,2024-08-04,2024-08-12,112.08
ORD002085,Express,2024-08-20,2024-08-23,244.37
ORD002086,Standard,2025-01-11,2025-01-12,218.6
ORD002087,Express,2026-05-05,2026-05-08,207.26
ORD002088,Standard,2025-07-02,2025-07-08,246.9
ORD002089,Same Day,2026-02-23,2026-02-26,282.9
ORD002090,Express,2024-08-25,2024-09-02,179.72
ORD002091,Express,2025-11-27,2025-12-01,316.65
ORD002092,Standard,2026-07-30,2026-08-04,114.37
ORD002093,Express,2025-09-02,2025-09-08,278.75
ORD002094,Standard,2024-06-28,2024-07-02,203.78
ORD002095,Same Day,2026-01-23,2026-01-30,292.1
ORD002096,Standard,2025-04-23,2025-05-01,255.47
ORD002097,Standard,2026-07-13,2026-07-19,259.31
ORD002098,Express,2024-04-28,2024-05-03,314.35
ORD002099,Standard,2026-01-27,2026-02-03,288.76
ORD002100,Express,2026-03-31,2026-04-04,307.98
ORD002101,Express,2025-07-12,2025-07-15,166.45
ORD002102,Express,2025-07-06,2025-07-13,136.72
ORD002103,Same Day,2024-07-04,2024-07-12,316.72
ORD002104,Standard,2026-04-05,2026-04-11,277.48
ORD002105,Standard,2025-03-29,2025-03-31,58.02
ORD002106,Express,2026-02-18,2026-02-26,282.16
ORD002107,Express,2024-12-13,2024-12-20,232.55
ORD002108,Standard,2025-11-14,2025-11-20,243.72
ORD002109,Standard,2024-06-20,2024-06-23,213.97
ORD002110,Standard,2026-04-05,2026-04-09,118.98
ORD002111,Standard,2024-03-01,2024-03-03,114.44
ORD002112,Standard,2025-11-22,2025-11-23,136.98
ORD002113,Standard,2024-10-27,2024-10-31,155.52
ORD002114,Standard,2025-11-16,2025-11-22,125.7
ORD002115,Express,2026-02-28,2026-03-05,107.57
ORD002116,Standard,2025-09-29,2025-10-01,79.51
ORD002117,Express,2025-04-25,2025-05-02,290.89
ORD002118,Standard,2026-06-27,2026-07-01,171.98
ORD002119,Express,2026-01-14,2026-01-19,221.05
ORD002120,Standard,2024-05-07,2024-05-11,205.98
ORD002121,Standard,2024-11-27,2024-11-29,78.65
ORD002122,Standard,2026-03-15,2026-03-16,197.78
ORD002123,Same Day,2025-10-03,2025-10-06,185.25
ORD002124,Standard,2026-05-29,2026-06-05,167.13
ORD002125,Express,2026-03-02,2026-03-05,313.68
ORD002126,Standard,2024-02-20,2024-02-22,280.8
ORD002127,Standard,2026-07-01,2026-07-02,175.42
ORD002128,Express,2026-01-23,2026-01-26,334.22
ORD002129,Express,2025-05-02,2025-05-09,341.67
ORD002130,Standard,2026-01-07,2026-01-10,265.27
ORD002131,Standard,2024-06-09,2024-06-16,199.41
ORD002132,Standard,2026-01-16,2026-01-18,239.24
ORD002133,Express,2024-11-12,2024-11-16,245.15
ORD002134,Express,2026-02-14,2026-02-20,126.92
ORD002135,Standard,2024-08-10,2024-08-13,157.67
ORD002136,Standard,2026-06-15,2026-06-22,269.96
ORD002137,Standard,2025-02-06,2025-02-07,228.62
ORD002138,Standard,2026-06-07,2026-06-09,283.38
ORD002139,Standard,2025-01-15,2025-01-22,233.44
ORD002140,Standard,2026-06-07,2026-06-09,207.2
ORD002141,Express,2026-03-24,2026-03-29,137.77
ORD002142,Standard,2025-06-29,2025-07-07,239.53
ORD002143,Standard,2024-04-23,2024-04-26,227.47
ORD002144,Standard,2026-05-01,2026-05-08,223.18
ORD002145,Same Day,2026-05-04,2026-05-06,416.86
ORD002146,Express,2025-10-17,2025-10-19,268.84
ORD002147,Express,2024-08-11,2024-08-18,291.3
ORD002148,Express,2025-06-23,2025-06-26,299.87
ORD002149,Standard,2026-01-17,2026-01-22,226.17
ORD002150,Standard,2025-12-30,2026-01-01,239.01
ORD002151,Standard,2025-07-12,2025-07-19,99.15
ORD002152,Express,2025-10-09,2025-10-12,279.96
ORD002153,Express,2024-08-21,2024-08-28,169.77
ORD002154,Express,2024-03-28,2024-04-04,141.86
ORD002155,Express,2024-04-10,2024-04-11,335.15
ORD002156,Standard,2026-01-08,2026-01-10,81.22
ORD002157,Standard,2026-04-21,2026-04-29,49.61
ORD002158,Standard,2026-03-11,2026-03-15,53.9
ORD002159,Standard,2026-08-05,2026-08-09,191.01
ORD002160,Standard,2025-12-23,2025-12-28,211.95
ORD002161,Standard,2024-05-05,2024-05-11,183.62
ORD002162,Standard,2025-02-06,2025-02-10,72.55
ORD002163,Express,2024-03-22,2024-03-23,258.53
ORD002164,Same Day,2025-10-18,2025-10-23,427.32
ORD002165,Express,2025-02-11,2025-02-15,258.19
ORD002166,Express,2026-02-16,2026-02-23,200.62
ORD002167,Same Day,2024-08-09,2024-08-14,357.81
ORD002168,Standard,2024-12-14,2024-12-15,100.42
ORD002169,Standard,2026-02-05,2026-02-07,207.91
ORD002170,Standard,2024-02-15,2024-02-17,73.35
ORD002171,Standard,2025-05-21,2025-05-29,82.66
ORD002172,Standard,2025-06-18,2025-06-26,166.48
ORD002173,Standard,2024-01-21,2024-01-29,222.49
ORD002174,Express,2026-06-26,2026-06-28,247.41
ORD002175,Standard,2026-04-20,2026-04-23,269.22
ORD002176,Standard,2026-08-23,2026-08-29,99.76
ORD002177,Standard,2026-07-10,2026-07-11,290
ORD002178,Standard,2024-07-08,2024-07-15,128.43
ORD002179,Standard,2025-03-13,2025-03-14,246.71
ORD002180,Express,2025-06-24,2025-07-01,353.89
ORD002181,Standard,2024-11-08,2024-11-10,273.19
ORD002182,Express,2024-07-20,2024-07-28,149.94
ORD002183,Standard,2025-07-19,2025-07-25,247.09
ORD002184,Same Day,2025-01-21,2025-01-27,406.62
ORD002185,Standard,2025-12-13,2025-12-18,84.04
ORD002186,Express,2025-08-04,2025-08-06,270.44
ORD002187,Express,2024-07-07,2024-07-13,128.75
ORD002188,Standard,2026-04-09,2026-04-11,243.44
ORD002189,Express,2026-08-26,2026-09-03,252.88
ORD002190,Standard,2026-03-11,2026-03-17,70.39
ORD002191,Express,2026-02-05,2026-02-08,333.01
ORD002192,Express,2026-03-14,2026-03-20,144.49
ORD002193,Standard,2024-06-02,2024-06-09,187.08
ORD002194,Express,2026-06-28,2026-07-03,204.94
ORD002195,Express,2024-07-01,2024-07-07,277.32
ORD002196,Standard,2024-08-19,2024-08-22,283.97
ORD002197,Standard,2025-08-01,2025-08-08,146.93
ORD002198,Express,2024-01-25,2024-01-28,338.07
ORD002199,Standard,2026-02-23,2026-03-02,53.13
ORD002200,Standard,2026-02-09,2026-02-15,279.6
ORD002201,Standard,2025-06-17,2025-06-22,198.28
ORD002202,Standard,2025-10-28,2025-11-04,299.44
ORD002203,Standard,2025-07-29,2025-08-01,60.09
ORD002204,Express,2026-07-08,2026-07-13,323.84
ORD002205,Standard,2024-05-26,2024-06-03,68.9
ORD002206,Standard,2026-05-21,2026-05-22,204.81
ORD002207,Standard,2024-06-02,2024-06-07,288.4
ORD002208,Standard,2025-08-10,2025-08-18,242.08
ORD002209,Express,2024-08-12,2024-08-14,134.19
ORD002210,Express,2026-05-03,2026-05-11,148.01
ORD002211,Standard,2024-12-13,2024-12-19,166.25
ORD002212,Express,2025-07-09,2025-07-13,347.49
ORD002213,Standard,2025-06-07,2025-06-10,241.53
ORD002214,Standard,2024-06-20,2024-06-25,136.56
ORD002215,Express,2025-06-13,2025-06-16,187.14
ORD002216,Standard,2024-02-28,2024-03-07,210.57
ORD002217,Standard,2024-03-19,2024-03-24,145.84
ORD002218,Standard,2026-04-26,2026-05-03,251.39
ORD002219,Same Day,2025-09-20,2025-09-23,393.83
ORD002220,Standard,2026-01-28,2026-02-05,117.82
ORD002221,Express,2025-10-09,2025-10-13,210.33
ORD002222,Same Day,2025-02-26,2025-03-03,434.57
ORD002223,Standard,2024-10-04,2024-10-09,280.67
ORD002224,Standard,2025-02-05,2025-02-13,155.23
ORD002225,Standard,2026-01-14,2026-01-21,101.79
ORD002226,Same Day,2024-05-21,2024-05-25,408.31
ORD002227,Standard,2025-05-21,2025-05-22,121.28
ORD002228,Standard,2025-08-03,2025-08-05,254.14
ORD002229,Standard,2025-06-21,2025-06-26,126.48
ORD002230,Standard,2025-04-10,2025-04-16,118.23
ORD002231,Same Day,2025-01-04,2025-01-05,350.68
ORD002232,Standard,2025-04-25,2025-05-02,206.59
ORD002233,Standard,2026-07-12,2026-07-20,143.16
ORD002234,Standard,2025-01-26,2025-01-29,232.84
ORD002235,Standard,2025-11-17,2025-11-24,234.73
ORD002236,Standard,2024-12-21,2024-12-26,177.83
ORD002237,Same Day,2025-11-16,2025-11-19,431.86
ORD002238,Standard,2024-06-23,2024-07-01,92.75
ORD002239,Express,2025-06-07,2025-06-15,247.06
ORD002240,Standard,2024-02-27,2024-03-06,77.41
ORD002241,Standard,2025-02-14,2025-02-21,121.83
ORD002242,Express,2026-01-31,2026-02-06,161.81
ORD002243,Standard,2024-01-18,2024-01-23,180.72
ORD002244,Standard,2025-08-28,2025-08-29,162.98
ORD002245,Standard,2025-06-17,2025-06-23,134.66
ORD002246,Standard,2025-05-21,2025-05-23,203.92
ORD002247,Standard,2026-06-15,2026-06-17,184.84
ORD002248,Standard,2025-07-13,2025-07-17,90.93
ORD002249,Standard,2025-04-07,2025-04-13,107.58
ORD002250,Express,2025-10-16,2025-10-18,160.51
ORD002251,Express,2025-05-05,2025-05-07,267.21
ORD002252,Express,2025-02-20,2025-02-26,281.6
ORD002253,Standard,2025-01-10,2025-01-14,172.39
ORD002254,Same Day,2024-06-25,2024-06-28,303.34
ORD002255,Standard,2024-03-31,2024-04-04,43.79
ORD002256,Same Day,2024-12-11,2024-12-19,195.33
ORD002257,Express,2025-02-21,2025-02-26,335.48
ORD002258,Standard,2026-08-18,2026-08-20,269.89
ORD002259,Standard,2025-02-13,2025-02-15,229.47
ORD002260,Express,2025-07-02,2025-07-04,280.86
ORD002261,Express,2026-03-14,2026-03-21,349.05
ORD002262,Standard,2026-08-01,2026-08-02,257.73
ORD002263,Standard,2025-12-12,2025-12-13,185.88
ORD002264,Standard,2025-09-06,2025-09-10,121.01
ORD002265,Standard,2026-06-25,2026-06-26,143.61
ORD002266,Standard,2024-03-09,2024-03-16,219.88
ORD002267,Standard,2025-04-16,2025-04-21,255.99
ORD002268,Standard,2024-07-03,2024-07-10,121.71
ORD002269,Express,2024-07-22,2024-07-28,286.34
ORD002270,Express,2025-09-25,2025-10-02,139.48
ORD002271,Standard,2024-03-09,2024-03-14,107.12
ORD002272,Standard,2024-06-03,2024-06-04,209.64
ORD002273,Standard,2024-06-09,2024-06-14,202.09
ORD002274,Standard,2026-02-09,2026-02-16,276.33
ORD002275,Standard,2024-01-04,2024-01-11,41.22
ORD002276,Standard,2025-01-14,2025-01-22,136.39
ORD002277,Standard,2026-06-08,2026-06-13,236.8
ORD002278,Express,2024-12-07,2024-12-11,225.91
ORD002279,Express,2024-10-14,2024-10-21,120.89
ORD002280,Express,2024-10-03,2024-10-04,226.81
ORD002281,Standard,2025-02-08,2025-02-16,169.2
ORD002282,Express,2024-07-10,2024-07-14,108
ORD002283,Standard,2025-08-14,2025-08-17,265.57
ORD002284,Same Day,2026-08-23,2026-08-25,329.99
ORD002285,Standard,2024-04-18,2024-04-25,131.41
ORD002286,Express,2026-07-27,2026-08-01,283.63
ORD002287,Standard,2026-08-15,2026-08-19,169.97
ORD002288,Standard,2025-08-15,2025-08-20,142.9
ORD002289,Standard,2024-08-18,2024-08-25,268.47
ORD002290,Same Day,2024-08-17,2024-08-22,419.24
ORD002291,Express,2024-01-28,2024-02-04,342.25
ORD002292,Express,2025-07-29,2025-07-30,312.94
ORD002293,Standard,2025-11-30,2025-12-01,283.78
ORD002294,Standard,2025-10-07,2025-10-09,200.28
ORD002295,Same Day,2024-03-18,2024-03-22,416.26
ORD002296,Standard,2024-07-25,2024-07-27,113.68
ORD002297,Express,2026-03-24,2026-03-30,340.77
ORD002298,Standard,2024-04-02,2024-04-03,274.8
ORD002299,Same Day,2024-07-28,2024-07-30,206.96
ORD002300,Express,2024-08-08,2024-08-12,147.19
ORD002301,Standard,2024-09-01,2024-09-06,270.23
ORD002302,Express,2025-09-29,2025-10-03,255.97
ORD002303,Standard,2026-04-04,2026-04-09,222.86
ORD002304,Express,2026-03-07,2026-03-10,330.14
ORD002305,Standard,2024-05-07,2024-05-10,102.56
ORD002306,Standard,2024-05-17,2024-05-24,89.47
ORD002307,Express,2025-06-12,2025-06-14,334.83
ORD002308,Standard,2026-07-01,2026-07-03,158.96
ORD002309,Standard,2026-03-06,2026-03-12,78.21
ORD002310,Express,2025-08-22,2025-08-28,168.68
ORD002311,Standard,2024-10-14,2024-10-22,70.38
ORD002312,Express,2025-06-09,2025-06-17,271.95
ORD002313,Standard,2025-10-12,2025-10-15,298.93
ORD002314,Express,2026-06-07,2026-06-13,284.47
ORD002315,Standard,2025-06-01,2025-06-07,37.21
ORD002316,Standard,2024-03-27,2024-04-03,128.77
ORD002317,Standard,2024-01-10,2024-01-11,213.55
ORD002318,Standard,2024-08-24,2024-08-30,147.2
ORD002319,Express,2026-04-26,2026-04-28,154.77
ORD002320,Express,2024-01-07,2024-01-08,348.03
ORD002321,Express,2025-10-13,2025-10-17,235.92
ORD002322,Standard,2024-11-09,2024-11-11,38.56
ORD002323,Express,2025-08-25,2025-08-28,324.55
ORD002324,Standard,2026-08-18,2026-08-20,149.49
ORD002325,Standard,2026-01-08,2026-01-11,61.96
ORD002326,Standard,2025-01-11,2025-01-17,169.78
ORD002327,Express,2024-10-22,2024-10-23,279.97
ORD002328,Standard,2026-04-14,2026-04-22,284.82
ORD002329,Express,2024-05-17,2024-05-22,143.3
ORD002330,Express,2026-06-19,2026-06-23,173.29
ORD002331,Express,2026-01-27,2026-01-30,284.44
ORD002332,Standard,2025-05-19,2025-05-23,100.23
ORD002333,Standard,2025-06-30,2025-07-08,271.83
ORD002334,Express,2025-11-15,2025-11-23,356.17
ORD002335,Standard,2025-04-23,2025-04-25,67.07
ORD002336,Express,2024-10-02,2024-10-10,216.09
ORD002337,Standard,2024-02-04,2024-02-09,204.05
ORD002338,Standard,2026-05-26,2026-06-03,45.44
ORD002339,Standard,2024-04-17,2024-04-24,264.9
ORD002340,Standard,2024-05-04,2024-05-10,50.94
ORD002341,Standard,2025-03-30,2025-04-06,97.62
ORD002342,Express,2026-05-09,2026-05-13,214.31
ORD002343,Standard,2025-08-05,2025-08-08,248.84
ORD002344,Express,2026-01-23,2026-01-26,354.9
ORD002345,Standard,2025-10-18,2025-10-23,232.43
ORD002346,Standard,2024-06-20,2024-06-21,241.42
ORD002347,Same Day,2025-08-17,2025-08-24,278.27
ORD002348,Express,2025-03-05,2025-03-11,265.69
ORD002349,Express,2026-06-24,2026-06-26,160.89
ORD002350,Express,2026-08-24,2026-08-29,151.03
ORD002351,Express,2026-04-11,2026-04-14,129.74
ORD002352,Express,2025-04-05,2025-04-06,181.67
ORD002353,Standard,2024-03-13,2024-03-16,193
ORD002354,Express,2025-04-25,2025-04-28,111.34
ORD002355,Express,2025-12-26,2026-01-01,199.66
ORD002356,Standard,2025-06-18,2025-06-20,105.4
ORD002357,Standard,2024-04-11,2024-04-12,127.9
ORD002358,Same Day,2026-06-04,2026-06-08,188.79
ORD002359,Standard,2024-09-29,2024-10-02,121.21
ORD002360,Same Day,2025-04-23,2025-04-28,330.58
ORD002361,Standard,2025-12-02,2025-12-06,292.59
ORD002362,Standard,2025-11-16,2025-11-20,53.53
ORD002363,Express,2026-08-06,2026-08-09,361.32
ORD002364,Express,2026-04-15,2026-04-17,241.33
ORD002365,Standard,2026-08-04,2026-08-05,244.91
ORD002366,Standard,2025-08-11,2025-08-12,83.51
ORD002367,Standard,2024-06-16,2024-06-17,253.5
ORD002368,Express,2024-04-07,2024-04-13,255.37
ORD002369,Express,2026-08-08,2026-08-11,351.8
ORD002370,Express,2024-10-13,2024-10-18,148.63
ORD002371,Standard,2024-01-09,2024-01-11,144.13
ORD002372,Standard,2025-08-31,2025-09-06,201.37
ORD002373,Express,2024-02-20,2024-02-25,286.53
ORD002374,Standard,2026-06-08,2026-06-10,131.71
ORD002375,Standard,2024-04-29,2024-05-01,293.62
ORD002376,Standard,2026-07-27,2026-07-30,158.8
ORD002377,Same Day,2024-05-21,2024-05-28,211.14
ORD002378,Standard,2026-08-15,2026-08-20,285.22
ORD002379,Express,2024-02-09,2024-02-14,106.26
ORD002380,Standard,2025-07-06,2025-07-14,277.96
ORD002381,Express,2026-04-11,2026-04-12,218.67
ORD002382,Express,2024-10-16,2024-10-22,283.4
ORD002383,Standard,2025-12-03,2025-12-05,110.43
ORD002384,Standard,2024-01-11,2024-01-16,54.53
ORD002385,Same Day,2024-10-23,2024-10-30,447.69
ORD002386,Standard,2025-12-21,2025-12-24,242.8
ORD002387,Express,2026-03-23,2026-03-25,252.98
ORD002388,Standard,2026-08-14,2026-08-21,162.99
ORD002389,Express,2026-03-11,2026-03-18,164.4
ORD002390,Standard,2025-04-12,2025-04-20,280.32
ORD002391,Standard,2025-07-18,2025-07-19,280.91
ORD002392,Standard,2024-05-15,2024-05-18,222.76
ORD002393,Standard,2026-02-01,2026-02-03,97.1
ORD002394,Standard,2025-03-11,2025-03-18,70.35
ORD002395,Same Day,2025-05-24,2025-05-27,436.6
ORD002396,Express,2026-01-08,2026-01-11,301.37
ORD002397,Standard,2024-08-24,2024-08-26,227.26
ORD002398,Express,2026-07-12,2026-07-17,149.89
ORD002399,Express,2026-04-29,2026-05-05,300.02
ORD002400,Standard,2024-09-15,2024-09-18,126.51
ORD002401,Same Day,2025-02-22,2025-02-25,444.14
ORD002402,Express,2025-03-10,2025-03-16,261.93
ORD002403,Express,2026-03-11,2026-03-15,179.91
ORD002404,Express,2024-09-10,2024-09-18,121.09
ORD002405,Standard,2024-09-16,2024-09-23,112.24
ORD002406,Standard,2026-03-01,2026-03-02,97.16
ORD002407,Standard,2024-01-29,2024-02-06,287.2
ORD002408,Express,2026-02-23,2026-02-25,358.99
ORD002409,Standard,2024-01-16,2024-01-23,38.53
ORD002410,Express,2024-04-21,2024-04-24,327.73
ORD002411,Standard,2024-12-17,2024-12-22,87.02
ORD002412,Express,2025-04-11,2025-04-19,137.51
ORD002413,Standard,2024-03-25,2024-04-01,219.21
ORD002414,Standard,2024-10-12,2024-10-19,203.42
ORD002415,Standard,2025-12-23,2025-12-24,237.91
ORD002416,Standard,2025-07-01,2025-07-09,252.33
ORD002417,Standard,2025-09-04,2025-09-06,249.76
ORD002418,Standard,2024-12-09,2024-12-13,292.51
ORD002419,Express,2025-09-16,2025-09-24,302.55
ORD002420,Express,2026-08-05,2026-08-06,178.96
ORD002421,Standard,2024-06-02,2024-06-06,94.81
ORD002422,Standard,2024-05-24,2024-05-30,224.76
ORD002423,Standard,2025-03-02,2025-03-07,109.88
ORD002424,Express,2024-01-28,2024-02-05,221.63
ORD002425,Same Day,2025-11-15,2025-11-18,288.83
ORD002426,Standard,2025-11-03,2025-11-08,45.15
ORD002427,Standard,2024-03-11,2024-03-15,295.91
ORD002428,Standard,2024-10-06,2024-10-09,225.47
ORD002429,Same Day,2024-03-10,2024-03-12,316.26
ORD002430,Standard,2025-05-29,2025-05-31,277.05
ORD002431,Standard,2026-04-24,2026-04-30,42.4
ORD002432,Express,2025-05-22,2025-05-29,239.1
ORD002433,Standard,2025-12-03,2025-12-07,182.44
ORD002434,Standard,2024-10-29,2024-10-31,65.89
ORD002435,Standard,2024-08-11,2024-08-17,268.3
ORD002436,Standard,2024-09-30,2024-10-04,213
ORD002437,Express,2024-07-09,2024-07-16,273.1
ORD002438,Express,2025-09-04,2025-09-07,348.72
ORD002439,Standard,2025-04-02,2025-04-10,118.96
ORD002440,Express,2026-06-25,2026-06-28,304.93
ORD002441,Standard,2024-08-09,2024-08-16,130.39
ORD002442,Standard,2026-05-17,2026-05-25,179.89
ORD002443,Express,2025-11-10,2025-11-15,321.56
ORD002444,Standard,2026-05-21,2026-05-28,221.35
ORD002445,Standard,2025-12-04,2025-12-11,128.75
ORD002446,Standard,2025-08-24,2025-08-25,149.36
ORD002447,Same Day,2025-04-01,2025-04-02,242.69
ORD002448,Express,2024-10-25,2024-10-29,336.88
ORD002449,Standard,2025-07-14,2025-07-15,234.31
ORD002450,Standard,2026-02-18,2026-02-24,207.95
ORD002451,Standard,2025-06-10,2025-06-15,277.61
ORD002452,Same Day,2025-03-26,2025-03-30,419.06
ORD002453,Standard,2025-07-10,2025-07-14,84.53
ORD002454,Same Day,2026-04-30,2026-05-06,369.5
ORD002455,Standard,2025-09-04,2025-09-11,236.52
ORD002456,Standard,2024-06-13,2024-06-16,121.94
ORD002457,Standard,2026-03-22,2026-03-28,227.6
ORD002458,Standard,2024-06-04,2024-06-09,251.12
ORD002459,Standard,2025-11-19,2025-11-21,76.79
ORD002460,Standard,2025-01-01,2025-01-05,266.79
ORD002461,Standard,2026-03-21,2026-03-28,75.86
ORD002462,Standard,2026-07-11,2026-07-12,221.41
ORD002463,Standard,2026-07-07,2026-07-13,259.91
ORD002464,Standard,2024-04-20,2024-04-25,170.09
ORD002465,Standard,2025-10-20,2025-10-26,168.64
ORD002466,Same Day,2026-08-07,2026-08-11,345.47
ORD002467,Standard,2025-01-29,2025-02-04,46.78
ORD002468,Express,2024-01-30,2024-02-01,175.45
ORD002469,Express,2024-01-14,2024-01-18,314.24
ORD002470,Standard,2026-08-14,2026-08-22,293.83
ORD002471,Standard,2024-10-10,2024-10-14,160.67
ORD002472,Standard,2026-03-21,2026-03-25,159.05
ORD002473,Standard,2024-08-23,2024-08-28,179.76
ORD002474,Standard,2025-05-07,2025-05-12,111.7
ORD002475,Standard,2025-08-14,2025-08-22,170.28
ORD002476,Same Day,2024-11-04,2024-11-07,226.48
ORD002477,Express,2026-02-14,2026-02-20,184.89
ORD002478,Standard,2026-04-17,2026-04-22,241.11
ORD002479,Standard,2024-04-23,2024-05-01,178.92
ORD002480,Same Day,2024-12-18,2024-12-22,237.47
ORD002481,Standard,2025-07-25,2025-07-27,40.6
ORD002482,Express,2024-01-25,2024-02-01,190.49
ORD002483,Standard,2025-05-23,2025-05-24,244.48
ORD002484,Standard,2025-10-29,2025-10-30,56.09
ORD002485,Standard,2026-03-18,2026-03-23,158.51
ORD002486,Standard,2026-01-30,2026-01-31,55.13
ORD002487,Standard,2025-06-14,2025-06-15,294.15
ORD002488,Standard,2025-07-14,2025-07-19,204.93
ORD002489,Standard,2026-06-07,2026-06-13,165.65
ORD002490,Standard,2024-03-25,2024-03-29,291.59
ORD002491,Standard,2026-03-18,2026-03-26,244.51
ORD002492,Express,2025-10-05,2025-10-11,123.69
ORD002493,Standard,2025-07-06,2025-07-11,42.84
ORD002494,Standard,2025-07-17,2025-07-19,119.2
ORD002495,Express,2025-12-07,2025-12-11,353.54
ORD002496,Express,2026-04-05,2026-04-06,213.71
ORD002497,Express,2025-11-28,2025-12-04,237.62
ORD002498,Standard,2025-01-05,2025-01-09,85.38
ORD002499,Standard,2024-12-27,2024-12-30,246.48
ORD002500,Standard,2024-03-05,2024-03-07,89.74
ORD002501,Same Day,2026-04-07,2026-04-11,223.38
ORD002502,Standard,2025-12-28,2025-12-30,173.98
ORD002503,Express,2025-09-07,2025-09-13,122.44
ORD002504,Express,2025-11-05,2025-11-10,152.72
ORD002505,Express,2025-08-19,2025-08-27,109.38
ORD002506,Standard,2025-01-21,2025-01-27,122.59
ORD002507,Standard,2025-03-22,2025-03-28,236.07
ORD002508,Standard,2024-09-28,2024-09-29,101.48
ORD002509,Standard,2025-03-12,2025-03-20,174.42
ORD002510,Standard,2024-02-02,2024-02-09,246.81
ORD002511,Express,2024-08-16,2024-08-17,328.84
ORD002512,Standard,2024-05-14,2024-05-15,75.52
ORD002513,Standard,2026-06-17,2026-06-25,262.99
ORD002514,Standard,2025-03-07,2025-03-10,200.85
ORD002515,Same Day,2024-12-09,2024-12-17,300.13
ORD002516,Express,2025-11-24,2025-11-28,270.03
ORD002517,Same Day,2024-10-31,2024-11-02,413.55
ORD002518,Standard,2026-06-23,2026-06-26,77.05
ORD002519,Express,2026-02-23,2026-02-24,107.93
ORD002520,Standard,2024-07-01,2024-07-03,236.02
ORD002521,Express,2026-05-24,2026-05-28,295.41
ORD002522,Standard,2025-10-18,2025-10-20,217.73
ORD002523,Standard,2025-07-05,2025-07-07,207.03
ORD002524,Standard,2025-05-09,2025-05-10,275.45
ORD002525,Express,2024-06-27,2024-06-29,123.84
ORD002526,Standard,2026-03-17,2026-03-20,282.32
ORD002527,Standard,2026-01-06,2026-01-08,222.53
ORD002528,Standard,2025-03-14,2025-03-18,173.78
ORD002529,Standard,2024-07-28,2024-08-02,37.03
ORD002530,Standard,2024-12-18,2024-12-25,199.79
ORD002531,Express,2026-06-09,2026-06-11,291.07
ORD002532,Express,2025-10-15,2025-10-17,229.11
ORD002533,Express,2024-11-15,2024-11-17,225.99
ORD002534,Same Day,2025-06-02,2025-06-10,401.43
ORD002535,Standard,2026-09-02,2026-09-07,298.29
ORD002536,Standard,2024-11-10,2024-11-14,286.09
ORD002537,Same Day,2026-06-12,2026-06-15,262.64
ORD002538,Standard,2024-07-18,2024-07-20,289.55
ORD002539,Express,2025-07-06,2025-07-14,351.03
ORD002540,Express,2024-03-28,2024-04-02,330.42
ORD002541,Standard,2024-09-07,2024-09-13,72.92
ORD002542,Standard,2024-06-24,2024-06-30,109.15
ORD002543,Standard,2025-12-03,2025-12-10,119.56
ORD002544,Standard,2024-01-16,2024-01-19,142.43
ORD002545,Express,2025-02-01,2025-02-03,162.85
ORD002546,Express,2024-07-19,2024-07-22,146.37
ORD002547,Standard,2024-12-01,2024-12-09,218.64
ORD002548,Standard,2024-08-25,2024-08-29,293.93
ORD002549,Express,2026-05-30,2026-06-07,111.96
ORD002550,Express,2025-05-03,2025-05-05,175.94
ORD002551,Standard,2024-12-21,2024-12-26,172.94
ORD002552,Standard,2025-01-05,2025-01-11,70.73
ORD002553,Express,2026-04-21,2026-04-27,137.93
ORD002554,Express,2025-09-28,2025-10-01,224.39
ORD002555,Express,2025-10-20,2025-10-24,269.29
ORD002556,Standard,2025-04-13,2025-04-15,285.59
ORD002557,Express,2025-02-01,2025-02-09,166
ORD002558,Standard,2026-03-09,2026-03-17,227.98
ORD002559,Standard,2024-11-11,2024-11-12,201.54
ORD002560,Standard,2024-04-20,2024-04-26,171.33
ORD002561,Standard,2024-08-29,2024-09-05,208.99
ORD002562,Standard,2025-07-08,2025-07-15,105.62
ORD002563,Express,2024-07-29,2024-08-03,281.42
ORD002564,Express,2024-09-01,2024-09-08,182.23
ORD002565,Standard,2025-10-24,2025-10-31,122.42
ORD002566,Same Day,2026-08-26,2026-08-30,436.29
ORD002567,Standard,2026-08-06,2026-08-10,276.08
ORD002568,Standard,2024-06-01,2024-06-07,41.33
ORD002569,Same Day,2024-07-01,2024-07-07,295.43
ORD002570,Standard,2025-03-22,2025-03-28,207.98
ORD002571,Standard,2025-10-11,2025-10-15,115.22
ORD002572,Express,2024-05-07,2024-05-15,108.07
ORD002573,Express,2025-01-29,2025-02-01,231.17
ORD002574,Standard,2025-07-21,2025-07-23,52.27
ORD002575,Same Day,2024-03-31,2024-04-08,253.55
ORD002576,Standard,2026-03-13,2026-03-15,238.49
ORD002577,Standard,2026-06-07,2026-06-11,274.11
ORD002578,Standard,2024-07-25,2024-07-29,150.2
ORD002579,Express,2024-01-07,2024-01-08,149.73
ORD002580,Standard,2026-02-01,2026-02-06,215.62
ORD002581,Same Day,2025-12-09,2025-12-14,288.69
ORD002582,Standard,2025-03-11,2025-03-13,118.95
ORD002583,Express,2026-07-28,2026-08-02,230.2
ORD002584,Standard,2026-05-12,2026-05-15,119.91
ORD002585,Standard,2024-11-29,2024-12-07,59.5
ORD002586,Standard,2024-10-04,2024-10-09,40.82
ORD002587,Standard,2025-07-30,2025-08-07,197.85
ORD002588,Standard,2024-05-26,2024-05-28,113.7
ORD002589,Express,2024-06-14,2024-06-15,244.85
ORD002590,Standard,2025-07-07,2025-07-13,154.26
ORD002591,Standard,2024-05-02,2024-05-09,112.49
ORD002592,Standard,2026-03-14,2026-03-15,174.19
ORD002593,Standard,2024-07-06,2024-07-12,70.41
ORD002594,Standard,2025-01-24,2025-01-30,187.78
ORD002595,Standard,2024-03-31,2024-04-08,291.6
ORD002596,Standard,2025-04-12,2025-04-13,270.06
ORD002597,Same Day,2024-01-17,2024-01-25,201.29
ORD002598,Standard,2026-08-27,2026-09-03,229.67
ORD002599,Standard,2025-04-19,2025-04-22,185.63
ORD002600,Express,2025-04-17,2025-04-24,230.66
ORD002601,Standard,2024-05-23,2024-05-30,249.75
ORD002602,Standard,2024-04-10,2024-04-15,146.38
ORD002603,Express,2024-10-15,2024-10-23,314.05
ORD002604,Standard,2025-03-24,2025-03-28,100.42
ORD002605,Standard,2024-12-09,2024-12-10,211.32
ORD002606,Standard,2026-06-24,2026-07-02,273.17
ORD002607,Standard,2024-04-18,2024-04-26,105.01
ORD002608,Express,2026-05-06,2026-05-10,181.2
ORD002609,Standard,2026-05-17,2026-05-23,84.54
ORD002610,Standard,2026-05-01,2026-05-03,136.43
ORD002611,Standard,2024-03-08,2024-03-12,97.31
ORD002612,Standard,2024-10-09,2024-10-14,173.72
ORD002613,Standard,2026-05-18,2026-05-24,162.44
ORD002614,Standard,2025-09-19,2025-09-20,203.79
ORD002615,Express,2024-03-01,2024-03-07,198
ORD002616,Express,2025-06-16,2025-06-20,266.71
ORD002617,Express,2024-04-05,2024-04-10,257.82
ORD002618,Standard,2025-07-10,2025-07-13,43.4
ORD002619,Standard,2026-08-25,2026-08-31,294.85
ORD002620,Standard,2024-04-29,2024-04-30,71.4
ORD002621,Express,2025-04-22,2025-04-24,189.58
ORD002622,Express,2025-03-15,2025-03-19,353.86
ORD002623,Standard,2026-08-30,2026-08-31,263.39
ORD002624,Standard,2024-02-04,2024-02-09,53.57
ORD002625,Standard,2024-01-17,2024-01-24,219.94
ORD002626,Same Day,2025-11-01,2025-11-05,194.65
ORD002627,Standard,2025-12-31,2026-01-02,169.55
ORD002628,Standard,2026-03-29,2026-04-01,193.41
ORD002629,Express,2024-08-08,2024-08-13,252.27
ORD002630,Express,2025-04-29,2025-05-03,196.18
ORD002631,Standard,2026-03-25,2026-03-30,278.73
ORD002632,Same Day,2024-11-15,2024-11-23,207.68
ORD002633,Standard,2024-03-14,2024-03-20,223.27
ORD002634,Express,2025-07-31,2025-08-01,253.09
ORD002635,Standard,2024-11-01,2024-11-09,198.57
ORD002636,Standard,2025-03-25,2025-03-30,230.63
ORD002637,Express,2026-06-12,2026-06-13,139.77
ORD002638,Standard,2025-07-15,2025-07-17,66.43
ORD002639,Standard,2025-07-18,2025-07-22,99.61
ORD002640,Standard,2026-08-12,2026-08-18,219.25
ORD002641,Standard,2024-11-23,2024-11-25,158.18
ORD002642,Express,2026-05-21,2026-05-22,171.25
ORD002643,Standard,2024-12-09,2024-12-14,41.74
ORD002644,Standard,2024-02-22,2024-02-23,150.74
ORD002645,Standard,2025-01-10,2025-01-13,53.53
ORD002646,Standard,2024-01-11,2024-01-16,281.95
ORD002647,Standard,2024-04-21,2024-04-28,228.85
ORD002648,Express,2025-11-15,2025-11-23,301.62
ORD002649,Standard,2024-04-13,2024-04-18,93.86
ORD002650,Express,2025-12-06,2025-12-10,265.2
ORD002651,Express,2025-04-01,2025-04-07,291.59
ORD002652,Express,2024-01-26,2024-02-02,149.08
ORD002653,Standard,2026-04-19,2026-04-25,271.36
ORD002654,Express,2024-01-02,2024-01-03,249.2
ORD002655,Standard,2026-03-16,2026-03-17,38.29
ORD002656,Express,2026-06-02,2026-06-07,107.44
ORD002657,Express,2024-11-25,2024-12-02,201.94
ORD002658,Express,2026-07-18,2026-07-20,366.35
ORD002659,Standard,2024-09-24,2024-09-26,104.01
ORD002660,Express,2024-10-17,2024-10-20,172.3
ORD002661,Standard,2025-12-25,2025-12-29,242.26
ORD002662,Standard,2026-08-13,2026-08-17,41.19
ORD002663,Standard,2024-02-01,2024-02-07,180.59
ORD002664,Standard,2025-02-08,2025-02-15,257.15
ORD002665,Standard,2026-03-05,2026-03-08,219.02
ORD002666,Standard,2024-10-12,2024-10-17,188.2
ORD002667,Express,2024-02-18,2024-02-24,305.06
ORD002668,Express,2024-03-17,2024-03-20,336.05
ORD002669,Standard,2024-08-15,2024-08-16,52.17
ORD002670,Standard,2025-07-13,2025-07-17,283.73
ORD002671,Standard,2025-12-04,2025-12-07,256.3
ORD002672,Express,2024-02-07,2024-02-10,289.2
ORD002673,Express,2024-01-17,2024-01-23,269.22
ORD002674,Standard,2026-04-25,2026-04-29,227.06
ORD002675,Standard,2025-05-06,2025-05-14,192.3
ORD002676,Standard,2025-05-06,2025-05-07,55.49
ORD002677,Standard,2024-08-13,2024-08-19,164.91
ORD002678,Standard,2025-01-19,2025-01-20,73.87
ORD002679,Express,2026-02-18,2026-02-26,330.69
ORD002680,Express,2024-12-24,2024-12-28,316.27
ORD002681,Express,2024-09-21,2024-09-23,313.5
ORD002682,Standard,2025-07-05,2025-07-08,99.26
ORD002683,Standard,2026-08-29,2026-09-03,73.14
ORD002684,Standard,2024-11-14,2024-11-16,71.05
ORD002685,Express,2024-02-05,2024-02-06,295.56
ORD002686,Standard,2025-11-27,2025-12-05,73.07
ORD002687,Standard,2025-07-10,2025-07-14,210.21
ORD002688,Standard,2024-06-06,2024-06-08,106.19
ORD002689,Express,2024-05-20,2024-05-24,303.13
ORD002690,Same Day,2026-08-04,2026-08-06,300.8
ORD002691,Express,2026-03-20,2026-03-25,127.77
ORD002692,Express,2024-04-01,2024-04-08,325.74
ORD002693,Same Day,2024-06-22,2024-06-23,222.7
ORD002694,Express,2025-11-19,2025-11-21,257.41
ORD002695,Express,2025-01-14,2025-01-21,128.42
ORD002696,Standard,2025-04-20,2025-04-24,269.89
ORD002697,Standard,2024-04-29,2024-05-05,86.92
ORD002698,Express,2026-02-09,2026-02-10,273.52
ORD002699,Standard,2024-06-22,2024-06-25,259.69
ORD002700,Standard,2024-03-11,2024-03-19,247.84
ORD002701,Express,2025-08-10,2025-08-12,301.94
ORD002702,Standard,2025-03-21,2025-03-25,297.5
ORD002703,Standard,2025-01-18,2025-01-26,226
ORD002704,Express,2024-11-18,2024-11-25,114.97
ORD002705,Express,2025-12-22,2025-12-24,329.89
ORD002706,Standard,2026-02-09,2026-02-12,79.44
ORD002707,Standard,2025-12-20,2025-12-25,92.71
ORD002708,Express,2024-06-10,2024-06-17,289.92
ORD002709,Standard,2025-06-06,2025-06-12,201.95
ORD002710,Same Day,2025-11-07,2025-11-09,294.24
ORD002711,Standard,2025-05-06,2025-05-12,228.71
ORD002712,Express,2024-10-29,2024-10-30,294.37
ORD002713,Express,2024-05-20,2024-05-21,291.67
ORD002714,Standard,2024-10-14,2024-10-19,256.69
ORD002715,Standard,2026-02-06,2026-02-10,274.85
ORD002716,Express,2025-08-15,2025-08-22,158.31
ORD002717,Standard,2026-01-23,2026-01-26,223.27
ORD002718,Standard,2024-10-12,2024-10-17,291.63
ORD002719,Standard,2025-05-27,2025-05-30,257.69
ORD002720,Standard,2024-09-08,2024-09-10,252.88
ORD002721,Standard,2024-05-16,2024-05-19,258.1
ORD002722,Standard,2024-09-18,2024-09-19,182.58
ORD002723,Express,2024-12-19,2024-12-21,213.76
ORD002724,Standard,2025-02-12,2025-02-17,294.58
ORD002725,Same Day,2024-03-14,2024-03-22,295.7
ORD002726,Standard,2025-12-02,2025-12-10,162.29
ORD002727,Standard,2026-06-02,2026-06-03,107
ORD002728,Express,2026-08-27,2026-09-01,235.81
ORD002729,Standard,2026-04-23,2026-04-25,245.84
ORD002730,Standard,2025-08-07,2025-08-13,101.62
ORD002731,Express,2025-05-16,2025-05-22,304.41
ORD002732,Standard,2025-01-14,2025-01-17,226.69
ORD002733,Express,2026-02-12,2026-02-13,292.2
ORD002734,Express,2024-03-30,2024-04-07,183.07
ORD002735,Standard,2024-11-07,2024-11-10,119.9
ORD002736,Standard,2025-11-03,2025-11-06,185.9
ORD002737,Express,2025-12-03,2025-12-05,254.12
ORD002738,Standard,2025-03-03,2025-03-10,103.37
ORD002739,Express,2025-04-12,2025-04-14,141.79
ORD002740,Express,2026-06-25,2026-06-26,190.58
ORD002741,Express,2026-03-17,2026-03-18,313.18
ORD002742,Standard,2026-08-23,2026-08-27,288.93
ORD002743,Express,2025-11-27,2025-12-05,226.74
ORD002744,Standard,2025-07-02,2025-07-06,299.29
ORD002745,Express,2024-04-13,2024-04-17,366.09
ORD002746,Standard,2026-04-23,2026-04-28,263.94
ORD002747,Standard,2024-08-15,2024-08-23,233.17
ORD002748,Express,2026-01-09,2026-01-16,171.55
ORD002749,Express,2025-01-12,2025-01-19,241.52
ORD002750,Express,2026-08-31,2026-09-03,232.26
ORD002751,Standard,2024-03-21,2024-03-28,49.84
ORD002752,Standard,2025-05-29,2025-06-04,124.26
ORD002753,Standard,2026-06-06,2026-06-08,256.79
ORD002754,Standard,2025-11-24,2025-11-30,40.69
ORD002755,Standard,2026-01-01,2026-01-03,105.83
ORD002756,Express,2024-12-12,2024-12-13,196.24
ORD002757,Express,2025-04-29,2025-05-06,185.84
ORD002758,Express,2025-06-01,2025-06-03,114.1
ORD002759,Standard,2024-10-17,2024-10-25,242.24
ORD002760,Standard,2025-07-04,2025-07-10,257.41
ORD002761,Same Day,2026-07-30,2026-08-05,341.14
ORD002762,Standard,2025-02-13,2025-02-20,40.74
ORD002763,Express,2025-02-12,2025-02-20,226.45
ORD002764,Standard,2024-09-05,2024-09-13,141.47
ORD002765,Express,2025-01-13,2025-01-18,296.75
ORD002766,Standard,2024-10-20,2024-10-22,141.07
ORD002767,Standard,2025-08-23,2025-08-27,292.65
ORD002768,Express,2026-04-17,2026-04-25,195.09
ORD002769,Express,2026-01-07,2026-01-13,360.71
ORD002770,Standard,2025-04-15,2025-04-18,263.66
ORD002771,Standard,2024-02-02,2024-02-08,114.35
ORD002772,Same Day,2025-06-28,2025-07-02,257.5
ORD002773,Standard,2025-01-14,2025-01-17,206.4
ORD002774,Standard,2024-11-22,2024-11-23,140.27
ORD002775,Standard,2026-01-28,2026-02-03,222.64
ORD002776,Express,2024-09-25,2024-10-02,105.02
ORD002777,Express,2024-02-22,2024-03-01,282.05
ORD002778,Express,2025-10-26,2025-11-03,292.52
ORD002779,Standard,2026-01-30,2026-02-06,127.1
ORD002780,Express,2025-08-16,2025-08-24,126.63
ORD002781,Standard,2025-04-26,2025-05-04,109.92
ORD002782,Standard,2024-02-19,2024-02-21,209.17
ORD002783,Standard,2024-03-08,2024-03-12,263.73
ORD002784,Standard,2025-11-08,2025-11-16,43.85
ORD002785,Standard,2025-12-02,2025-12-07,236.05
ORD002786,Express,2025-04-21,2025-04-23,200.31
ORD002787,Express,2025-08-11,2025-08-13,170.12
ORD002788,Standard,2026-04-08,2026-04-09,66.74
ORD002789,Express,2024-05-06,2024-05-10,225.29
ORD002790,Express,2025-06-15,2025-06-16,351.05
ORD002791,Standard,2024-07-12,2024-07-19,54.51
ORD002792,Standard,2024-12-19,2024-12-26,74.88
ORD002793,Standard,2026-07-06,2026-07-07,257.42
ORD002794,Express,2025-12-12,2025-12-18,315.73
ORD002795,Express,2025-09-11,2025-09-12,166.92
ORD002796,Standard,2025-12-12,2025-12-19,254.48
ORD002797,Standard,2025-03-14,2025-03-18,193.34
ORD002798,Standard,2024-04-05,2024-04-06,152.72
ORD002799,Express,2025-02-05,2025-02-11,122.69
ORD002800,Standard,2024-06-14,2024-06-19,177.25
ORD002801,Express,2024-06-11,2024-06-19,213.4
ORD002802,Express,2025-07-22,2025-07-30,161.16
ORD002803,Express,2024-07-08,2024-07-15,315.7
ORD002804,Express,2025-10-09,2025-10-11,232.37
ORD002805,Standard,2024-09-23,2024-09-29,40.9
ORD002806,Express,2024-05-15,2024-05-17,119.86
ORD002807,Standard,2025-12-09,2025-12-10,153.77
ORD002808,Standard,2024-01-19,2024-01-20,147.21
ORD002809,Standard,2024-12-23,2024-12-31,47.64
ORD002810,Standard,2026-01-07,2026-01-10,211.29
ORD002811,Express,2025-01-24,2025-01-29,271.41
ORD002812,Standard,2024-08-06,2024-08-14,192.28
ORD002813,Express,2026-07-08,2026-07-10,177.73
ORD002814,Standard,2024-04-28,2024-05-02,225.42
ORD002815,Standard,2024-10-11,2024-10-14,71.2
ORD002816,Standard,2024-08-23,2024-08-28,85.88
ORD002817,Standard,2024-11-30,2024-12-08,182.79
ORD002818,Same Day,2025-02-01,2025-02-06,262.52
ORD002819,Standard,2025-11-13,2025-11-17,124.02
ORD002820,Express,2025-01-11,2025-01-12,133.2
ORD002821,Same Day,2024-02-19,2024-02-26,447.28
ORD002822,Standard,2026-08-18,2026-08-19,73.57
ORD002823,Standard,2024-03-15,2024-03-23,155.18
ORD002824,Express,2025-03-15,2025-03-21,186.48
ORD002825,Standard,2026-01-09,2026-01-13,223.03
ORD002826,Express,2025-07-17,2025-07-20,313.73
ORD002827,Standard,2024-01-04,2024-01-10,270.83
ORD002828,Standard,2025-11-16,2025-11-19,66.21
ORD002829,Express,2024-05-20,2024-05-24,174.33
ORD002830,Standard,2024-09-08,2024-09-10,226.15
ORD002831,Standard,2025-08-05,2025-08-06,124.44
ORD002832,Same Day,2024-08-10,2024-08-17,203.14
ORD002833,Standard,2024-03-24,2024-03-31,154.75
ORD002834,Standard,2024-02-01,2024-02-04,139.8
ORD002835,Standard,2025-07-04,2025-07-10,46.46
ORD002836,Standard,2025-10-17,2025-10-21,284.74
ORD002837,Standard,2025-12-17,2025-12-19,139.09
ORD002838,Standard,2025-01-29,2025-02-01,130.8
ORD002839,Standard,2026-01-15,2026-01-16,266.45
ORD002840,Standard,2024-02-19,2024-02-26,152.17
ORD002841,Express,2026-03-05,2026-03-13,206.81
ORD002842,Standard,2025-08-01,2025-08-02,286.01
ORD002843,Standard,2024-02-22,2024-02-23,95.77
ORD002844,Standard,2024-11-10,2024-11-14,117.71
ORD002845,Standard,2024-11-02,2024-11-07,226.14
ORD002846,Standard,2026-08-24,2026-09-01,240.72
ORD002847,Standard,2025-03-15,2025-03-23,211.49
ORD002848,Express,2024-09-09,2024-09-12,365.78
ORD002849,Express,2025-08-26,2025-08-31,243.33
ORD002850,Express,2025-04-21,2025-04-25,122.95
ORD002851,Standard,2025-01-04,2025-01-09,246.73
ORD002852,Same Day,2024-02-21,2024-02-24,327.53
ORD002853,Standard,2024-12-26,2025-01-03,46.61
ORD002854,Same Day,2024-07-31,2024-08-03,209.74
ORD002855,Standard,2025-09-23,2025-09-28,112.38
ORD002856,Standard,2025-08-08,2025-08-10,251.51
ORD002857,Express,2025-11-05,2025-11-07,212.41
ORD002858,Standard,2026-06-15,2026-06-21,61.46
ORD002859,Standard,2024-03-16,2024-03-21,201.55
ORD002860,Standard,2025-08-28,2025-08-29,270.72
ORD002861,Standard,2026-05-30,2026-06-03,245.39
ORD002862,Same Day,2026-06-24,2026-06-30,208.75
ORD002863,Standard,2025-11-24,2025-12-01,246.88
ORD002864,Standard,2025-05-28,2025-06-01,237.43
ORD002865,Standard,2024-08-14,2024-08-22,152.35
ORD002866,Standard,2025-06-21,2025-06-27,44.8
ORD002867,Standard,2024-04-18,2024-04-21,87.22
ORD002868,Express,2024-03-05,2024-03-06,132.92
ORD002869,Express,2024-12-01,2024-12-04,318.79
ORD002870,Express,2025-10-08,2025-10-11,127.18
ORD002871,Standard,2026-05-30,2026-05-31,220.7
ORD002872,Standard,2025-08-05,2025-08-09,125.62
ORD002873,Standard,2026-01-13,2026-01-15,114.84
ORD002874,Standard,2026-01-27,2026-01-30,248.91
ORD002875,Express,2026-06-05,2026-06-10,264.03
ORD002876,Express,2025-12-27,2026-01-01,280.09
ORD002877,Express,2026-05-12,2026-05-14,205.26
ORD002878,Standard,2026-04-07,2026-04-13,214.96
ORD002879,Standard,2024-09-26,2024-09-30,235.6
ORD002880,Standard,2025-02-13,2025-02-19,93.98
ORD002881,Express,2025-07-20,2025-07-22,252.04
ORD002882,Express,2024-07-17,2024-07-21,364.76
ORD002883,Standard,2026-05-29,2026-06-01,274.24
ORD002884,Standard,2025-02-22,2025-02-28,80.98
ORD002885,Standard,2025-04-09,2025-04-13,73.76
ORD002886,Express,2025-11-06,2025-11-12,363.91
ORD002887,Standard,2025-07-22,2025-07-23,76.72
ORD002888,Express,2024-10-17,2024-10-25,364.39
ORD002889,Standard,2026-04-05,2026-04-06,69.5
ORD002890,Standard,2024-10-22,2024-10-26,257
ORD002891,Express,2024-08-01,2024-08-03,266.73
ORD002892,Standard,2026-05-06,2026-05-09,83.82
ORD002893,Standard,2025-09-17,2025-09-25,167.07
ORD002894,Standard,2024-12-12,2024-12-16,160.89
ORD002895,Express,2025-10-02,2025-10-05,331.47
ORD002896,Standard,2025-08-12,2025-08-20,191.24
ORD002897,Express,2024-08-13,2024-08-19,148.69
ORD002898,Same Day,2025-12-12,2025-12-15,301.38
ORD002899,Standard,2026-08-15,2026-08-22,169.94
ORD002900,Standard,2025-09-19,2025-09-22,252.15
ORD002901,Standard,2024-03-01,2024-03-02,104.74
ORD002902,Standard,2026-08-25,2026-09-01,270.31
ORD002903,Same Day,2024-09-23,2024-09-28,430.99
ORD002904,Standard,2026-07-30,2026-08-06,157.63
ORD002905,Standard,2026-08-29,2026-09-04,123.05
ORD002906,Same Day,2024-01-20,2024-01-24,202.27
ORD002907,Standard,2026-03-28,2026-04-01,63.07
ORD002908,Standard,2026-04-16,2026-04-23,238.01
ORD002909,Express,2025-04-21,2025-04-22,217.68
ORD002910,Standard,2025-05-23,2025-05-30,200.36
ORD002911,Express,2026-05-04,2026-05-06,325.71
ORD002912,Standard,2025-07-11,2025-07-12,197.53
ORD002913,Same Day,2025-11-25,2025-11-29,257.49
ORD002914,Express,2024-03-07,2024-03-08,183.73
ORD002915,Express,2025-08-22,2025-08-29,114.62
ORD002916,Standard,2024-09-19,2024-09-23,257.59
ORD002917,Standard,2024-09-15,2024-09-23,194.58
ORD002918,Same Day,2024-07-11,2024-07-18,345.24
ORD002919,Standard,2025-06-29,2025-06-30,152.25
ORD002920,Express,2025-12-06,2025-12-11,122.55
ORD002921,Standard,2025-11-17,2025-11-24,174.75
ORD002922,Express,2024-10-27,2024-11-01,325.98
ORD002923,Express,2024-12-28,2024-12-31,105.04
ORD002924,Express,2024-12-30,2025-01-01,245.01
ORD002925,Standard,2024-04-23,2024-04-25,197.98
ORD002926,Express,2026-08-29,2026-08-30,259.35
ORD002927,Same Day,2024-07-08,2024-07-15,244.2
ORD002928,Standard,2024-04-28,2024-05-03,240.19
ORD002929,Express,2024-09-26,2024-10-02,329.56
ORD002930,Same Day,2026-01-26,2026-02-01,392.55
ORD002931,Same Day,2024-10-24,2024-10-30,335.48
ORD002932,Same Day,2024-11-11,2024-11-15,367.48
ORD002933,Standard,2026-08-04,2026-08-09,117.38
ORD002934,Standard,2024-01-13,2024-01-19,227.57
ORD002935,Standard,2024-12-24,2024-12-31,204.74
ORD002936,Same Day,2025-11-30,2025-12-08,364.27
ORD002937,Standard,2025-02-11,2025-02-16,212.28
ORD002938,Express,2025-09-05,2025-09-06,179.72
ORD002939,Express,2025-05-26,2025-06-01,260.26
ORD002940,Express,2025-08-04,2025-08-06,306.89
ORD002941,Standard,2025-07-10,2025-07-12,146.29
ORD002942,Express,2025-01-14,2025-01-17,197.09
ORD002943,Standard,2024-04-30,2024-05-05,76.16
ORD002944,Express,2025-02-26,2025-03-03,105.97
ORD002945,Standard,2025-11-12,2025-11-15,251.69
ORD002946,Standard,2026-01-08,2026-01-12,196.22
ORD002947,Express,2024-11-01,2024-11-03,369.92
ORD002948,Standard,2024-09-25,2024-09-27,297.28
ORD002949,Standard,2024-07-19,2024-07-25,113.07
ORD002950,Standard,2026-05-23,2026-05-28,130.77
ORD002951,Standard,2024-08-20,2024-08-25,43
ORD002952,Same Day,2024-06-06,2024-06-11,423.97
ORD002953,Standard,2026-02-09,2026-02-12,151.82
ORD002954,Standard,2025-01-17,2025-01-25,187.41
ORD002955,Standard,2025-05-27,2025-05-29,116.3
ORD002956,Standard,2024-04-25,2024-05-02,231.8
ORD002957,Standard,2024-11-14,2024-11-18,208.26
ORD002958,Express,2024-02-16,2024-02-18,133.03
ORD002959,Standard,2025-05-27,2025-06-04,94.21
ORD002960,Standard,2025-06-20,2025-06-28,114.91
ORD002961,Standard,2024-10-16,2024-10-24,233.15
ORD002962,Standard,2025-03-22,2025-03-23,273.41
ORD002963,Standard,2024-05-25,2024-06-02,203.34
ORD002964,Express,2024-01-21,2024-01-29,337.65
ORD002965,Standard,2024-09-17,2024-09-18,272.49
ORD002966,Express,2025-05-15,2025-05-18,318.63
ORD002967,Standard,2026-06-08,2026-06-11,257.45
ORD002968,Standard,2026-04-28,2026-05-06,241.78
ORD002969,Express,2025-08-13,2025-08-20,105.54
ORD002970,Express,2024-04-26,2024-05-04,260.25
ORD002971,Standard,2025-02-24,2025-02-27,42.71
ORD002972,Standard,2024-03-05,2024-03-13,110.33
ORD002973,Standard,2024-12-11,2024-12-14,168.21
ORD002974,Same Day,2024-11-26,2024-12-01,221.27
ORD002975,Standard,2025-06-28,2025-06-29,251.1
ORD002976,Express,2025-12-09,2025-12-14,197.19
ORD002977,Standard,2025-11-09,2025-11-12,269.25
ORD002978,Standard,2025-07-03,2025-07-06,147.86
ORD002979,Standard,2024-09-09,2024-09-12,269.57
ORD002980,Standard,2026-06-23,2026-06-25,263.7
ORD002981,Express,2024-07-30,2024-08-02,160.22
ORD002982,Express,2025-06-03,2025-06-08,191.99
ORD002983,Express,2026-07-25,2026-08-01,106.99
ORD002984,Standard,2025-07-22,2025-07-25,236.89
ORD002985,Express,2024-07-16,2024-07-19,295.83
ORD002986,Standard,2024-08-22,2024-08-29,229.75
ORD002987,Standard,2024-08-18,2024-08-20,208.52
ORD002988,Standard,2026-05-29,2026-06-03,139.78
ORD002989,Standard,2026-01-24,2026-01-29,96.52
ORD002990,Express,2024-04-10,2024-04-11,355.81
ORD002991,Standard,2025-08-20,2025-08-25,154.34
ORD002992,Express,2024-04-14,2024-04-20,162.13
ORD002993,Same Day,2025-09-16,2025-09-17,358.37
ORD002994,Standard,2025-12-15,2025-12-20,240.32
ORD002995,Express,2025-07-03,2025-07-11,282.36
ORD002996,Standard,2024-07-02,2024-07-10,139.57
ORD002997,Express,2025-02-05,2025-02-06,148.34
ORD002998,Express,2025-01-31,2025-02-06,169.59
ORD002999,Standard,2024-05-24,2024-05-30,252.12
ORD003000,Express,2025-08-03,2025-08-05,175.39
ORD003001,Standard,2025-03-23,2025-03-29,66.99
ORD003002,Express,2025-08-18,2025-08-25,221.13
ORD003003,Standard,2025-09-27,2025-09-28,175.11
ORD003004,Express,2026-02-24,2026-03-01,219.1
ORD003005,Standard,2024-01-06,2024-01-10,284.22
ORD003006,Standard,2025-05-27,2025-06-01,179.34
ORD003007,Express,2024-10-21,2024-10-25,325.86
ORD003008,Standard,2025-09-16,2025-09-24,142.56
ORD003009,Standard,2024-10-24,2024-10-26,42.22
ORD003010,Express,2026-01-21,2026-01-29,280.84
ORD003011,Standard,2024-10-28,2024-11-03,36.88
ORD003012,Express,2026-03-25,2026-03-27,367.41
ORD003013,Standard,2024-01-13,2024-01-21,152.05
ORD003014,Standard,2024-02-03,2024-02-10,292.56
ORD003015,Standard,2025-02-15,2025-02-23,71.9
ORD003016,Standard,2025-07-13,2025-07-19,294.72
ORD003017,Express,2024-04-19,2024-04-25,109.62
ORD003018,Same Day,2024-07-14,2024-07-22,192.3
ORD003019,Express,2025-07-20,2025-07-28,210.46
ORD003020,Same Day,2026-05-27,2026-05-30,235.23
ORD003021,Same Day,2024-01-17,2024-01-22,310.14
ORD003022,Standard,2024-01-16,2024-01-17,164.9
ORD003023,Standard,2025-02-06,2025-02-10,186.17
ORD003024,Express,2025-01-02,2025-01-09,343.45
ORD003025,Standard,2024-10-28,2024-11-03,39.51
ORD003026,Standard,2025-03-26,2025-03-28,237.13
ORD003027,Same Day,2025-04-06,2025-04-08,280.37
ORD003028,Express,2026-07-26,2026-07-29,318.11
ORD003029,Standard,2026-06-19,2026-06-26,169.51
ORD003030,Standard,2025-01-17,2025-01-23,282.27
ORD003031,Standard,2026-08-31,2026-09-07,165.44
ORD003032,Same Day,2025-05-12,2025-05-13,319.7
ORD003033,Express,2026-08-10,2026-08-11,283.55
ORD003034,Standard,2024-02-12,2024-02-15,259.22
ORD003035,Express,2026-07-22,2026-07-24,248.5
ORD003036,Express,2024-11-20,2024-11-28,166.53
ORD003037,Express,2024-05-08,2024-05-16,247.84
ORD003038,Standard,2025-11-09,2025-11-14,98.54
ORD003039,Express,2025-05-09,2025-05-13,361.6
ORD003040,Standard,2025-01-18,2025-01-22,37.72
ORD003041,Standard,2026-04-25,2026-04-27,120.23
ORD003042,Express,2024-03-27,2024-03-30,278.99
ORD003043,Same Day,2024-06-22,2024-06-26,449.15
ORD003044,Express,2024-07-09,2024-07-12,345.22
ORD003045,Express,2025-04-29,2025-04-30,246.61
ORD003046,Express,2025-04-21,2025-04-24,142.64
ORD003047,Same Day,2025-07-13,2025-07-14,342.26
ORD003048,Standard,2024-11-25,2024-12-02,60.27
ORD003049,Standard,2024-06-26,2024-07-02,161.8
ORD003050,Standard,2024-05-01,2024-05-08,127.31
ORD003051,Standard,2024-03-11,2024-03-18,197.83
ORD003052,Express,2024-02-19,2024-02-26,220.15
ORD003053,Standard,2024-11-12,2024-11-14,256.85
ORD003054,Express,2025-01-02,2025-01-09,233.67
ORD003055,Standard,2026-05-24,2026-05-29,165.88
ORD003056,Standard,2024-12-31,2025-01-05,187.56
ORD003057,Standard,2024-07-26,2024-07-30,204.8
ORD003058,Standard,2024-12-10,2024-12-12,248.37
ORD003059,Standard,2024-05-09,2024-05-12,158.94
ORD003060,Standard,2025-12-06,2025-12-07,208.99
ORD003061,Express,2024-07-08,2024-07-15,140.12
ORD003062,Standard,2026-07-01,2026-07-06,98.24
ORD003063,Standard,2024-06-29,2024-07-02,295.35
ORD003064,Same Day,2025-07-25,2025-07-26,203.58
ORD003065,Express,2024-05-07,2024-05-09,227.72
ORD003066,Standard,2024-08-07,2024-08-11,296.25
ORD003067,Standard,2025-06-11,2025-06-16,202.65
ORD003068,Standard,2025-03-13,2025-03-14,105.56
ORD003069,Standard,2024-03-31,2024-04-08,245.76
ORD003070,Standard,2026-04-09,2026-04-17,253.76
ORD003071,Standard,2024-08-05,2024-08-09,254.76
ORD003072,Same Day,2025-01-21,2025-01-24,340.86
ORD003073,Express,2025-08-26,2025-08-30,276.85
ORD003074,Standard,2024-02-20,2024-02-27,93.41
ORD003075,Same Day,2024-01-20,2024-01-28,356.03
ORD003076,Express,2024-12-17,2024-12-18,353.22
ORD003077,Standard,2025-11-12,2025-11-16,105.75
ORD003078,Standard,2025-02-06,2025-02-09,104.95
ORD003079,Standard,2025-09-29,2025-10-07,267.62
ORD003080,Standard,2026-06-18,2026-06-20,236.9
ORD003081,Express,2025-12-30,2026-01-04,252.64
ORD003082,Standard,2026-02-01,2026-02-05,258.57
ORD003083,Express,2025-03-30,2025-04-07,287.76
ORD003084,Standard,2025-11-12,2025-11-15,182.85
ORD003085,Express,2025-10-17,2025-10-21,174.45
ORD003086,Same Day,2026-02-08,2026-02-11,193.84
ORD003087,Standard,2024-12-05,2024-12-08,74.42
ORD003088,Standard,2025-05-26,2025-06-03,280.57
ORD003089,Standard,2024-03-26,2024-03-27,273.98
ORD003090,Standard,2025-05-31,2025-06-03,66.78
ORD003091,Standard,2024-03-25,2024-04-02,289.15
ORD003092,Standard,2025-07-08,2025-07-11,101.42
ORD003093,Express,2026-06-30,2026-07-03,227.85
ORD003094,Express,2026-05-15,2026-05-21,117.42
ORD003095,Express,2025-04-26,2025-04-29,226.16
ORD003096,Standard,2025-03-14,2025-03-20,91.67
ORD003097,Standard,2024-04-02,2024-04-10,105.64
ORD003098,Express,2026-01-10,2026-01-16,215.35
ORD003099,Express,2024-11-24,2024-11-28,136.18
ORD003100,Same Day,2024-05-07,2024-05-08,288.45
ORD003101,Standard,2024-09-12,2024-09-17,212.93
ORD003102,Express,2024-05-18,2024-05-22,220.55
ORD003103,Express,2025-08-11,2025-08-15,113.51
ORD003104,Express,2024-04-15,2024-04-19,286.54
ORD003105,Express,2026-06-21,2026-06-24,309.68
ORD003106,Standard,2024-03-13,2024-03-19,79.08
ORD003107,Express,2024-07-31,2024-08-02,170.89
ORD003108,Express,2024-08-11,2024-08-17,181.95
ORD003109,Express,2024-08-03,2024-08-06,337.6
ORD003110,Express,2025-10-04,2025-10-07,231.48
ORD003111,Express,2026-05-12,2026-05-15,365.64
ORD003112,Standard,2025-11-13,2025-11-15,63.99
ORD003113,Express,2025-01-20,2025-01-22,309.82
ORD003114,Standard,2026-03-21,2026-03-23,271.04
ORD003115,Standard,2025-11-28,2025-11-29,246.68
ORD003116,Express,2025-04-28,2025-05-04,349.44
ORD003117,Standard,2025-09-01,2025-09-09,287.04
ORD003118,Same Day,2024-12-18,2024-12-19,280.28
ORD003119,Standard,2024-09-21,2024-09-27,282.84
ORD003120,Express,2024-02-07,2024-02-11,153.12
ORD003121,Standard,2024-11-29,2024-12-04,75.75
ORD003122,Standard,2024-11-05,2024-11-10,94.31
ORD003123,Standard,2024-05-08,2024-05-16,227.74
ORD003124,Standard,2025-05-18,2025-05-19,77.55
ORD003125,Same Day,2025-03-09,2025-03-10,283.31
ORD003126,Standard,2025-10-11,2025-10-17,67.06
ORD003127,Express,2025-08-17,2025-08-20,286.56
ORD003128,Express,2025-08-14,2025-08-18,255.29
ORD003129,Standard,2024-09-26,2024-09-28,225.33
ORD003130,Standard,2026-05-31,2026-06-08,137.53
ORD003131,Standard,2026-06-14,2026-06-17,137.79
ORD003132,Standard,2024-08-31,2024-09-05,210.83
ORD003133,Express,2025-05-20,2025-05-26,254.7
ORD003134,Standard,2025-03-14,2025-03-15,123.78
ORD003135,Standard,2026-02-15,2026-02-17,181.75
ORD003136,Express,2026-02-26,2026-03-01,218.76
ORD003137,Standard,2026-02-19,2026-02-24,264.32
ORD003138,Same Day,2025-04-29,2025-05-06,366.35
ORD003139,Standard,2026-01-20,2026-01-26,252.29
ORD003140,Standard,2024-01-18,2024-01-25,218.24
ORD003141,Express,2025-09-30,2025-10-04,291.54
ORD003142,Express,2025-10-15,2025-10-19,124.56
ORD003143,Express,2024-05-18,2024-05-26,363.91
ORD003144,Express,2024-09-26,2024-10-03,139.16
ORD003145,Standard,2026-07-06,2026-07-14,82.95
ORD003146,Same Day,2025-04-20,2025-04-27,380.4
ORD003147,Same Day,2024-03-01,2024-03-03,217.01
ORD003148,Standard,2025-08-04,2025-08-10,275.22
ORD003149,Standard,2026-05-13,2026-05-19,46.01
ORD003150,Standard,2025-09-25,2025-09-26,263.58
ORD003151,Standard,2026-02-09,2026-02-11,51.07
ORD003152,Standard,2026-01-25,2026-01-27,89.52
ORD003153,Standard,2026-06-06,2026-06-10,145.98
ORD003154,Standard,2025-05-23,2025-05-31,199.15
ORD003155,Express,2026-05-05,2026-05-11,218.6
ORD003156,Same Day,2025-10-01,2025-10-03,272.55
ORD003157,Express,2024-04-14,2024-04-15,266.07
ORD003158,Standard,2025-02-15,2025-02-22,102.92
ORD003159,Standard,2024-06-06,2024-06-12,240.65
ORD003160,Standard,2025-02-05,2025-02-12,170.91
ORD003161,Standard,2025-02-25,2025-03-04,87.48
ORD003162,Same Day,2025-09-13,2025-09-18,202.47
ORD003163,Standard,2024-12-08,2024-12-15,74.17
ORD003164,Standard,2025-09-24,2025-09-25,87.09
ORD003165,Express,2025-04-08,2025-04-11,270.35
ORD003166,Express,2025-01-27,2025-01-30,239.32
ORD003167,Standard,2025-11-02,2025-11-03,123.89
ORD003168,Standard,2026-04-25,2026-04-30,272.16
ORD003169,Express,2026-02-02,2026-02-09,234.84
ORD003170,Express,2024-06-22,2024-06-24,148.49
ORD003171,Express,2024-01-09,2024-01-10,269.54
ORD003172,Standard,2024-05-30,2024-05-31,91.95
ORD003173,Express,2026-07-14,2026-07-15,297.78
ORD003174,Standard,2024-01-18,2024-01-24,204.9
ORD003175,Standard,2026-02-13,2026-02-17,105.47
ORD003176,Standard,2026-01-18,2026-01-23,160.8
ORD003177,Standard,2026-03-30,2026-04-03,194.91
ORD003178,Standard,2025-11-22,2025-11-29,299.1
ORD003179,Standard,2024-08-19,2024-08-25,278.81
ORD003180,Express,2026-04-18,2026-04-21,273.36
ORD003181,Standard,2024-05-19,2024-05-20,129.14
ORD003182,Express,2025-07-08,2025-07-10,108.97
ORD003183,Standard,2025-08-13,2025-08-18,283.1
ORD003184,Standard,2026-05-13,2026-05-20,168.12
ORD003185,Express,2026-02-15,2026-02-18,143.95
ORD003186,Same Day,2024-09-21,2024-09-22,408.92
ORD003187,Standard,2025-06-11,2025-06-17,80.95
ORD003188,Express,2026-07-21,2026-07-29,198.88
ORD003189,Standard,2024-01-28,2024-01-29,54.65
ORD003190,Express,2024-04-02,2024-04-10,173.57
ORD003191,Standard,2026-05-17,2026-05-23,104.57
ORD003192,Standard,2025-02-20,2025-02-21,112.99
ORD003193,Express,2026-02-28,2026-03-05,306.83
ORD003194,Express,2026-05-04,2026-05-12,334.46
ORD003195,Express,2024-10-04,2024-10-08,117.12
ORD003196,Standard,2025-06-01,2025-06-08,100.48
ORD003197,Express,2024-11-23,2024-12-01,370
ORD003198,Standard,2024-06-22,2024-06-26,185.67
ORD003199,Express,2025-12-06,2025-12-07,344
ORD003200,Standard,2026-06-21,2026-06-25,211.96
ORD003201,Express,2025-07-18,2025-07-25,269.01
ORD003202,Standard,2025-02-17,2025-02-18,46.17
ORD003203,Standard,2025-06-13,2025-06-15,172.56
ORD003204,Standard,2024-05-07,2024-05-14,43.52
ORD003205,Standard,2026-05-28,2026-05-29,163.41
ORD003206,Standard,2026-04-22,2026-04-23,113.12
ORD003207,Standard,2026-02-01,2026-02-05,183.41
ORD003208,Express,2025-04-17,2025-04-19,258.31
ORD003209,Standard,2024-11-05,2024-11-06,231.51
ORD003210,Same Day,2026-06-08,2026-06-16,362.34
ORD003211,Standard,2024-02-13,2024-02-15,94.89
ORD003212,Express,2025-08-28,2025-09-02,272.32
ORD003213,Standard,2026-07-01,2026-07-06,70.54
ORD003214,Express,2026-08-12,2026-08-19,303.17
ORD003215,Standard,2025-09-12,2025-09-17,46.93
ORD003216,Standard,2024-05-27,2024-05-31,91.24
ORD003217,Standard,2024-07-14,2024-07-22,69.33
ORD003218,Standard,2024-07-28,2024-07-30,190.94
ORD003219,Standard,2025-04-05,2025-04-06,176.97
ORD003220,Standard,2024-10-19,2024-10-26,58.51
ORD003221,Standard,2025-03-30,2025-04-06,178.74
ORD003222,Express,2024-10-01,2024-10-09,285.03
ORD003223,Standard,2024-04-06,2024-04-11,262.54
ORD003224,Express,2025-04-05,2025-04-08,207.03
ORD003225,Express,2024-05-27,2024-06-03,224.21
ORD003226,Standard,2024-09-28,2024-09-29,43.25
ORD003227,Express,2025-01-04,2025-01-05,164.15
ORD003228,Standard,2024-12-21,2024-12-29,139.24
ORD003229,Express,2024-04-09,2024-04-11,350.55
ORD003230,Standard,2025-07-17,2025-07-22,165.38
ORD003231,Express,2026-03-18,2026-03-22,270.77
ORD003232,Express,2026-07-03,2026-07-06,251.69
ORD003233,Standard,2024-06-29,2024-07-04,289.2
ORD003234,Standard,2024-03-29,2024-03-31,123.93
ORD003235,Standard,2024-02-01,2024-02-04,155.61
ORD003236,Express,2026-07-15,2026-07-23,203.59
ORD003237,Standard,2024-03-14,2024-03-18,271.62
ORD003238,Standard,2026-08-29,2026-09-02,240.24
ORD003239,Standard,2025-03-24,2025-03-26,216.57
ORD003240,Same Day,2026-07-27,2026-07-29,279.27
ORD003241,Standard,2024-11-11,2024-11-12,41.23
ORD003242,Express,2024-08-13,2024-08-18,163.58
ORD003243,Standard,2024-04-01,2024-04-05,82.27
ORD003244,Standard,2026-03-30,2026-04-05,105.34
ORD003245,Standard,2024-09-25,2024-09-26,198.09
ORD003246,Express,2025-02-26,2025-02-28,294.68
ORD003247,Standard,2026-02-07,2026-02-12,292.69
ORD003248,Express,2025-04-10,2025-04-11,345.55
ORD003249,Standard,2025-02-02,2025-02-09,257.55
ORD003250,Standard,2026-05-28,2026-05-31,228.52
ORD003251,Express,2026-06-21,2026-06-25,120.77
ORD003252,Standard,2025-06-09,2025-06-14,229.37
ORD003253,Express,2024-03-25,2024-03-29,229.52
ORD003254,Standard,2024-02-09,2024-02-10,222.83
ORD003255,Standard,2025-05-29,2025-06-04,182.31
ORD003256,Standard,2024-08-30,2024-08-31,42.22
ORD003257,Standard,2024-11-13,2024-11-19,121.84
ORD003258,Express,2026-08-29,2026-08-30,363.68
ORD003259,Standard,2026-05-14,2026-05-22,100.62
ORD003260,Standard,2024-09-20,2024-09-21,281.41
ORD003261,Same Day,2025-12-11,2025-12-19,279.07
ORD003262,Standard,2024-05-08,2024-05-12,40.97
ORD003263,Standard,2025-07-14,2025-07-15,237.18
ORD003264,Same Day,2026-05-29,2026-06-06,395.96
ORD003265,Standard,2026-03-21,2026-03-27,175.86
ORD003266,Standard,2026-01-12,2026-01-20,85.39
ORD003267,Standard,2025-07-05,2025-07-08,72.81
ORD003268,Standard,2024-01-20,2024-01-24,137
ORD003269,Express,2024-07-06,2024-07-11,246.33
ORD003270,Same Day,2025-11-05,2025-11-08,274.21
ORD003271,Standard,2024-02-01,2024-02-08,219.44
ORD003272,Express,2026-09-03,2026-09-06,116.48
ORD003273,Same Day,2024-05-28,2024-05-31,448.35
ORD003274,Standard,2024-02-26,2024-03-01,64.3
ORD003275,Standard,2024-04-19,2024-04-24,54.73
ORD003276,Standard,2024-02-21,2024-02-22,263.47
ORD003277,Express,2024-08-04,2024-08-07,167.65
ORD003278,Standard,2024-04-22,2024-04-26,236.89
ORD003279,Express,2025-10-30,2025-11-05,364.38
ORD003280,Express,2025-10-10,2025-10-12,162.05
ORD003281,Express,2024-12-30,2025-01-05,140.08
ORD003282,Express,2024-10-20,2024-10-23,212.15
ORD003283,Express,2024-01-12,2024-01-19,282.28
ORD003284,Standard,2024-12-13,2024-12-17,113.19
ORD003285,Same Day,2024-06-20,2024-06-25,411.87
ORD003286,Express,2026-02-03,2026-02-09,149.52
ORD003287,Standard,2024-02-29,2024-03-06,35.81
ORD003288,Standard,2024-01-30,2024-02-07,205.31
ORD003289,Standard,2026-05-07,2026-05-11,111.69
ORD003290,Standard,2026-02-17,2026-02-21,128.53
ORD003291,Standard,2024-07-23,2024-07-27,114.7
ORD003292,Express,2025-03-06,2025-03-09,171.15
ORD003293,Same Day,2026-03-31,2026-04-07,366.29
ORD003294,Standard,2025-01-13,2025-01-16,268.19
ORD003295,Standard,2024-06-23,2024-06-28,299.03
ORD003296,Same Day,2024-05-19,2024-05-20,213.07
ORD003297,Express,2026-04-25,2026-04-28,208.07
ORD003298,Standard,2025-09-11,2025-09-18,162.89
ORD003299,Express,2025-11-16,2025-11-20,344.11
ORD003300,Standard,2025-01-01,2025-01-02,102.33
ORD003301,Standard,2026-05-22,2026-05-29,186.35
ORD003302,Standard,2024-04-04,2024-04-11,234.51
ORD003303,Express,2024-11-02,2024-11-09,222.4
ORD003304,Standard,2024-08-11,2024-08-15,80.34
ORD003305,Standard,2025-10-29,2025-11-03,108.41
ORD003306,Standard,2026-05-21,2026-05-24,72.33
ORD003307,Express,2026-06-08,2026-06-16,256.42
ORD003308,Express,2025-06-02,2025-06-06,191.41
ORD003309,Standard,2026-01-27,2026-01-29,170.5
ORD003310,Same Day,2024-11-20,2024-11-21,294.54
ORD003311,Standard,2025-01-22,2025-01-23,215.88
ORD003312,Express,2025-02-04,2025-02-12,293.96
ORD003313,Express,2026-06-09,2026-06-10,158.42
ORD003314,Express,2024-11-30,2024-12-08,199.78
ORD003315,Express,2025-05-28,2025-05-29,287.91
ORD003316,Express,2026-04-22,2026-04-27,180.08
ORD003317,Standard,2025-04-29,2025-04-30,83.89
ORD003318,Standard,2026-06-06,2026-06-12,91.4
ORD003319,Standard,2026-07-20,2026-07-27,162.47
ORD003320,Express,2025-01-18,2025-01-20,229.59
ORD003321,Standard,2024-06-09,2024-06-17,176.61
ORD003322,Express,2026-04-14,2026-04-19,121.61
ORD003323,Express,2024-10-30,2024-11-05,203.45
ORD003324,Standard,2026-03-04,2026-03-09,279.43
ORD003325,Express,2025-01-02,2025-01-04,346.5
ORD003326,Standard,2026-04-28,2026-05-01,147.49
ORD003327,Express,2026-02-14,2026-02-21,256.09
ORD003328,Express,2025-11-14,2025-11-15,118.48
ORD003329,Standard,2024-08-22,2024-08-27,65.31
ORD003330,Standard,2026-04-22,2026-04-27,277.13
ORD003331,Standard,2025-04-16,2025-04-21,60.16
ORD003332,Standard,2024-09-24,2024-10-02,49.38
ORD003333,Standard,2025-04-09,2025-04-10,168.56
ORD003334,Same Day,2025-04-05,2025-04-06,216.62
ORD003335,Standard,2026-07-05,2026-07-09,207.12
ORD003336,Express,2026-06-01,2026-06-06,233.85
ORD003337,Express,2026-08-03,2026-08-10,346.14
ORD003338,Standard,2024-05-10,2024-05-12,120.35
ORD003339,Standard,2025-05-03,2025-05-10,51.41
ORD003340,Standard,2024-09-27,2024-10-02,90.46
ORD003341,Standard,2025-11-28,2025-12-03,192.09
ORD003342,Express,2026-03-08,2026-03-09,188.13
ORD003343,Express,2025-06-23,2025-06-24,220.05
ORD003344,Standard,2026-07-18,2026-07-21,252.04
ORD003345,Express,2026-03-09,2026-03-13,152.61
ORD003346,Express,2025-02-26,2025-03-03,189.34
ORD003347,Express,2025-04-21,2025-04-27,129.27
ORD003348,Same Day,2026-05-21,2026-05-24,295.04
ORD003349,Standard,2026-03-12,2026-03-17,225.69
ORD003350,Standard,2026-05-31,2026-06-05,179.91
ORD003351,Express,2024-07-05,2024-07-07,300.35
ORD003352,Standard,2025-05-10,2025-05-15,267.3
ORD003353,Express,2025-01-17,2025-01-20,262.74
ORD003354,Express,2025-03-11,2025-03-18,216.12
ORD003355,Same Day,2025-07-13,2025-07-20,212.92
ORD003356,Same Day,2025-08-15,2025-08-21,203.14
ORD003357,Standard,2026-05-07,2026-05-15,83.35
ORD003358,Standard,2026-04-07,2026-04-10,249.98
ORD003359,Standard,2025-08-07,2025-08-12,251.83
ORD003360,Standard,2024-07-09,2024-07-13,140.87
ORD003361,Standard,2025-07-14,2025-07-15,284.32
ORD003362,Standard,2026-02-17,2026-02-19,43.87
ORD003363,Standard,2026-08-06,2026-08-11,220.59
ORD003364,Standard,2025-12-03,2025-12-09,184.58
ORD003365,Same Day,2024-07-11,2024-07-13,310.42
ORD003366,Standard,2025-01-21,2025-01-24,164.62
ORD003367,Standard,2024-06-13,2024-06-17,96.99
ORD003368,Express,2026-07-27,2026-07-31,199.29
ORD003369,Same Day,2026-01-31,2026-02-07,211.32
ORD003370,Standard,2026-06-22,2026-06-23,181.03
ORD003371,Standard,2024-12-01,2024-12-03,59.33
ORD003372,Standard,2024-05-11,2024-05-17,71.65
ORD003373,Standard,2025-07-09,2025-07-10,202.57
ORD003374,Express,2024-08-16,2024-08-17,240.36
ORD003375,Standard,2026-04-19,2026-04-22,167.24
ORD003376,Express,2025-04-11,2025-04-18,150.11
ORD003377,Standard,2024-06-21,2024-06-25,169.89
ORD003378,Standard,2025-05-18,2025-05-23,172.52
ORD003379,Standard,2025-04-10,2025-04-15,108.18
ORD003380,Standard,2024-01-04,2024-01-09,124.32
ORD003381,Standard,2026-05-17,2026-05-19,246.59
ORD003382,Express,2026-08-03,2026-08-05,275.37
ORD003383,Express,2024-02-18,2024-02-19,226.32
ORD003384,Express,2026-04-28,2026-04-29,166.67
ORD003385,Standard,2024-09-23,2024-09-29,268.27
ORD003386,Standard,2026-07-10,2026-07-18,134.62
ORD003387,Standard,2024-01-10,2024-01-18,227.97
ORD003388,Standard,2025-01-20,2025-01-27,42.12
ORD003389,Standard,2026-06-25,2026-06-27,60.2
ORD003390,Standard,2025-12-03,2025-12-07,140.04
ORD003391,Standard,2025-07-22,2025-07-25,109.11
ORD003392,Express,2026-02-14,2026-02-17,204.46
ORD003393,Same Day,2025-02-09,2025-02-13,232.28
ORD003394,Standard,2024-01-29,2024-01-31,281.27
ORD003395,Standard,2024-08-27,2024-09-01,37.48
ORD003396,Standard,2024-10-05,2024-10-12,250.55
ORD003397,Standard,2024-12-09,2024-12-12,163.29
ORD003398,Standard,2024-05-18,2024-05-19,105.39
ORD003399,Standard,2024-07-23,2024-07-30,276.08
ORD003400,Standard,2024-06-14,2024-06-19,246.43
ORD003401,Standard,2026-06-08,2026-06-14,132.63
ORD003402,Same Day,2024-12-17,2024-12-18,185.82
ORD003403,Standard,2025-12-22,2025-12-25,93.24
ORD003404,Standard,2024-05-12,2024-05-15,212.94
ORD003405,Express,2025-11-16,2025-11-21,258.85
ORD003406,Express,2026-07-09,2026-07-16,289.98
ORD003407,Standard,2025-04-05,2025-04-10,246.73
ORD003408,Express,2026-02-01,2026-02-08,134.64
ORD003409,Standard,2024-03-06,2024-03-12,253.54
ORD003410,Same Day,2024-08-25,2024-08-27,388.6
ORD003411,Standard,2026-01-09,2026-01-15,94.07
ORD003412,Standard,2025-11-15,2025-11-17,122.6
ORD003413,Standard,2025-04-18,2025-04-21,72.27
ORD003414,Express,2025-12-13,2025-12-21,353.52
ORD003415,Standard,2025-07-15,2025-07-17,117.17
ORD003416,Express,2024-11-26,2024-12-02,228.27
ORD003417,Standard,2024-01-11,2024-01-18,283.39
ORD003418,Express,2025-05-20,2025-05-27,322.03
ORD003419,Standard,2024-08-31,2024-09-04,117.2
ORD003420,Same Day,2024-04-09,2024-04-17,270.06
ORD003421,Standard,2025-04-25,2025-05-02,84.21
ORD003422,Express,2026-06-24,2026-06-30,317.89
ORD003423,Standard,2026-01-23,2026-01-24,60.18
ORD003424,Express,2026-03-07,2026-03-15,203.1
ORD003425,Express,2025-02-19,2025-02-24,208.48
ORD003426,Standard,2024-05-09,2024-05-15,39.6
ORD003427,Standard,2026-06-04,2026-06-12,130.51
ORD003428,Express,2024-06-24,2024-06-26,246.21
ORD003429,Express,2026-02-13,2026-02-19,179.31
ORD003430,Same Day,2026-08-17,2026-08-19,371.15
ORD003431,Standard,2024-06-27,2024-07-01,48.37
ORD003432,Same Day,2024-07-05,2024-07-08,290.59
ORD003433,Express,2024-09-09,2024-09-17,295.2
ORD003434,Standard,2024-01-14,2024-01-19,101.06
ORD003435,Standard,2026-05-02,2026-05-10,40.86
ORD003436,Express,2026-07-30,2026-08-05,297.31
ORD003437,Standard,2025-03-19,2025-03-21,289.24
ORD003438,Standard,2024-02-13,2024-02-14,75.48
ORD003439,Standard,2026-02-18,2026-02-24,170.12
ORD003440,Standard,2025-07-08,2025-07-15,35.07
ORD003441,Same Day,2024-03-30,2024-04-01,212.85
ORD003442,Standard,2024-01-24,2024-01-27,171.83
ORD003443,Express,2025-02-14,2025-02-17,204.04
ORD003444,Express,2026-05-01,2026-05-06,117.06
ORD003445,Express,2024-10-16,2024-10-17,118.16
ORD003446,Standard,2024-01-18,2024-01-19,263.72
ORD003447,Express,2025-03-12,2025-03-16,178.48
ORD003448,Standard,2024-08-18,2024-08-26,199.53
ORD003449,Standard,2025-02-27,2025-03-01,143.79
ORD003450,Express,2024-10-17,2024-10-20,220.4
ORD003451,Standard,2026-01-05,2026-01-13,136.27
ORD003452,Standard,2024-05-01,2024-05-07,57.86
ORD003453,Standard,2025-02-03,2025-02-09,113.54
ORD003454,Standard,2026-02-11,2026-02-16,243.14
ORD003455,Standard,2025-09-12,2025-09-15,65.28
ORD003456,Express,2026-06-23,2026-06-24,334.43
ORD003457,Standard,2024-04-14,2024-04-15,79.78
ORD003458,Same Day,2026-05-17,2026-05-22,244.3
ORD003459,Standard,2025-12-18,2025-12-21,42.77
ORD003460,Express,2025-04-03,2025-04-06,206.99
ORD003461,Express,2024-06-22,2024-06-29,277.08
ORD003462,Standard,2024-07-23,2024-07-29,216.27
ORD003463,Standard,2026-02-21,2026-02-23,281.38
ORD003464,Express,2025-01-16,2025-01-23,240.85
ORD003465,Standard,2025-08-05,2025-08-07,231.12
ORD003466,Standard,2025-03-23,2025-03-25,264.29
ORD003467,Standard,2025-09-03,2025-09-05,134.79
ORD003468,Standard,2024-11-17,2024-11-18,246.07
ORD003469,Standard,2026-01-15,2026-01-23,212.41
ORD003470,Express,2026-05-08,2026-05-14,259.71
ORD003471,Express,2024-09-27,2024-10-01,239.59
ORD003472,Standard,2025-02-25,2025-03-02,295.45
ORD003473,Standard,2025-06-21,2025-06-24,298.68
ORD003474,Standard,2025-01-21,2025-01-23,85.21
ORD003475,Standard,2026-05-28,2026-06-03,201.17
ORD003476,Express,2025-04-25,2025-04-26,356.47
ORD003477,Standard,2025-07-22,2025-07-24,233.54
ORD003478,Same Day,2025-06-17,2025-06-18,356.61
ORD003479,Same Day,2026-08-19,2026-08-24,282.51
ORD003480,Standard,2025-08-14,2025-08-21,40.46
ORD003481,Express,2025-12-16,2025-12-22,173.65
ORD003482,Standard,2024-10-25,2024-10-28,165.74
ORD003483,Same Day,2024-12-14,2024-12-22,361.72
ORD003484,Express,2025-03-14,2025-03-22,239.73
ORD003485,Standard,2025-03-29,2025-04-02,55.87
ORD003486,Standard,2026-06-30,2026-07-04,150.25
ORD003487,Standard,2025-03-09,2025-03-13,289.71
ORD003488,Standard,2024-10-15,2024-10-21,124.2
ORD003489,Same Day,2025-10-26,2025-10-28,439.89
ORD003490,Standard,2025-11-25,2025-12-03,243.51
ORD003491,Express,2024-07-31,2024-08-02,252.87
ORD003492,Standard,2025-09-25,2025-09-29,174.76
ORD003493,Express,2026-05-15,2026-05-18,341.61
ORD003494,Standard,2026-05-15,2026-05-23,108.12
ORD003495,Standard,2025-04-12,2025-04-20,70.06
ORD003496,Express,2025-12-20,2025-12-25,327
ORD003497,Express,2024-02-03,2024-02-05,117.69
ORD003498,Standard,2024-03-15,2024-03-16,106.71
ORD003499,Express,2026-07-07,2026-07-13,269.09
ORD003500,Standard,2024-07-01,2024-07-02,244.35
ORD003501,Standard,2026-04-17,2026-04-21,35.97
ORD003502,Standard,2025-03-06,2025-03-08,71.39
ORD003503,Same Day,2024-08-27,2024-09-02,386.54
ORD003504,Express,2025-07-02,2025-07-08,282.4
ORD003505,Standard,2025-02-21,2025-02-23,68.24
ORD003506,Standard,2025-07-05,2025-07-07,106.26
ORD003507,Standard,2024-12-03,2024-12-08,255.34
ORD003508,Standard,2024-04-27,2024-05-01,252.66
ORD003509,Same Day,2025-04-07,2025-04-10,263.99
ORD003510,Standard,2024-12-16,2024-12-17,154.04
ORD003511,Same Day,2025-09-14,2025-09-16,422.09
ORD003512,Same Day,2026-07-24,2026-07-25,209.18
ORD003513,Standard,2026-04-14,2026-04-15,258.42
ORD003514,Standard,2026-04-23,2026-04-30,154.89
ORD003515,Express,2025-05-30,2025-06-04,308.53
ORD003516,Express,2025-11-11,2025-11-14,172.15
ORD003517,Standard,2025-08-17,2025-08-22,68.48
ORD003518,Standard,2026-03-03,2026-03-06,143.89
ORD003519,Standard,2025-11-02,2025-11-09,253.6
ORD003520,Standard,2026-03-06,2026-03-12,61.78
ORD003521,Standard,2024-06-09,2024-06-11,142.25
ORD003522,Express,2024-07-29,2024-08-05,128.12
ORD003523,Express,2026-07-11,2026-07-14,119.93
ORD003524,Express,2025-09-08,2025-09-09,237.12
ORD003525,Standard,2026-05-05,2026-05-09,269.07
ORD003526,Standard,2025-11-10,2025-11-12,164.04
ORD003527,Same Day,2024-12-15,2024-12-23,251.92
ORD003528,Standard,2024-04-03,2024-04-06,156.81
ORD003529,Standard,2025-12-03,2025-12-05,161.95
ORD003530,Same Day,2024-04-24,2024-04-29,307.24
ORD003531,Express,2025-07-27,2025-07-29,192.57
ORD003532,Standard,2024-05-05,2024-05-12,66.82
ORD003533,Standard,2026-08-03,2026-08-06,50.84
ORD003534,Same Day,2024-10-03,2024-10-09,410.57
ORD003535,Standard,2024-07-10,2024-07-13,223.4
ORD003536,Standard,2025-05-13,2025-05-20,48.7
ORD003537,Express,2026-04-12,2026-04-17,235.98
ORD003538,Standard,2025-02-22,2025-02-25,230.24
ORD003539,Express,2024-08-19,2024-08-20,268.87
ORD003540,Express,2024-10-01,2024-10-03,196.98
ORD003541,Standard,2024-03-04,2024-03-10,49.33
ORD003542,Standard,2024-05-16,2024-05-23,212.73
ORD003543,Express,2026-07-02,2026-07-10,180.14
ORD003544,Standard,2025-03-13,2025-03-20,131.71
ORD003545,Express,2025-03-27,2025-04-01,247.51
ORD003546,Same Day,2024-09-07,2024-09-12,241.93
ORD003547,Express,2025-06-07,2025-06-08,299.79
ORD003548,Standard,2025-04-09,2025-04-10,225.57
ORD003549,Express,2025-02-14,2025-02-19,233.57
ORD003550,Standard,2025-03-16,2025-03-21,223.09
ORD003551,Express,2025-10-02,2025-10-10,300.72
ORD003552,Standard,2025-08-21,2025-08-23,221.72
ORD003553,Express,2026-06-29,2026-06-30,337.87
ORD003554,Standard,2025-09-12,2025-09-16,96.48
ORD003555,Express,2025-09-28,2025-10-02,189.65
ORD003556,Standard,2025-04-10,2025-04-17,53.47
ORD003557,Standard,2025-01-22,2025-01-28,159.09
ORD003558,Standard,2026-01-24,2026-01-27,142.53
ORD003559,Same Day,2025-05-06,2025-05-14,379.52
ORD003560,Same Day,2025-09-18,2025-09-20,295.1
ORD003561,Standard,2024-05-05,2024-05-12,92.74
ORD003562,Express,2026-06-08,2026-06-09,191.33
ORD003563,Standard,2024-07-24,2024-07-29,195.36
ORD003564,Express,2024-06-08,2024-06-09,125.83
ORD003565,Express,2024-10-24,2024-10-31,256.33
ORD003566,Standard,2026-08-11,2026-08-19,86
ORD003567,Standard,2024-03-12,2024-03-18,238.22
ORD003568,Express,2026-06-11,2026-06-19,295.06
ORD003569,Express,2024-05-02,2024-05-08,324.07
ORD003570,Standard,2024-06-06,2024-06-14,146.15
ORD003571,Standard,2025-03-23,2025-03-28,228.77
ORD003572,Standard,2026-03-16,2026-03-22,47
ORD003573,Express,2025-12-29,2026-01-05,286.93
ORD003574,Express,2024-08-27,2024-08-28,327.56
ORD003575,Express,2025-09-16,2025-09-24,274.23
ORD003576,Standard,2025-02-15,2025-02-23,43.92
ORD003577,Same Day,2026-03-07,2026-03-15,369.52
ORD003578,Express,2026-05-28,2026-05-29,199.86
ORD003579,Express,2025-05-02,2025-05-08,263.34
ORD003580,Standard,2025-02-24,2025-03-01,224.36
ORD003581,Standard,2025-05-09,2025-05-14,86.02
ORD003582,Standard,2026-03-03,2026-03-07,76.72
ORD003583,Standard,2026-08-21,2026-08-23,232.18
ORD003584,Express,2024-08-21,2024-08-23,253.34
ORD003585,Same Day,2026-05-23,2026-05-28,207.32
ORD003586,Standard,2024-07-22,2024-07-26,91.72
ORD003587,Express,2024-08-22,2024-08-27,155.75
ORD003588,Express,2024-02-18,2024-02-25,216.35
ORD003589,Standard,2025-08-23,2025-08-31,60.79
ORD003590,Standard,2025-04-18,2025-04-19,150.71
ORD003591,Standard,2026-05-23,2026-05-24,268
ORD003592,Standard,2024-01-04,2024-01-07,226.85
ORD003593,Standard,2025-07-02,2025-07-08,274.34
ORD003594,Express,2024-03-11,2024-03-14,142.89
ORD003595,Standard,2026-03-08,2026-03-15,226.51
ORD003596,Standard,2025-12-06,2025-12-12,196.1
ORD003597,Standard,2025-12-14,2025-12-15,92.74
ORD003598,Standard,2024-12-23,2024-12-27,139.16
ORD003599,Express,2024-02-09,2024-02-12,302.25
ORD003600,Express,2024-12-22,2024-12-24,308.73
ORD003601,Express,2024-11-27,2024-12-02,156.22
ORD003602,Standard,2025-11-17,2025-11-19,182.04
ORD003603,Standard,2024-02-19,2024-02-20,292.19
ORD003604,Standard,2025-08-27,2025-09-03,244.09
ORD003605,Standard,2024-11-24,2024-11-26,68.13
ORD003606,Standard,2026-02-20,2026-02-24,82.1
ORD003607,Standard,2024-07-04,2024-07-11,261.07
ORD003608,Express,2025-01-27,2025-02-01,213.52
ORD003609,Standard,2024-02-11,2024-02-13,131.3
ORD003610,Standard,2025-02-15,2025-02-18,238.77
ORD003611,Express,2025-04-02,2025-04-09,171.38
ORD003612,Standard,2025-09-17,2025-09-18,167.36
ORD003613,Standard,2025-03-24,2025-03-27,280.93
ORD003614,Express,2025-03-04,2025-03-07,136.14
ORD003615,Standard,2025-04-27,2025-05-02,267.17
ORD003616,Standard,2026-07-11,2026-07-14,122.75
ORD003617,Standard,2025-06-02,2025-06-09,116.15
ORD003618,Standard,2024-02-13,2024-02-17,139.71
ORD003619,Express,2026-01-13,2026-01-21,115
ORD003620,Express,2026-05-28,2026-06-05,273.72
ORD003621,Same Day,2025-07-06,2025-07-10,216.43
ORD003622,Express,2026-03-31,2026-04-04,154.36
ORD003623,Express,2025-11-05,2025-11-06,323.29
ORD003624,Standard,2025-11-21,2025-11-28,209.46
ORD003625,Standard,2025-04-29,2025-04-30,245.23
ORD003626,Express,2024-10-14,2024-10-17,269.14
ORD003627,Standard,2026-06-04,2026-06-11,202.95
ORD003628,Express,2025-10-20,2025-10-28,144.17
ORD003629,Express,2026-02-03,2026-02-08,187.37
ORD003630,Same Day,2025-08-16,2025-08-20,209.75
ORD003631,Express,2025-02-24,2025-02-25,270.43
ORD003632,Standard,2026-02-18,2026-02-21,192.85
ORD003633,Standard,2024-01-17,2024-01-20,272.6
ORD003634,Same Day,2024-01-19,2024-01-20,221.98
ORD003635,Standard,2024-01-08,2024-01-16,76.03
ORD003636,Standard,2026-08-09,2026-08-17,80
ORD003637,Same Day,2025-03-23,2025-03-29,358.16
ORD003638,Standard,2025-10-20,2025-10-26,79.58
ORD003639,Standard,2025-10-02,2025-10-09,265.39
ORD003640,Same Day,2024-02-16,2024-02-22,342.61
ORD003641,Standard,2025-10-19,2025-10-23,244.02
ORD003642,Standard,2024-12-14,2024-12-18,134.6
ORD003643,Express,2025-01-16,2025-01-23,361.72
ORD003644,Express,2024-04-25,2024-05-02,319.11
ORD003645,Express,2024-02-23,2024-02-29,228.87
ORD003646,Standard,2024-12-24,2024-12-28,69.43
ORD003647,Standard,2024-10-07,2024-10-10,56.04
ORD003648,Standard,2025-09-12,2025-09-15,296.99
ORD003649,Standard,2024-04-04,2024-04-08,181.68
ORD003650,Standard,2025-07-16,2025-07-19,202.74
ORD003651,Standard,2026-06-27,2026-06-30,149.43
ORD003652,Express,2026-06-07,2026-06-15,204.39
ORD003653,Standard,2025-05-23,2025-05-30,47.74
ORD003654,Express,2024-08-29,2024-09-05,275.57
ORD003655,Express,2025-07-10,2025-07-13,172.82
ORD003656,Standard,2025-10-20,2025-10-25,256.68
ORD003657,Express,2024-05-15,2024-05-21,142.95
ORD003658,Standard,2025-01-10,2025-01-11,245.54
ORD003659,Standard,2024-03-11,2024-03-15,230.24
ORD003660,Standard,2025-03-12,2025-03-18,136.38
ORD003661,Standard,2025-06-26,2025-07-03,118.73
ORD003662,Standard,2024-11-06,2024-11-12,296.69
ORD003663,Standard,2025-08-05,2025-08-07,264.75
ORD003664,Standard,2026-02-03,2026-02-05,225.3
ORD003665,Standard,2026-08-21,2026-08-23,86.09
ORD003666,Express,2025-08-11,2025-08-13,199.45
ORD003667,Standard,2025-06-30,2025-07-01,38.93
ORD003668,Standard,2026-01-06,2026-01-08,59.89
ORD003669,Same Day,2024-05-08,2024-05-13,201.24
ORD003670,Standard,2025-05-23,2025-05-30,128.98
ORD003671,Express,2024-01-11,2024-01-17,243.92
ORD003672,Express,2024-09-06,2024-09-10,270.98
ORD003673,Standard,2024-10-01,2024-10-05,89.99
ORD003674,Standard,2024-07-12,2024-07-18,54.16
ORD003675,Express,2024-08-12,2024-08-16,236
ORD003676,Standard,2025-12-19,2025-12-22,213.07
ORD003677,Express,2026-06-01,2026-06-09,129.35
ORD003678,Standard,2026-08-02,2026-08-04,173.61
ORD003679,Express,2026-08-17,2026-08-24,275.57
ORD003680,Standard,2024-09-24,2024-09-28,84.85
ORD003681,Standard,2025-12-28,2025-12-31,180.58
ORD003682,Standard,2024-05-27,2024-05-28,146.12
ORD003683,Express,2024-04-07,2024-04-09,344.13
ORD003684,Express,2024-07-15,2024-07-18,299.73
ORD003685,Standard,2024-05-22,2024-05-28,250.13
ORD003686,Standard,2025-08-30,2025-09-05,212.59
ORD003687,Standard,2025-05-11,2025-05-13,53.34
ORD003688,Same Day,2024-10-04,2024-10-06,213.53
ORD003689,Standard,2025-04-01,2025-04-04,101.52
ORD003690,Express,2024-07-26,2024-07-30,341.88
ORD003691,Standard,2026-05-03,2026-05-11,86.73
ORD003692,Express,2024-06-08,2024-06-10,327.59
ORD003693,Express,2026-03-11,2026-03-12,183.49
ORD003694,Same Day,2024-08-13,2024-08-15,347.55
ORD003695,Standard,2025-12-18,2025-12-26,87.48
ORD003696,Standard,2025-05-07,2025-05-13,144.54
ORD003697,Same Day,2025-01-08,2025-01-16,331.56
ORD003698,Standard,2024-11-17,2024-11-21,222.16
ORD003699,Express,2024-10-22,2024-10-30,149.99
ORD003700,Express,2025-12-28,2026-01-03,323.01
ORD003701,Same Day,2024-01-22,2024-01-25,301.52
ORD003702,Standard,2025-03-15,2025-03-20,78.36
ORD003703,Standard,2026-05-14,2026-05-17,75.27
ORD003704,Standard,2025-12-25,2025-12-26,275.37
ORD003705,Express,2025-10-12,2025-10-13,352.55
ORD003706,Standard,2026-01-18,2026-01-23,50.97
ORD003707,Express,2025-05-15,2025-05-23,119.81
ORD003708,Express,2025-12-18,2025-12-21,321.55
ORD003709,Standard,2025-12-29,2026-01-01,245.77
ORD003710,Express,2025-09-07,2025-09-11,345.38
ORD003711,Express,2024-11-19,2024-11-23,145.3
ORD003712,Same Day,2025-11-10,2025-11-13,289.87
ORD003713,Express,2024-10-31,2024-11-08,243.15
ORD003714,Standard,2024-09-21,2024-09-26,49.41
ORD003715,Express,2025-08-23,2025-08-24,286.23
ORD003716,Standard,2024-04-17,2024-04-23,269.31
ORD003717,Standard,2024-09-17,2024-09-25,205.13
ORD003718,Standard,2025-03-26,2025-04-01,154.47
ORD003719,Express,2025-06-28,2025-07-02,320.66
ORD003720,Standard,2026-08-12,2026-08-13,242.69
ORD003721,Standard,2025-12-14,2025-12-22,238.57
ORD003722,Standard,2024-05-26,2024-05-29,264.88
ORD003723,Standard,2025-05-12,2025-05-19,129.71
ORD003724,Same Day,2024-03-13,2024-03-20,267.79
ORD003725,Standard,2026-01-21,2026-01-23,77.2
ORD003726,Express,2025-02-16,2025-02-17,368.99
ORD003727,Express,2026-06-10,2026-06-14,280.77
ORD003728,Standard,2025-03-17,2025-03-24,167.35
ORD003729,Express,2024-07-17,2024-07-21,357.09
ORD003730,Same Day,2026-07-31,2026-08-07,448.33
ORD003731,Standard,2026-05-11,2026-05-18,282.54
ORD003732,Same Day,2025-01-31,2025-02-02,280
ORD003733,Standard,2026-07-12,2026-07-16,247.4
ORD003734,Same Day,2024-10-12,2024-10-15,432.23
ORD003735,Express,2024-11-29,2024-12-03,123.67
ORD003736,Standard,2024-04-14,2024-04-19,205.11
ORD003737,Standard,2024-02-25,2024-02-29,208.56
ORD003738,Standard,2025-03-03,2025-03-11,219.84
ORD003739,Express,2024-03-16,2024-03-19,262.29
ORD003740,Standard,2024-07-01,2024-07-08,228.5
ORD003741,Standard,2025-08-26,2025-08-28,263.3
ORD003742,Standard,2026-05-06,2026-05-14,233.45
ORD003743,Express,2025-03-13,2025-03-18,145.38
ORD003744,Same Day,2025-04-29,2025-05-05,363.28
ORD003745,Same Day,2025-02-23,2025-02-25,232.56
ORD003746,Express,2024-10-03,2024-10-10,303.35
ORD003747,Standard,2024-06-29,2024-07-05,190.4
ORD003748,Express,2025-09-19,2025-09-23,165.26
ORD003749,Standard,2024-10-12,2024-10-13,143.71
ORD003750,Express,2026-02-28,2026-03-06,129.23
ORD003751,Standard,2025-05-12,2025-05-13,96.82
ORD003752,Express,2024-06-08,2024-06-10,155.21
ORD003753,Express,2024-10-05,2024-10-08,149.98
ORD003754,Standard,2024-07-31,2024-08-03,253.39
ORD003755,Standard,2024-11-05,2024-11-10,221.19
ORD003756,Express,2025-10-19,2025-10-25,216.66
ORD003757,Standard,2025-08-23,2025-08-28,119.21
ORD003758,Standard,2024-06-23,2024-07-01,133.19
ORD003759,Standard,2024-02-16,2024-02-23,49.51
ORD003760,Standard,2026-02-21,2026-02-24,66.88
ORD003761,Express,2024-01-20,2024-01-27,307.13
ORD003762,Standard,2024-04-10,2024-04-13,101.37
ORD003763,Express,2025-07-02,2025-07-10,250.77
ORD003764,Express,2024-04-28,2024-05-01,119.37
ORD003765,Same Day,2026-07-21,2026-07-27,365.64
ORD003766,Standard,2026-02-13,2026-02-16,131.91
ORD003767,Standard,2026-06-16,2026-06-24,183.18
ORD003768,Standard,2025-08-09,2025-08-17,125.37
ORD003769,Express,2026-07-03,2026-07-11,116.32
ORD003770,Standard,2025-01-22,2025-01-27,50.81
ORD003771,Express,2026-08-09,2026-08-14,225.26
ORD003772,Express,2025-12-20,2025-12-21,148.13
ORD003773,Express,2025-11-05,2025-11-11,177.27
ORD003774,Express,2026-07-05,2026-07-11,241.58
ORD003775,Standard,2024-06-01,2024-06-09,39.22
ORD003776,Standard,2025-03-01,2025-03-07,292.3
ORD003777,Standard,2024-06-07,2024-06-12,206.31
ORD003778,Same Day,2025-05-03,2025-05-07,311.44
ORD003779,Standard,2024-06-07,2024-06-15,231.97
ORD003780,Standard,2024-02-07,2024-02-12,257.61
ORD003781,Express,2025-07-11,2025-07-18,302.44
ORD003782,Standard,2025-04-24,2025-04-28,225.05
ORD003783,Express,2026-03-24,2026-03-31,142.42
ORD003784,Express,2025-06-24,2025-06-25,257.21
ORD003785,Express,2025-10-03,2025-10-10,132.59
ORD003786,Standard,2024-03-11,2024-03-13,198.68
ORD003787,Same Day,2025-07-27,2025-08-02,193.3
ORD003788,Same Day,2026-01-01,2026-01-02,446.34
ORD003789,Standard,2024-09-27,2024-10-02,156.47
ORD003790,Standard,2026-06-02,2026-06-09,285.32
ORD003791,Standard,2024-06-04,2024-06-05,42.7
ORD003792,Standard,2026-08-19,2026-08-25,281.2
ORD003793,Standard,2026-06-19,2026-06-21,282.04
ORD003794,Express,2025-07-07,2025-07-09,356.76
ORD003795,Same Day,2024-04-13,2024-04-18,338.87
ORD003796,Standard,2026-04-30,2026-05-03,271.6
ORD003797,Express,2026-05-23,2026-05-24,305.05
ORD003798,Standard,2024-08-15,2024-08-17,205.65
ORD003799,Standard,2025-07-22,2025-07-28,272.21
ORD003800,Standard,2026-08-12,2026-08-14,122.16
ORD003801,Standard,2024-02-19,2024-02-27,159.07
ORD003802,Standard,2025-04-17,2025-04-24,183.53
ORD003803,Standard,2026-06-07,2026-06-15,41.6
ORD003804,Same Day,2025-04-03,2025-04-06,342.29
ORD003805,Standard,2026-02-24,2026-02-27,166.81
ORD003806,Express,2024-04-13,2024-04-15,133.82
ORD003807,Express,2026-02-28,2026-03-01,277.89
ORD003808,Standard,2025-10-23,2025-10-25,62.95
ORD003809,Standard,2026-01-27,2026-02-03,266.53
ORD003810,Express,2024-02-17,2024-02-21,308.8
ORD003811,Express,2024-03-22,2024-03-30,189.64
ORD003812,Same Day,2025-10-30,2025-11-02,260.05
ORD003813,Express,2026-03-26,2026-03-29,287.99
ORD003814,Standard,2025-04-01,2025-04-07,58.16
ORD003815,Standard,2026-03-09,2026-03-13,263.16
ORD003816,Standard,2025-03-25,2025-03-26,198.92
ORD003817,Standard,2024-05-28,2024-06-01,114.3
ORD003818,Express,2024-10-02,2024-10-03,363.75
ORD003819,Express,2025-05-02,2025-05-08,213.02
ORD003820,Standard,2024-08-28,2024-09-03,193.99
ORD003821,Standard,2024-01-25,2024-01-26,220.98
ORD003822,Same Day,2025-05-07,2025-05-10,264.84
ORD003823,Standard,2024-05-03,2024-05-06,284.73
ORD003824,Express,2026-07-30,2026-08-05,127.26
ORD003825,Standard,2025-03-28,2025-04-02,234.32
ORD003826,Standard,2026-02-02,2026-02-07,158.71
ORD003827,Same Day,2024-12-06,2024-12-07,404.01
ORD003828,Express,2024-06-19,2024-06-22,324.66
ORD003829,Standard,2026-01-26,2026-01-31,65.71
ORD003830,Express,2025-07-07,2025-07-11,259.23
ORD003831,Standard,2025-04-25,2025-05-03,232.4
ORD003832,Express,2025-12-28,2025-12-30,108.82
ORD003833,Standard,2025-10-10,2025-10-12,193.12
ORD003834,Same Day,2025-10-06,2025-10-11,313.37
ORD003835,Standard,2024-04-30,2024-05-05,107.13
ORD003836,Express,2024-06-15,2024-06-18,110.38
ORD003837,Express,2025-07-21,2025-07-22,259.24
ORD003838,Standard,2024-04-13,2024-04-18,152.97
ORD003839,Standard,2025-05-07,2025-05-11,287.06
ORD003840,Express,2026-04-18,2026-04-19,158.62
ORD003841,Standard,2024-01-30,2024-02-02,156.4
ORD003842,Standard,2025-02-21,2025-02-26,37.45
ORD003843,Express,2026-03-02,2026-03-08,147.02
ORD003844,Standard,2024-12-25,2024-12-27,147.31
ORD003845,Standard,2026-04-19,2026-04-23,178.88
ORD003846,Standard,2025-04-09,2025-04-14,43.71
ORD003847,Standard,2025-02-28,2025-03-02,134.52
ORD003848,Standard,2026-02-04,2026-02-12,291.11
ORD003849,Standard,2026-08-04,2026-08-11,282.79
ORD003850,Standard,2025-11-29,2025-12-02,262.21
ORD003851,Express,2026-07-13,2026-07-21,259.93
ORD003852,Standard,2026-07-02,2026-07-08,257.11
ORD003853,Standard,2025-05-01,2025-05-08,37.1
ORD003854,Standard,2024-10-10,2024-10-12,192.5
ORD003855,Standard,2024-08-07,2024-08-15,222.43
ORD003856,Standard,2026-05-23,2026-05-26,177.82
ORD003857,Standard,2026-06-11,2026-06-19,267.12
ORD003858,Standard,2025-05-18,2025-05-24,224.57
ORD003859,Standard,2026-02-09,2026-02-16,219.36
ORD003860,Standard,2025-10-13,2025-10-18,155.65
ORD003861,Express,2025-05-15,2025-05-21,129.1
ORD003862,Standard,2024-11-02,2024-11-08,99.74
ORD003863,Standard,2026-08-02,2026-08-06,134.5
ORD003864,Standard,2024-12-10,2024-12-17,166.07
ORD003865,Express,2026-08-20,2026-08-28,358.52
ORD003866,Standard,2025-07-17,2025-07-24,38.02
ORD003867,Express,2024-08-23,2024-08-29,330.44
ORD003868,Standard,2024-08-30,2024-09-02,142.18
ORD003869,Standard,2026-01-27,2026-01-29,227.46
ORD003870,Standard,2024-07-23,2024-07-27,276.47
ORD003871,Standard,2025-08-27,2025-09-03,235.68
ORD003872,Express,2024-08-07,2024-08-13,120.25
ORD003873,Standard,2025-08-21,2025-08-24,165.41
ORD003874,Standard,2025-03-14,2025-03-20,138.15
ORD003875,Standard,2025-01-20,2025-01-27,205.67
ORD003876,Express,2025-05-09,2025-05-17,355.34
ORD003877,Standard,2024-04-07,2024-04-14,56.08
ORD003878,Express,2024-06-25,2024-06-27,125.68
ORD003879,Standard,2024-03-21,2024-03-28,274.6
ORD003880,Standard,2025-10-09,2025-10-10,36.7
ORD003881,Same Day,2025-04-11,2025-04-18,435.2
ORD003882,Same Day,2024-05-27,2024-06-03,364.73
ORD003883,Standard,2026-04-11,2026-04-12,218.69
ORD003884,Standard,2024-07-20,2024-07-24,232.03
ORD003885,Standard,2024-07-10,2024-07-14,208.86
ORD003886,Standard,2026-08-24,2026-08-30,239.5
ORD003887,Standard,2026-05-01,2026-05-04,154.19
ORD003888,Standard,2026-03-20,2026-03-27,154.23
ORD003889,Express,2024-11-21,2024-11-27,340.68
ORD003890,Standard,2024-01-22,2024-01-27,191.73
ORD003891,Standard,2024-07-31,2024-08-01,126.82
ORD003892,Express,2024-02-11,2024-02-17,108.13
ORD003893,Standard,2024-05-14,2024-05-20,264.77
ORD003894,Standard,2025-11-02,2025-11-06,213.48
ORD003895,Standard,2024-02-20,2024-02-26,84.74
ORD003896,Standard,2024-08-05,2024-08-13,207.07
ORD003897,Express,2025-01-09,2025-01-17,155.4
ORD003898,Standard,2024-08-08,2024-08-13,271.17
ORD003899,Express,2026-05-31,2026-06-03,199.52
ORD003900,Standard,2024-07-11,2024-07-12,271.43
ORD003901,Express,2025-04-01,2025-04-07,242.04
ORD003902,Standard,2025-03-18,2025-03-24,73.98
ORD003903,Standard,2026-04-11,2026-04-18,181.05
ORD003904,Standard,2025-10-14,2025-10-15,48.77
ORD003905,Standard,2025-11-10,2025-11-13,195.11
ORD003906,Standard,2025-05-01,2025-05-04,238.69
ORD003907,Standard,2025-12-06,2025-12-12,96.14
ORD003908,Same Day,2026-04-15,2026-04-16,375.34
ORD003909,Standard,2026-07-09,2026-07-13,283.8
ORD003910,Standard,2025-10-17,2025-10-22,81.17
ORD003911,Standard,2024-04-19,2024-04-22,283.87
ORD003912,Standard,2025-02-19,2025-02-25,224.38
ORD003913,Standard,2026-03-10,2026-03-11,237.67
ORD003914,Express,2025-11-15,2025-11-22,333.09
ORD003915,Standard,2025-12-20,2025-12-24,270.95
ORD003916,Standard,2025-07-20,2025-07-28,279.47
ORD003917,Standard,2026-07-24,2026-07-25,239.97
ORD003918,Standard,2024-12-13,2024-12-15,98.37
ORD003919,Same Day,2025-12-16,2025-12-22,267.84
ORD003920,Express,2024-08-18,2024-08-22,174.94
ORD003921,Standard,2025-07-18,2025-07-19,141.11
ORD003922,Standard,2024-01-30,2024-02-04,103.09
ORD003923,Express,2024-10-31,2024-11-01,336.12
ORD003924,Standard,2026-02-10,2026-02-17,188.38
ORD003925,Standard,2026-06-03,2026-06-05,217.73
ORD003926,Standard,2026-07-08,2026-07-15,139.54
ORD003927,Express,2024-09-10,2024-09-11,138.83
ORD003928,Same Day,2024-03-04,2024-03-06,373.82
ORD003929,Standard,2026-08-26,2026-09-02,273.25
ORD003930,Express,2025-07-23,2025-07-29,130.54
ORD003931,Same Day,2025-08-13,2025-08-20,380.68
ORD003932,Standard,2025-02-14,2025-02-16,60.87
ORD003933,Standard,2025-02-11,2025-02-19,171.25
ORD003934,Express,2025-08-16,2025-08-17,203.13
ORD003935,Standard,2025-02-22,2025-03-02,290.88
ORD003936,Standard,2024-05-24,2024-06-01,192.08
ORD003937,Standard,2024-01-15,2024-01-20,158.38
ORD003938,Standard,2025-11-12,2025-11-16,116.09
ORD003939,Standard,2025-12-21,2025-12-29,161.31
ORD003940,Standard,2025-02-25,2025-03-04,103.47
ORD003941,Standard,2025-07-19,2025-07-21,156.3
ORD003942,Standard,2024-04-20,2024-04-28,290.44
ORD003943,Standard,2024-02-01,2024-02-09,58.97
ORD003944,Standard,2024-10-06,2024-10-08,78.32
ORD003945,Standard,2024-08-26,2024-08-28,129.91
ORD003946,Same Day,2025-03-08,2025-03-10,381.16
ORD003947,Express,2025-07-03,2025-07-05,284.7
ORD003948,Standard,2025-12-11,2025-12-14,246.88
ORD003949,Standard,2025-03-21,2025-03-23,233.09
ORD003950,Standard,2026-07-21,2026-07-25,111.62
ORD003951,Same Day,2025-08-16,2025-08-19,247.44
ORD003952,Express,2026-07-12,2026-07-20,267.23
ORD003953,Express,2026-05-02,2026-05-06,323.98
ORD003954,Standard,2025-07-13,2025-07-19,68.57
ORD003955,Standard,2024-02-12,2024-02-14,39.2
ORD003956,Standard,2024-07-26,2024-08-02,286.7
ORD003957,Standard,2025-07-21,2025-07-26,166.84
ORD003958,Same Day,2024-07-22,2024-07-30,304.18
ORD003959,Standard,2025-11-21,2025-11-25,112.4
ORD003960,Express,2024-08-01,2024-08-06,241.04
ORD003961,Standard,2024-04-12,2024-04-18,96.68
ORD003962,Standard,2026-03-15,2026-03-18,279.29
ORD003963,Standard,2024-01-18,2024-01-20,69.88
ORD003964,Express,2024-06-15,2024-06-16,359.79
ORD003965,Standard,2024-05-03,2024-05-06,191.15
ORD003966,Express,2024-11-22,2024-11-25,233.67
ORD003967,Same Day,2026-08-12,2026-08-15,358.54
ORD003968,Standard,2025-05-19,2025-05-23,153.96
ORD003969,Standard,2024-09-03,2024-09-10,163.25
ORD003970,Standard,2025-05-29,2025-06-03,267.47
ORD003971,Express,2024-05-07,2024-05-12,290.91
ORD003972,Standard,2024-05-04,2024-05-06,144.92
ORD003973,Express,2024-03-26,2024-03-27,241.5
ORD003974,Express,2025-03-21,2025-03-24,269.07
ORD003975,Express,2024-12-20,2024-12-23,133.53
ORD003976,Standard,2025-05-24,2025-05-30,74.16
ORD003977,Express,2024-10-19,2024-10-22,341.46
ORD003978,Standard,2025-08-21,2025-08-23,101.3
ORD003979,Express,2026-07-28,2026-07-29,263.08
ORD003980,Standard,2026-08-31,2026-09-06,299.21
ORD003981,Express,2025-10-06,2025-10-11,238.14
ORD003982,Standard,2025-02-18,2025-02-24,271.46
ORD003983,Standard,2024-06-01,2024-06-07,91.14
ORD003984,Standard,2025-02-05,2025-02-13,91.26
ORD003985,Express,2024-01-30,2024-02-06,179.6
ORD003986,Standard,2024-02-16,2024-02-19,189.59
ORD003987,Standard,2024-04-26,2024-05-03,208.03
ORD003988,Same Day,2025-03-08,2025-03-14,210.22
ORD003989,Standard,2026-03-10,2026-03-13,62.57
ORD003990,Standard,2026-04-15,2026-04-16,278.08
ORD003991,Express,2026-04-05,2026-04-08,251.5
ORD003992,Standard,2025-02-23,2025-03-01,213.9
ORD003993,Standard,2026-06-12,2026-06-20,198.46
ORD003994,Same Day,2024-06-30,2024-07-07,185.42
ORD003995,Same Day,2024-12-01,2024-12-07,441.95
ORD003996,Express,2025-09-02,2025-09-10,216.03
ORD003997,Express,2026-02-10,2026-02-18,117.26
ORD003998,Standard,2025-01-17,2025-01-18,142.02
ORD003999,Standard,2024-02-02,2024-02-03,59.96
ORD004000,Express,2026-08-09,2026-08-16,175.5
ORD004001,Standard,2026-08-05,2026-08-12,165.64
ORD004002,Express,2025-12-20,2025-12-23,148.88
ORD004003,Standard,2026-02-19,2026-02-20,259.65
ORD004004,Express,2024-01-19,2024-01-26,281.17
ORD004005,Same Day,2026-07-21,2026-07-24,387.24
ORD004006,Express,2026-02-19,2026-02-22,238.21
ORD004007,Standard,2026-08-13,2026-08-17,226.14
ORD004008,Standard,2024-10-23,2024-10-25,208.72
ORD004009,Standard,2025-11-22,2025-11-26,98.52
ORD004010,Standard,2026-02-16,2026-02-19,161.02
ORD004011,Standard,2024-01-28,2024-01-31,93.26
ORD004012,Standard,2024-05-30,2024-06-01,198.52
ORD004013,Standard,2026-01-06,2026-01-10,272.55
ORD004014,Express,2026-01-10,2026-01-11,345.04
ORD004015,Standard,2025-07-21,2025-07-24,97.16
ORD004016,Standard,2025-08-30,2025-09-03,207.71
ORD004017,Same Day,2024-10-12,2024-10-13,225.62
ORD004018,Express,2025-09-11,2025-09-15,150.11
ORD004019,Same Day,2026-07-07,2026-07-12,321.04
ORD004020,Standard,2025-01-23,2025-01-28,68.11
ORD004021,Express,2024-09-06,2024-09-10,310.79
ORD004022,Standard,2024-02-16,2024-02-24,166.38
ORD004023,Standard,2026-08-09,2026-08-14,139.6
ORD004024,Express,2026-07-11,2026-07-19,351.24
ORD004025,Standard,2025-06-11,2025-06-18,135.19
ORD004026,Express,2024-06-14,2024-06-22,203.26
ORD004027,Express,2025-05-26,2025-05-30,246.56
ORD004028,Express,2024-10-16,2024-10-24,256.34
ORD004029,Express,2024-08-07,2024-08-14,281.62
ORD004030,Express,2025-04-13,2025-04-14,145.81
ORD004031,Standard,2026-08-24,2026-08-31,86.18
ORD004032,Express,2025-04-16,2025-04-21,225.55
ORD004033,Standard,2024-06-29,2024-07-01,199.31
ORD004034,Standard,2024-06-20,2024-06-27,68.47
ORD004035,Standard,2024-08-17,2024-08-25,107.07
ORD004036,Express,2025-01-05,2025-01-09,254.58
ORD004037,Express,2025-07-07,2025-07-09,240.99
ORD004038,Standard,2026-07-23,2026-07-28,172.39
ORD004039,Express,2025-12-09,2025-12-16,170.87
ORD004040,Standard,2024-06-12,2024-06-13,229.76
ORD004041,Standard,2025-04-23,2025-04-26,208.13
ORD004042,Express,2025-12-04,2025-12-06,223.26
ORD004043,Express,2024-08-05,2024-08-06,302.59
ORD004044,Express,2024-05-10,2024-05-18,236.58
ORD004045,Express,2024-08-25,2024-08-29,348.64
ORD004046,Standard,2026-04-24,2026-05-02,148.31
ORD004047,Standard,2025-11-19,2025-11-24,236.28
ORD004048,Standard,2024-08-06,2024-08-08,49.55
ORD004049,Standard,2025-09-12,2025-09-17,123.6
ORD004050,Express,2025-08-20,2025-08-22,177.85
ORD004051,Standard,2024-12-17,2024-12-24,103.18
ORD004052,Standard,2024-03-08,2024-03-09,283.56
ORD004053,Standard,2024-01-04,2024-01-05,257.85
ORD004054,Express,2024-08-23,2024-08-28,220.14
ORD004055,Standard,2024-08-12,2024-08-17,172.84
ORD004056,Standard,2025-10-06,2025-10-09,92.23
ORD004057,Same Day,2024-10-20,2024-10-25,257.88
ORD004058,Standard,2024-09-10,2024-09-14,160.17
ORD004059,Same Day,2026-08-26,2026-08-30,329.54
ORD004060,Standard,2026-08-03,2026-08-07,162.74
ORD004061,Standard,2025-03-08,2025-03-11,204.69
ORD004062,Standard,2025-10-26,2025-11-01,185.55
ORD004063,Standard,2025-07-24,2025-07-25,267.5
ORD004064,Standard,2024-02-29,2024-03-07,201.29
ORD004065,Standard,2024-06-11,2024-06-18,85.5
ORD004066,Standard,2025-10-05,2025-10-09,94.52
ORD004067,Standard,2026-04-26,2026-05-01,88.94
ORD004068,Standard,2024-06-05,2024-06-08,112.12
ORD004069,Express,2024-06-09,2024-06-12,332.83
ORD004070,Standard,2026-01-09,2026-01-13,299.9
ORD004071,Standard,2025-05-26,2025-05-29,181.59
ORD004072,Express,2024-07-18,2024-07-23,311.92
ORD004073,Standard,2026-05-03,2026-05-06,231.13
ORD004074,Standard,2025-08-03,2025-08-06,232.16
ORD004075,Standard,2024-05-29,2024-06-01,158.76
ORD004076,Express,2026-05-23,2026-05-28,205.95
ORD004077,Standard,2026-02-13,2026-02-16,282.04
ORD004078,Standard,2024-07-27,2024-08-04,89.27
ORD004079,Express,2024-12-17,2024-12-18,209.86
ORD004080,Same Day,2026-03-11,2026-03-13,446.02
ORD004081,Express,2024-12-30,2025-01-01,134.78
ORD004082,Express,2025-04-03,2025-04-11,335.51
ORD004083,Standard,2025-05-16,2025-05-24,114.53
ORD004084,Standard,2026-04-09,2026-04-17,102.09
ORD004085,Standard,2024-11-18,2024-11-26,245.07
ORD004086,Same Day,2025-03-28,2025-04-01,295.72
ORD004087,Express,2026-04-14,2026-04-21,132.79
ORD004088,Express,2024-11-12,2024-11-17,179.13
ORD004089,Express,2025-08-17,2025-08-23,190.05
ORD004090,Express,2026-08-11,2026-08-19,329.37
ORD004091,Express,2026-06-09,2026-06-12,359.82
ORD004092,Standard,2026-01-01,2026-01-04,217.27
ORD004093,Express,2025-12-21,2025-12-26,315.41
ORD004094,Standard,2025-12-04,2025-12-08,171.13
ORD004095,Standard,2024-11-07,2024-11-10,179.88
ORD004096,Standard,2024-07-10,2024-07-18,64.72
ORD004097,Express,2025-07-20,2025-07-22,187.41
ORD004098,Standard,2025-08-04,2025-08-10,203.81
ORD004099,Express,2025-06-17,2025-06-20,267.25
ORD004100,Standard,2024-08-24,2024-08-25,219.92
ORD004101,Express,2026-05-14,2026-05-18,296.19
ORD004102,Express,2026-06-22,2026-06-29,212.19
ORD004103,Standard,2024-10-06,2024-10-11,222.04
ORD004104,Standard,2026-02-24,2026-02-25,141.69
ORD004105,Standard,2025-11-21,2025-11-23,263.88
ORD004106,Standard,2025-03-14,2025-03-22,189.24
ORD004107,Same Day,2026-03-25,2026-03-31,229.15
ORD004108,Same Day,2026-07-01,2026-07-06,227.39
ORD004109,Same Day,2026-04-17,2026-04-25,309.47
ORD004110,Standard,2026-02-12,2026-02-16,213.81
ORD004111,Express,2024-01-25,2024-01-27,293.75
ORD004112,Standard,2025-02-22,2025-02-23,177.98
ORD004113,Same Day,2025-01-27,2025-02-02,390.23
ORD004114,Same Day,2026-07-30,2026-08-05,260.05
ORD004115,Standard,2024-01-28,2024-02-05,286.88
ORD004116,Standard,2026-01-03,2026-01-06,263.67
ORD004117,Standard,2025-01-15,2025-01-22,78.51
ORD004118,Express,2026-04-27,2026-05-04,244.96
ORD004119,Standard,2024-04-23,2024-04-24,239.62
ORD004120,Standard,2026-07-08,2026-07-12,293.29
ORD004121,Express,2026-01-22,2026-01-25,232.36
ORD004122,Express,2024-10-20,2024-10-22,218.48
ORD004123,Express,2024-09-07,2024-09-10,357.73
ORD004124,Standard,2024-03-20,2024-03-26,210.01
ORD004125,Standard,2024-04-16,2024-04-19,164.67
ORD004126,Standard,2024-11-24,2024-11-28,251.99
ORD004127,Express,2024-01-16,2024-01-18,126.33
ORD004128,Express,2024-10-16,2024-10-18,220.01
ORD004129,Same Day,2024-09-26,2024-10-04,407.81
ORD004130,Standard,2026-06-30,2026-07-05,177.1
ORD004131,Same Day,2025-09-14,2025-09-17,298.11
ORD004132,Standard,2025-12-22,2025-12-28,143.41
ORD004133,Same Day,2025-02-03,2025-02-06,253.99
ORD004134,Standard,2024-03-31,2024-04-06,111.01
ORD004135,Express,2025-01-01,2025-01-03,246.73
ORD004136,Standard,2024-06-13,2024-06-17,102.19
ORD004137,Express,2026-06-07,2026-06-15,295.59
ORD004138,Same Day,2024-07-16,2024-07-18,420.46
ORD004139,Standard,2025-03-09,2025-03-17,104.44
ORD004140,Standard,2025-01-09,2025-01-17,140.24
ORD004141,Standard,2026-02-19,2026-02-20,256.31
ORD004142,Standard,2024-05-28,2024-05-29,199.09
ORD004143,Express,2025-07-27,2025-07-29,117.06
ORD004144,Standard,2026-08-12,2026-08-13,146.25
ORD004145,Standard,2024-01-08,2024-01-14,287.2
ORD004146,Standard,2024-06-11,2024-06-14,235.64
ORD004147,Express,2025-07-29,2025-08-06,313.2
ORD004148,Express,2026-01-29,2026-02-01,232.44
ORD004149,Standard,2026-08-25,2026-09-02,295.93
ORD004150,Standard,2025-07-12,2025-07-19,131.59
ORD004151,Express,2026-07-30,2026-08-04,364.24
ORD004152,Same Day,2024-01-12,2024-01-15,271.12
ORD004153,Standard,2026-05-15,2026-05-18,268.63
ORD004154,Standard,2026-08-01,2026-08-02,245.61
ORD004155,Same Day,2024-11-25,2024-11-27,449.19
ORD004156,Standard,2025-02-05,2025-02-08,168.04
ORD004157,Standard,2026-07-19,2026-07-26,37.95
ORD004158,Standard,2026-05-29,2026-06-06,211.28
ORD004159,Express,2024-08-12,2024-08-20,199.31
ORD004160,Express,2025-12-11,2025-12-15,146.65
ORD004161,Standard,2026-08-11,2026-08-16,288.18
ORD004162,Standard,2025-05-04,2025-05-08,222.29
ORD004163,Standard,2026-03-02,2026-03-07,55.72
ORD004164,Same Day,2025-09-15,2025-09-20,225.12
ORD004165,Standard,2024-09-30,2024-10-01,53.28
ORD004166,Standard,2026-08-18,2026-08-21,100.48
ORD004167,Express,2026-01-02,2026-01-10,143.54
ORD004168,Standard,2025-12-15,2025-12-19,226.04
ORD004169,Standard,2024-09-24,2024-09-25,83.08
ORD004170,Express,2025-01-07,2025-01-14,266.13
ORD004171,Standard,2024-04-28,2024-05-03,123.2
ORD004172,Standard,2026-07-19,2026-07-27,262.36
ORD004173,Standard,2025-02-12,2025-02-17,100.73
ORD004174,Standard,2025-02-15,2025-02-17,291.13
ORD004175,Standard,2026-05-15,2026-05-21,271.1
ORD004176,Express,2026-07-31,2026-08-07,270.8
ORD004177,Express,2024-08-02,2024-08-08,268.69
ORD004178,Standard,2024-10-19,2024-10-25,272.14
ORD004179,Standard,2025-01-30,2025-02-05,113.29
ORD004180,Standard,2025-10-11,2025-10-15,82.96
ORD004181,Express,2024-06-11,2024-06-13,339.29
ORD004182,Standard,2025-05-24,2025-06-01,144.85
ORD004183,Standard,2026-03-09,2026-03-17,105.68
ORD004184,Standard,2026-05-30,2026-06-03,281.83
ORD004185,Express,2024-01-05,2024-01-11,166.56
ORD004186,Standard,2025-11-06,2025-11-09,293.95
ORD004187,Standard,2024-11-09,2024-11-12,119.65
ORD004188,Standard,2025-07-29,2025-08-04,131.25
ORD004189,Standard,2024-04-29,2024-05-03,202.5
ORD004190,Express,2025-10-24,2025-11-01,148.03
ORD004191,Standard,2025-11-03,2025-11-11,167.92
ORD004192,Standard,2024-07-26,2024-08-01,284.93
ORD004193,Standard,2025-08-27,2025-08-28,285.39
ORD004194,Express,2025-07-23,2025-07-29,146.3
ORD004195,Express,2024-11-15,2024-11-17,242.98
ORD004196,Standard,2026-08-31,2026-09-04,130.84
ORD004197,Standard,2025-07-12,2025-07-16,104.52
ORD004198,Express,2024-02-23,2024-03-02,165.74
ORD004199,Express,2024-04-01,2024-04-03,132.51
ORD004200,Standard,2025-10-23,2025-10-24,130.94
ORD004201,Standard,2024-05-23,2024-05-28,100.59
ORD004202,Standard,2026-02-19,2026-02-27,256.08
ORD004203,Express,2024-09-21,2024-09-24,331.87
ORD004204,Express,2024-08-14,2024-08-16,134.53
ORD004205,Standard,2024-12-26,2024-12-29,254.16
ORD004206,Standard,2024-01-11,2024-01-17,193.39
ORD004207,Standard,2025-06-01,2025-06-04,278.19
ORD004208,Same Day,2024-05-09,2024-05-11,375.88
ORD004209,Express,2025-02-23,2025-02-25,127.72
ORD004210,Standard,2026-04-13,2026-04-18,186.85
ORD004211,Standard,2025-05-23,2025-05-31,246.82
ORD004212,Standard,2025-07-12,2025-07-16,274.54
ORD004213,Express,2026-07-19,2026-07-25,234.22
ORD004214,Standard,2026-03-06,2026-03-08,88.25
ORD004215,Express,2024-07-09,2024-07-14,213.56
ORD004216,Same Day,2025-06-13,2025-06-16,201.23
ORD004217,Express,2025-02-12,2025-02-13,221.45
ORD004218,Standard,2024-07-13,2024-07-16,53.98
ORD004219,Same Day,2025-07-07,2025-07-09,290.02
ORD004220,Standard,2024-11-22,2024-11-26,121.15
ORD004221,Standard,2025-05-05,2025-05-11,182.07
ORD004222,Express,2026-05-08,2026-05-11,319.48
ORD004223,Standard,2026-07-24,2026-07-27,52.76
ORD004224,Standard,2024-02-01,2024-02-05,215.09
ORD004225,Express,2026-03-05,2026-03-07,329.67
ORD004226,Express,2025-05-10,2025-05-11,253.78
ORD004227,Standard,2024-05-25,2024-05-30,199.72
ORD004228,Standard,2025-07-02,2025-07-07,145.42
ORD004229,Standard,2025-06-25,2025-07-02,63.7
ORD004230,Standard,2024-02-16,2024-02-22,255.98
ORD004231,Express,2025-12-22,2025-12-29,246.46
ORD004232,Express,2025-05-19,2025-05-23,135.32
ORD004233,Standard,2025-10-20,2025-10-21,238.26
ORD004234,Standard,2024-04-15,2024-04-21,257.76
ORD004235,Standard,2025-02-05,2025-02-10,232.96
ORD004236,Express,2024-01-27,2024-01-31,118.87
ORD004237,Standard,2024-07-06,2024-07-08,72.67
ORD004238,Standard,2026-04-22,2026-04-29,166.12
ORD004239,Standard,2024-02-13,2024-02-21,180.03
ORD004240,Standard,2026-08-21,2026-08-28,35.49
ORD004241,Standard,2025-10-29,2025-11-04,181.32
ORD004242,Express,2025-01-08,2025-01-13,119.96
ORD004243,Express,2024-01-29,2024-02-05,360.65
ORD004244,Standard,2025-10-21,2025-10-28,157.16
ORD004245,Standard,2025-01-12,2025-01-18,108.09
ORD004246,Standard,2026-01-10,2026-01-14,215.29
ORD004247,Standard,2025-10-26,2025-10-28,198.77
ORD004248,Standard,2026-01-13,2026-01-19,84.84
ORD004249,Standard,2025-07-04,2025-07-05,149.41
ORD004250,Express,2026-02-05,2026-02-13,245.16
ORD004251,Standard,2026-05-27,2026-06-01,185.45
ORD004252,Standard,2026-08-28,2026-09-05,222.16
ORD004253,Express,2024-08-12,2024-08-17,204.53
ORD004254,Same Day,2024-09-04,2024-09-07,257.41
ORD004255,Standard,2025-01-09,2025-01-12,132.11
ORD004256,Standard,2024-10-26,2024-10-27,56.39
ORD004257,Standard,2026-04-04,2026-04-05,215.91
ORD004258,Same Day,2024-09-07,2024-09-08,396.83
ORD004259,Express,2024-02-03,2024-02-08,218.09
ORD004260,Same Day,2026-03-30,2026-04-02,320.43
ORD004261,Express,2025-06-29,2025-07-04,350.95
ORD004262,Standard,2024-02-25,2024-03-01,265.29
ORD004263,Same Day,2025-09-10,2025-09-18,444.17
ORD004264,Standard,2026-07-27,2026-08-04,228.63
ORD004265,Standard,2024-10-05,2024-10-10,68.86
ORD004266,Standard,2025-08-01,2025-08-05,72.99
ORD004267,Standard,2024-12-28,2024-12-29,64.12
ORD004268,Standard,2025-10-16,2025-10-21,159.03
ORD004269,Standard,2025-07-31,2025-08-02,62.3
ORD004270,Express,2024-05-24,2024-05-28,158.26
ORD004271,Express,2025-12-04,2025-12-10,344.31
ORD004272,Same Day,2026-05-05,2026-05-08,418.76
ORD004273,Express,2024-04-14,2024-04-16,338.3
ORD004274,Standard,2024-10-11,2024-10-19,299.99
ORD004275,Standard,2024-09-29,2024-10-06,112.78
ORD004276,Standard,2024-07-08,2024-07-16,230.6
ORD004277,Express,2024-08-18,2024-08-26,161.11
ORD004278,Same Day,2024-10-29,2024-11-05,429.86
ORD004279,Same Day,2024-02-12,2024-02-14,251.67
ORD004280,Express,2025-11-13,2025-11-20,240.2
ORD004281,Standard,2024-08-16,2024-08-24,245.2
ORD004282,Standard,2025-05-03,2025-05-11,218.2
ORD004283,Express,2024-09-12,2024-09-16,146.02
ORD004284,Standard,2026-05-17,2026-05-21,244.57
ORD004285,Express,2025-03-10,2025-03-14,365.43
ORD004286,Same Day,2026-02-13,2026-02-15,423.27
ORD004287,Same Day,2026-03-15,2026-03-20,333.3
ORD004288,Standard,2024-03-02,2024-03-04,234.25
ORD004289,Standard,2024-09-04,2024-09-12,169.01
ORD004290,Standard,2024-12-12,2024-12-18,185.18
ORD004291,Standard,2024-12-12,2024-12-16,288.07
ORD004292,Standard,2025-07-08,2025-07-15,99.44
ORD004293,Standard,2026-01-12,2026-01-15,186.35
ORD004294,Same Day,2024-06-28,2024-07-03,208.75
ORD004295,Standard,2026-08-02,2026-08-09,261.18
ORD004296,Express,2026-05-21,2026-05-24,367.39
ORD004297,Standard,2025-01-16,2025-01-17,74.6
ORD004298,Express,2024-05-31,2024-06-01,348.75
ORD004299,Standard,2024-09-19,2024-09-24,162.69
ORD004300,Express,2025-04-23,2025-04-28,301.53
ORD004301,Express,2024-10-29,2024-11-02,137.57
ORD004302,Standard,2024-03-29,2024-03-31,153.77
ORD004303,Same Day,2025-03-24,2025-03-31,418.52
ORD004304,Standard,2025-12-06,2025-12-09,241.72
ORD004305,Standard,2025-11-26,2025-11-27,39.94
ORD004306,Express,2024-04-28,2024-05-03,118.28
ORD004307,Standard,2024-12-16,2024-12-23,258.92
ORD004308,Standard,2024-04-26,2024-05-01,136.52
ORD004309,Standard,2026-01-21,2026-01-22,36.18
ORD004310,Standard,2024-04-13,2024-04-21,168.61
ORD004311,Express,2024-11-28,2024-12-02,363.87
ORD004312,Standard,2024-04-28,2024-05-04,287.61
ORD004313,Standard,2025-05-17,2025-05-21,191.08
ORD004314,Same Day,2026-01-31,2026-02-02,437.93
ORD004315,Standard,2024-11-23,2024-11-28,268.82
ORD004316,Standard,2026-03-07,2026-03-08,243.81
ORD004317,Express,2025-07-25,2025-08-01,263.27
ORD004318,Express,2024-12-22,2024-12-23,201.45
ORD004319,Standard,2026-02-19,2026-02-25,183.98
ORD004320,Standard,2024-01-12,2024-01-13,48.87
ORD004321,Standard,2024-12-25,2024-12-26,242.01
ORD004322,Standard,2024-09-05,2024-09-07,279.59
ORD004323,Same Day,2024-09-07,2024-09-13,198.36
ORD004324,Standard,2026-06-12,2026-06-18,167.7
ORD004325,Express,2024-04-14,2024-04-19,336.03
ORD004326,Standard,2025-07-05,2025-07-08,75.29
ORD004327,Express,2026-03-02,2026-03-04,189.46
ORD004328,Standard,2026-02-12,2026-02-18,198.53
ORD004329,Express,2024-08-18,2024-08-19,138.42
ORD004330,Express,2025-11-15,2025-11-17,361.85
ORD004331,Standard,2026-01-27,2026-01-29,73.23
ORD004332,Standard,2025-12-26,2025-12-27,173.52
ORD004333,Express,2024-02-14,2024-02-21,322.82
ORD004334,Standard,2024-04-15,2024-04-16,43.84
ORD004335,Express,2025-03-21,2025-03-22,173.72
ORD004336,Standard,2026-03-25,2026-03-27,109.39
ORD004337,Standard,2025-04-17,2025-04-19,142.59
ORD004338,Standard,2026-03-13,2026-03-19,91.11
ORD004339,Standard,2024-11-08,2024-11-10,248
ORD004340,Express,2024-05-28,2024-06-01,297.49
ORD004341,Standard,2024-07-11,2024-07-13,224.89
ORD004342,Standard,2026-01-24,2026-01-27,150.4
ORD004343,Standard,2026-02-09,2026-02-16,296.97
ORD004344,Express,2024-04-21,2024-04-25,341.93
ORD004345,Standard,2026-03-06,2026-03-09,156.11
ORD004346,Standard,2025-05-23,2025-05-30,275.26
ORD004347,Same Day,2025-06-23,2025-06-29,373.11
ORD004348,Express,2026-01-19,2026-01-25,175.65
ORD004349,Standard,2024-10-24,2024-10-29,79.09
ORD004350,Standard,2026-06-29,2026-07-04,175.8
ORD004351,Standard,2024-01-02,2024-01-08,200.08
ORD004352,Same Day,2025-03-04,2025-03-05,417.8
ORD004353,Standard,2025-01-21,2025-01-29,76.35
ORD004354,Standard,2025-06-29,2025-07-02,47.51
ORD004355,Standard,2024-01-29,2024-02-01,174.72
ORD004356,Standard,2025-02-01,2025-02-07,251.95
ORD004357,Express,2025-07-21,2025-07-23,277.91
ORD004358,Standard,2025-07-09,2025-07-14,114.43
ORD004359,Express,2025-02-17,2025-02-25,153.24
ORD004360,Same Day,2024-07-05,2024-07-08,369.56
ORD004361,Standard,2024-04-28,2024-05-03,153.36
ORD004362,Standard,2024-08-19,2024-08-25,252.09
ORD004363,Standard,2026-02-01,2026-02-08,45.79
ORD004364,Standard,2024-05-12,2024-05-19,206.9
ORD004365,Standard,2024-01-23,2024-01-31,170.12
ORD004366,Express,2026-08-29,2026-08-30,365.93
ORD004367,Standard,2025-11-26,2025-11-30,122.32
ORD004368,Express,2025-06-18,2025-06-26,256.65
ORD004369,Standard,2025-09-24,2025-10-02,233.52
ORD004370,Standard,2026-06-11,2026-06-13,99.88
ORD004371,Standard,2026-05-25,2026-05-29,60.95
ORD004372,Same Day,2026-01-26,2026-01-30,336.96
ORD004373,Standard,2026-08-23,2026-08-26,202.3
ORD004374,Express,2025-12-03,2025-12-08,362.98
ORD004375,Standard,2024-07-25,2024-08-02,226.98
ORD004376,Standard,2026-05-03,2026-05-09,89.48
ORD004377,Same Day,2025-03-02,2025-03-04,226.83
ORD004378,Standard,2025-05-17,2025-05-25,46.17
ORD004379,Standard,2024-08-06,2024-08-07,258.81
ORD004380,Standard,2026-06-29,2026-07-03,257.64
ORD004381,Standard,2025-12-17,2025-12-18,172.52
ORD004382,Express,2025-05-29,2025-06-05,276.2
ORD004383,Standard,2025-12-02,2025-12-08,163.31
ORD004384,Standard,2024-07-19,2024-07-25,126.29
ORD004385,Standard,2025-04-28,2025-04-30,137.39
ORD004386,Express,2024-02-18,2024-02-26,226.71
ORD004387,Express,2025-11-20,2025-11-28,338.88
ORD004388,Standard,2026-03-09,2026-03-14,255.02
ORD004389,Standard,2026-04-23,2026-05-01,266.5
ORD004390,Same Day,2026-05-02,2026-05-05,408.42
ORD004391,Express,2024-08-14,2024-08-18,114.99
ORD004392,Standard,2024-12-17,2024-12-22,260.75
ORD004393,Standard,2025-12-21,2025-12-23,217.1
ORD004394,Standard,2026-01-29,2026-02-04,162.94
ORD004395,Standard,2026-07-16,2026-07-23,105.68
ORD004396,Express,2025-02-22,2025-02-27,297.74
ORD004397,Standard,2025-09-05,2025-09-06,171.3
ORD004398,Express,2026-03-05,2026-03-11,368.37
ORD004399,Standard,2024-08-13,2024-08-18,294.52
ORD004400,Standard,2025-04-29,2025-05-05,63.76
ORD004401,Standard,2025-09-30,2025-10-08,95.06
ORD004402,Standard,2025-01-07,2025-01-11,198.29
ORD004403,Standard,2026-01-18,2026-01-19,57.08
ORD004404,Standard,2024-07-02,2024-07-09,103.68
ORD004405,Standard,2024-12-05,2024-12-11,39.79
ORD004406,Standard,2024-08-01,2024-08-09,88.48
ORD004407,Same Day,2025-04-11,2025-04-17,430.89
ORD004408,Standard,2024-08-21,2024-08-26,216.75
ORD004409,Standard,2024-05-16,2024-05-24,94.6
ORD004410,Express,2024-04-09,2024-04-17,152.23
ORD004411,Express,2026-04-11,2026-04-13,267.65
ORD004412,Standard,2024-08-29,2024-09-04,117.86
ORD004413,Standard,2025-07-14,2025-07-22,38.94
ORD004414,Express,2024-11-01,2024-11-06,317.61
ORD004415,Standard,2025-11-17,2025-11-19,209.37
ORD004416,Standard,2026-02-13,2026-02-17,235.79
ORD004417,Express,2024-12-26,2024-12-31,287.1
ORD004418,Same Day,2024-03-10,2024-03-18,255.36
ORD004419,Express,2025-08-13,2025-08-15,343.69
ORD004420,Express,2025-07-07,2025-07-11,336.26
ORD004421,Express,2026-05-03,2026-05-06,294.67
ORD004422,Standard,2025-10-12,2025-10-18,142.46
ORD004423,Standard,2024-03-19,2024-03-25,150.56
ORD004424,Standard,2025-09-25,2025-10-02,84.23
ORD004425,Standard,2024-02-08,2024-02-15,228.07
ORD004426,Express,2025-08-21,2025-08-29,257.54
ORD004427,Express,2024-08-30,2024-09-04,292.98
ORD004428,Standard,2026-05-07,2026-05-14,192.49
ORD004429,Express,2025-09-16,2025-09-18,149.67
ORD004430,Express,2024-11-09,2024-11-13,145.46
ORD004431,Standard,2024-01-06,2024-01-07,126.24
ORD004432,Express,2024-10-06,2024-10-09,223.82
ORD004433,Express,2025-07-06,2025-07-11,331.24
ORD004434,Standard,2024-04-16,2024-04-20,171.24
ORD004435,Standard,2024-02-11,2024-02-12,180.3
ORD004436,Standard,2024-06-30,2024-07-02,253.01
ORD004437,Same Day,2025-09-28,2025-09-29,417.12
ORD004438,Standard,2024-07-30,2024-08-06,197.24
ORD004439,Standard,2024-06-18,2024-06-26,199.96
ORD004440,Standard,2025-01-20,2025-01-28,142.84
ORD004441,Standard,2026-06-08,2026-06-10,288.14
ORD004442,Standard,2026-06-15,2026-06-17,164.32
ORD004443,Same Day,2026-05-11,2026-05-17,320.57
ORD004444,Same Day,2026-04-02,2026-04-07,310.35
ORD004445,Express,2026-03-31,2026-04-04,209.68
ORD004446,Standard,2024-08-08,2024-08-12,130.28
ORD004447,Same Day,2025-02-17,2025-02-18,377.38
ORD004448,Standard,2025-07-07,2025-07-13,182.87
ORD004449,Express,2025-04-15,2025-04-21,367
ORD004450,Standard,2024-02-24,2024-02-26,121.88
ORD004451,Express,2024-03-26,2024-03-28,268.6
ORD004452,Standard,2026-03-27,2026-04-04,105.41
ORD004453,Express,2025-03-07,2025-03-08,171.96
ORD004454,Standard,2025-07-10,2025-07-15,248.66
ORD004455,Express,2025-05-20,2025-05-25,330.58
ORD004456,Standard,2024-07-29,2024-08-06,256.73
ORD004457,Same Day,2026-06-28,2026-07-02,293.43
ORD004458,Express,2026-08-07,2026-08-15,205.59
ORD004459,Standard,2026-03-14,2026-03-17,151.96
ORD004460,Express,2024-08-23,2024-08-25,329.22
ORD004461,Standard,2026-02-09,2026-02-16,215.67
ORD004462,Standard,2025-04-29,2025-05-06,149.89
ORD004463,Standard,2024-05-08,2024-05-09,59.89
ORD004464,Standard,2026-06-03,2026-06-11,279.22
ORD004465,Express,2025-03-16,2025-03-20,305.56
ORD004466,Standard,2026-03-22,2026-03-29,181.77
ORD004467,Express,2025-10-25,2025-11-02,197.73
ORD004468,Standard,2025-07-29,2025-08-04,60.6
ORD004469,Standard,2024-08-16,2024-08-20,296.25
ORD004470,Express,2026-05-22,2026-05-24,183.25
ORD004471,Same Day,2024-03-29,2024-04-01,379.85
ORD004472,Express,2026-06-01,2026-06-04,157.55
ORD004473,Express,2025-04-18,2025-04-23,245.62
ORD004474,Same Day,2024-08-11,2024-08-17,305.56
ORD004475,Standard,2026-02-05,2026-02-08,131.49
ORD004476,Same Day,2025-10-08,2025-10-11,272.75
ORD004477,Standard,2026-01-28,2026-02-05,228.76
ORD004478,Express,2024-06-05,2024-06-12,311.43
ORD004479,Standard,2025-05-06,2025-05-10,222.6
ORD004480,Standard,2025-04-04,2025-04-08,260.53
ORD004481,Express,2025-03-17,2025-03-18,194.74
ORD004482,Same Day,2026-08-26,2026-09-02,447.15
ORD004483,Standard,2025-09-21,2025-09-28,107.62
ORD004484,Standard,2024-10-01,2024-10-09,294.67
ORD004485,Standard,2025-12-04,2025-12-08,282.09
ORD004486,Express,2025-12-31,2026-01-01,131.23
ORD004487,Express,2026-02-07,2026-02-13,175.95
ORD004488,Same Day,2026-02-13,2026-02-17,297.99
ORD004489,Standard,2024-10-17,2024-10-20,142.84
ORD004490,Same Day,2025-05-08,2025-05-12,316.6
ORD004491,Standard,2024-12-27,2024-12-30,232.21
ORD004492,Express,2026-02-24,2026-02-26,317.46
ORD004493,Express,2024-03-03,2024-03-08,228.97
ORD004494,Express,2026-01-28,2026-02-05,153.3
ORD004495,Express,2025-06-04,2025-06-07,311.91
ORD004496,Standard,2024-09-10,2024-09-11,76.19
ORD004497,Standard,2025-03-10,2025-03-15,152.28
ORD004498,Standard,2026-06-06,2026-06-14,177.96
ORD004499,Standard,2025-12-02,2025-12-08,291.67
ORD004500,Same Day,2026-05-28,2026-05-31,322.44
ORD004501,Standard,2026-04-16,2026-04-19,107.95
ORD004502,Standard,2025-03-10,2025-03-15,183.58
ORD004503,Express,2025-08-05,2025-08-07,277.56
ORD004504,Express,2024-04-17,2024-04-20,326.2
ORD004505,Express,2026-08-12,2026-08-16,247.67
ORD004506,Express,2025-04-27,2025-05-02,265.01
ORD004507,Standard,2025-10-27,2025-11-04,140.75
ORD004508,Standard,2025-04-18,2025-04-20,274.38
ORD004509,Standard,2026-05-05,2026-05-06,285.24
ORD004510,Standard,2026-01-31,2026-02-08,183.03
ORD004511,Standard,2025-09-09,2025-09-12,182.54
ORD004512,Same Day,2026-01-07,2026-01-12,326.51
ORD004513,Standard,2024-07-05,2024-07-11,110.63
ORD004514,Standard,2026-05-28,2026-05-31,284.68
ORD004515,Standard,2025-10-02,2025-10-08,212
ORD004516,Express,2024-02-28,2024-03-02,196.05
ORD004517,Standard,2025-01-23,2025-01-25,213.71
ORD004518,Standard,2024-08-08,2024-08-10,63.86
ORD004519,Standard,2026-01-29,2026-02-01,46.84
ORD004520,Standard,2024-11-08,2024-11-12,298.71
ORD004521,Standard,2024-04-16,2024-04-24,109.05
ORD004522,Standard,2026-07-28,2026-07-29,194.15
ORD004523,Standard,2025-01-03,2025-01-09,228.22
ORD004524,Standard,2026-06-01,2026-06-03,219.29
ORD004525,Standard,2025-05-06,2025-05-07,188.63
ORD004526,Express,2025-01-11,2025-01-16,260.45
ORD004527,Express,2025-06-11,2025-06-13,133.28
ORD004528,Standard,2026-03-03,2026-03-05,268.25
ORD004529,Standard,2025-09-30,2025-10-07,138.62
ORD004530,Standard,2024-05-02,2024-05-10,63.04
ORD004531,Standard,2026-04-07,2026-04-09,94.55
ORD004532,Express,2025-11-27,2025-11-28,163.55
ORD004533,Express,2025-01-20,2025-01-28,329.89
ORD004534,Standard,2026-06-08,2026-06-16,65.49
ORD004535,Standard,2024-08-11,2024-08-15,83.67
ORD004536,Express,2024-11-17,2024-11-23,336.95
ORD004537,Express,2026-01-04,2026-01-11,144.79
ORD004538,Express,2024-03-09,2024-03-10,171.73
ORD004539,Standard,2025-09-16,2025-09-17,178.2
ORD004540,Express,2026-06-17,2026-06-19,363.43
ORD004541,Express,2026-02-21,2026-02-28,208.34
ORD004542,Express,2024-03-07,2024-03-14,338.29
ORD004543,Standard,2024-04-03,2024-04-04,198.24
ORD004544,Standard,2024-03-29,2024-04-04,60.03
ORD004545,Express,2024-02-27,2024-03-04,326.89
ORD004546,Standard,2024-11-11,2024-11-14,86.06
ORD004547,Standard,2026-01-02,2026-01-05,163.58
ORD004548,Standard,2025-02-22,2025-03-01,246.42
ORD004549,Standard,2024-11-25,2024-12-02,36.53
ORD004550,Standard,2026-02-07,2026-02-08,75.49
ORD004551,Standard,2025-07-27,2025-08-02,208.12
ORD004552,Standard,2025-09-22,2025-09-29,96.42
ORD004553,Express,2024-03-28,2024-04-05,262.93
ORD004554,Standard,2026-02-07,2026-02-09,190.96
ORD004555,Standard,2024-01-19,2024-01-25,265.64
ORD004556,Standard,2026-01-16,2026-01-18,76.21
ORD004557,Standard,2026-03-31,2026-04-02,298.85
ORD004558,Standard,2026-08-06,2026-08-08,233.2
ORD004559,Same Day,2024-12-31,2025-01-08,346.42
ORD004560,Express,2025-08-06,2025-08-12,253.34
ORD004561,Standard,2024-10-07,2024-10-11,255.32
ORD004562,Standard,2024-01-07,2024-01-08,169.66
ORD004563,Standard,2025-10-13,2025-10-20,239.89
ORD004564,Standard,2025-04-14,2025-04-21,233.66
ORD004565,Standard,2025-10-24,2025-10-30,172.4
ORD004566,Standard,2025-05-23,2025-05-25,142.78
ORD004567,Standard,2024-05-07,2024-05-13,293.51
ORD004568,Same Day,2026-07-14,2026-07-18,349.59
ORD004569,Standard,2026-04-05,2026-04-09,47.75
ORD004570,Standard,2025-06-13,2025-06-21,165.68
ORD004571,Standard,2024-02-02,2024-02-04,185.56
ORD004572,Standard,2025-03-07,2025-03-13,146.59
ORD004573,Standard,2026-04-06,2026-04-08,117.8
ORD004574,Standard,2026-01-06,2026-01-12,263.89
ORD004575,Standard,2026-01-19,2026-01-22,38.54
ORD004576,Standard,2024-09-23,2024-09-27,82.9
ORD004577,Express,2026-05-13,2026-05-17,278.88
ORD004578,Express,2025-05-19,2025-05-27,249.2
ORD004579,Standard,2025-01-28,2025-01-31,259.6
ORD004580,Standard,2025-10-02,2025-10-09,286.97
ORD004581,Standard,2025-03-03,2025-03-07,188.06
ORD004582,Express,2026-06-26,2026-07-02,117.86
ORD004583,Standard,2025-07-26,2025-08-03,36.6
ORD004584,Standard,2024-10-11,2024-10-15,238.15
ORD004585,Standard,2024-01-19,2024-01-21,297.2
ORD004586,Same Day,2026-01-10,2026-01-12,286.84
ORD004587,Standard,2026-02-25,2026-03-05,213.63
ORD004588,Express,2025-08-07,2025-08-11,362.29
ORD004589,Standard,2024-09-23,2024-09-29,57.04
ORD004590,Express,2024-08-28,2024-08-31,307.83
ORD004591,Express,2026-06-23,2026-06-29,351.9
ORD004592,Express,2024-02-28,2024-03-03,148.05
ORD004593,Express,2025-02-10,2025-02-18,321.23
ORD004594,Standard,2026-02-17,2026-02-20,115.38
ORD004595,Standard,2025-02-28,2025-03-08,239.97
ORD004596,Standard,2024-06-21,2024-06-23,262.42
ORD004597,Express,2024-07-10,2024-07-17,252.88
ORD004598,Standard,2024-01-05,2024-01-07,269.3
ORD004599,Standard,2024-02-15,2024-02-21,61.62
ORD004600,Same Day,2026-01-15,2026-01-21,351.7
ORD004601,Standard,2025-02-25,2025-02-28,53.38
ORD004602,Standard,2024-11-28,2024-12-03,276.87
ORD004603,Express,2025-08-14,2025-08-16,342.5
ORD004604,Express,2024-08-26,2024-08-31,346.77
ORD004605,Standard,2026-07-08,2026-07-11,125.74
ORD004606,Express,2024-06-13,2024-06-16,294.02
ORD004607,Standard,2025-04-14,2025-04-20,159.34
ORD004608,Standard,2024-10-28,2024-10-29,112
ORD004609,Standard,2025-03-16,2025-03-19,219.55
ORD004610,Standard,2024-05-02,2024-05-09,154.84
ORD004611,Standard,2025-02-21,2025-02-22,258.28
ORD004612,Standard,2025-10-21,2025-10-26,116.02
ORD004613,Express,2025-06-27,2025-07-01,121.21
ORD004614,Standard,2024-02-22,2024-02-24,63.31
ORD004615,Standard,2024-07-08,2024-07-12,109.12
ORD004616,Same Day,2024-02-10,2024-02-15,388
ORD004617,Standard,2025-10-19,2025-10-21,111.91
ORD004618,Standard,2024-10-16,2024-10-17,154.82
ORD004619,Express,2025-09-08,2025-09-15,166.57
ORD004620,Standard,2025-10-08,2025-10-11,235.84
ORD004621,Standard,2024-03-28,2024-03-30,116.02
ORD004622,Standard,2024-07-21,2024-07-22,106.4
ORD004623,Same Day,2026-06-13,2026-06-18,301.95
ORD004624,Standard,2025-06-25,2025-06-27,101.89
ORD004625,Standard,2024-12-22,2024-12-23,249.82
ORD004626,Standard,2024-09-08,2024-09-11,129.46
ORD004627,Express,2025-03-26,2025-04-02,362.94
ORD004628,Standard,2025-02-19,2025-02-23,132.72
ORD004629,Express,2024-07-31,2024-08-05,127.46
ORD004630,Standard,2025-08-12,2025-08-16,36.9
ORD004631,Standard,2026-04-23,2026-04-26,213.28
ORD004632,Standard,2024-06-07,2024-06-11,286.2
ORD004633,Standard,2026-06-21,2026-06-28,131.53
ORD004634,Standard,2025-10-28,2025-10-30,89.22
ORD004635,Standard,2025-04-12,2025-04-15,140.1
ORD004636,Express,2024-06-13,2024-06-19,118.46
ORD004637,Express,2025-01-17,2025-01-20,116.01
ORD004638,Standard,2025-02-09,2025-02-13,204.14
ORD004639,Standard,2026-05-04,2026-05-06,235.06
ORD004640,Express,2025-08-01,2025-08-08,285.97
ORD004641,Same Day,2025-05-11,2025-05-12,258.07
ORD004642,Standard,2024-10-13,2024-10-17,267.84
ORD004643,Standard,2024-12-14,2024-12-18,130.36
ORD004644,Standard,2025-07-10,2025-07-16,41.6
ORD004645,Express,2026-03-13,2026-03-14,311.23
ORD004646,Standard,2025-03-21,2025-03-27,80.34
ORD004647,Express,2025-05-08,2025-05-11,131.81
ORD004648,Standard,2025-10-28,2025-11-05,190.74
ORD004649,Standard,2025-03-21,2025-03-25,152.93
ORD004650,Standard,2025-02-25,2025-02-26,146.05
ORD004651,Standard,2025-08-20,2025-08-23,73.84
ORD004652,Standard,2025-02-21,2025-02-24,219.44
ORD004653,Express,2025-09-02,2025-09-03,327.45
ORD004654,Standard,2024-04-25,2024-05-01,59.01
ORD004655,Same Day,2026-06-01,2026-06-05,244.6
ORD004656,Standard,2025-11-11,2025-11-18,265.47
ORD004657,Express,2025-05-11,2025-05-19,178.95
ORD004658,Express,2025-05-29,2025-06-02,250.52
ORD004659,Standard,2025-10-26,2025-11-03,147.96
ORD004660,Express,2025-10-29,2025-11-04,315.55
ORD004661,Same Day,2024-09-02,2024-09-03,333.79
ORD004662,Same Day,2024-01-22,2024-01-24,189.7
ORD004663,Standard,2025-09-07,2025-09-14,279.42
ORD004664,Same Day,2025-11-01,2025-11-08,259.49
ORD004665,Express,2025-06-30,2025-07-04,301.79
ORD004666,Standard,2024-06-23,2024-06-30,273.96
ORD004667,Standard,2025-10-17,2025-10-20,224.19
ORD004668,Express,2024-09-17,2024-09-21,133.22
ORD004669,Express,2026-01-04,2026-01-06,314.16
ORD004670,Standard,2025-05-16,2025-05-24,110.08
ORD004671,Standard,2024-11-24,2024-11-27,121.74
ORD004672,Express,2025-05-29,2025-06-02,305.42
ORD004673,Standard,2025-04-20,2025-04-22,194.23
ORD004674,Same Day,2024-03-21,2024-03-24,398.39
ORD004675,Express,2024-02-13,2024-02-20,226.46
ORD004676,Standard,2025-08-12,2025-08-19,166.76
ORD004677,Express,2025-09-05,2025-09-12,186.13
ORD004678,Express,2025-02-14,2025-02-15,250.82
ORD004679,Express,2026-03-11,2026-03-15,162.04
ORD004680,Express,2025-03-12,2025-03-17,284.83
ORD004681,Standard,2026-03-23,2026-03-29,155.57
ORD004682,Standard,2026-03-26,2026-04-01,199.5
ORD004683,Standard,2024-03-02,2024-03-10,156.42
ORD004684,Standard,2026-03-11,2026-03-15,67.26
ORD004685,Same Day,2024-04-22,2024-04-28,420.07
ORD004686,Express,2025-09-11,2025-09-18,350.63
ORD004687,Express,2024-11-14,2024-11-19,276.42
ORD004688,Standard,2024-11-19,2024-11-22,149.59
ORD004689,Express,2026-03-01,2026-03-02,201.05
ORD004690,Standard,2024-07-20,2024-07-21,63.89
ORD004691,Standard,2024-08-22,2024-08-24,283.71
ORD004692,Express,2026-04-16,2026-04-23,113.64
ORD004693,Express,2026-05-22,2026-05-23,232.37
ORD004694,Express,2026-07-08,2026-07-14,249.12
ORD004695,Express,2026-03-31,2026-04-08,198.69
ORD004696,Standard,2025-02-05,2025-02-13,115.26
ORD004697,Express,2025-11-20,2025-11-26,114.88
ORD004698,Standard,2024-09-28,2024-09-29,40.81
ORD004699,Standard,2026-08-06,2026-08-14,242.61
ORD004700,Standard,2026-04-06,2026-04-11,292.9
ORD004701,Standard,2025-02-10,2025-02-13,185.28
ORD004702,Standard,2025-01-24,2025-01-28,270.72
ORD004703,Standard,2024-11-22,2024-11-29,162.87
ORD004704,Express,2026-03-30,2026-04-07,173.04
ORD004705,Express,2024-03-29,2024-04-06,338.96
ORD004706,Express,2024-01-21,2024-01-28,315.09
ORD004707,Same Day,2025-10-22,2025-10-27,291.18
ORD004708,Express,2026-09-03,2026-09-11,128.62
ORD004709,Standard,2026-07-09,2026-07-11,91.15
ORD004710,Standard,2025-11-20,2025-11-26,162.23
ORD004711,Standard,2025-06-20,2025-06-24,66.35
ORD004712,Standard,2026-07-12,2026-07-19,176.97
ORD004713,Express,2026-07-25,2026-07-31,175.03
ORD004714,Express,2026-03-09,2026-03-16,253.48
ORD004715,Same Day,2026-01-20,2026-01-22,255.85
ORD004716,Standard,2025-03-24,2025-03-27,226.88
ORD004717,Standard,2024-05-30,2024-06-05,68.88
ORD004718,Standard,2026-05-11,2026-05-14,49.55
ORD004719,Standard,2024-06-02,2024-06-05,299.44
ORD004720,Express,2025-07-30,2025-08-06,201.69
ORD004721,Standard,2025-08-12,2025-08-15,229.03
ORD004722,Standard,2025-02-03,2025-02-10,220.76
ORD004723,Standard,2025-03-17,2025-03-25,228.53
ORD004724,Standard,2024-02-10,2024-02-13,241.27
ORD004725,Standard,2025-12-02,2025-12-06,176.65
ORD004726,Express,2025-08-06,2025-08-14,253.65
ORD004727,Same Day,2025-10-25,2025-10-27,351.68
ORD004728,Express,2024-04-28,2024-05-01,242.7
ORD004729,Express,2026-06-06,2026-06-13,253.71
ORD004730,Express,2025-07-13,2025-07-20,283.69
ORD004731,Express,2024-10-13,2024-10-21,310.24
ORD004732,Express,2025-09-07,2025-09-11,363.77
ORD004733,Same Day,2026-06-16,2026-06-22,280.02
ORD004734,Express,2024-06-30,2024-07-05,105.75
ORD004735,Standard,2025-07-19,2025-07-24,162.88
ORD004736,Standard,2024-05-25,2024-06-01,173.37
ORD004737,Express,2026-02-14,2026-02-20,253.44
ORD004738,Express,2025-10-19,2025-10-22,328.51
ORD004739,Express,2026-04-04,2026-04-05,322.57
ORD004740,Standard,2024-09-18,2024-09-22,50.94
ORD004741,Standard,2024-05-08,2024-05-10,41.72
ORD004742,Standard,2026-07-21,2026-07-22,37.4
ORD004743,Standard,2025-08-09,2025-08-17,211.93
ORD004744,Express,2025-05-11,2025-05-16,304.47
ORD004745,Same Day,2026-02-17,2026-02-24,260.39
ORD004746,Standard,2025-05-13,2025-05-20,264.86
ORD004747,Express,2026-07-20,2026-07-21,215.21
ORD004748,Standard,2026-07-21,2026-07-29,64.87
ORD004749,Standard,2025-07-08,2025-07-10,165.05
ORD004750,Same Day,2024-08-04,2024-08-12,246.82
ORD004751,Express,2025-07-25,2025-07-31,140.7
ORD004752,Standard,2025-11-15,2025-11-18,44.15
ORD004753,Same Day,2024-11-16,2024-11-21,345.7
ORD004754,Same Day,2025-08-27,2025-08-29,435.36
ORD004755,Express,2024-03-25,2024-04-02,142.18
ORD004756,Standard,2024-09-29,2024-10-07,202.22
ORD004757,Standard,2025-04-09,2025-04-10,175.98
ORD004758,Express,2024-09-30,2024-10-02,319.49
ORD004759,Express,2026-07-10,2026-07-17,266.29
ORD004760,Standard,2025-03-28,2025-03-30,192.88
ORD004761,Express,2025-02-03,2025-02-11,223.66
ORD004762,Standard,2024-02-25,2024-03-01,294.37
ORD004763,Standard,2025-01-05,2025-01-09,182.33
ORD004764,Standard,2026-05-03,2026-05-08,204.96
ORD004765,Standard,2025-08-14,2025-08-20,73.22
ORD004766,Same Day,2025-11-22,2025-11-25,369.05
ORD004767,Standard,2026-03-23,2026-03-29,176
ORD004768,Express,2024-11-02,2024-11-04,154.73
ORD004769,Standard,2026-02-16,2026-02-19,107.95
ORD004770,Express,2025-12-03,2025-12-06,367.02
ORD004771,Standard,2026-05-16,2026-05-20,41.66
ORD004772,Standard,2026-08-05,2026-08-11,74.88
ORD004773,Standard,2026-03-14,2026-03-22,145.68
ORD004774,Express,2026-06-25,2026-07-02,172.91
ORD004775,Standard,2024-02-14,2024-02-17,225.63
ORD004776,Express,2025-01-23,2025-01-28,123.44
ORD004777,Express,2026-04-08,2026-04-16,234.21
ORD004778,Standard,2025-03-25,2025-03-29,252.56
ORD004779,Standard,2025-03-06,2025-03-13,197.33
ORD004780,Standard,2026-07-12,2026-07-16,137.81
ORD004781,Standard,2026-08-23,2026-08-24,267.23
ORD004782,Express,2026-08-12,2026-08-14,283.7
ORD004783,Standard,2026-04-14,2026-04-18,210.47
ORD004784,Standard,2024-09-23,2024-09-30,102.66
ORD004785,Standard,2025-11-04,2025-11-05,92.01
ORD004786,Express,2024-11-28,2024-11-29,134.76
ORD004787,Standard,2024-09-07,2024-09-09,238.91
ORD004788,Express,2026-06-02,2026-06-06,321.11
ORD004789,Express,2024-10-23,2024-10-25,311.6
ORD004790,Standard,2024-05-02,2024-05-09,104.71
ORD004791,Standard,2024-01-12,2024-01-14,110.14
ORD004792,Express,2024-05-28,2024-06-02,333.82
ORD004793,Standard,2025-02-25,2025-03-02,42.95
ORD004794,Standard,2025-05-08,2025-05-15,291.89
ORD004795,Standard,2025-10-15,2025-10-19,204.45
ORD004796,Standard,2024-08-24,2024-08-25,238.89
ORD004797,Express,2025-05-09,2025-05-12,357.12
ORD004798,Express,2026-07-17,2026-07-18,207.81
ORD004799,Standard,2026-09-03,2026-09-11,178.74
ORD004800,Express,2025-06-23,2025-06-27,299.44
ORD004801,Express,2026-04-28,2026-05-03,269.05
ORD004802,Express,2025-01-06,2025-01-08,224.24
ORD004803,Standard,2025-11-15,2025-11-18,132.78
ORD004804,Standard,2024-08-30,2024-09-04,105.07
ORD004805,Express,2025-04-29,2025-04-30,244.64
ORD004806,Standard,2025-06-24,2025-06-30,58.32
ORD004807,Same Day,2024-01-24,2024-01-28,437.77
ORD004808,Standard,2024-01-05,2024-01-07,232.47
ORD004809,Express,2026-08-30,2026-09-06,336.63
ORD004810,Express,2024-05-23,2024-05-25,350.77
ORD004811,Express,2024-05-16,2024-05-20,225.63
ORD004812,Express,2025-01-01,2025-01-02,352.13
ORD004813,Standard,2024-10-10,2024-10-15,69.39
ORD004814,Same Day,2024-02-27,2024-03-03,419.11
ORD004815,Standard,2025-07-11,2025-07-14,235.72
ORD004816,Same Day,2025-05-22,2025-05-29,421.47
ORD004817,Express,2025-07-04,2025-07-10,213.86
ORD004818,Standard,2024-12-10,2024-12-14,243.68
ORD004819,Express,2025-05-14,2025-05-22,230.67
ORD004820,Express,2025-12-23,2025-12-25,149.58
ORD004821,Standard,2024-02-17,2024-02-20,117.44
ORD004822,Express,2025-05-10,2025-05-12,316.55
ORD004823,Standard,2024-05-15,2024-05-22,58.08
ORD004824,Standard,2026-01-10,2026-01-15,132
ORD004825,Standard,2025-08-03,2025-08-07,53.67
ORD004826,Standard,2026-05-22,2026-05-23,233.64
ORD004827,Standard,2025-09-01,2025-09-03,81.53
ORD004828,Standard,2025-01-16,2025-01-20,294.76
ORD004829,Standard,2026-04-03,2026-04-04,194.54
ORD004830,Express,2026-07-17,2026-07-23,215.63
ORD004831,Standard,2026-05-31,2026-06-05,165.36
ORD004832,Standard,2024-11-03,2024-11-08,262.81
ORD004833,Standard,2024-06-14,2024-06-19,93.68
ORD004834,Express,2025-07-14,2025-07-22,322.5
ORD004835,Standard,2026-03-24,2026-03-26,55.7
ORD004836,Standard,2025-03-23,2025-03-29,51.94
ORD004837,Standard,2024-07-16,2024-07-22,204.63
ORD004838,Express,2025-10-01,2025-10-06,122.86
ORD004839,Standard,2025-01-21,2025-01-26,88.86
ORD004840,Express,2025-12-31,2026-01-05,222.23
ORD004841,Standard,2024-02-16,2024-02-21,247.34
ORD004842,Same Day,2024-08-22,2024-08-29,312.17
ORD004843,Same Day,2024-05-11,2024-05-16,377.78
ORD004844,Express,2025-10-05,2025-10-07,313.49
ORD004845,Standard,2024-03-11,2024-03-15,149.79
ORD004846,Standard,2024-05-11,2024-05-14,179.77
ORD004847,Express,2025-12-12,2025-12-19,152.64
ORD004848,Standard,2024-02-06,2024-02-11,68.52
ORD004849,Express,2026-02-18,2026-02-19,242.67
ORD004850,Standard,2024-03-04,2024-03-06,153.17
ORD004851,Standard,2026-08-25,2026-08-28,111.31
ORD004852,Standard,2024-11-15,2024-11-22,37.11
ORD004853,Express,2025-08-10,2025-08-16,289.87
ORD004854,Express,2024-05-11,2024-05-14,243.36
ORD004855,Standard,2026-01-27,2026-01-31,170.75
ORD004856,Standard,2025-07-06,2025-07-10,264.72
ORD004857,Standard,2024-11-28,2024-11-29,96.99
ORD004858,Express,2025-05-05,2025-05-12,278.07
ORD004859,Standard,2026-03-20,2026-03-21,47.71
ORD004860,Same Day,2024-11-06,2024-11-07,314.94
ORD004861,Express,2024-02-15,2024-02-17,358.55
ORD004862,Standard,2025-12-22,2025-12-25,106.16
ORD004863,Express,2026-06-07,2026-06-12,287.15
ORD004864,Express,2026-05-14,2026-05-17,145.11
ORD004865,Standard,2026-08-03,2026-08-06,156.82
ORD004866,Express,2025-05-20,2025-05-26,170.85
ORD004867,Standard,2025-03-31,2025-04-08,129.68
ORD004868,Express,2025-09-29,2025-10-06,279.52
ORD004869,Standard,2025-08-27,2025-08-30,171.97
ORD004870,Standard,2025-11-20,2025-11-26,69
ORD004871,Standard,2025-04-27,2025-04-30,48.84
ORD004872,Express,2026-04-29,2026-05-01,281.34
ORD004873,Standard,2025-05-10,2025-05-16,196.37
ORD004874,Express,2025-11-29,2025-12-04,140.97
ORD004875,Standard,2024-04-14,2024-04-22,290.81
ORD004876,Standard,2024-01-26,2024-02-01,230.26
ORD004877,Standard,2024-06-13,2024-06-17,182.08
ORD004878,Standard,2024-03-18,2024-03-22,173.4
ORD004879,Standard,2024-04-09,2024-04-17,229.92
ORD004880,Standard,2024-11-29,2024-12-05,231.62
ORD004881,Standard,2024-10-03,2024-10-04,270.7
ORD004882,Standard,2025-12-07,2025-12-15,296.19
ORD004883,Same Day,2025-08-31,2025-09-07,309.16
ORD004884,Express,2024-11-25,2024-12-01,217.78
ORD004885,Standard,2026-03-03,2026-03-09,232.7
ORD004886,Express,2026-01-23,2026-01-24,197.79
ORD004887,Standard,2026-01-17,2026-01-22,146.23
ORD004888,Standard,2024-03-14,2024-03-15,260.89
ORD004889,Express,2024-11-18,2024-11-24,275.42
ORD004890,Express,2025-03-21,2025-03-28,306.46
ORD004891,Standard,2024-10-14,2024-10-22,201.43
ORD004892,Standard,2026-02-03,2026-02-11,101.4
ORD004893,Express,2026-06-15,2026-06-20,337.08
ORD004894,Express,2024-09-02,2024-09-06,199.04
ORD004895,Standard,2025-03-23,2025-03-26,118.51
ORD004896,Express,2025-09-16,2025-09-21,115.51
ORD004897,Express,2025-10-31,2025-11-05,105.85
ORD004898,Standard,2024-07-15,2024-07-20,102.41
ORD004899,Express,2025-06-03,2025-06-05,155.44
ORD004900,Express,2024-03-23,2024-03-24,111.81
ORD004901,Standard,2024-02-24,2024-03-02,283.24
ORD004902,Standard,2025-05-29,2025-06-02,42.99
ORD004903,Standard,2026-03-31,2026-04-08,204.96
ORD004904,Standard,2025-06-22,2025-06-24,153.87
ORD004905,Express,2026-01-23,2026-01-25,126.77
ORD004906,Express,2025-03-08,2025-03-13,152.22
ORD004907,Standard,2025-01-26,2025-02-01,266.59
ORD004908,Same Day,2024-06-15,2024-06-17,353.65
ORD004909,Express,2026-08-31,2026-09-05,265.92
ORD004910,Standard,2025-10-16,2025-10-17,96.16
ORD004911,Express,2025-04-06,2025-04-10,147.24
ORD004912,Express,2024-10-19,2024-10-22,214.84
ORD004913,Express,2026-03-11,2026-03-16,312.85
ORD004914,Express,2025-09-13,2025-09-16,138.97
ORD004915,Standard,2025-10-08,2025-10-13,124.09
ORD004916,Standard,2024-10-19,2024-10-21,53.77
ORD004917,Standard,2025-02-03,2025-02-09,74.51
ORD004918,Express,2025-06-26,2025-07-01,186.15
ORD004919,Standard,2025-07-30,2025-08-05,273.53
ORD004920,Express,2024-11-10,2024-11-16,282.26
ORD004921,Standard,2025-01-10,2025-01-17,110.62
ORD004922,Standard,2024-04-04,2024-04-08,267
ORD004923,Standard,2025-08-28,2025-09-02,107.63
ORD004924,Express,2026-05-05,2026-05-07,368.86
ORD004925,Standard,2026-03-01,2026-03-04,244.16
ORD004926,Standard,2025-11-27,2025-12-04,298.22
ORD004927,Standard,2024-04-21,2024-04-29,197.45
ORD004928,Express,2025-05-10,2025-05-16,294.06
ORD004929,Express,2024-03-01,2024-03-06,185.87
ORD004930,Standard,2024-11-25,2024-11-26,298.37
ORD004931,Standard,2024-02-04,2024-02-07,199.33
ORD004932,Standard,2025-08-24,2025-08-30,170.14
ORD004933,Same Day,2025-10-10,2025-10-16,201.48
ORD004934,Express,2025-01-22,2025-01-28,283.71
ORD004935,Standard,2026-03-04,2026-03-09,243.18
ORD004936,Standard,2024-02-01,2024-02-04,148.01
ORD004937,Standard,2025-09-23,2025-09-27,68.75
ORD004938,Standard,2025-12-10,2025-12-11,86.91
ORD004939,Standard,2025-10-23,2025-10-31,199.5
ORD004940,Express,2024-06-07,2024-06-08,135.42
ORD004941,Standard,2025-06-19,2025-06-26,274.53
ORD004942,Express,2024-12-03,2024-12-08,136.89
ORD004943,Standard,2024-05-15,2024-05-19,201.17
ORD004944,Express,2026-02-03,2026-02-05,255.53
ORD004945,Express,2024-07-09,2024-07-10,281.75
ORD004946,Standard,2024-02-16,2024-02-21,258.58
ORD004947,Standard,2026-03-03,2026-03-04,106.69
ORD004948,Express,2025-02-17,2025-02-22,280.39
ORD004949,Express,2024-07-04,2024-07-08,163.37
ORD004950,Same Day,2026-03-03,2026-03-08,254.42
ORD004951,Standard,2025-01-27,2025-02-01,207.28
ORD004952,Standard,2025-09-19,2025-09-27,263.62
ORD004953,Express,2024-10-18,2024-10-25,182.37
ORD004954,Express,2024-09-24,2024-10-01,290.29
ORD004955,Standard,2024-07-17,2024-07-22,273.79
ORD004956,Standard,2024-11-06,2024-11-11,158.46
ORD004957,Standard,2026-06-13,2026-06-17,52.91
ORD004958,Standard,2025-11-28,2025-12-02,127.74
ORD004959,Standard,2026-03-20,2026-03-24,201.28
ORD004960,Express,2024-01-10,2024-01-15,303.67
ORD004961,Standard,2026-03-18,2026-03-23,208.7
ORD004962,Express,2026-05-02,2026-05-04,358.59
ORD004963,Express,2026-01-23,2026-01-28,338.21
ORD004964,Standard,2025-09-08,2025-09-09,107.03
ORD004965,Standard,2025-07-21,2025-07-26,228.28
ORD004966,Same Day,2024-03-24,2024-04-01,431.12
ORD004967,Express,2024-04-25,2024-05-03,207.23
ORD004968,Standard,2024-12-19,2024-12-20,40.78
ORD004969,Same Day,2024-04-29,2024-05-02,377.97
ORD004970,Standard,2025-04-07,2025-04-14,124.8
ORD004971,Standard,2024-10-09,2024-10-11,205.36
ORD004972,Express,2024-11-02,2024-11-08,217.7
ORD004973,Standard,2024-04-20,2024-04-27,170.86
ORD004974,Express,2024-10-07,2024-10-13,148.37
ORD004975,Standard,2024-12-02,2024-12-06,263.67
ORD004976,Standard,2024-10-02,2024-10-05,78.8
ORD004977,Standard,2024-10-01,2024-10-09,74.92
ORD004978,Express,2025-06-24,2025-07-02,185.24
ORD004979,Express,2024-04-21,2024-04-27,160.64
ORD004980,Standard,2024-04-04,2024-04-06,277.03
ORD004981,Standard,2024-01-08,2024-01-12,205.59
ORD004982,Standard,2025-04-07,2025-04-08,241.04
ORD004983,Standard,2024-02-17,2024-02-18,165.63
ORD004984,Standard,2025-12-04,2025-12-12,195.87
ORD004985,Same Day,2025-10-22,2025-10-26,293
ORD004986,Standard,2024-08-22,2024-08-28,165.49
ORD004987,Standard,2024-10-17,2024-10-20,128.33
ORD004988,Standard,2024-11-05,2024-11-08,43.14
ORD004989,Same Day,2025-06-16,2025-06-17,244.64
ORD004990,Standard,2026-07-11,2026-07-19,173.8
ORD004991,Standard,2026-08-04,2026-08-10,105.99
ORD004992,Express,2025-05-13,2025-05-16,302.04
ORD004993,Express,2025-09-02,2025-09-04,217.59
ORD004994,Standard,2025-04-01,2025-04-07,183.37
ORD004995,Standard,2024-04-21,2024-04-29,75.14
ORD004996,Standard,2024-02-10,2024-02-15,139.7
ORD004997,Standard,2024-10-23,2024-10-25,230.99
ORD004998,Standard,2026-05-22,2026-05-29,279.35
ORD004999,Standard,2025-11-10,2025-11-16,276.81
ORD005000,Standard,2025-12-20,2025-12-23,197.36
